x[px],y[px],t[s]
0.007546438234546785,0.0042782308920973795,0.1127649203655741
0.007578237643034082,0.00448280082446763,0.11569930430470785
0.0076787788519945555,0.004421994692675114,0.11295680992372707
0.007969718940163623,0.0037395850193734327,0.11260598564716322
0.0077497768896421385,0.00419006696665684,0.1305307127412582
0.007637148058488543,0.004110457343143794,0.11247311588375582
0.007402228458560371,0.004206987786528813,0.11280590714476661
0.007753691540667165,0.003972526574975682,0.11948246581838802
0.0080816086358067,0.004005242963643618,0.1177282267975983
0.007935222020281506,0.00426252520487484,0.118717222067641
0.007862148066232732,0.004173189855639603,0.11254287131582184
0.007869681416000964,0.0043816047221438325,0.1351544414178057
0.007298261073736912,0.004478463427524592,0.11249425120121948
0.007801298275924038,0.0041926790834188,0.12156358169599978
0.00786134104201361,0.0044802948884061335,0.12173528347024555
0.008066693268442142,0.00422753683365611,0.1170713977372128
0.00760364076139094,0.004188362407263548,0.14634013411832414
0.008321710570133523,0.0043217400774696576,0.11291130362591394
0.0078120295347664116,0.0042849896137931425,0.13136992719771262
0.007646448552910566,0.004038457179514282,0.11256338146817321
0.007672912095602708,0.004251855323332889,0.1124394931314138
0.0078030993812276015,0.004195452937661142,0.11272844267655206
0.008140587006523991,0.004541971462537089,0.11265388201330968
0.008183335850204601,0.003892971736996011,0.11259380271518227
0.007716928105239246,0.004579383620160142,0.11404142332820841
0.007983940919067367,0.003961138935509234,0.1266738585783252
0.007384064846200189,0.00403357478907362,0.1124591201375471
0.008197736209370135,0.004094800076366574,0.11369255552229328
0.007982632465924854,0.004341385792094181,0.11246187297621862
0.007775255990122593,0.00462409520846003,0.1289097034935311
0.008075888209445442,0.00428220266710581,0.1280945541388085
0.008109517862870744,0.004293319579047909,0.11254238829903876
0.007482136785206678,0.004430240134607936,0.1125000537141729
0.0076183967108747214,0.0041734072240574155,0.11247703229099225
0.007573353029122614,0.004278023185159133,0.18330720545716245
0.007666540391945068,0.004212492475222158,0.11259911799003836
0.007971899078826467,0.004022626032915834,0.12315877803313477
0.008070071755822096,0.004151840825369766,0.11244820750308589
0.007701218827819075,0.003780872567099395,0.1556392136091111
0.007520349234232274,0.004070708751458428,0.11254462518107651
0.007777667610153457,0.004536602600542467,0.15455662254852573
0.007588934349417753,0.00433866579025497,0.11900684502619217
0.00788315687969352,0.004467006227980856,0.11244344204983171
0.007975974925916987,0.004563599700186254,0.11265339848152699
0.007401418244949226,0.004225767094180327,0.11245737037207636
0.0076619637030039215,0.004343127811957308,0.1130938960389704
0.007721519789372054,0.00438989166439031,0.11257199553929433
0.00810252834517258,0.00433014536020288,0.12299582099478491
0.007748544050143854,0.004103255668549368,0.11255991925762544
0.007706692124768341,0.003943498511240496,0.11243895322248465
0.0072179767166935,0.004286814815447453,0.11246947977415173
0.008142784518422694,0.004177421731387335,0.1126261304848935
0.007633224041936069,0.003875455253241195,0.12133519506021996
0.007404477641276047,0.0041144989005863514,0.1125568337979948
0.008080465449032005,0.003907340224645065,0.11247753430605782
0.007920781399086202,0.003899674890043103,0.11244368840556397
0.007855399787346139,0.004400489349472654,0.11247177508168767
0.01123447609591751,0.01013857845766394,0.12991509353641892
0.011429699683784678,0.010086330573315046,0.12985228802103352
0.011518215654576744,0.009926311674256647,0.12984154693173103
0.01135233660274016,0.010213135028584173,0.12985130417061436
0.011462456689446867,0.010417109779395035,0.1381727954366761
0.010940488542580853,0.01059869669235968,0.1473124803049755
0.011123318470135013,0.010124909328943664,0.1299544903238766
0.011556910038483578,0.010216591973395656,0.13993360257625356
0.011504529961416328,0.01049110575268567,0.1298602297441356
0.011162745135954522,0.010451625689738215,0.16366738856102547
0.011283279519463207,0.010444428460691501,0.1308258515351009
0.0115696323303076,0.010549008713380261,0.12985253845698472
0.011294421616811575,0.010089532956476572,0.1437286048435663
0.011304299214942035,0.010563602272931743,0.13120214223084445
0.011203562105194473,0.010423582957328136,0.1300721288577835
0.010875461266887185,0.0100567442853993,0.13625270019743804
0.011355689006114625,0.01045491502319294,0.1299167241076507
0.01103683444761772,0.01040938895309459,0.13073539857292402
0.010837514654051476,0.01020003149664356,0.14130672054070229
0.011239135068822919,0.010018575707398262,0.13002531842921242
0.011088898083788375,0.01033969554073312,0.12986774597682932
0.010941115724921733,0.010084694176137474,0.13143719449271513
0.011225941229510315,0.010015609745931868,0.12984108747089695
0.011362460207861387,0.010421031431094258,0.18090134181612524
0.010932408008311533,0.010089164820292486,0.13484704940807424
0.01115800589963136,0.010553676736993254,0.13138823592800358
0.010762903362082679,0.010254588094101066,0.1298587927623557
0.010935564029709303,0.010003240878286551,0.13172727030900938
0.010943039613057228,0.01015257521819351,0.12992672262099728
0.011274783320151936,0.010380079614532573,0.1312127111108566
0.011284581369365134,0.009786302027924201,0.15133013560416708
0.011073950648781151,0.01055338221675104,0.13004349963928738
0.010918980920491827,0.010215365752401723,0.12990721653308918
0.011437507555716306,0.009954023824431616,0.1345198997291976
0.011462437517388149,0.01069901370287262,0.1304284042105837
0.01082032650483129,0.010304292241082159,0.1304149130217388
0.01110489624430246,0.0104190966667254,0.12983813350852827
0.010928167033204093,0.0102117168444281,0.13003988535478508
0.0111698486838354,0.010429531267526295,0.14162808945102506
0.011091865333717157,0.010216676814896138,0.12983921296262899
0.011217336875054695,0.01031296716943326,0.12988670243765207
0.011112423847847318,0.010018782538267133,0.1485145062202572
0.011305146209484416,0.009984994054866053,0.12987114837267058
0.011293067561892649,0.010388550524702372,0.15750011172064227
0.0109363466720705,0.009913112107761348,0.18113014507897218
0.011193339165193479,0.010482959909541682,0.12984224734466224
0.011239852752547167,0.010138037584102462,0.1299108109373559
0.011232318543552203,0.010176585210787934,0.13595255711033505
0.011340751072218207,0.010160628355053684,0.12986791326885083
0.011116356125454427,0.010116469198350067,0.14893001937768335
0.011335366552213653,0.010086507399924017,0.1471746051139248
0.011664863146483205,0.010133674999412944,0.12987013826891716
0.010887046045379418,0.010386462501025052,0.13005732319414473
0.011210302352317104,0.010122179205413816,0.13700833325714218
0.010949504073756815,0.010007095693790805,0.13134515025452004
0.011420619641564291,0.010164717715801835,0.1301681185441828
0.011453792605582451,0.010341244903891229,0.12992094911619978
0.011370395610801977,0.010141684689727792,0.1753589760827998
0.011368260293982808,0.010125590306680168,0.13669246923901615
0.011340917313922621,0.010470126218599708,0.1299517868667497
0.010646835066008173,0.010371370773081414,0.13005545952806566
0.010951896007917636,0.01053329589983338,0.13011817430033437
0.011147068211950212,0.009906105102992635,0.1298651994485959
0.011179425933631845,0.010561947391591388,0.1491255606449628
0.01117629097724075,0.010414583595166097,0.1383349185046237
0.011152693921358479,0.01037183405976319,0.12989851571522829
0.011036377321735657,0.010645908566550153,0.13592975801130835
0.011328077960738564,0.010305488345076122,0.1381376045612369
0.011175600245134443,0.010004203180654998,0.14526815101783952
0.011319191328930776,0.010300837580484359,0.12986164477996415
0.010975510746012654,0.010212793275291888,0.12998955225960732
0.010889935886254696,0.009879192500309664,0.12999919225654857
0.011097331031854072,0.010110032285210875,0.13006129567296265
0.011269290861345815,0.010158697137367344,0.1641680413734345
0.011017465447132372,0.01005506652098121,0.13812615222622335
0.011361173929457102,0.010069149769863865,0.16263039543646457
0.011016803364356067,0.010096850394111997,0.13244631794115458
0.011110098848140107,0.01049704204232617,0.12984016173223759
0.011333479716158447,0.010349027520726722,0.12992128603825426
0.010765197853021657,0.010254700017633511,0.12989514400169658
0.011069040683526746,0.010618424366149475,0.1298947741225678
0.01134855334011996,0.0106373893373473,0.13016256083484187
0.010842294457248984,0.01020412289634471,0.12997098243639055
0.011010485048279322,0.01013239643341232,0.18825102369845545
0.011360442939793654,0.01031478550708809,0.14965555040251793
0.011520555509060986,0.010053797869469484,0.1348346161641432
0.011247136402777849,0.010259735047164738,0.12988130844020818
0.011179337578693604,0.009901666836606421,0.1301537593440943
0.011046838517945794,0.01033015570350436,0.17444943997079948
0.011004451786587252,0.010200852428681078,0.1322908931554674
0.010804445092117112,0.010399715801977788,0.1347785703444611
0.01130563897246187,0.010120697112838778,0.1415881024726354
0.01106388066188347,0.01002112050328926,0.15829432319162567
0.009352539800949605,0.0017531674424607906,0.1724446794506486
0.009584212850940823,0.0015688214330690274,0.17023788394514996
0.009336618017669936,0.0013825404409817603,0.170006872142717
0.009178380588167064,0.0012846761640065497,0.18134593341310823
0.009533085479060344,0.0011881609277867632,0.18052759577302688
0.009889843744934568,0.0012134750450691297,0.17016015176163662
0.00933694557934379,0.001571245737364834,0.21147504251865473
0.009363408025470449,0.001858889098182806,0.1718621377405868
0.008961924274687625,0.0015483610274333308,0.16998808309532085
0.009499212661815143,0.001584451489959718,0.17029253643925427
0.007360550494228901,0.007552571077771258,0.10896563236585104
0.007961039881677063,0.007775451997337961,0.10891151862270597
0.007550579559926136,0.007568255984106584,0.10919662283574076
0.007604914283778525,0.0078659956632483,0.10900825695814279
0.007996332695689688,0.007506706668335033,0.12122609434035392
0.007604491395192187,0.007363550299860017,0.10889662718559688
0.00789156635408811,0.007490469695483411,0.15896679333713015
0.007386572606779062,0.007588475089616553,0.10880670504308465
0.007545779983342797,0.007664022780377386,0.10892772626885769
0.007676665002199585,0.007337914029279477,0.12903187906845567
0.007846192557204623,0.007389366647254607,0.10889660777385061
0.007567140594536733,0.007640382405154231,0.11758824053040251
0.007895418261752269,0.007826901579327965,0.12027935402272835
0.007608195020858955,0.007827373073596721,0.10891240008440856
0.007326305577676767,0.007732773046170209,0.10880168457302748
0.0074672862894352805,0.007297335532397988,0.17302282144201542
0.007625998157849835,0.007770858380629692,0.11047313357702028
0.007969397650191112,0.007644644468436589,0.10881233141064853
0.0078817956633874,0.007375813898599976,0.10917880954377004
0.007752498840659587,0.007706007423437943,0.10972767640180149
0.00786678946014508,0.007462755592286769,0.15544135542572357
0.007917753829705112,0.007306107691723277,0.1103075081801591
0.007636294197919645,0.007490621441587499,0.1143204245115409
0.008037480092279144,0.007909474468948201,0.1089030594046444
0.00768781752517647,0.007484301294194294,0.10916802410979813
0.008009894970705015,0.007296230168240849,0.11851221453678118
0.007718174616116129,0.00779390138784211,0.10881370940216838
0.007930873409603903,0.007619479797140769,0.11873216558488878
0.007456824189890628,0.007459503791070574,0.10892286456967487
0.007532057289004199,0.007336250978008335,0.11625978216780368
0.007555589927639961,0.007678600960347215,0.10934135770377709
0.007297540761101575,0.007650019142305257,0.10897756509061225
0.007651829801737482,0.007697922639480461,0.11733797680991243
0.007582659708431436,0.00730758480168107,0.10882562243557335
0.007603616788394303,0.008008103115566505,0.10886316206920509
0.007919887871143765,0.007683610361567737,0.10906606954573085
0.0076872599507149305,0.0078076795700931885,0.10881130926252497
0.007763781934182591,0.007134628902283447,0.1093622444414253
0.007448836365602222,0.007612488661496353,0.1297691388630035
0.007753667533079036,0.007237483417905052,0.13661820649076623
0.007728238858790358,0.007666682930866928,0.11582662507109814
0.007782056730387215,0.007969026921922874,0.10900717724594461
0.007681087076718165,0.0073756196603396865,0.12287783627486314
0.007746594604855925,0.0073407085504554595,0.10880976992694127
0.007780717597698458,0.007674871812788871,0.10885936933568734
0.007665920184009023,0.007639472875807853,0.10892757469391283
0.008031975685652936,0.007258247773776132,0.11005212860351449
0.0073237158330931255,0.007178838123994286,0.10880173824804752
0.0076459188380820055,0.007776251594931134,0.10891649893402615
0.001364592194382559,0.010075101180061313,0.12506539425868737
0.0017761019216332252,0.010033873298670934,0.12267210677510677
0.001811270009505411,0.01016984860960106,0.13725712867102716
0.0015530977673970324,0.010357224157866019,0.12506924517047704
0.00176426431582484,0.010536797585220085,0.12272814146141459
0.0016035858905198725,0.010220416600842825,0.12280801330929328
0.001785935412996234,0.01033563686755335,0.1270022022326179
0.00192235813652479,0.01026041670996155,0.12272064528071461
0.001878101889351488,0.010265207797025446,0.13871271188488696
0.0018036181054871408,0.010189072968685535,0.12289774428949533
0.0017211414677561101,0.010307634339310793,0.12266675224020673
0.0014557570165661254,0.01022523783740069,0.1416968939703864
0.0014265036598755999,0.010005984367181813,0.1353811437312452
0.0016197326672709742,0.010407848184809516,0.12267249693543172
0.0016254318729111397,0.01021693265123565,0.1231083624118419
0.001689284580639591,0.009883827209205607,0.12272580042919846
0.0014073972889033874,0.010242346381480414,0.12268783228846347
0.0016221852675686714,0.0102292706162268,0.1248097382753253
0.002062859058784544,0.01039643215696669,0.12273369613346735
0.001373204479598538,0.010413913779809929,0.13808838724734698
0.006667878517392053,0.00952872751453705,0.11038062783029681
0.007096714922395129,0.00948873549928563,0.10605902530596513
0.006996915192298116,0.00946818080919386,0.10578864657400937
0.007522301499643864,0.009249922352270798,0.10742587542891165
0.007464642859088135,0.009609927304451309,0.11272749121728516
0.006981380076257425,0.009460681250419678,0.12146749915158257
0.007332858768051459,0.009314232706170386,0.10588613293942399
0.007367541108646633,0.009667564559522526,0.1059020040159883
0.007021384728546002,0.00912486673737254,0.10598603974410789
0.007185680063365553,0.00929755449846022,0.12462076559979429
0.006801495254348122,0.008981276306956677,0.10849970918221598
0.006572001042133308,0.009240610379610607,0.1074572689657036
0.00646231811149405,0.009506770495389989,0.10585155802047357
0.006799927838936077,0.009637790049324984,0.11175127645907891
0.007532187664694979,0.009541693745160378,0.10581944533664618
0.0069850612776429346,0.009550915305092509,0.11271802101622606
0.006870805858066155,0.009422116773629282,0.14849848475125632
0.007059591155437414,0.009206614618501219,0.108017468601714
0.007037829358092868,0.009379621336288403,0.12670502808036394
0.007590725063049953,0.009602415328982601,0.10578490015372799
0.007384323328099211,0.009852096925002518,0.10839466049946236
0.007023511313575068,0.009343656624495053,0.10578044691337189
0.007029603794630986,0.00951147039956931,0.10579437792791066
0.007026708957257386,0.009684411202489893,0.12000531379472817
0.007225325723187102,0.00924507943043441,0.10579619062442631
0.0071604471586863006,0.009505516271583737,0.10711703764735207
0.007115506514958446,0.009642768460062573,0.10607051839388856
0.007295061726361783,0.009649244118712768,0.11479580378219181
0.0074038754774096134,0.009574048736070503,0.14634146884120225
0.0072744169229955,0.0096027441723338,0.10642892865761427
0.007024572352115993,0.00948745740795328,0.11095604428427765
0.007254872320187474,0.009349300348113375,0.10579397580843704
0.007300293655097211,0.009609669841923279,0.16305857373873878
0.006984741316518991,0.008935362632518203,0.1079363872673051
0.00690881291661476,0.009221246175327583,0.11309961113528241
0.00707116232156622,0.009527492030150063,0.10756709951870107
0.006924878216357838,0.009365064498864834,0.12208495994080357
0.006854713470853078,0.009679853505712942,0.11643923276141876
0.007153064605888412,0.009668855341196497,0.10588660852534236
0.006981109454015656,0.009444566786910514,0.10584578303188825
0.0072727298645074625,0.009431272900377171,0.10708396180860016
0.007131396737434382,0.009338018890362591,0.12413225227670988
0.0069590911277041725,0.010092989070058999,0.12387731330958665
0.006623957510759173,0.009406946562313176,0.10584919031497567
0.00681469418987724,0.009861840034149699,0.11257076553063544
0.0071677365288447745,0.008963547215569943,0.11416488922981254
0.007206052365706169,0.009319534264893665,0.1250930273863874
0.007053804197370271,0.009398800929451692,0.10670191722602865
0.00710590354512528,0.009082430803236497,0.10585433705366211
0.00737457800007935,0.009405330673559314,0.10586240343305313
0.0070330715657127615,0.009596722672480263,0.11905958958972199
-0.00019544200365865925,0.01137524063531439,0.12118428908522803
-0.00026400748722876625,0.011872742861436365,0.09910698525069879
0.0002663881240573536,0.011611329345639647,0.1517484881109144
-0.0003132013830256976,0.01148862020737226,0.10071037399463861
0.00020987507361354635,0.011409656924782846,0.11197232066074536
-0.00010688445227327473,0.012193945511637294,0.09914569473432519
0.00016560838903019302,0.011736527086287847,0.09976046846371023
-0.00014965902866003763,0.011616914836099905,0.11705230729302105
0.00012147504831746399,0.011908779361365458,0.09969671619400595
-0.00031107505140401707,0.01194129823575064,0.09905865551504471
0.0005938041930789876,0.01155018918298351,0.1262138867283799
-0.00012802126978827134,0.011400685211619684,0.09905715381878327
0.0004112197644125667,0.011729744330870737,0.13016727236624143
2.526531783436688e-05,0.011891750306084298,0.12812987317037
-0.00021101996090026453,0.011498528810711795,0.09911658105214195
-4.5420134016118456e-05,0.012307205869616408,0.09906018976169247
0.00016585252375307267,0.011928058178916961,0.10468380026706726
0.000269503097224019,0.011658779873333747,0.09905093559665445
-2.0543384889977674e-05,0.011747440263687228,0.09923394886507678
-1.0557424036903085e-05,0.011664176931422831,0.09917739088660188
0.00022159547882536745,0.011688664197178065,0.12594024727213068
0.0004217167029053355,0.011294395321298407,0.0990434841482783
9.087126464568806e-05,0.01174346026415467,0.09930940081755732
0.00011549061717170763,0.01165915505743163,0.12138346282286697
0.0005824136541374409,0.011404332416657432,0.09907092148261183
0.00016057532472258214,0.011364715962352574,0.09907903250226767
0.00011632103813740995,0.011403094417699648,0.09969148450417724
0.00020298267416986735,0.011347454835136644,0.09941173371804878
-0.00020319790771556104,0.01161637588343629,0.10032204157191132
9.639713591549203e-05,0.011897136299465106,0.09944664289068761
5.8459058184987106e-05,0.0117203340846619,0.0998337419411657
0.00012144502115288054,0.011590426163761979,0.11123256899696729
2.969129910367505e-05,0.011425063541934654,0.09917179354176667
3.1252330075782263e-06,0.011720359135229673,0.10613617806301107
-4.554929553181207e-05,0.01157671229354477,0.10108773299693795
0.0003848401502864693,0.011760798958601573,0.09914489302591004
-4.051000279910927e-05,0.011805647634698359,0.10668241954211909
0.00022275946729082854,0.011826324927317005,0.11240000961954988
-0.00017255246722924482,0.011600956586683343,0.09904789540252125
-9.232606792229577e-05,0.0115724963474178,0.09904166205901495
-7.801287228957119e-05,0.011583715572084007,0.10752903541121991
0.00019092542391875686,0.011703244698652469,0.09908460292313595
-0.000353748825779404,0.011690415735889803,0.11677199203237823
8.429088324425765e-05,0.011927347151133395,0.09909070537366542
-0.0002548499754590475,0.011385015864187161,0.10043917655778115
0.00046404489038955857,0.011726239715266765,0.10038903423219679
0.00024141291290386016,0.011342580426819453,0.09928679129367764
0.0002836726167155106,0.011675331550070247,0.09905159962815678
3.72093297769318e-05,0.011874886083921595,0.0990652166466422
-0.00019675013406812237,0.011475975034905083,0.09906410578940905
0.00021094795410549864,0.011926332084427107,0.0999042304953459
8.089508395987303e-05,0.013025684337775923,0.21099430513736495
-7.022855966432766e-05,0.012848968609238032,0.20002859861534672
0.0001452558963606137,0.01307690800276021,0.19969408998848326
-0.00014547233326597374,0.013154814798661593,0.21271268004859523
0.000124243371930345,0.012955983642516659,0.20267977519940816
8.563287435955542e-05,0.01356551857590376,0.19889522076046368
0.00021430275233587506,0.013280093217358159,0.21667888517327497
0.0002909867087843872,0.012868713170615149,0.1993640489260309
2.4539525009581738e-05,0.013262869366814024,0.2060577930679927
0.00013788436141263797,0.013311292873064047,0.19992117213667934
-9.666787706052513e-05,0.012865685778828215,0.20216751576817052
2.4338407946357762e-05,0.013364302827215992,0.19897296457245262
0.0003777128566193227,0.013380403756869,0.21788267099553263
0.00024955316862951347,0.013402473237508783,0.20118257149308616
0.00011449429865931568,0.013051129090846979,0.19889549666826575
-0.0003601135793943181,0.01274896674022301,0.19892062562627066
0.00012077723505682478,0.01307134048664779,0.20423765809380837
0.00026458946464012756,0.013150514871620443,0.19942240095086153
0.0002543209322028174,0.01277597055154422,0.20190564109018366
0.00031393336620027764,0.013131920145370277,0.22043772019977342
0.00045304813926596237,0.013384379689529668,0.19901807714319342
0.00014713518111749536,0.012820534611739784,0.19889075682307242
0.00024091393146598007,0.01301436189245168,0.226306095329982
7.67018009838032e-05,0.013261486842603297,0.19888945291984575
0.00021727308138754571,0.013305614432120125,0.19901404390129615
0.00018698990199315886,0.013107313066666397,0.2021262223611584
-6.192162699606267e-05,0.01293113941071343,0.1991680822866806
2.625928996482641e-05,0.012903141455176832,0.20502455172301723
-0.00025607849349243596,0.013306892827149043,0.2172813191589818
0.0004163369911191315,0.013055276377169963,0.1994121514873421
6.642743682553988e-05,0.01289725801904082,0.19889607941896767
8.606884449027364e-05,0.012752061084375632,0.1989521954065067
0.00023311478912035083,0.013373469923596917,0.20045061820324497
-8.948888623714428e-05,0.01357172663037712,0.19898968174222592
8.630279422750247e-05,0.01299574327867177,0.21368532977479315
6.94894847766878e-05,0.013266484549742904,0.2099396207751112
0.0003251059322474639,0.012998577034625362,0.2131879098477585
4.695825425084228e-05,0.01326851559540551,0.23645061175333987
0.0001173942102081095,0.012892432705716352,0.2010221275055738
5.061515118955216e-05,0.013121916241577276,0.20511918272290472
-5.2518701975371265e-05,0.013431087892094884,0.1989088866616484
-0.0004975997110027255,0.01312650906228256,0.2038648024307956
0.0005600728460415659,0.013237141499287008,0.22556905969047575
0.00020996888337262282,0.013369358615565286,0.21736545049413225
0.00019380351109533938,0.01329110126529267,0.19892328552393593
0.00012876998107483404,0.013276161299032137,0.1988858730518358
0.0002150691421740543,0.013037907950025992,0.19892288757717624
0.00027733138084355344,0.013258692273559016,0.19888499406223756
0.0002842640411491593,0.013278892292407918,0.2155015612034462
0.00021438838858864882,0.013169673975055042,0.19959090912965413
0.0003808361719789536,0.013013016740080334,0.2137795302932371
0.00037828206907115143,0.01333974627060448,0.20050049859146069
0.00034333088891218256,0.012736732702241892,0.1989311114161646
0.00011482717414791242,0.013166603616808634,0.19889970493049886
-3.000079397209564e-05,0.013282940655083703,0.22633521933297837
0.0005103477558713585,0.012827018337404732,0.1988991578928652
0.00020042382061757766,0.013174382952509433,0.19890663048611767
0.0002992785270885388,0.013088010124883441,0.21609449559020638
-0.0003393260404300345,0.013313440730414277,0.19946353871403383
-4.295894030691548e-05,0.012993988205599131,0.19889704510854705
0.0002006513977867943,0.01298720440652572,0.1991856586316921
0.00019106555115024304,0.012946657357460423,0.19912159866327725
-0.00011341501328936528,0.013312334373059311,0.19897460111823143
0.0001735237349665386,0.013007640787698279,0.19889210225086879
0.00014162832610983286,0.013188633911662655,0.20135799440809804
0.00036891961756089874,0.01302141781182354,0.19931157130191468
0.00028215517564468063,0.013319407627554215,0.1989401892930069
-0.00016803362736662024,0.013204787228917034,0.1989016951589589
0.00041986957402250245,0.012970329695214503,0.19897785364421056
0.00010456669532843586,0.013135233601646779,0.1994228524232559
0.00047860080336229073,0.013035844954282614,0.19895660727218023
-0.0002751330009429441,0.012824972280875866,0.19926238612465452
-0.00019930600889568704,0.012987120195103279,0.1990570839438534
-2.7733692273847134e-05,0.01321336534356687,0.29664438974506174
0.0004320469613745018,0.013145958504286655,0.203529521572849
0.00023698768986384346,0.013271136388799822,0.19909287489822486
-2.3151009616994168e-05,0.013211041609610062,0.20302239050708792
0.006794580059468471,0.001809029215483735,0.04057070198046705
0.006646113418217643,0.0016682369333011749,0.0405927509603964
0.006705034792454391,0.0016611421387582649,0.0409256224032311
0.00628162546914357,0.0019587224239190335,0.04064259923436355
0.006815561181173277,0.0016591312467258653,0.04059796626729093
0.006671018300084509,0.0017831469670375507,0.04562485706851488
0.006392032741395597,0.0020049720060723803,0.04057574223949361
0.006552540007955089,0.002002525422418292,0.04058697378807552
0.006513205776292241,0.0016332414818602515,0.04874979001189337
0.006901776707427975,0.002167413439418295,0.04057551437877832
0.00679920949179835,0.001871822286019167,0.047900022091028366
0.0069708800786649015,0.0020549579030362543,0.040666809250361015
0.0066097490897203,0.001980827794863475,0.0720754377025293
0.006571498803283792,0.001619802947571289,0.04066895552101609
0.006377786911056363,0.0016673132663571155,0.042041282909194365
0.006777565209924976,0.0018674045452787775,0.07922356055341735
0.00643783656973129,0.001911037231994726,0.04060796782379744
0.0068037945254480064,0.001535549848377869,0.040929097964154504
0.006545228701636595,0.0016876476545180936,0.04117544076981357
0.006142587988751141,0.0016993353172221307,0.04059076332137989
0.006762538643501207,0.0020886336403303555,0.041195814892757775
0.006401295860712705,0.0019091209112229665,0.053486851290279025
0.0063635215271419755,0.0018908297970018115,0.04059300602239825
0.006484434122732667,0.0019227746096014758,0.04089199144318796
0.006949981387357083,0.00167737633686997,0.051682348138618564
0.0067249254707769076,0.001886565917836925,0.08871454040416976
0.005919563148238672,0.0017933283300533619,0.09044450204372487
0.006542072808177042,0.002022909025518944,0.05870470443385527
0.006349715292707182,0.0017277198668608242,0.042631418342462306
0.006598071139374813,0.0015775612792545736,0.0409306115423122
0.006591542165136721,0.0021801407332674655,0.048902470615799276
0.0066589739211476455,0.0017172235465858403,0.040670273729036664
0.006512606013163395,0.0016312364223476704,0.05221719432014227
0.006704938829901885,0.0022973261540256426,0.04077451030377133
0.00668636787899593,0.0017045807066707322,0.04058851936954816
0.006702976907320168,0.0014837240097223393,0.0487446336700979
0.006384378208314061,0.0015685899521654062,0.041967037572209064
0.00648933124470727,0.0017967285996586969,0.04176072119853371
0.006392413094171693,0.0020318984534661326,0.040584829887796436
0.006390925795451981,0.0015828849207316243,0.04073934547093613
0.006985901660074008,0.0017867934067050588,0.04808921134205468
0.006821463001801817,0.0019514284307258875,0.04479869033932884
0.006324280879459887,0.0016770208507788649,0.04364732031175866
0.006607096699738135,0.0019042885311379145,0.051820341452333246
0.006731520049597549,0.0015086781691738909,0.09072621292996083
0.006371222706020845,0.0021336952988282028,0.04460894990691076
0.006390746167931521,0.0017064335410675758,0.04975209266178552
0.0066517962170873374,0.001956531274353917,0.048381069612414444
0.006188572334015772,0.0019849440597165605,0.06265921050689788
0.006631946639422085,0.001965215451848558,0.04057466164570667
0.006321939205567487,0.0017842231107774956,0.040621868435843755
0.006764525272224806,0.001715263801260524,0.04082850654235827
0.006875208490017175,0.0020093546961726513,0.05056283364683744
0.007276757558134584,0.0023622118051423962,0.06390800279718603
0.007408765071176717,0.0019778415984178397,0.11895309284409258
0.007504350189372472,0.0020267957450690443,0.06405726649390324
0.007552995830761807,0.0022663255051084768,0.06389570772238841
0.0077194205127188815,0.0019542101113450756,0.13777625098069923
0.007490074677581879,0.001964400037884156,0.07082089621304707
0.007353349575680687,0.0023748412352415788,0.06384453418033281
0.007659128816817403,0.0023041549839442742,0.06407336702581429
0.0072483093329181346,0.0022538803289351653,0.07735591257971401
0.007432207465730247,0.0017293895644154033,0.10329577254549802
0.007396256983407915,0.0016647251176912274,0.0638538315623827
0.007499060898239608,0.0019916229046747567,0.06637222746039809
0.007697625750409781,0.002416546624094484,0.0836181452878681
0.00744686712750689,0.0023893923461078027,0.06501570803775042
0.007718852029833306,0.0020206036103537265,0.06383239176497141
0.007842280659745288,0.0025369035344452516,0.0730766821668481
0.007367826005241718,0.0023928824172010643,0.07341916280559933
0.007445181132854889,0.00215724638757493,0.08268513244007099
0.007575305022283025,0.0017460120516905996,0.08505402861826962
0.0069986150570060445,0.0018251644956893704,0.06463118031541262
0.0072857402790602885,0.0023255759679994747,0.06753279404285334
0.007378763662130442,0.0020825515501652412,0.06659676312097212
0.007386113493784751,0.0021330183669005407,0.08631532558171694
0.0075489627027782785,0.0021730698258854626,0.1042437715099853
0.007614732281231348,0.0017235436614181016,0.06384683552645576
0.007824882517895478,0.002024669923158176,0.1442740406082546
0.0030760234376670356,0.0010607872177975394,0.025333277878659466
0.00320065703947292,0.0016643890078064396,0.038386751713416344
0.003211792428730493,0.0011887830672584988,0.024918564973507463
0.002872461862819426,0.001466820056300288,0.030966422763706015
0.0034095350830240945,0.0014587136686585248,0.06699644122056306
0.0029272059530403172,0.0012481596271564064,0.04963002036260375
0.003132744966386505,0.0013121098659621777,0.024933750610387696
0.0030672997498441576,0.0011477333866238236,0.03199084902923843
0.0031039515906422393,0.0013118218778697805,0.024900457290903323
0.0030175281777035535,0.001421512512466711,0.02530321467266945
0.0031546703602132534,0.0012391217854668753,0.027704114546897852
0.003330451837343241,0.0011260840839940336,0.03385867773299413
0.0032628761782628564,0.0012662015699775831,0.030971761887241312
0.003343656723515693,0.0014063938507813728,0.025023780827911922
0.0029203515038813375,0.0013704301770095769,0.03969554645560584
0.0028585846100544275,0.0017680469506192052,0.02685975628878192
0.003117445990221428,0.001261749240714484,0.02498493879055804
0.003197266932114281,0.001001672566094413,0.027986122742400664
0.0032759009550833817,0.0014001879255300797,0.025178350357236434
0.003350003354028127,0.0011580169354723686,0.02512255488097641
0.0025123300069261664,0.0012662822718386682,0.025085855014337854
0.003579616502305797,0.0011790937331926806,0.02490478948177448
0.0028515163688767383,0.0010753697679816731,0.025022020447082814
0.003238468237946747,0.0015441485101953855,0.024997317029522646
0.002992223747733122,0.0011685038535705805,0.029419008196787964
0.0030860767631641223,0.0013800575971786705,0.036919267036308615
0.005827528482837133,0.0003232739096778986,0.031800254219106115
0.0052862221535632786,8.548466310454001e-05,0.03178796160481959
0.005724910232149338,0.00014495570774162496,0.032012368653359276
0.00539164288135383,0.0006615732073237666,0.031862033942409704
0.005521185626036052,0.0008081314664513863,0.036242293094057965
0.005853550882539969,0.00016616049377169546,0.03179244777408293
0.0055817944793478515,0.00017694993911202748,0.03190297682147442
0.005694142696661639,0.00042330863801004985,0.03188363451476691
0.005641265361464113,0.0006993791572225696,0.03187128238143789
0.005619271138966682,0.00032197124218347135,0.032186091466503725
0.005719409394348464,0.00038046955012937996,0.03720091700583752
0.005583469237790614,0.0005547753411200199,0.04339754780762149
0.0052867267322906294,0.0005512840070984172,0.04125697560981732
0.005522604729895532,0.00022586327749681443,0.03735436713634725
0.005296314320275288,0.0005387856770803728,0.03261371926005487
0.005688906907922799,5.750277222926742e-05,0.03286041795469536
0.005378852636792683,0.0007967876593497898,0.03180958915320493
0.005585089423139897,0.0005455856717706839,0.035292166271175325
0.005435992462168598,0.0006000239775089554,0.032186297427732054
0.005489879943695523,0.0004324401948878184,0.035300426932462235
0.005427332289537595,0.0005226095552937124,0.03318266876569931
0.006232758521184886,0.01194391193791504,0.11603811158347027
0.005891514200725864,0.01195891318431443,0.09353561421415939
0.006466320714874276,0.012007422272865347,0.10515128632874879
0.006279279342048611,0.012080057821881492,0.09788323721912685
0.006666421873742795,0.012227426103464306,0.0929177639724395
0.006456751702998713,0.012138816659371889,0.0927209511460649
0.006443933959390769,0.012247440565938558,0.11573918206060346
0.006541394243776739,0.012493788486428993,0.1036923379352659
0.0058369797953300275,0.012407513409424214,0.11528368653951074
0.006140958125238612,0.012223050774878803,0.09349066135698897
0.006227725530508138,0.011975879233448006,0.09297422962856526
0.006719463451362032,0.011871241348272913,0.14862302438253522
0.006258470091933427,0.012432326559043588,0.09276719236257128
0.006519301614369688,0.01236158667155757,0.09275822737129397
0.012148986400993158,0.013646194585913846,0.19104208968224837
0.01213710983603173,0.013988808050097322,0.2021664812643914
0.012238838678451543,0.01390581344547147,0.18669981104476702
0.011643163365803856,0.013679166913998947,0.18314484567045122
0.01183997599327081,0.013373232778469643,0.22230051774723233
0.011764966962330061,0.013705944945358078,0.18948986064122145
0.011826295310041823,0.013331623300075122,0.18244194056422
0.01172485750066278,0.013910599590359635,0.1823580739050141
0.011504623763534165,0.013518837946983237,0.18233065276548427
0.01224463567696551,0.014089176070811345,0.18393538848734162
0.012025960663467566,0.01367682012427148,0.18288268261362625
0.011780350061745557,0.013652986785985246,0.1836925099132252
0.011576791844584522,0.013934152289948067,0.18247527879497794
0.012087681579971504,0.013664183625100019,0.18597437138155484
0.011918015253503146,0.013841624716230636,0.1823196373913209
0.01173546211012357,0.013846872389406238,0.18291673860573557
0.012355995313609638,0.01359901250091989,0.1824455755478682
0.011933679467123271,0.013507005793790626,0.18232076007106213
0.011733975113563604,0.014163011056875532,0.22670053293086873
0.012082765591753449,0.013606143146659403,0.18327815527792315
0.011936783009640323,0.013931637259419953,0.18235555450948113
0.011745414359197329,0.013633911155175725,0.18233636728164646
0.01110082308519751,0.013847995307197448,0.2145334529155326
0.01212722180399727,0.01330998893562546,0.1823723414890447
0.012036821476022213,0.013807962512676228,0.18231852680609167
0.011798224102585459,0.013669428922631023,0.19830705733152465
0.01193966109529461,0.013512982826579475,0.2032347876477737
0.011849712227948901,0.014025440842385677,0.1996523389081624
0.011557286154835197,0.013625583592330662,0.2461737257814635
0.011824154525961965,0.013550845218697765,0.1824609530810261
0.011945564111693844,0.013568929535177977,0.18239175376525638
0.011661776376972698,0.013569101458658271,0.19323778590224072
0.0119244327585616,0.013577003120168572,0.18426407942596126
0.011978625533553272,0.01369056999620924,0.18471673018612775
0.011978015802923916,0.013701534197758764,0.18231565289628876
0.012154299160868914,0.013652743212369419,0.18232575189099148
0.011647539989585618,0.01355113150948766,0.18673699281322256
0.012078697664300054,0.014273450322699728,0.18241388561324715
0.012258609318323746,0.013781045215692086,0.1827008615404303
0.011887132828774334,0.013668188375199878,0.18353983436844748
0.012050602314608602,0.013910401793967622,0.19928765782291477
0.012187265397550754,0.013504048625002759,0.21683379063316205
0.012144244939780615,0.013787262875092895,0.1942458502681783
0.011592437426181936,0.013735229818004308,0.1839514468280191
0.012044759647871358,0.013752184130364657,0.1823280351852124
0.012144572498419302,0.013401564962867376,0.1840615399761177
0.011819598474450787,0.0138907182396928,0.18975169327217345
0.011910133709001324,0.013540563716448725,0.18277329767660622
0.011767333792020941,0.013728035863623948,0.20219454984908242
0.011914966871587319,0.01364081369827614,0.188921372086697
0.011827382988228425,0.01378468951707363,0.187257391107443
0.011773844566674293,0.01373258416578244,0.18232320686188516
0.012151139988850368,0.014003366420271977,0.21171559444078442
0.011998782949278138,0.01374321802471381,0.189585951694125
0.012002844513258214,0.014065624383325686,0.2145410981835002
0.011997988908037669,0.013879844449268005,0.1838824001134197
0.01184669410238267,0.014105688656962923,0.18236151290613956
0.011759679257642725,0.013186476404048554,0.1824522364016036
0.012055366962828414,0.013460507171630045,0.18238056846279563
0.011976310734175509,0.013868406701949592,0.18330789822459248
0.011709492568571256,0.01357843316656393,0.2201118832777332
0.011840351065429742,0.013223679939005313,0.1956226486755794
0.012182018271483096,0.013984024832679106,0.18231336982988472
0.011578642348046994,0.013427780724887355,0.18237750402450564
0.011933552796601625,0.013434927490203797,0.1895852462694599
0.012533479347367519,0.013566669054082521,0.18270242776571058
0.011909306501420018,0.01340602284312508,0.18237652096022422
0.011954928970645996,0.013543299961775548,0.1832917356504405
0.011796609828330496,0.013431214580223403,0.1944521567337769
0.011936311050684632,0.013416746266093703,0.18236074023631732
0.011893942969030706,0.013765105248815643,0.18304776157251465
0.012221677526276694,0.01391492297643786,0.22525115540474683
0.012072776855858211,0.013844878108593237,0.18267265298984056
0.012066092971824063,0.01368604643403743,0.19362835384584912
0.011948684221619574,0.013195200940174357,0.2247576018223875
0.012001512442366668,0.014255619682748402,0.2062911024579242
0.012071832708650936,0.013517667222451978,0.18313474225483148
0.011657269453029256,0.014010109946445037,0.18231643191535837
0.01218839654786431,0.013698222289776607,0.18362486472898995
0.011824906702602299,0.013557805550384104,0.18251775830675854
0.012073087242732965,0.013896938424656976,0.18234917704543874
0.012069663862145464,0.013717301543662314,0.18268393578888525
0.012086725204204776,0.013798849729624493,0.2018432866792702
0.01203720554173522,0.013810167385339495,0.1866740560121847
0.012176423191086925,0.01364055318551071,0.2213855095185417
0.01186226782290405,0.013757295915867118,0.2122029449807559
0.011959432645548768,0.013281600991340157,0.22678345143619652
0.011695258570204968,0.013772695444611904,0.2451036496334561
0.011969904048972397,0.013545299112386196,0.1841327397484387
0.011778736755561436,0.013543329222058696,0.18240676091956015
0.011935641696594246,0.013382484248306318,0.1870970366565147
0.011708310927695992,0.014045007940489572,0.1823123293173873
0.011834141786152485,0.013900157889244195,0.182443800975702
0.01163340618835073,0.013296426676558202,0.18232189462046852
0.01136441059258305,0.013541288055006527,0.18243974800858867
0.0117223339495546,0.013906806600284122,0.19817689468196245
0.01155642987219006,0.01372668202273084,0.18237990377003055
0.011447579839631317,0.013682132101370321,0.18239643913862694
0.011845286194748384,0.013943223840461013,0.20951125297612283
0.011748889714465614,0.013478644481301594,0.2393867262575024
0.011852882023284935,0.013909446423238117,0.18231407136881633
0.011538558080130067,0.013525986038454707,0.18613439938967266
0.011867034275854596,0.013461314379067437,0.1878447299097676
0.012098807418948011,0.013883694432698978,0.18600712398922206
0.01193755513688449,0.013697312753339354,0.20184710974556222
0.011929331962733138,0.014077658906863298,0.1884785902751295
0.012007995419852778,0.01377666145751075,0.23278960032715848
0.011875651629044635,0.013469969098060017,0.18231920567554924
0.011847795645961678,0.013618507652295022,0.1823445545885844
0.011796242266297063,0.013899847208642804,0.18420566230119811
0.011788217167256908,0.013740875392229452,0.18233588900910702
0.011914790048552261,0.013910098976931656,0.18234337670808787
-0.00028031944908923527,0.010519440633218784,0.0470593045880761
0.0001729151437880043,0.010064477959871315,0.06411837241559407
8.520012639528632e-05,0.010153326940001432,0.05625885001714362
-1.9870072131551096e-05,0.010178854304145899,0.047852038779259184
-2.6277237200636417e-06,0.009911254456782873,0.04676003480349372
3.20604842437624e-05,0.00989075779975951,0.047906900269714656
6.447057423401094e-05,0.01043023540926803,0.047099681193599384
4.456449217525997e-05,0.00990051147406594,0.0468656782189906
-0.00019413877979136815,0.010065610531972736,0.046941637565049474
-3.060718505471587e-05,0.009905089511783628,0.04681750935684955
0.0004441438031912639,0.010541571587327384,0.04679980479941097
0.00023951528417314068,0.009987616977680636,0.04677066959245117
-0.00019366030650449178,0.010213604155385409,0.04784385791333076
0.00025960650014598567,0.01021682953133287,0.09105109025154715
-0.00010829831106105343,0.009879066090542675,0.04693070278859041
0.00033609202998605267,0.010252950189460307,0.0467779360207698
9.582111717802102e-05,0.009830813385755064,0.0721394124463801
3.4602129264451063e-05,0.009761978597579978,0.046758047953851745
0.0005855384707931436,0.009909366622935,0.05853908373857409
0.0003168341175030187,0.010368132935464378,0.04677430209383121
-0.00010803063346833937,0.010088070207949933,0.0737544351890715
0.00012362017464602384,0.010139354230290188,0.05765255173332708
0.0003015047260793998,0.010190795454209978,0.04680497313359456
0.0002750384551594689,0.010137801667272624,0.04935728580459496
0.000491943351385501,0.010223986990337188,0.058699682215701196
2.8362859267167223e-06,0.010086332595408988,0.04766649097123332
5.2843646432195135e-05,0.009846280071851664,0.048796665125731914
0.00010431872691241141,0.009930670284636256,0.04676227179602513
0.0002731913545872718,0.009532211119468949,0.06336399388486279
9.960667571486623e-05,0.010113101967250078,0.08361624900585699
0.00015512273842472598,0.009748031428841258,0.04709646424527792
-1.0955483959394037e-05,0.00987512956377061,0.06173770556697933
0.00019109855553525065,0.009894616485753951,0.04677704127692245
-1.72422987692313e-05,0.0102006374822786,0.04686078666906974
0.0002534964825944607,0.010257763138990909,0.05371283103823887
0.00038892293943531284,0.010001070951760758,0.04680124922623011
0.00014718276740252408,0.009825971318009627,0.07121588161418518
9.458310940087592e-05,0.010160283892100896,0.0467986658382174
1.3321046491461617e-05,0.010223217898657383,0.046943894135907493
-7.061775826492907e-05,0.010014474486899969,0.05818466058581468
0.00044062510263047155,0.010001186708574517,0.06859688822498458
0.00029154652814947446,0.009862867034383898,0.04688056032975166
0.0004998029518148647,0.010111117088894155,0.04689462992255556
0.0005008410329979884,0.010121533164200237,0.0538472960697989
0.0002465865930268038,0.01022198372706369,0.04691556944545544
0.0003602965977103977,0.010366624053376218,0.05230151976261783
0.00042830812228656723,0.01011676892899476,0.060898070635849205
9.268702720142036e-05,0.010015700962303992,0.07680332167745813
0.00011843016580111816,0.0103767682373305,0.046761024304844655
0.00039699225875856176,0.00990766428941741,0.04677311004919249
0.00019147346801148596,0.009964236993282232,0.046903295590931204
0.00034024151854992893,0.009972312754775782,0.046783446737621914
0.0002862425397120663,0.009931859407753218,0.0506621309830545
1.4528915576114741e-05,0.01008706867561741,0.04686031348233022
-1.948304925612082e-05,0.010019496101262494,0.050154935136073726
0.0001243682397559212,0.010018424466814153,0.04675803297241368
-0.0002806271173484559,0.010186084859574689,0.046767925928382414
0.00027341409111745265,0.010190092398056223,0.046777499487768326
0.00015360643999338703,0.009908440054619622,0.047488123598559334
0.000460115329914595,0.009751571372827948,0.04677493648907905
0.00019618595710779187,0.010014643252174382,0.04704289547538628
0.00020211857901092947,0.009859315539248499,0.1048837032204912
0.00044995649240945577,0.00985435415596098,0.06377553144565952
0.0004881269621728284,0.010328662387079614,0.04884803355586644
0.00044438205817903017,0.009881150379238583,0.04686264266395593
4.655243375973424e-05,0.009660598788921306,0.04681133269765144
0.00010391519118312793,0.00989588029089975,0.04845743505646994
0.00035037093208011006,0.010026498731694866,0.046994671180864964
-0.0002556861465555504,0.009849395852451964,0.04702913148267148
0.0002849894151866549,0.009976441774721484,0.05780504636657258
0.00033283062860112894,0.010264996140965503,0.04675894584367943
-0.00014978850719581273,0.010422677174321262,0.04702320259774186
0.00013744594951107663,0.010148611914012711,0.046774839362519215
0.00018834654696460413,0.01046351366247141,0.04678336258362624
9.328116588476293e-05,0.01000709814057434,0.04703736677262944
0.00026835253564551673,0.010407339177633161,0.047675658986797605
0.00037580617530753207,0.010138860323108517,0.04709929377979864
0.0001853923671549374,0.009844182839489535,0.047614107531759105
0.0004123216105560614,0.009997649720726268,0.07049897349340975
0.007578061030891381,0.011156886975072458,0.05173286566377583
0.007193710841192585,0.010906747865549564,0.051730195562688853
0.007390603720032941,0.010954162669190528,0.05218982417940837
0.007639296607322324,0.011276760884403086,0.05161753718316669
0.007310302257120644,0.010934039268602244,0.05254335252262772
0.007368630488735568,0.010714003710197711,0.05161893453576869
0.0072744283791964445,0.011434776044250158,0.052266510405384714
0.00733977070436643,0.011008216126074,0.05550059662086168
0.007585322997906242,0.011224327945247414,0.05163716857578842
0.007249830443977517,0.011383052708012572,0.052177899638012754
0.007416038726079906,0.011307179049430158,0.09925789414174745
0.0069947295782348,0.011218165585239838,0.05169436989251169
0.00749664046869929,0.011137777837268931,0.06181673881144465
0.007501454299426823,0.011014330703267652,0.07943774989061686
0.007287930006148909,0.011274400274246093,0.059913669908172575
0.00730363405309046,0.011386524523871623,0.06486750244820004
0.007526410295905529,0.011107904471049616,0.05164816270999596
0.007816224335583342,0.011260814080708463,0.06539640144317826
0.007743531565370297,0.011273275648279,0.051694408265270976
0.007237955154428003,0.010888156367164982,0.05163800467711445
0.00751873298993707,0.011072091438936749,0.09279104236442962
0.007530020203934889,0.011226486417553952,0.05273187039167165
0.007368977525033137,0.01131762304312376,0.0698224956100097
0.007346491523300028,0.01104710365463883,0.11559566173353991
0.0070656452078641015,0.011321412265247965,0.0683572765820106
0.007333264139175035,0.010967400163144818,0.053581772238863734
0.0071607291293214895,0.011375469921381796,0.051934202776890565
0.008056684837044923,0.011698876318905241,0.051629622629678865
0.0072145781336180395,0.01123813272263067,0.07219472237065384
0.0070808345619151935,0.010657353629077382,0.05162284712463381
0.014151656956629457,0.0041207950201939915,0.05269731577136637
0.013790065769734239,0.004108335530927309,0.08545318559144446
0.014128748071139195,0.00394829766152256,0.05434847204880583
0.014107530385956591,0.0038551616779280177,0.060011215852100806
0.013813713424321751,0.0036981665129920812,0.05270616345407789
0.01381973611448412,0.003967715437499186,0.05272372592312388
0.01420277832254974,0.003993778877530043,0.05269529912369397
0.0142067269635791,0.004004199240868271,0.05273514635634172
0.013847504195554926,0.004362157743299467,0.06046913268454679
0.013956293310889156,0.003822738312276058,0.05565657685080348
0.013537599862122692,0.0038256961633109637,0.053285564163946905
0.014112323728125,0.0037788399259117227,0.05306646551284223
0.014177521722832126,0.003942921566122107,0.05264051218075591
0.013820136488935254,0.0037550149690259924,0.05349326082156036
0.013731246499421859,0.0037156838569990806,0.05263567321421313
0.013801211483931129,0.0035372568177693673,0.08671307461249086
0.01407026433819677,0.0036743772665005533,0.052683396756561224
0.014073966844960498,0.004082883712865753,0.05303764915406595
0.013880116419243254,0.0037745418044189457,0.052938904023011754
0.014145490904067132,0.003652109933930126,0.06361832155402418
0.014101546995097261,0.0037846290854956343,0.052827856050088245
0.014075283917893306,0.004187636199412913,0.05264458788133782
0.014050949575045634,0.004151886924263339,0.05276048251481463
0.013992155779276542,0.004005903089892001,0.05275417029874565
0.013897943403757272,0.0036979886443871575,0.09652851097451587
0.013747677333960548,0.004150076906768671,0.05703585244635718
0.014174085134193807,0.003591801404849606,0.05263853446019629
0.013710129116180728,0.00426986856933632,0.05289252517931234
0.014311104731286252,0.0036269614492635224,0.0532143860149096
0.013831446130038299,0.00381181828486566,0.05278580071006504
0.013566644293757209,0.003776738220326768,0.062489612310812515
0.013736365408453279,0.003665463630436213,0.05263779578927425
0.014118796922750986,0.0039210094212445085,0.05264351687191223
0.01398155626356774,0.004101225623754493,0.07286605763886292
0.013886936340306731,0.0036953571438597347,0.06632526044773705
0.01367799265413189,0.003976658951018999,0.05270827760868538
0.014050854887585664,0.0036134411840771843,0.05264836486227713
0.013954091171453097,0.003617547734500645,0.052656635649242986
0.014326770916611916,0.0038753576812980608,0.05263811569181217
0.013944746962860527,0.004011279714457307,0.05287081174425011
0.014125904649256298,0.004460108471329724,0.05264010772680415
0.013790094465776701,0.004017295389950642,0.05374730091045263
0.01388298783923214,0.004052003395307968,0.05381695571123757
0.014217928856786556,0.0038877496955611076,0.053394753575695016
0.014153396563721068,0.0041521258667574995,0.05320191628098192
0.01408348391783942,0.0039151890023171486,0.053226048179185026
0.014070561849581739,0.0036470415460542814,0.07475903769190041
0.013602295459370042,0.003676372385674333,0.05583335324550704
0.014379037147716597,0.0037659402666369987,0.07881900559667473
0.01371502265244409,0.0038410872751103867,0.07552715302476294
0.014106033226477915,0.003678893079192343,0.052657885625829445
0.013780284439548929,0.003737572792350636,0.05839645053374661
0.014119266231313182,0.004066647028627495,0.05279686792515213
0.01395354651428529,0.0038670570113717353,0.05273176136304766
0.01418497558924226,0.0038265669521429535,0.06275776956170459
0.013943171170278977,0.003802060066324848,0.05271748364512054
0.014091337025253418,0.004052729783850024,0.11428285445175955
0.01410531815225604,0.0038362824588810563,0.06539607405580619
0.013819617549689968,0.0036539028695433792,0.05272841879221618
0.01356305957662021,0.003937818648982031,0.0584378081413627
0.013992294254026162,0.003756471597324028,0.06929428429984136
0.013787727394557659,0.0037797726750593906,0.06681726669756743
0.014324029681030113,0.004168168678871818,0.06947943118758387
0.014299507074182363,0.0037486786310492147,0.05402510474853238
0.01434292249599516,0.003812414637912865,0.05282630081424661
0.0052197296517479995,0.0047575291167007375,0.14801853397009798
0.005230036823248831,0.004666100932465261,0.14831305751868076
0.005380136428620467,0.004513921606897827,0.16481779630777343
0.005188856549571599,0.004645481761878224,0.15086495770086025
0.00514784318482868,0.005002645742267667,0.157790218225141
0.004758869473360301,0.004188235166671385,0.18085728882655233
0.005071413671627196,0.004636874179446801,0.1620845420245394
0.00483202876585494,0.004734257840452771,0.14874525793733953
0.005098083878326021,0.00433752048526492,0.19002337377859577
0.004639576746431149,0.004969152087707576,0.1641992360217951
0.0049084433370673065,0.00480474058345297,0.14890909208457992
0.00502455360222602,0.004348326297306157,0.16415508441473328
0.004822841114852775,0.0043007803781543,0.147990794023361
0.005621494927413041,0.004255375383414623,0.1493839204938378
0.0049865043357731585,0.004574386982588927,0.14802769853969217
0.005132807881225416,0.004738818736930524,0.14801197932554835
0.004851657316437295,0.005018269106748185,0.16141834653665493
0.005073859268675372,0.00470284011625764,0.14800363591903304
0.0050987371112179835,0.004374025534317377,0.15617786746921541
0.005082467981334833,0.004489684374502082,0.20312498679729898
0.00492084928464938,0.004409676237583262,0.15241173766594035
0.004949591071797291,0.0048605902101255104,0.14799171901255226
0.0050426025607673754,0.004632101402752632,0.15155601249889572
0.008885305347910542,0.008199239958740903,0.0007742008816586667
0.008931353392368805,0.007760011012882576,0.011925384982857464
0.008749698466646205,0.007827769533084667,0.0010663363265286455
0.00848878311473021,0.007437167303116645,0.0007538385131840976
0.009195977385672852,0.007804770357759757,0.004807348008553066
0.009082822329686187,0.007600912825205243,0.001623805075922176
0.008965978041023209,0.0073934398154613815,0.0013097599338741618
0.00888072402081453,0.0076529698890681445,0.0006437121414231208
0.009296568791035936,0.007879345379451999,0.0006621600261403639
0.00903945654047024,0.008146947168263278,0.000666861728827768
0.008764828787317987,0.007779271142508781,0.0009465083464696724
0.008973766471695033,0.007477320419721868,0.0010622630553373715
0.009059782463429526,0.00798094616040192,0.039874388724613526
0.008261159252335148,0.008122876977126884,0.02878190560709034
0.008962042929021993,0.008190045330490312,0.0006476807730670899
0.008837237859579091,0.007720934156830708,0.035435971193582834
0.009278273925288285,0.007959702147054751,0.012873618759797886
0.008948284358755752,0.0077863936374044755,0.0007479670013369312
0.009045213917597593,0.00768384180156494,0.006031827934987273
0.008926637653313155,0.007467810067977935,0.005023157502561777
0.008519334682915058,0.008284892973671878,0.005811604684944212
0.00898481379901143,0.007714092715922979,0.0009484265237468994
0.008839765194112099,0.007285887693437794,0.00064008457789569
0.008221811105191806,0.008231107804589681,0.045902971275161984
0.008965951188611213,0.007127531658077818,0.0006681427152803578
0.00872711910657331,0.007571468395358744,0.04546238763667557
0.008627474005218783,0.007997367173349248,0.0014606276521779995
0.009189767800556081,0.007506962299622404,0.0020549445952568095
0.009216376619643354,0.007708200635756321,0.003676359150487736
0.009048012755310387,0.00764220046767549,0.009491325251743872
0.008522903876567189,0.007836497187028299,0.020643508178563173
0.008763151047823582,0.008059664352149323,0.026598756072454707
0.008715146140492158,0.008062769107960315,0.012018689150301983
0.008764513424680933,0.007939861945898378,0.0006548453699476721
0.009222988641340293,0.007632157888937955,0.0006437040330856638
0.008785332011487146,0.0076648307049741226,0.0007240126843857844
0.00909542779864765,0.00782636964417006,0.048377307448593455
0.008869186350868268,0.007811306489696174,0.018787577240709948
0.009071334576996829,0.007806976698282464,0.020717862305117615
0.008820245064684866,0.007462693553587987,0.0011849413791709964
0.010223894738005668,0.006748302027736823,0.09108532936491792
0.009582142232995028,0.00658255770014141,0.07559592290483688
0.009708546081951562,0.006956805428217888,0.09739257886968854
0.00940398496760087,0.006815573538659718,0.09680586514547078
0.00984779706923973,0.006394165770475291,0.07618859701015418
0.009517324193352794,0.006977131526358882,0.07422541832667344
0.00943777181517113,0.0066655547788344194,0.07414578386562927
0.00985197456905338,0.006596237325572121,0.07417165385512244
0.009679229352009698,0.0071386463675902736,0.07806993834350136
0.0063066354618901135,0.00039583783055777285,0.1664210246155666
0.005902937970666093,1.0864509333799518e-05,0.16646211519597975
0.006477737940496648,0.00029106775313378764,0.17175539515988714
0.006328434468072655,0.0003719351797338108,0.16656159147967997
0.00640898852711175,0.00026116981412643663,0.16645209345058598
0.006060023719886234,-7.582372575215856e-05,0.2063820146699109
0.006348747055484194,-0.00020602625891964998,0.1904161948384638
0.0062002069523194045,-0.00017277446625363113,0.23399967189606774
0.006150869835976923,4.291263907191805e-05,0.1808521649352306
0.006125927991721207,0.00029269561972900963,0.1666545367128681
0.006693284668921033,0.0004470346543970893,0.16645315805464603
0.006286433144654828,-7.376724709891356e-05,0.16772489582179795
0.006229835350329822,-4.3688376668744446e-05,0.17070729184886899
0.006294499594083062,0.00038849337934522234,0.16776792432181467
0.006109190559806032,0.00013572809627976053,0.16641615539811808
0.006409918945589837,0.00016783039770068925,0.16645113773052916
0.006067995761904802,0.00025498376178569753,0.17366481722298988
0.005726901719291255,-0.0004381905945819385,0.16678262817965947
0.006141278658735128,-0.00014611568707621043,0.18074431683901573
0.005894404995426923,4.2945160970363195e-05,0.16666387194767765
0.00663547425720269,0.00026663925127950094,0.1664440841703535
0.006364883400396506,-0.00010053413039926702,0.16658379689705385
0.006314546808977362,0.00025765239213423565,0.16647372953158793
0.006451356785611614,-5.4182699181480796e-05,0.19651689298981487
0.006452844384252156,8.386245289007415e-05,0.16651946703357673
0.0060448428418718066,-0.00023201117612308634,0.17161114923579873
0.005929833280311645,-1.1542264175958228e-06,0.1664610474292593
0.006571761505478521,-0.00011877791105732533,0.17590111524585447
0.006393889629604948,0.00024190024522881325,0.16719217573180256
0.006536014852765743,0.00016843416874494718,0.19242575105340448
0.00609793670344011,-0.00013456127386718463,0.16950584838115065
0.006571915985107169,8.831215178109251e-05,0.1664694730599645
0.006646738246705852,-2.1261244218972016e-05,0.1667547318784141
0.006053261302495243,0.0002610416125419001,0.18503025744127907
0.006525751512593542,-7.798853759256604e-05,0.16693378990416843
0.006018540736787869,5.513104652078249e-07,0.1664911724654968
0.006343060435707277,0.00011146956313322703,0.16758831678501424
0.006274417709392363,0.00025303076908296464,0.1664386649204531
0.006452937252968505,0.00030540759977932245,0.1665079003287331
0.006169316672751854,1.2163539980476029e-05,0.16655301257698005
0.00647704415960639,7.748945037096004e-05,0.1664158179418285
0.013241439395207564,0.00914484530892183,0.0806837623689663
0.013373752473761435,0.009403775317428382,0.08145559539917616
0.013563735457289538,0.00937527284703091,0.07231534988881098
0.013706066286777101,0.009304833828748396,0.07256299751830841
0.013308902832078761,0.009694262902183086,0.07239701782133587
0.013639061112658947,0.009274622341699935,0.07411144859834459
0.01336098895230436,0.00941364293429319,0.07232360222136341
0.013460755320382647,0.009478595257740217,0.07389703934272651
0.013419794812231501,0.009309741802261327,0.10060760037093214
0.01343653399078178,0.009311264278676231,0.10702030887494227
0.013200608976748017,0.009298815355207901,0.07234169565982383
0.013301973091182369,0.009030865937157568,0.07489917795721479
0.013943352534072029,0.009385592875217553,0.07234215298935934
0.013590597631529948,0.009395493971227764,0.07589174418496362
0.013591334259129048,0.00950033584348566,0.07231062486941756
0.013481865522310198,0.009309922039965156,0.07232072499038185
0.013514388125885256,0.009553319878337721,0.07546614333122668
0.01366315252755616,0.009454043599799738,0.07546769295705072
0.013464272722209904,0.00915182490188204,0.11338984336022183
0.013481125693867332,0.009121614597543617,0.08643653695457665
0.01335524345223368,0.009454705431378154,0.07231084372191271
0.013552097325937656,0.009702716293965255,0.14607144934679867
0.013733993504280803,0.009095580549418295,0.08008307701484091
0.013641502076543991,0.009252776823836215,0.09539577534768376
0.013813154757167252,0.009326144202814027,0.1419528047715596
0.013577670270991613,0.009658647958950793,0.07565328549168443
0.013379955745451965,0.009324351350671686,0.07314238758129518
0.013660763580860744,0.0092237604697506,0.08205223421045191
0.013254581161821075,0.009441000793209028,0.07889981330045204
0.013432882927610709,0.009672373236366364,0.07231541788547363
0.013824522372764214,0.00914971225280873,0.09601346400609782
0.013518136694286273,0.009391763997170045,0.07233286347503302
0.013300991821802405,0.009148566946944206,0.10230539470825802
0.013554850355851026,0.00952953672691944,0.07974868899219921
0.01356248531564111,0.009083920045427366,0.07233576543226879
0.013313448719307164,0.009463019836054373,0.07250903189573467
0.01365548582421893,0.009888051784617586,0.09255939157895744
0.013176085378072508,0.009344850565177186,0.07234362011174678
0.01373658550733774,0.009322448871721156,0.07469981634418181
0.013309937743848307,0.009856922378234927,0.07392065854574628
0.01365609016303108,0.00935589301847895,0.07530795708351165
0.014019142932283273,0.009457650590151074,0.11055200554033943
0.013519466751884267,0.009413318435058621,0.0754329556425664
0.01342130937031143,0.009401857813973501,0.07238072733406081
0.013399319751776969,0.009426476451189691,0.07248551228832706
0.01349623792123653,0.009573736388649655,0.07236650175624681
0.006974905879724966,0.011520952391887588,0.08581770541468
0.007348379196452584,0.010942785683554362,0.08887666238735696
0.006908284412599381,0.011072002452019444,0.08597570087001387
0.0070111711428072045,0.011443741414458341,0.10248418922381605
0.0076469899400789226,0.010883944454569456,0.08581450075035643
0.007180925800034374,0.01110489297921257,0.09350438570596205
0.007138122549554115,0.010966608931832678,0.08739586785894199
0.007253828292790751,0.011321967690091288,0.08592874274053043
0.006775186136493142,0.010756963170548497,0.08578726244965952
0.007407593012679209,0.011042821326571771,0.08578620220132976
0.007217497283532745,0.010947628247659203,0.08580423798340762
0.00717404084049998,0.011063541468612647,0.08578861754366889
0.0070497060067822356,0.01131425083449137,0.09850968869005522
0.006998564897686486,0.011557427636066002,0.11171399195735977
0.0069820298401408265,0.010910099662661099,0.08748388921938681
0.007562746858782268,0.011013775115450512,0.08680201004507267
0.007019352232552348,0.011208714286707893,0.0859473881220381
0.007111053580869023,0.01106026178311037,0.09798039763365379
0.006810744909954531,0.010755033868172158,0.11171183994111648
0.00663226544058304,0.01128042162289493,0.08596777927900837
0.0077968798583191124,0.011481729150651473,0.0950380205744664
0.006197265084050841,0.009956363643495059,0.09080444705364833
0.0062858587342443945,0.010175280364304531,0.09313654514346603
0.0061001886908297435,0.010106190297389989,0.08307015045335146
0.005820810239585414,0.01002928583021483,0.08338279688472439
0.0061757624753823286,0.009906033647595588,0.0991401317440157
0.006394588189852742,0.009992989638544104,0.08304790077108283
0.006216251881636136,0.009941981444931533,0.08336041982470856
0.0061119558913638435,0.010251742084544914,0.08294934430581512
0.006213133995737641,0.010032909715500266,0.08320277951392745
0.00617191281027492,0.009771233791212076,0.0830000400766696
0.0060675252974699626,0.010243544870575341,0.08510340085321738
0.006093698543316666,0.010285317506274021,0.08294498338631225
0.006148503443137284,0.010373927237949733,0.08873482427496289
0.00610278751550403,0.01028124687853916,0.08677305746621675
0.006398713695549592,0.010504100450807437,0.09828804505225912
0.00607686357025949,0.010054086145585924,0.08295363161919372
0.006225361391282516,0.010518091087955147,0.11794605124589402
0.006212850088141388,0.0009954687334679533,0.04329974679807348
0.0062748979449099565,0.0014151698268929178,0.06979245313905034
0.006128591237295344,0.000938594574157089,0.04393969866115414
0.0061944460072779345,0.0010711989778777746,0.06606909473908386
0.0062258541133283956,0.0009549807245464055,0.04327016219604858
0.006034501512561852,0.0014661880630423433,0.043312936495768575
0.00617697280588628,0.0007156207810905137,0.04354761832093073
0.005925890911623415,0.0007268035546967562,0.049334910098030045
0.006081034328302205,0.0007561251083296958,0.04351682280397015
0.005781047358276862,0.0011208612939681692,0.045056190643626974
0.006536506212006661,0.0014266597744914443,0.09179744377096091
0.006331305211338571,0.0010963203250521642,0.043267432801579415
0.006349043947267593,0.0010738883736111356,0.04418490169677557
0.006349673865320156,0.0010746228620159709,0.04326120685917985
0.006678679628182673,0.001127085282085647,0.04732539518843216
0.005818432828512582,0.0013648866361575707,0.043260695737478455
0.00605437044310322,0.0010565491939735945,0.04348527294196584
0.006496664020273937,0.001349899236603363,0.04328778155820631
0.006018455862150957,0.0011045932071741679,0.04327984518749996
0.005902219597795472,0.0011946061418612068,0.04326030800938838
0.006401557274835544,0.0010018225446317669,0.06364306673302673
0.0063934196251260456,0.0013236327037972786,0.0527344642323037
0.006476475861364426,0.0011463030656491497,0.08065647263883656
0.006699204453452542,0.0011365299794924403,0.05860885592492083
0.005900669965948893,0.000816655112069179,0.0492981065451838
0.006346846615063021,0.0008416555201547383,0.043436537717141725
0.006263124323875119,0.0007669981155074481,0.043313010509795316
0.006178376836642904,0.0009448054562780523,0.043321903333056626
0.006035240082683281,0.0011031346645823407,0.04337177442453965
0.005463096928046447,0.0009456427053027159,0.050266584739733104
0.006514143695783554,0.0013144921392666076,0.04326219014659262
0.006482558550393814,0.001266487315683169,0.04329510733519733
0.00624674797912182,0.0008871627520885593,0.043380757355693196
0.006086957325717824,0.001387139857420046,0.04326686580953361
0.0058489048017617866,0.0011262369194454814,0.0433810095404723
0.006049531011125119,0.0010670330043172748,0.043338505860820005
0.006085386350802382,0.001408437350060822,0.0652834555296688
0.0067128806100263385,0.0011335337309081612,0.058126395180123996
0.006324690361652469,0.0012329324655887962,0.04339109068289224
0.005816001071820808,0.0013856741286380364,0.05892649449568259
0.006176540171174543,0.0011003673295466182,0.0432676083244617
0.006252651345397858,0.0010838481976869867,0.04350909536164341
0.006006094986913655,0.0005523054836992955,0.05901698901713064
0.006326764931261886,0.0012757432229647183,0.04325977316800818
0.006264079403558313,0.0011306035679465726,0.07777092655957359
0.006198829982143504,0.0008064566256547974,0.04343548979765856
0.005982988524840484,0.0015642662975834875,0.04341720046792711
0.0059534238764306305,0.000961701588636141,0.04355238244381579
0.006685697761431439,0.0009309317823605777,0.04337615129774434
0.006236389053362443,0.0011015786957871113,0.04599998725092735
0.006039065445449763,0.001054710714891939,0.04332467125381925
0.00650131687619882,0.0009571116516409366,0.05071946926892522
0.0057464051732804755,0.0011277451170892275,0.047489340653259486
0.006478847756432239,0.0009131732545222112,0.04340723576195175
0.006315550202383923,0.0006835456986015538,0.05771015546894042
0.006189882030159249,0.0016018016113441263,0.05084389805784757
0.0063829369259983835,0.001383592100049055,0.045195884963087546
0.006118467689896054,0.0010189583511598333,0.06061405268167966
0.006593720041537139,0.0014349772908346073,0.05199412483979738
0.006302583256776557,0.0009864629712328314,0.05478217446109475
0.006463747273742589,0.0010258284200520735,0.04655694008643347
0.005771205493727586,0.0014470287799106293,0.04518844993721595
0.006199094070356455,0.0013139333371318975,0.04767123053071725
0.006446444505297001,0.0008052777818672099,0.0432873704024637
0.006232114009949033,0.0010537440711441608,0.04369628254726278
0.006154314695478564,0.0008325784498802295,0.0445563940106158
0.006010012621501561,0.0009686798064656456,0.05024953752565852
0.005776558796423566,0.0012207544485017207,0.043597404448045086
0.00627347889148253,0.0008938827880597365,0.043280686107703005
0.006626977251332044,0.0006765997956675467,0.04338801022700725
0.006006371393435331,0.0007768401063455721,0.04804546034602965
0.00622678676203984,0.0011487340987367675,0.04673624444321745
0.002489902977381641,0.002941212547812517,0.1098592629090696
0.0022498392205741206,0.0031797178100870407,0.12642814121688267
0.002206198311859998,0.0033838925198327735,0.10800811064233642
0.0023973035118926454,0.002774998460195627,0.10800348203345851
0.0021786166113596066,0.0036457224434245225,0.11056288073969184
0.0025504489552345814,0.003056849998889199,0.12393981183192443
0.002381570992787818,0.002877799608105765,0.10803469296602432
0.00223172020403223,0.0030927146687392366,0.12193497142499188
0.002429475949358878,0.002862416829369576,0.10803154498330204
0.0021927217285716352,0.0036265403195365146,0.11560176115874794
0.00229162596402018,0.0034331410689257885,0.11006073717936662
0.0023342844204623484,0.003227763173146299,0.10801377717666782
0.001592806316671267,0.0031458855692697214,0.10945801670088198
0.0024697548875514956,0.00345420376840768,0.10802622291850059
0.002270197696533632,0.0033726820434708082,0.16998374974746722
0.0022657442516598246,0.003264134890995882,0.11425435261116948
0.0021614346547801453,0.003476066767189635,0.10838887125629151
0.002404500925339731,0.003124691064253955,0.10873415671196848
0.002510295505680139,0.0033342085443333605,0.12127671928412875
0.0023047149192767643,0.003391709738595381,0.1179589646226864
0.0020550713503146773,0.003027236545973904,0.10817577005915767
0.0021607703090657147,0.0034639295926939657,0.10897381710198775
0.0024638840310251134,0.0031806246894710657,0.10952887310872843
0.0025401253807050502,0.0032572089491303435,0.10820816854214341
0.0020691460136103242,0.0033949018831584852,0.11108079041499562
0.0021572348923453674,0.0029999220261553074,0.10804222615005651
0.0022578683461072333,0.0036917015904040017,0.10802449830646443
0.002227941336269933,0.0027225212275966606,0.12293231255466777
0.0030790861426318347,0.0036543476331252337,0.10802959100455249
0.0022495333195658293,0.0029879519570485814,0.10814387988401704
0.002486651683558825,0.003168413018709008,0.13596341513922547
0.002221543243936057,0.0034467598196788432,0.10864137776050074
0.002054890500098188,0.003242413348006468,0.1269311199160319
0.002151118486306265,0.003351074954941731,0.10799186442209607
0.0022978613991504536,0.0030544477821757166,0.138115975959974
0.0024474465513216804,0.0034607379310618363,0.10799226333653492
0.002287191278086847,0.0034522734255565016,0.11026119334119967
0.002330196068583525,0.0029520224888764227,0.10798847605709795
0.002208296879950394,0.003538523074130187,0.10799695644413213
0.0024051770948941694,0.0032042839488713422,0.15572974516814414
0.002354477959734123,0.0032986237037640003,0.10832199906069409
0.0024136154304647463,0.0033765869787945268,0.11101765032500824
0.002523947969931102,0.0031711536389838154,0.10836548005671855
0.002698662354074453,0.003326956366626581,0.11368003792431638
0.0023949024200244444,0.0027744587402962814,0.10802026118712199
0.002152042122048364,0.0032550778572979777,0.139433134878762
0.002653287457755437,0.002848903704568382,0.11946446784818326
0.009080034475850676,0.006873652118042523,0.10278412694986462
0.009171132500043148,0.007003620086801614,0.107262040110491
0.00892344813232393,0.0071008388257960695,0.10677016918304819
0.009281093793240167,0.007173729695533315,0.10084479848045097
0.00903646757924064,0.006509773054387149,0.10179565733825058
0.008840103431610452,0.006863937816879722,0.10137322360414769
0.009021369207405254,0.006605492395054777,0.10104937263205767
0.009564832556501576,0.0070659642113372655,0.1078518381744778
0.009169384542273848,0.0070663231429953285,0.10091687285562793
0.009186724736535644,0.006986066345657992,0.12153728450409414
0.009256342919283919,0.007031206668183242,0.11520350877831798
0.008917164712947399,0.006968293972335377,0.11279031244512885
0.009072461008149438,0.006700024402130033,0.10087097103895046
0.008973310474409356,0.006963943435270198,0.10093344118204267
0.00933768100663249,0.006542047360956823,0.1490061947755283
0.009185003528852372,0.006945437814869144,0.10131012106183625
0.009181811657503985,0.006985343760770695,0.11046527788843225
0.00931500604924806,0.007049263013738039,0.10090994695218253
0.009216874521763691,0.006887580691870411,0.10341816034747495
0.009146389699614899,0.006771029743078638,0.10345949117749687
0.00892594674234547,0.006707533547646412,0.11874579976819175
0.009349838565309973,0.00719109535516896,0.10086199319881195
0.009053876416712353,0.0067118055485280975,0.10084388308393266
0.009398048532632979,0.00673183808905471,0.1009389088021227
0.009296066100871954,0.007350708205992779,0.14175423521381264
0.008790219580441926,0.00678136926128993,0.10802484380938224
0.009158380702825335,0.006626638435994109,0.10087825371560155
0.009179186972602798,0.006922725368808972,0.10093449128436575
0.009031845711935185,0.00706778031751049,0.1008863052461123
0.008985492101788391,0.006645831041697277,0.10664437440513866
0.008884850933565672,0.006951024754129683,0.10782901624933088
0.009003699418779066,0.007145076621722187,0.10093785617879726
0.009358390800452579,0.007076172703368529,0.10092594462742246
0.00878382102216246,0.006838190166192216,0.10084091943992277
0.008954333278578143,0.0068191479721858485,0.1483374302145115
0.0088286080199983,0.00726859016363899,0.12116865430068698
0.009127459065760518,0.006920745298071413,0.10084902120389133
0.009373747944490845,0.006434969680561248,0.1180346947806437
0.009494408351857135,0.0072898361060451744,0.10250498931147667
0.008981499009015707,0.007096879851848864,0.10123911289233618
0.009220523140696154,0.006856744840623789,0.10164640324714706
0.009204105545089202,0.006815417556834378,0.10245722809914705
0.009094990453712504,0.007398528290199629,0.10933472209438286
0.008749666339231413,0.006676979777483353,0.11492093586582529
0.008873939966532199,0.006658159512160408,0.15782643670529267
0.009031531854721933,0.006785962711509938,0.10086870604732329
0.009320391595587773,0.0070633857942020775,0.10096428739030198
0.00918341251832785,0.0067750942434401,0.10086983031007611
0.008850369639997066,0.006446623132287866,0.1008790545327109
0.00951509495248138,0.006770701481880991,0.1008764552780419
0.009490205122529025,0.006555652049017049,0.12238549719795655
0.00915291236956161,0.006990387240154581,0.10136035137532916
0.009152255637540749,0.0068288835365669116,0.11387117313691826
0.008782692059282216,0.007082260137685792,0.10084569102763812
0.009051683041611344,0.006979574255965278,0.10085358105164596
0.008745112258911038,0.0070299876791738505,0.12982931055772753
0.009366322965385698,0.00658582270435285,0.10161942781316172
0.008769710412785152,0.0069065573492571065,0.10211034907028507
0.009155560773319305,0.006834503797931718,0.10235590444866481
0.008765435421126701,0.006458739509906352,0.11246543218657605
0.009178775365433699,0.007107897838453712,0.10084574874396429
0.009324711292301151,0.007169032009434403,0.12999017236538704
0.00926075214540931,0.007097615315629651,0.10093730322897197
0.009266626827135731,0.007038028636124002,0.11496444156726426
0.00882526263320877,0.007052090187492879,0.10095219029848548
0.009145595793861315,0.006423703366563009,0.10086721840012428
0.009400368018385211,0.007166793912780527,0.11226614089007564
0.008819445521074875,0.006763476011471519,0.10103653435504895
0.008862087293984197,0.007183430458228895,0.10099816944811586
0.009483400844924736,0.006916333943451383,0.10087942946296795
0.009115209999566451,0.006985754092784686,0.10091143301694497
0.008957403729134037,0.007353683215119959,0.13393240092876366
0.009384708433587964,0.006705228501046665,0.10115039347145745
0.008991198382615048,0.006609955012596938,0.10099387204618983
0.009250376857340294,0.006648776706854429,0.12418539225819361
0.00943894941241563,0.006363514247255791,0.17967892592441526
0.009009273494070479,0.006905804885379071,0.10085768689036588
0.009181772069337428,0.007034007476589843,0.10085222110198792
0.009376497979395163,0.007022761173579522,0.10090050725692874
0.009084626188903145,0.006463175113276195,0.10086943452361802
0.007143718785367355,0.010750687064234318,0.15814353165110495
0.007066741935508643,0.010885440346551837,0.15916724158320614
0.007083992926312429,0.010548002492992939,0.16288837157949956
0.006742266042844878,0.010594259562895218,0.15820367248404282
0.006535193634471448,0.010536738908602378,0.15894159851988615
0.0068735687070782415,0.010905131426390843,0.1582207879657574
0.006468855976880383,0.010633489801390143,0.1584884592251965
0.007167864482943945,0.010748183507802071,0.18566273607852982
0.006881849878121504,0.010849582503987449,0.1736904708625792
0.006819452627498791,0.010712753098617078,0.16077509559250194
0.007142390034967569,0.010616049894649282,0.18485016351935127
0.006874888096431781,0.010766577377468212,0.15866464414587386
0.007060429032597997,0.010783124393371517,0.1617051166532187
0.006936755517731204,0.01044134881388347,0.15890830829527636
0.006979602972545256,0.01090965473485984,0.16125975583845342
0.007015331290373208,0.010573484958297888,0.16790183524326255
0.0069585710317756535,0.010787741985319132,0.15814504439655327
0.007235187475917056,0.010522643760143956,0.15813855435826463
0.006986300267081825,0.01088816783175375,0.15815204107657074
0.006662354792057159,0.010733365447245114,0.17003971930158673
0.006579109073731903,0.01064982688696588,0.17125025026539917
0.006737407500504221,0.010652336318286874,0.21090538738761433
0.0071267393699542755,0.011121895445659724,0.15830349876776115
0.007046403109269443,0.010807476234973875,0.15815914136755482
0.007688423601253928,0.010922154828812347,0.1581331434464252
0.006337301252422496,0.011125375006415797,0.17938503294361965
0.006792639761863736,0.010452275798028064,0.17054352414358107
0.007071548761154623,0.011038086118577274,0.15823594446132483
0.006957558756933608,0.010749155944649324,0.15826439399831682
0.006805816484250147,0.010662638308466029,0.15885113583540308
0.00713774162436965,0.010889885549545552,0.16602733133529257
0.006873394042710669,0.01040245290497086,0.1587600980464761
0.0070097609019016145,0.010632328107216059,0.15827281504799323
0.006915354317371023,0.010706544785585564,0.18223456911330443
0.0068389389231774044,0.010855470584126843,0.15828865119568655
0.0068596110760710035,0.011011834209905686,0.18908574699819342
0.006717137930262099,0.01085582998043415,0.161115500954284
0.007050090219696261,0.010935811635434299,0.16743073234697
0.007359460439773852,0.010667983376524505,0.2286026539777305
0.006730533932990232,0.010231380678557257,0.1581301372381362
0.0063852200962796314,0.010536286846975728,0.17077896525649372
0.006781547253824205,0.01066526396587885,0.16835227914627449
0.007008409777728192,0.010638100760947936,0.162804782879773
0.006809381919030199,0.010507859410535624,0.16640144082678995
0.006832404365016898,0.010548989342343804,0.15814631785180377
0.006471175942326012,0.011087534948402257,0.18090720300261962
0.00678270054686529,0.010610840417388743,0.16787906371697073
0.007230969520340369,0.01061416429626583,0.15844975134901135
0.006804050839425819,0.010783646602359417,0.1581675948469226
0.00706251484179573,0.010645494965888935,0.15902728231494673
0.007070949770633804,0.010651972251457378,0.19319094522096267
0.006813954345973333,0.010566846407045779,0.21588102188287808
0.006845513508581769,0.010389246058539702,0.16238573865583056
0.006518794843624042,0.006794763839011988,0.1179570264228613
0.006975853386837678,0.006344202614920666,0.09005407050888264
0.007152054808096869,0.006449559358721213,0.1334681055329259
0.007017726111402606,0.006707177183889504,0.09011107203612514
0.006969394138956932,0.006911117083089647,0.09012036698545237
0.00705453853706908,0.006207854660607741,0.09143701452659173
0.006737249287418414,0.006589536053934538,0.09880954382691844
0.006566665479982624,0.006546433768842009,0.09376306070828432
0.006612462054750728,0.006880859000085391,0.12692527190354144
0.006834946915188841,0.006521883596376238,0.11225613064540342
0.006398467383749418,0.006758164318679692,0.0920890077889693
0.007158792674495828,0.006523272984163814,0.09009861851678447
0.006851304243091754,0.007131137284150593,0.09055230108414321
0.006527022948133098,0.006321482268485163,0.09010350385910774
0.006941668498132789,0.006594914820898134,0.1096261033216941
0.00701804785125645,0.006974162373136178,0.0901710101154645
0.0070529069135281935,0.006572886395133699,0.0902631141498875
0.006654270391599628,0.00711755299364474,0.09420923152270419
0.00694379614045715,0.006586017360335953,0.10210287822251662
0.007314536037552463,0.006432990071583995,0.0900780157601762
0.007048286907306211,0.006367648132638218,0.09003982383216255
0.0065591995028182245,0.0065157975298831316,0.11365209353667498
0.0065694133662026356,0.006801902516252303,0.10674503407257231
0.006789756276709608,0.006955172105184059,0.15961913609966066
0.006805330358232316,0.006654592297055475,0.09007908469470904
0.006970379273117291,0.006765113826127509,0.09006911882150302
0.006527621269222345,0.0067598831938533895,0.09374518538086848
0.0066999800966687974,0.006788975686056056,0.09056508495105975
0.007075279280760347,0.006746525781375844,0.09030331166004966
0.006872276416294316,0.006653025991580432,0.14952480904518756
0.0065829112296709675,0.006781952128319306,0.09604805472876465
0.007152147089933133,0.00681035772456148,0.10479834003321349
0.007122641836343594,0.006781514714112185,0.09010970285704763
0.006806849680975693,0.006733237218514672,0.11484613060250724
0.007013413433067717,0.006182360862728127,0.10574709577735741
0.007008566631667987,0.0065899236227187335,0.1102029245640758
0.00643248957250246,0.007098383044627241,0.090058543074235
0.006694452160173685,0.006278327204990106,0.14148848559288255
0.007039616190630445,0.006733776746613658,0.1165926072344988
0.006936253953275685,0.0065171264391459035,0.0900497894685638
0.006986530583565507,0.006387817455485776,0.12309532981114542
0.007220967583298188,0.006609904821360223,0.09018947684660453
0.006653010228168366,0.006947959260430792,0.11231432984953828
0.007081873641422671,0.006382918977926535,0.14146741720870237
0.007217836369106917,0.006766141213791228,0.09099431885006101
0.007056057185492336,0.006636727599912699,0.09009658740152734
0.006667639440622468,0.0064941133029447415,0.09349230889715616
0.006958721294892113,0.006642920650840733,0.10858657239884709
0.007146656443621643,0.006667805834722372,0.09010240351961957
0.006594760330388139,0.006707033195766923,0.09024062538914795
0.006769027789745704,0.0067383093200016194,0.11786427723851305
0.007040078452816733,0.006250493127161776,0.0929923504999871
0.007054443680940942,0.0067175156528367684,0.11712993337033499
0.006936335758830605,0.006538947329396092,0.09006570194053885
0.006695958044364754,0.00638744445663344,0.0946099119517313
0.0068114212766694545,0.006739457301344459,0.09060301024710796
0.006611262189058772,0.0067875491210910716,0.0907429028756985
0.0065830940931164835,0.0067087287945477685,0.10908171118203276
0.006658768988872148,0.006450121588433058,0.09813799180398225
0.0069858294479309,0.00659407267517943,0.10441594872344032
0.006976617549393328,0.006491619936371015,0.09015770534644703
0.012924213127843451,0.012700260994477788,0.17643135143347333
0.012980109106247275,0.012669789455593446,0.14696824909421816
0.012764094438021083,0.012733489730968831,0.14710564145293129
0.013103012339108133,0.012525598498934495,0.14699119369337293
0.012236946533906138,0.01263121152498156,0.14692939556392148
0.013041260960124191,0.012440076683589794,0.1489416075372067
0.012517235193773023,0.012395946450657553,0.14697894314268392
0.013104421777907034,0.012487289204427385,0.15196184930958453
0.012762490068121577,0.012820788292712255,0.14770776287022847
0.013108954595634811,0.0127978086411973,0.14865987685611226
0.013315410234051236,0.012304214516156755,0.1470573937661905
0.012970489853423367,0.01283106404358455,0.14725879744842044
0.01289655727102708,0.012832538650384232,0.1620669500830956
0.009845887074862605,0.009255382301083987,0.10862290192548786
0.009764029432237361,0.009087180010898824,0.10864240657731203
0.010028631819216155,0.008774167587638926,0.1090873574857626
0.010195291260986372,0.009050606982664309,0.10864629029435054
0.01004507093895851,0.008792963694852572,0.11165730337933162
0.010031224559105437,0.008628318165242604,0.10918961701883681
0.009871496928663624,0.00905656070250952,0.1088164550203281
0.010134391836953999,0.008828160193025071,0.10865581296667634
0.010101431684427113,0.009094074821594217,0.13129590536249636
0.010014132776083585,0.00907296187902243,0.10905741040772472
0.009964835422895559,0.00901827879114928,0.10865618787463499
0.010114349090969548,0.008873061910013228,0.1086212177213553
0.010091245703977248,0.009380518716974129,0.11752885641059467
0.009881721541154688,0.008966512578572167,0.18285423484112992
0.009726261084290616,0.009092384844461274,0.10878799396413785
0.010226128692584796,0.009063058404909927,0.10869569180101259
0.010127074298688027,0.008728513610405051,0.1094872172664229
0.01006912448520424,0.008888492342243783,0.11740805361098983
0.010314430998637469,0.008859633421994294,0.11050449874593525
0.010051607386346684,0.008821381244334741,0.10866095245156415
0.009909054625355806,0.00876091079698509,0.11740465548315375
0.010221448902047355,0.009329352955043422,0.12646669102552555
0.009891964294298674,0.008778522759880506,0.10915102030640188
0.010288532665503612,0.009142870454573456,0.12567431795706716
0.010328328016173413,0.008757249879155866,0.12309931127178696
0.010044936380729178,0.009051246572831642,0.1338993419119283
0.010330261426663455,0.008883541837437302,0.14371791355052582
0.010233549684509903,0.009040676669877136,0.15910385849575615
0.01021255095334804,0.00940693724732797,0.15050460944084476
0.009767499243949006,0.008815536328909973,0.12938760467742316
0.010181710056774472,0.008933040916717419,0.1098421705192955
0.010176431136549613,0.009294173158555089,0.12680878422041086
0.010062477275724357,0.008830709295316451,0.10863740975872667
0.010021114293764264,0.008757577650072262,0.10863666847223034
0.010501041387757523,0.008882431693539798,0.10864679150307004
0.010274227125197075,0.008827385422293492,0.1364794330998037
0.009702300070187301,0.008872484207091278,0.10862164677513446
0.010127393581886775,0.0089775682585919,0.11157327823098244
0.00992058648508309,0.009122197458939935,0.10894102864170568
0.010140741998918354,0.009021164953272853,0.1094162986712635
0.010373206768613728,0.009437675486933651,0.10928879933850784
0.009713153456726154,0.009101811863003737,0.1525476335799377
0.01013517881338905,0.008884493425643769,0.1141079270581795
0.01011923992922185,0.009059337996491819,0.10879665277399074
0.0101416511378795,0.009095385521091,0.11607843519366626
0.010016758601703396,0.009026436288127193,0.10871548471232516
0.0022355479673048973,0.013878008284224832,0.16494246783456856
0.0023729958214944256,0.013886215241165342,0.20855461311779666
0.0024661392262567998,0.014013193812056833,0.16488814028713883
0.002539832007867383,0.013708123946484883,0.16604395381288525
0.0022891059695583525,0.014252767080677785,0.17988783742692857
0.0024222338872905446,0.013431318113863507,0.16519298386659748
0.0023006828746465176,0.013693873732850154,0.16813075923695814
0.0024257479216399447,0.013678161564184856,0.165346417390503
0.0026896711624694656,0.013671954902183741,0.16487967747336094
0.002558917721874894,0.013645153840617562,0.16497148515146173
0.002564495615397771,0.013596988170378051,0.1650013682307283
0.002571806625490401,0.013843799457078839,0.16492835724456134
0.0023509507956437532,0.013986676850890011,0.16499078933410094
0.0025427750212904635,0.013839733889158204,0.1722121082578632
0.0026112740150647383,0.014132911714082479,0.1649149906103602
0.00223853892973312,0.013824507228815182,0.1648672174799351
0.002769046126412353,0.013722249493433774,0.16486204285092576
0.002763489749591567,0.014089619186978706,0.19454100229793903
0.0024562417624585534,0.013878670661750359,0.18115464703538708
0.0026564384137191467,0.013774428737028006,0.16497688327162818
0.0020270992446396355,0.013977514025795345,0.21481697931863314
0.0025017523137613683,0.013932637717628675,0.18184209641075538
0.0027955951478242968,0.013831886774938717,0.1651293055888885
0.00230998914247468,0.01398513979726438,0.18298811337150295
0.002243381343609332,0.013560131760026404,0.1766321886887122
0.0023765431382138553,0.013782369733622816,0.1981059731106569
0.0025403961872626805,0.013683566763948737,0.16660338765008606
0.002444172234468583,0.014132817974948173,0.16929149831304263
0.0024123308544950458,0.014139799501700053,0.16497036215516506
0.002217606518744496,0.01386920005629699,0.16490840748265656
0.0027589072411402906,0.013804354193764459,0.1918891868198112
0.0002878137683766866,0.006537612458800581,0.016061005582948155
0.00032484759324869996,0.006267871376882191,0.020900079970370314
0.00037999959911073444,0.006038849936523415,0.01562136385254445
0.00021548982157247693,0.005903914926549593,0.015616448717844459
0.00018904369110751522,0.005894713176589385,0.015594158331738365
0.00040921930564298943,0.006340413904650645,0.019860969976229007
0.0004242115061024328,0.00630171520938369,0.026429512886692326
0.0008368241658050792,0.006440561993031114,0.04565423303258682
0.00029177646535089843,0.006437221732057729,0.04799283567792727
0.00035180628351671317,0.006018389150395539,0.015607307823638065
-1.0672832182899612e-07,0.00571879945947876,0.025477251579983623
0.0002634822319720205,0.006060111767182005,0.028943092316110267
0.0005383405812225939,0.006117395496973662,0.01591335314099203
0.0003814499622949758,0.005997658404568387,0.021842852855581546
0.0005999112727681525,0.006332657107709734,0.023503892252114838
0.0005860225838801423,0.006053976559707644,0.01582894304277878
0.0005885761161469732,0.00633995873921499,0.059988497565011165
0.0004408768731596971,0.006194661030247926,0.022840861396043993
0.00034613009625787086,0.006018996182912705,0.017364997330455715
0.0002554676446940552,0.005926962686945385,0.02298453004609902
0.00042022200930762367,0.006346431511743256,0.015585297299250293
0.00014100559476902937,0.0059667141578635475,0.017069048012964078
0.0005002427695595568,0.006334378770255894,0.017371747523975994
0.0004991884030856043,0.006077194730341547,0.04973076150399973
0.0006648953206192361,0.005757180163424055,0.025956901408543127
0.0006689342002903167,0.006421679058279989,0.017445995143127817
0.0004859596653177797,0.006301055480749255,0.021260601754093625
0.0003627457557713087,0.00595621479916805,0.03473272295675024
0.00033576981949353974,0.006103487941470574,0.015734436730876614
0.0003012547660562648,0.006184423363496414,0.03983823859531822
0.0003210401201474795,0.005972664264729935,0.015587523680134089
0.0002862647121911022,0.006317979095132164,0.02268244063334535
0.0005729796210972735,0.006209333688024164,0.018708782510401593
0.0006522308189176935,0.006059517881604359,0.01569761416195881
0.00012261555365868112,0.005893890787038745,0.03187357857169588
0.0005747501725490878,0.006184947406667053,0.016259273255865764
0.0003604631928138425,0.005914290816072505,0.017923725827436836
0.00043918425875902464,0.006286743841045784,0.037080836690757506
0.000527468181314114,0.006122155520906641,0.015635314262344394
0.0005335698775561507,0.006147822071108998,0.022052815753755867
0.00026006967902119597,0.005981563383572993,0.01849098542490955
0.0003064418489948069,0.006238383956101156,0.015752168201635747
0.0002802081567716488,0.006174531536475435,0.02235851314899279
0.0097494038712234,0.0065243456463506145,0.1241804067068874
0.009737546541978793,0.006660466300692176,0.04484317828008566
0.009765420802339669,0.006355664245223074,0.04066345917146641
0.009630487744669068,0.006501098858584918,0.045269233944091665
0.009630348482393943,0.0060361072858328224,0.0545491080978996
0.009767829639729463,0.006540297720563955,0.032006592167910214
0.009861169138140193,0.006750253238979332,0.03195094168434756
0.009841161272029336,0.006628088961801465,0.03235085666573122
0.009711199143066956,0.006163567447256993,0.037287209281155594
0.00994877653830519,0.006430169561372454,0.04652311436231995
0.009738401943211045,0.006106534687860226,0.03202422208933655
0.009640473858431867,0.005971982072567521,0.03330236060570676
0.009970334224577968,0.006172948360554098,0.03409641964631071
0.00955993078642153,0.006020389389002394,0.03342510671365267
0.010044298426128669,0.006292864446284227,0.06636841262753994
0.009373809007913979,0.006345813629025889,0.031979283522906236
0.0098843587122625,0.006227579129071744,0.0343646357216644
0.010165234701664904,0.006779964150674242,0.03204586098450809
0.009895574373846487,0.006426548931362027,0.0322057180367467
0.009874586920059528,0.006888668801810666,0.037334635690561065
0.009844157416591351,0.006497876530211149,0.03200161030544798
0.009533266821999868,0.00653099684288529,0.05667577826703802
0.009540218878508954,0.006056167122121247,0.03214120686872001
0.009348259191313976,0.00641301048716988,0.03198226847812417
0.009418227894423672,0.006353090089901426,0.032655962582865836
0.009826033951110993,0.006389057075159264,0.07670506543448735
0.013997850330971973,0.0019359177478915118,0.018234826159783352
0.01384807127111491,0.001981750395258028,0.01800718469801434
0.013996445990646894,0.002063031050317445,0.019659746191042576
0.01402839300081431,0.002179789590227689,0.02021648460247944
0.014071098708682195,0.0020929300935849447,0.02522877046566942
0.013876205041090705,0.002488468561527477,0.018511347295785102
0.013920138388075116,0.0020647533372449085,0.06699802935755336
0.013524254625236796,0.0020973719251157607,0.029857977815416166
0.014211360056546659,0.00236693183689421,0.03626091191052279
0.014101027794138044,0.0021558688055083354,0.01797378712488104
0.013926593114708318,0.002085175910230194,0.020033770536551115
0.013889222177670737,0.001998100832157722,0.019916401750244034
0.013836336187552409,0.0022592423624253496,0.025369058524352135
0.014130186598861349,0.0019350674911215303,0.017947957326749614
0.013879036439817026,0.0019754967510423756,0.0627843242952702
0.013709509027021139,0.0018726402118393127,0.02672829223578614
0.0141694677634208,0.002153997798498292,0.018004536690696765
0.013870411896333737,0.002096517724736667,0.01834871291931252
0.013960834650588524,0.001959893205291971,0.030437461216035317
0.013761977250595544,0.002207185876591092,0.017968042026979776
0.013727476061006858,0.002100196006956678,0.030142629992563126
0.013533460046968636,0.0018648149492681617,0.02517067571681079
0.013654582972632745,0.0020738141343351196,0.01865284646678133
0.013971614681335906,0.001981054319700298,0.01798559235771518
0.013639350312647038,0.0022174930060460066,0.03918298368954562
0.014121639323127008,0.002351150775857298,0.03123714705306723
0.013973544122523593,0.002017354991081859,0.018909442530526295
0.01388384078133642,0.002190076009411993,0.017992082942077842
0.01396192546482689,0.002475391226151123,0.01794592839713282
0.014032867518673359,0.001732877309229913,0.017969666825918135
0.014483322391583538,0.002180462411084402,0.0180170413954066
0.013700141238421589,0.0020493689505514897,0.017960320787468058
0.01386051469036892,0.002320426559896337,0.0203023286039746
0.013868492607334727,0.0020591866207135827,0.017971588924656917
0.014041207690994593,0.001952789205330015,0.017945843965109648
0.013958207146098103,0.002297322496368112,0.017994441387634758
0.01388632448744881,0.0019110260992882024,0.018583383574899796
0.014208083930874341,0.002335461585994359,0.02045090665763824
0.013975540377018711,0.002289018414291491,0.01799089404854241
0.01394747841631501,0.0020162127262315487,0.01816383657574743
0.013642286267328885,0.0021805863302928373,0.017996443864928997
0.014047355946095734,0.0022219420022891495,0.04368130695884895
0.01383540085535385,0.002087265956431592,0.03798036540212208
0.013704304146897713,0.0019269365573628277,0.02683208446718089
0.0023222761496417828,0.005160644473442013,0.1772657600995761
0.0021137355585036516,0.005002336293202178,0.17701476997720247
0.001951376056233506,0.005313207368194817,0.17707851505156472
0.0021683113960213577,0.005178945291367076,0.18532880410121447
0.0027429639469236785,0.005294308905420675,0.18589171391127668
0.002378235787921115,0.0055545060897616225,0.17696170034441908
0.002304116583404192,0.005717039439003596,0.1970962333970538
0.001880550039599422,0.005521976172165821,0.17696944576084075
0.002266617515158452,0.005395407247170576,0.20072128490062704
0.0022386326462404873,0.005288455518662672,0.20532428163955002
0.0025535697136232476,0.005487918031570415,0.17697251343219927
0.0024764708846323202,0.005028714713038887,0.17756952581595067
0.0018717560396095375,0.005652355321507892,0.17705338810988722
0.0021669609133337727,0.00570741580609176,0.17700854737685234
0.0023861379146081535,0.005532303045001153,0.1770058072036167
0.0024540261952391215,0.005349725993276329,0.1783771122392844
0.0020941885212713445,0.004998775807348077,0.20089306500699006
0.00579062428074616,0.013071346768153382,0.032869354570439345
0.005881688672999645,0.013040216053954732,0.03287887194507084
0.0057556758753989756,0.013156030914854795,0.03867371407333698
0.005607393103739264,0.013091029686072116,0.0330114356576161
0.0052771267969257485,0.013017081082657114,0.04447718385063974
0.006059342768883865,0.013048521428256101,0.03820295891433767
0.005696131341617016,0.013081114428119428,0.03286523281999479
0.005676872372004287,0.013078962195972477,0.03287366567413754
0.005750398140095251,0.012934707738611224,0.03405386062482351
0.005894319141972512,0.013098006455704435,0.06730958151461527
0.005871339378691313,0.013124883823795548,0.10138522850660436
0.005658518140034063,0.012918380270349857,0.03287846158925802
0.006245857946045188,0.01300951856206275,0.032937371752620986
0.0057475881799623285,0.012840295948819719,0.0330589238231437
0.005950323761286179,0.012899872405771505,0.03291318234878696
0.005358424306920519,0.01305415335721001,0.03312335475251198
0.005858975405475542,0.013027323401296503,0.04564552067469287
0.005728478569210598,0.013148326218140336,0.05191135872321318
0.005605910834251498,0.012605974366792378,0.032866092871852014
0.0056540868856996785,0.013309896896238682,0.037439961242818204
0.005733328732094408,0.012967487921520374,0.0329556421543962
0.0059362901396604086,0.012647196907242232,0.0328798998381293
0.005830044014274841,0.013137409163302239,0.032876777201698855
0.005593001200863904,0.012924242354078264,0.03289207445000459
0.005802685014784028,0.013123318692262732,0.04706214429962956
0.005961173964670964,0.012939819125440821,0.05927209623776418
0.0056862268506521485,0.01306520176360721,0.03287368031427273
0.005564091945732792,0.013093291103124575,0.07300900552976367
0.0058170988855769075,0.012580933361781262,0.05318798037637873
0.00563386057268171,0.013245593308381164,0.04831452684859508
0.005916295770451865,0.013104665392401023,0.03293359216196239
0.005716462620589886,0.012509334628739896,0.03290316794420022
0.005406638491615282,0.012971024033143166,0.032877743783926765
0.0060381532109384664,0.012974586604550422,0.032960865015754556
0.005784624084801021,0.012802910196711058,0.032864259534359806
0.005809870252603607,0.013024183963966584,0.032949403487969695
0.011580719848399413,0.0018456014687400412,0.07595919249115637
0.011677810388942491,0.0019000837641136052,0.09346324854565721
0.011707834938658658,0.002124371433104924,0.07351291084326946
0.011475031778307533,0.0020581619063562736,0.06838908982028623
0.011582112282277133,0.0017707433102623494,0.06842078582475501
0.011431370244471694,0.0018854488603500356,0.09490228000154417
0.011404113147062352,0.002227229458439216,0.0684270114693358
0.011364743634160724,0.0021462510438154023,0.06843876368477683
0.011291218007216703,0.0019896593439187836,0.06839155725432458
0.011561559465551902,0.0018671380767224391,0.06898726016516846
0.01139564116864581,0.002033514088761841,0.0792747247864055
0.011350760405966111,0.0021688394381349932,0.06861174263530542
0.011458423025076511,0.0020408312392410804,0.06842596742539563
0.011734719430973681,0.0016726177351631792,0.06867483951227447
0.01156740310415007,0.001903328428425568,0.07193388286928407
0.01140368636243292,0.0019246765040015364,0.0754623051582724
0.011617857495676313,0.0017707163183326004,0.0715060495647264
0.011814875741785172,0.0020638203731142258,0.07655680170885935
0.011457279426055641,0.0019893265069362,0.06837800969489119
0.011045862232509902,0.0017627668874151859,0.07667742741074501
0.011137158853232406,0.0019615782894452745,0.06974598053745398
0.011307205503437523,0.002225995428721805,0.07468991712444951
0.01126874019946184,0.002026167405286022,0.0699259256821064
0.011785322712491518,0.002219412621247647,0.08001629557321158
0.011382566445365342,0.0018053191191141117,0.07110890950305952
0.011227408567111885,0.00209541328999362,0.0696985274108968
0.011464191254165416,0.001871061580709544,0.06848570482829405
0.011367361672525143,0.0016643934479225004,0.06952845396950366
0.01152877579431063,0.0019985855267301484,0.0684943107188081
0.011369171363778649,0.0016071357666719013,0.07272722793287358
0.011630468096985988,0.0019444708549522078,0.0798353509489981
0.011445759462932942,0.0018704759175514913,0.06839383478237923
0.011357463333017443,0.001763038702848757,0.07617743482041917
0.011440658817719308,0.0017307071283629973,0.06874015646874797
0.011574126724021768,0.001732246418367382,0.08196896699601533
0.011288236099483767,0.002010195660844505,0.06905426937509437
0.011169594373412424,0.0020752707471009347,0.06978267860096712
0.011536380587241138,0.0020842151439311725,0.0695204374622825
0.011580123209460422,0.0017445855445811101,0.06921049434086554
0.011661693346322971,0.0016957339467760723,0.08513735468272762
0.011505740186199803,0.002015424653567729,0.10742313440708681
0.011622287196819557,0.0015729085290509797,0.07612984758464456
0.011280220704448661,0.0019669293318322774,0.0683981100439936
0.011747888757531496,0.0019072383012628375,0.06847198073137427
0.011420461729836913,0.002045815422383175,0.09321608702459046
0.011440020971058004,0.0013758769204670301,0.07174298800412719
0.011546191048015913,0.0021815393027798087,0.07903700727380494
0.011776794815529285,0.0017493500027188848,0.06850068604189544
0.011111906510009423,0.0018500667929448689,0.06849489602728243
0.011495702606638077,0.002135047461228114,0.06838804982048834
0.011466103513907925,0.0018840336471077654,0.06838354868842447
0.011670997920892438,0.001814244116489361,0.09591683329060709
0.011551417076797837,0.0019375681217572646,0.06852313809247176
0.011378535223535411,0.001932918343489533,0.0683959122826853
0.011727938385978322,0.001880328781463844,0.06847748819101465
0.00039549157831412373,0.013141978035151563,0.0018989146469815866
1.545588350312707e-05,0.01334002187996947,0.06862000551504237
0.0003302357659021838,0.013397572325225463,0.001001298739173495
0.00022177653115558672,0.013320787133005956,0.0008944748777608535
-0.00015789052135659006,0.013516750253997192,0.032002144043101366
0.0004891113956713548,0.013286017344850683,0.04357297095504364
0.0004735215710480025,0.013361795393123281,0.0009411130551645219
0.00031416908971237175,0.013253250969692326,0.009957240989966264
0.00029288030616613956,0.013695340744455265,0.0008871139410782325
-0.00022040262201969012,0.012958155026199552,0.00793318799889572
9.23416821738206e-05,0.013160846510711163,0.0009422795093452008
0.000517183036541846,0.01348877467524991,0.0012625045142166114
0.00035285899304782176,0.01303790644315293,0.02487215371950733
-3.489807818090647e-05,0.013131341416916452,0.0015430537282597357
0.00011704249942901166,0.013396839885377865,0.052846550733635915
6.592710374755514e-05,0.013175249973846448,0.0035194543894606412
0.00030831838772057366,0.013198577061049176,0.007365765378341415
0.0005026988776099736,0.012974081213909205,0.0008970120997807584
3.723644629012018e-05,0.013409434837832824,0.0008963837108095007
0.0001980057509159533,0.012774057866178709,0.0009632851957269928
0.00023462234380821473,0.013557348139982748,0.011343970314345931
0.0003949907606872476,0.013145024067074091,0.010942167836283012
0.0003923516402237656,0.01315201801117335,0.02147161073121038
0.0002503759559520288,0.0128923620360681,0.0009322778967001732
0.0003132296511668852,0.013329072679801041,0.0009040235423723786
0.0002781483071882495,0.013215383002087197,0.0014142766362473913
0.0002334874030810304,0.013232991948964282,0.004749389869388654
0.0002719092318728896,0.012990352074730952,0.0009960912365476915
0.00020887815689584412,0.013316448730313107,0.023628342249562
0.00013926498632185695,0.013123032862508658,0.014607422447465724
0.00018793012070561166,0.013334467350597219,0.027513551261869787
0.0004537613956461058,0.013361609627882983,0.003202712717598222
0.0004239724561461582,0.013267124827456395,0.008729850892717184
-5.3571634202831126e-05,0.01281012785829055,0.001515053748248485
4.378137916581129e-05,0.013282127658557498,0.000902089141792417
7.69452820117739e-05,0.01321138467513842,0.0012255428908760414
0.0004780418093117612,0.013541182865299234,0.0008990447922197941
0.0001717668810749397,0.013441078718697624,0.0012949263754086116
8.310903629065258e-05,0.013369679068588762,0.015865913906940466
0.00043429836987453514,0.013207755811673183,0.0009263612216434125
0.0003610009371660994,0.013468130962728295,0.0017230149424059316
0.0003609761036742035,0.013502499456864872,0.0018626312882338513
1.0282448550854494e-05,0.013217240603627235,0.000982533702296806
0.00031263822111769903,0.013730766436676466,0.04985428327130151
-7.595024936076124e-06,0.01367296325459249,0.0011411703229036619
0.0001340385513046635,0.01345069928451303,0.021570927309938117
0.00019865456192047503,0.013586127109649088,0.004912065244467201
-4.870636803175086e-05,0.013409808491924713,0.0013643581038212172
0.00041792056775371726,0.013119994512571788,0.022697418078834457
0.00018174793951012243,0.013015721731241967,0.0015378057178103478
3.176136784249672e-05,0.013596287591651468,0.0010576605826352892
0.00013794470964056772,0.013281961651516959,0.0008936885957768092
-0.00011758600296574959,0.013454535293250408,0.0009390607793622108
4.909526437674282e-05,0.01350154433038642,0.0012289525264899792
0.0003196757695789618,0.013500184806097559,0.005017110826696525
-2.4154123717076974e-05,0.013343546222259061,0.010958013363147357
-0.00011665665356844809,0.013724537515570439,0.0014957108997881718
-7.444807427031761e-06,0.013032732001539881,0.05573156351712673
0.00018272138891740403,0.013075528491530998,0.001019272402273752
0.0005003145363474003,0.01307124815506398,0.0008926188379313693
0.014315858390760612,0.007491953482616503,0.034214897142918504
0.013944054332106742,0.007503428487179039,0.004202317546721372
0.013957504653426461,0.007186499271363508,0.003981972519719116
0.014135692058456863,0.007536704074964041,0.013497632074622894
0.014058210468426237,0.007125626214774456,0.0076154362767758155
0.014148302928115851,0.007686797894743111,0.003938028647378814
0.013857565841201009,0.00748510972431278,0.003955954549891487
0.013964753553693835,0.007382345548504124,0.003930584597508428
0.013964040803067767,0.007668572228798718,0.003938632810650515
0.013959619189218451,0.007447613093568393,0.037952083140355586
0.014080085747090656,0.0073116302444010475,0.04413663145447351
0.014093143426929527,0.00722349363105157,0.009514207570707128
0.014240990042974872,0.007181019023490694,0.003912792819308823
0.013910742552826472,0.007153244791296796,0.003927675699314496
0.014290251290676624,0.007296408637878088,0.004197753103295269
0.013997819818165554,0.0073144465599998204,0.005730441087140508
0.014108514958432952,0.0075792100916776415,0.003984501655876165
0.013874795074529154,0.007784732014544184,0.010599756726751512
0.014382363785353966,0.007403444535122038,0.003913602213964899
0.013799572089998657,0.007195071419187869,0.004109342837425515
0.014174019706689144,0.00716723942688172,0.003989587867666837
0.014122501176660689,0.007875061191181278,0.04849598765583683
0.013612389158093331,0.007585813767005532,0.003979399166747303
0.013857751578431289,0.007359079118804541,0.003947237423547382
0.01400305744842282,0.007353216581171877,0.004016293504083772
0.014023370808918146,0.007505183399936526,0.00678997398537116
0.014300781622480474,0.007595814705935178,0.01194807741185118
0.014148251059229466,0.007366655207759403,0.003944867017137814
0.014317851471906628,0.006935103241617865,0.004591010096598684
0.01394176248431409,0.007486669425138662,0.005184974823193382
0.014007080884521602,0.007352687744625127,0.004284687133343083
0.014438844855250313,0.0075947706624587535,0.021447830171524934
0.013866864338740466,0.00730912824227638,0.025310637190540615
0.013911873632033493,0.007690108520402372,0.003933084349382947
0.01382352608988971,0.007324280582652614,0.003910032542525648
0.013802195662873629,0.007295608013118645,0.004185651878131673
0.014193065480458341,0.007422858634221149,0.003995834545658654
0.014215735792770813,0.007309347198495963,0.004096534973536041
0.014110793760856275,0.007236171063227025,0.004923606835014886
0.014305324458121839,0.007504901032422904,0.022183885797863494
0.014126180680329047,0.007331886478552082,0.027460102716675965
0.014229733409962614,0.007396663990895559,0.003911320781363896
0.014504677207793698,0.007643230501848301,0.004033620428911681
0.013917244334295304,0.007609859232661785,0.009378885592875268
0.014380100078202453,0.007436004965340664,0.02667316223448894
0.013960053710969707,0.00789725435758568,0.03143579244942332
0.013884091191249838,0.007076322839118638,0.003919955074423147
0.014051550928922758,0.007424897376022351,0.003921913125194747
0.014284713491144853,0.007339396566478137,0.004668201834035228
0.01431973275821324,0.0074164825596296155,0.004006346455418579
0.013936291129464368,0.007258406750572319,0.004164008980449955
0.014066903785211768,0.007426748377881323,0.007068451436113225
0.01417044888938834,0.007626607182903438,0.003915838285427379
0.013680547691914744,0.0072267125178410605,0.003911611557153897
0.014060029047637807,0.007260579851392705,0.026086850553648937
0.014154250055441556,0.007415206280631975,0.05899193850477747
0.014147569724142729,0.007793303406690133,0.0202965975796446
0.014436195399005806,0.007350297012589744,0.003976399055537087
0.014378123484887838,0.007314118161278963,0.003964042047498965
0.014223933059643408,0.007634626555065195,0.003938628047185537
0.013993473613240204,0.007288340080713257,0.004228307327353247
0.014147760555292889,0.007389944176555304,0.0039593492706994455
0.013998789511129532,0.007646377118486003,0.014709065012925508
0.01406719116128287,0.007806122552240631,0.00435312311511387
0.013850494767028132,0.007493794940467662,0.00897471090217539
0.013936223081730039,0.007356703177882027,0.01190847951951425
0.014253725584786414,0.007930634969588233,0.0040008509813738305
0.013931986254642549,0.0072584740920981295,0.003920852072206186
0.01436262479276343,0.0072416305205293624,0.0039889370324083726
0.01435008861145809,0.007366642195199111,0.0040479992232364025
0.014286715123144405,0.007307552813034566,0.02339994961302466
0.013703658890711798,0.007368511890860558,0.005329418314355676
0.009446467927121992,0.013350220452813597,0.19664348556361966
0.009189858040951382,0.013109905126144279,0.21484933172399373
0.00946108613891414,0.013538999426402715,0.19666623332998823
0.009317260290286634,0.013439570849121202,0.1966424374543264
0.009246094229528549,0.013404279666759021,0.1968776157611079
0.009273188217832429,0.013442744067288579,0.2160915608083827
0.009556515276148928,0.013223156567533765,0.196831123515909
0.009457645260644238,0.01331446198936094,0.26708867941140724
0.0095212259901509,0.013393096905974046,0.21021022649976123
0.009658429923278896,0.013358274056703558,0.19667282993515703
0.009191321021636906,0.0134138054299991,0.1966083635803258
0.009305972523357176,0.013489136797093688,0.20352555335790368
0.009290337338363564,0.013289082813543447,0.1966397805731053
0.00916548382025462,0.013155956662953444,0.1969390815232366
0.009463545472782161,0.013124310298114913,0.19969838789728864
0.009401688704550435,0.013063473065080374,0.19662403258083305
0.009459965915065562,0.013377620847319267,0.19708016122913555
0.009401056698492196,0.013628477680250248,0.1967900554046036
0.009560979517439214,0.013234190768832182,0.20719813271160892
0.009324406178018043,0.013202852737580657,0.19686334712638975
0.009516020940665408,0.012987959061437177,0.1967356924656997
0.008968855777670889,0.01342721774065243,0.2222649950375323
0.00917970769311464,0.013078657071924172,0.19671510122567393
0.009661873835042458,0.013375288782101277,0.19663795745408785
0.009629460747383462,0.013577298276756074,0.19664706131747045
0.00956277241059098,0.01317812138896667,0.19664551042530035
0.009169341532786396,0.013460856273381814,0.24219832870085672
0.008972855143806129,0.013122160514882813,0.1974938643150392
0.009537430032230721,0.013197837186171004,0.21529494369204533
0.009663291914671438,0.013393893883618585,0.24064667892794842
0.009106211790960397,0.013433236468665533,0.20282447514151206
0.009175160166400782,0.01319787332947784,0.1968897602172606
0.009109787789657996,0.013155202743138878,0.20019243748848334
0.008933578428946876,0.013395245642383749,0.2111082388555356
0.00891818644908236,0.013160726023871102,0.19661182663743432
0.00984175838782048,0.01346236771199274,0.20583066633725716
0.009151542518989149,0.013198804758071421,0.19666161711157837
0.009157360942205438,0.01309085955007428,0.19762549949388614
0.008844730601577689,0.013357788824929929,0.20821228405357323
0.008926023326248736,0.013210560804813566,0.2015282831626803
0.009836893414269042,0.013292215063514818,0.19786362542802277
0.009451946187601304,0.013403244193303477,0.19673489532042135
0.009453901246138915,0.013395303834162044,0.215599256996355
0.009207297426056792,0.013515042189207701,0.1968583241915925
0.009514718267860923,0.01313365670103119,0.20495793792032463
0.009176320648367658,0.013286709086492744,0.19995275868632656
0.009090105082549715,0.013694812177008065,0.1966876748267684
0.009199580881642733,0.013135818358795875,0.20998315398642564
0.009540139056941503,0.012914500371361621,0.1966161899958746
0.009507101334542177,0.012997263155278004,0.20787596083264545
0.009506723822821911,0.013209136065738853,0.21192069470715108
0.0028131686069486628,0.008864725025406112,0.11792918256490535
0.0025447786368740202,0.009289968359402196,0.1163971768023867
0.0026285611594656574,0.009358896466838833,0.11637167009928547
0.002352901556642307,0.009205250764796077,0.11642698868248161
0.0025900733212508823,0.009475723181002626,0.1713565238132751
0.0025828275375018197,0.009013989488398443,0.11756045753013528
0.0027821935153261577,0.009583634249996734,0.1429696027605272
0.002672523773690663,0.009116310714881401,0.11636673867108087
0.0027010567739354984,0.009406106775255973,0.11905085386667481
0.002803928880815714,0.009444278408352802,0.12070767774880035
0.0023794321163703087,0.009674701429214345,0.11647511440423765
0.0027136689978843305,0.009555221586213806,0.1376881652025708
0.002700300789274985,0.009738146488127597,0.11723362282117891
0.0025661968349720457,0.00960338183235335,0.11644775748580127
0.0024606497603988572,0.009454071074096312,0.11750198362985698
0.0024958904789670546,0.00941288038526674,0.12307573320620425
0.00250657165345522,0.009156032428382973,0.14957249238895282
0.002648138367781042,0.00979603460530621,0.11644810301270664
0.0025599414005359885,0.009141086712994465,0.11640372529136507
0.0025819117876465965,0.009398315032678971,0.155431309662242
0.0026520057821594603,0.008893852053470859,0.1190653596576761
0.002679688879153922,0.00927183018258641,0.13864284422820908
0.0021787479764914285,0.009189640850302916,0.1390475033752665
0.002278306336322064,0.009499266574976446,0.11654661962315307
0.0024631456111866793,0.009292520069238716,0.13419437215165655
0.0025981833894907626,0.009309147768955134,0.11636652804542598
0.0025220444227298344,0.009424544565605368,0.1325188997488037
0.012998208967745041,0.00013752649560398945,0.008841430125090519
0.013179587956753927,0.00027443129995728124,0.014058118636413616
0.013215864748914478,0.00019968331335330433,0.009083473479444612
0.013157284496325793,0.0005743920884557713,0.008873261465926272
0.013137371153834915,0.00032018403060576146,0.008990544927643203
0.012901329000503375,0.0007812069199055539,0.008835029881788466
0.012856684879010379,0.000429322221158966,0.008864489730109068
0.01259769536715124,-1.6124996577340572e-05,0.07372784658060892
0.012696923681633767,0.0003704535535649622,0.008886320006174805
0.013130292790084208,0.0004923939191768301,0.00926596318917717
0.01300289834074102,0.00024021748593128982,0.008878566040344335
0.013324946291694657,0.0005369144904403377,0.020365798829667055
0.012834718346398172,0.0004733099939175174,0.01692108480564903
0.012814218057068966,0.0005396862407484474,0.009575144680976052
0.013110894369645071,0.0006715086877146787,0.04604583856900131
0.013014509726130526,0.0008016488131935579,0.021532631998994523
0.012920738523705585,0.00046299887852674273,0.020709456205713114
0.013081797286544664,0.001179812420734436,0.008861971587590863
0.013173939905106102,0.0004375961835922055,0.015603826169396737
0.013018233163331871,0.0004424216773386956,0.029445287532443576
0.012734092916980772,0.00030893610181748375,0.008838729331622072
0.012790256806780973,0.00042230786393499854,0.01970656389342148
0.012977280602718428,0.00018471846646017068,0.019959376583161
0.012415074340429164,0.0005178232784844586,0.008841207966887473
0.012829684966577201,0.0008019259455796383,0.028036158565875137
0.012620237674828555,0.000542170856829359,0.03400615108552597
0.012701184531244388,0.0005155278832608679,0.010804766751155345
0.01286984469684317,0.0006063143801704324,0.03662497710857636
0.012964763467414826,0.00017892993231413115,0.013723819797243627
0.01292798289707079,0.00035800553576084357,0.00887696911948896
0.013119225015984462,0.0007029379970049229,0.008873126989354838
0.013082985975324113,0.0004502191979630714,0.02543424562057612
0.013175830737547066,0.00036271985909760627,0.008970817418252794
0.012705947915295928,0.0006718818239174781,0.03179991238564606
0.012999581893898132,0.0003128761673699002,0.029528256813730135
0.01347914495021015,0.0003602409171813352,0.008888823566085965
0.012988448223305735,0.00046949376153113673,0.00884291376531364
0.012982766846444954,0.0007931907284557547,0.016057585533636228
0.013063571935383501,0.000510183757210364,0.010701432613549274
0.012682190518115522,0.0003977847396304491,0.035878936748013575
0.013017896132054013,0.00036702429156206407,0.00933087036174904
0.013089494889867678,0.0005033365436933156,0.02852517797834768
0.013156992101805568,0.0004306658689073952,0.009475764747735012
0.01291572919697254,0.00043838617160872834,0.008851142870911096
0.012938416637169471,0.0006888357837889622,0.008988385003667361
0.012716977330205539,0.0004356030754763344,0.008961373579947859
0.013222161717032601,0.0006852724732440784,0.012014671440136113
0.01299759792835055,0.0008764894266213368,0.01905465867749795
0.012898101488958473,0.0006701280718143781,0.009007348723812167
0.013699054523918983,0.0001748560760607008,0.008996784486497086
0.012786777241352394,0.0007902727833545042,0.008839588484829327
0.012997312583183158,0.0006249534132985492,0.07221009982095244
0.012805028262461982,0.0004781305468981597,0.008840819847626899
0.012698136333262696,0.0003722774487856609,0.008845564567233353
0.012788019534435017,0.0007161921628001885,0.008892239476526228
0.012833091153564045,0.0003241401591660287,0.017890198875962278
0.013108684578644633,0.0005274871107003604,0.008901147771086434
0.012672773300853275,0.0009024564563867895,0.022179361239041438
0.01269187594810029,0.00048504073802691357,0.009311951537255466
0.013787334545469815,0.004685999868270213,0.17287472601264595
0.013832276587376425,0.004988198564425644,0.1677679050356145
0.013677091746635513,0.004889596123465953,0.1715733320457766
0.013627603432790113,0.004781847537639787,0.19544789232469878
0.013549192314628363,0.00460422955831504,0.1838553912790306
0.013580162342377864,0.005402685301103369,0.23200457579052158
0.014003270500054723,0.004971971463682726,0.16740192697397394
0.0138260307994272,0.004920638009360263,0.16817815213811907
0.013948643164508416,0.004875146009652024,0.1846669347240974
0.013438177263086448,0.004727656749243265,0.1813780193267106
0.013312306233204084,0.004921882707747931,0.16738939822051666
0.013460972505780903,0.004503710119579642,0.24491049817931784
0.013639380826366511,0.005042976795955888,0.16967217209447744
0.013865324107848088,0.004426085804536402,0.167425040284088
0.014392538295631587,0.005133861230273146,0.21193794534769173
0.01360988742760233,0.005126581755403609,0.1674277866691485
0.013739638050838531,0.005176272784950912,0.16740416448546183
0.013940948488096003,0.004680798242905762,0.16893370887850384
0.014072349906207721,0.0049449808698236826,0.18155026401766022
0.013526926178012058,0.005261212362094121,0.1957913493760235
0.014058353088874778,0.00493263122302905,0.18309738029878286
0.013832092959979825,0.005082709039656938,0.16999597671345107
0.013667392205854534,0.004908144606594545,0.16741054244044826
0.01403827056529707,0.004812399139736055,0.16739778434239358
0.013448313812284222,0.005300675753487373,0.16738978345067762
0.014009680924797811,0.0052876580163999255,0.16738534326091897
0.013488311720335636,0.004758875815646852,0.18939747909367613
0.013764524821953781,0.004828173831484283,0.20657331466429985
0.014055212510468236,0.004958414990557181,0.16784649705365462
0.014022515793367855,0.0050757364094151354,0.16749931894464576
0.013683273309948847,0.0047816526923517245,0.17239088864785274
0.013945683858623652,0.004705484417287753,0.16766674636927048
0.01358868222054426,0.004855387263858622,0.1901995399343292
0.014048574333463846,0.0049172444841855175,0.17599851412067277
0.013657246127478767,0.0049042919558883475,0.1674799504357501
0.013642323315605838,0.004951215242876735,0.2582444584520462
0.01433667916985196,0.004706817070079851,0.18858312950541042
0.014065966182219435,0.004998274412692568,0.18704180587781807
0.010931186841905829,0.008609780358482191,0.16664721793119122
0.011266617499891449,0.0088030931107903,0.16862019149776505
0.011107844237077755,0.008601800812879794,0.1698594052700869
0.011263187161910644,0.008483039271432688,0.16665925060509879
0.011102073050623397,0.008789304596819519,0.1666761955676744
0.01111396073233349,0.008607797071104093,0.2071937821235071
0.011316649123510516,0.008590626444194994,0.18068629367717473
0.01115598363761635,0.0086755502297658,0.1986825617616903
0.011475089891048396,0.008648484789261234,0.18491563143767664
0.010916708715584497,0.008645384787581806,0.1709637133182489
0.01110475903380902,0.008933283237089213,0.17541056206639316
0.011255599316662888,0.008734475232109563,0.1775809555925163
0.011049033669249083,0.008535158070297113,0.18643897425994324
0.011280594930617126,0.008618976072920611,0.1671982756220589
0.011674978635477892,0.008699574564197997,0.1667087472202602
0.010933983809008624,0.008532629933129992,0.16682259412963107
0.011336820465372283,0.008455999208006356,0.17556883956709285
0.011382783448718094,0.00895387165878561,0.16676163502352942
0.011012488850757467,0.008727894908846604,0.1667263793891086
0.011229553720194544,0.008682353886692853,0.197662157393782
0.011107234124780032,0.009077421407218273,0.16712408429961775
0.011169042041898398,0.008775859104957762,0.16670253509781555
0.011037170541977157,0.008884770475810164,0.17706091553019612
0.011069595590632867,0.0085266551027703,0.2171248815985747
0.011084671306059045,0.009326731440425931,0.16672627775162466
0.011105087312685636,0.008346640199837699,0.16665310106003453
0.010781281988583342,0.008637460516406082,0.17265873876508012
0.010662745541394082,0.008465646055853654,0.16667451811606498
0.011334522812863946,0.00877712577774073,0.1740285440294875
0.011079274937098718,0.009019759145812541,0.18271555987571017
0.011069731200577793,0.009081097667888212,0.16688247098047812
0.011352250377762581,0.008603188011734545,0.1668175313809181
0.011404663433255096,0.008754144347651243,0.16669217728554292
0.011275714979356272,0.008801211892356412,0.19279744534096302
0.011396366793061139,0.008778945486469424,0.16666441209753546
0.002340948763757642,0.012403365390496279,0.17175359471473373
0.0024293039569019638,0.012064081483871619,0.15983280954802428
0.0027745107458140568,0.011757851175837143,0.15991602241456807
0.0023297224212884215,0.01202756442199437,0.15984678636238875
0.0023503615971949567,0.012075306027418117,0.1719107748326034
0.0023906033631867327,0.011861291262593679,0.16030437981149284
0.002772522976825183,0.012059421690467252,0.16050256183343425
0.002295996753071445,0.011790435234098076,0.16008726709243742
0.002532379428676356,0.011711068721335836,0.16796100626882593
0.002293487044396071,0.012062374072306961,0.16015814297579634
0.00294521794894524,0.01166056285662493,0.15981411177772764
0.002548074944414253,0.011958748507025378,0.15981175185667573
0.0021878156053451348,0.012028969412456104,0.1690975193125244
0.0024531313146024815,0.012252638545711628,0.1598014215185124
0.0028452181008157347,0.012306885702775331,0.15984877431012479
0.0024326346816876078,0.012215051062848942,0.15985738184067208
0.002615238554210017,0.011733710407852933,0.16326581186313954
0.002770034934460829,0.012110988789765038,0.16062024391673457
0.0029481196883569946,0.012115654372950828,0.15984745037173026
0.00228892592198794,0.011656954180492353,0.1609846557054414
0.002778360945042804,0.01226656455769963,0.1600862431100218
0.00298864764046016,0.012307002257732718,0.16046550715866312
0.002500932492039035,0.012157470080821988,0.19545174255594852
0.0023817060692291163,0.01208138908004432,0.15982598646274315
0.002755618553654874,0.011634500870199757,0.1836788237389459
0.003071601889989968,0.012233472116221986,0.1706150174645243
0.002859296341965252,0.01166456926027425,0.15984914890217447
0.0025746349771289838,0.012169645854170382,0.15980632792813287
0.0026333041842306155,0.012016046160285817,0.15980043676872402
0.002414675896957048,0.01185231535428345,0.1759943907887941
0.0024441453255974652,0.011832700108453461,0.17774189300040127
0.0024466900876519357,0.011931069435095157,0.15992212022551033
0.002670476354847193,0.012065565604652608,0.1612681590606992
0.0024654242350714913,0.012010018212726422,0.16065285632076615
0.0024587107660036358,0.012474633866372846,0.1619073022265121
0.002513499762560936,0.012348515876866428,0.19518247014657392
0.006603821980252926,0.0018148699535345204,0.16385186547464833
0.006866714979528485,0.0018605416314201961,0.16385111550995551
0.006783089306847638,0.0016347657930143023,0.1638956778289109
0.006901418955225432,0.0016948678198057308,0.18086150675962104
0.006768093783865518,0.0018672877824789007,0.16397330299045015
0.006827449844928206,0.0017604526498070567,0.20698524489316128
0.00663803533942009,0.0022783913784607127,0.16703395389359624
0.006926364490671654,0.0018875531552722759,0.1704298550047333
0.006494699276442662,0.002021329729062684,0.17061203048688742
0.00657958682042129,0.0014819198721458282,0.16550515564947413
0.006885960837082091,0.001896477264915731,0.16390725977505496
0.006798438227208019,0.00215621272509029,0.16957157925428964
0.006746125072228817,0.0019131057983014872,0.1693401401074865
0.006640408449173827,0.0019088101072761618,0.1654106943109574
0.006454641566826409,0.001742635676257632,0.16387864367659372
0.0064189611878932035,0.0014783247463084016,0.1639980268705178
0.0070257280496816565,0.0012685177894140014,0.18553109188851966
0.006954123748703853,0.0017122759305810455,0.17520670982482756
0.006455591518381407,0.0016619655165136464,0.2024441221664769
0.006814612834713738,0.002056608575146808,0.1639407884127307
0.00646246407838117,0.0018110721012208632,0.1638754229300077
0.00673692002717452,0.0017308551622846468,0.1638509595770392
0.006898392747472725,0.0014524983806936324,0.19110922528933932
0.006570141868872677,0.0016626145664738305,0.16405902048023613
0.006731480852180666,0.0020840580928871014,0.16396289356178811
0.006522217268755123,0.0016492466593439488,0.1735380257590753
0.006345895347229254,0.001806358626283731,0.1638496573975032
0.006594231635615857,0.001420039842170265,0.16402188168197268
0.006650595449932937,0.0020338008970704822,0.2115929466596316
0.006684638496810644,0.001561228186035396,0.16389865579959456
0.006923697355266272,0.0019181188433208805,0.17944143839565407
0.00713041100551289,0.0018759044139696418,0.16385377151543845
0.006462955658776476,0.00157287338894807,0.16426935849329385
0.0018000555803962502,0.002805524703679444,0.1521861491313697
0.0016206175636609582,0.002527204955674483,0.1562700068034463
0.0016768753915096142,0.0029344337597777288,0.1520542292109324
0.0014918364453954736,0.0028658317895283716,0.15249494052813267
0.0017220983974893056,0.0029056716635007594,0.1525365455209878
0.001327990237374017,0.002907088064211035,0.19385768546221022
0.0016530299015679168,0.0028313725556043043,0.18307707029230622
0.0016934645477172119,0.0029080460997932102,0.15703075727509605
0.0014737620907908746,0.002731004054885566,0.15219924804224474
0.001709042038037336,0.002657602191507412,0.15204832665994697
0.0015557508977586192,0.003066759794617661,0.15212257682423425
0.0016700927091170287,0.0028734396789167334,0.152333507798383
0.0011652196917629175,0.0027721878070248794,0.16687169598624757
0.0015038129703708054,0.0029632694774448637,0.1687079124340026
0.0012434001541239978,0.002803872961506849,0.15339518076484585
0.001782588165198483,0.0032117457900360208,0.152038858739042
0.002004677229973655,0.0030191158717667644,0.1544757940400964
0.00168254515184155,0.0028403253007462676,0.18430110540437067
0.001928834726777318,0.003071287533556689,0.17089154066152007
0.0015636126728613428,0.002864612501088382,0.16358874976343304
0.0016648918784205337,0.0029604727550084447,0.1520554325480001
0.001488208960153425,0.0029445389464270643,0.1601678249869407
0.001696974514427716,0.0027479649376479735,0.16258171127127174
0.0015513003684017293,0.0028369594311301078,0.16434641226278715
0.0016416676659575806,0.002660468278397934,0.1520670298000739
0.0014059085246535315,0.003308191611587812,0.1521752028850484
0.002037826638241528,0.0028233603159293972,0.15234235564555132
0.0014769296701752006,0.0028306039556147363,0.1520719464372792
0.0019206468011487513,0.002370355185379906,0.15245752578904354
0.0016510521613963861,0.0027662231528425103,0.155088662312107
0.0016326336754220287,0.0029318079560894483,0.1521670865968081
0.0019194453074008466,0.002786361450336456,0.1525920648030538
0.001959758959713131,0.003162831373590425,0.17839977996166584
0.001701975717179227,0.002690240587916149,0.1624111365194526
0.0009808773843229584,0.002715780685884878,0.15204403730335295
0.001199240285540078,0.003027461301557039,0.15241153416084532
0.001773844597745124,0.0028832506803996,0.1841268245769824
0.0017849837109691726,0.0031538247472004347,0.15367493690345177
0.0015122957689546748,0.00278825955366002,0.1524542032368446
0.00163583500730933,0.0030276736024650768,0.15814599901884918
0.0015393259403386325,0.002811959818658659,0.15208553488136808
0.0016148783143666904,0.0028024343415312134,0.15407055526717844
0.0020609596043908995,0.0031520261403029503,0.15205587839497584
0.0016104748026398463,0.0027019343642221325,0.20807019804756635
0.002053213916544655,0.003074148863325701,0.15247796963102508
0.0009144295456190517,0.0027945241443659494,0.15208027050762002
0.0017160013385348735,0.003141929687276776,0.1829948079085546
0.0018193620188947763,0.0033347352725778315,0.1738914264430042
0.0017700726292515278,0.003078312716342989,0.16276768675157213
0.0016040994788118928,0.0032217358961167024,0.1531083225454866
0.002177479571099404,0.002871012814917562,0.15215417033237458
0.001469557708435476,0.00294094758243041,0.15205654994173867
0.0015501307093465447,0.002747079600971931,0.17941118085409447
0.0014829787536839996,0.003287052609855662,0.15215220328254378
0.0018625495192130625,0.0027540211948018515,0.15999422990425297
0.00153725217139421,0.0032173174023366787,0.15209236509310886
0.002254960755327065,0.0028048855630930297,0.15915998484586058
0.0014607502456603222,0.0025280796296504003,0.15236728403269542
0.0015413887858612104,0.00298747440912078,0.1520728824436058
0.0018916088070902671,0.0032827715211231,0.17816616929745926
0.0016954151687177538,0.002868834699687344,0.1770311038963488
0.0017053188336909253,0.0031640564933931407,0.15220575506988476
0.0016015471860096524,0.0030406921326838958,0.15447588016104793
0.0013765197960846117,0.0028960926377043,0.1867924037454601
0.002308463057668234,0.0027681724669748973,0.16700413826269042
0.0018055157178546942,0.0029948173738356563,0.1521950791406855
0.0018019706126123868,0.002991531369191093,0.15212672244444927
0.0016794325983015054,0.0033813428145482356,0.15262790895396697
0.0014378973979268257,0.0028852545085446745,0.15205472976609047
0.0017319766332863568,0.00282598667596825,0.17092348775799018
0.0017983675152746907,0.002832426324663335,0.1521498903739006
0.0014332514936673565,0.002606719722473063,0.16352872435885746
0.001618392129569398,0.0026721848103661273,0.15263709591273075
0.0016241997808118087,0.0030160098403916504,0.15205206156599774
0.001435520739750515,0.0031875331490898414,0.16310628012738454
0.0012936277225274614,0.00311667755198829,0.15354291274893386
0.0013666546577028734,0.0030012118801297305,0.1520419509301766
0.0013295109872818866,0.00277412919565058,0.17470128551262376
0.0017539955267671034,0.003172234787273106,0.1693214008439033
0.00171741858147811,0.0030370854915826783,0.18947873853127384
0.001567974795332864,0.003069216861436175,0.15209264714849405
0.0017175318370896144,0.0028641184494858835,0.1541698761922826
0.0015495418285462325,0.003053310119933361,0.15272010961052448
0.0017610802600006282,0.003086906568626311,0.15206365978240244
0.002064310573469395,0.0027973114702298167,0.1521020460568316
0.0016338309830393808,0.0028561984081479407,0.1713366550022068
0.001269258657436967,0.002916076007867579,0.1751371050479001
0.0016235939687046209,0.003342237074202347,0.15204229227333632
0.0014220615622258816,0.0027703646170112372,0.16226169158070505
0.0025486137952627987,0.0035073128068663106,0.0727493053369968
0.002402057481334926,0.00369035611599976,0.08153644201472648
0.0024890343743588497,0.003815179472532456,0.0805826675830142
0.002762014545975763,0.003528576592743528,0.07270862518695173
0.00260717345254221,0.0036968438860080217,0.12480727100707845
0.002733113655303466,0.0036559458617022107,0.08454264883268756
0.002643346843255146,0.003969314389332785,0.09293272097067737
0.0028772396357145727,0.004247111867208864,0.07279756974808721
0.0029794872851837254,0.0035586163305157794,0.07272357055372071
0.0028300541270035898,0.003755881974556389,0.09516013072691293
0.002766663707339172,0.004222500697612029,0.07274353760866764
0.0027357715710172423,0.004004081221833344,0.07271084495156774
0.002549032576005443,0.0036585494298256517,0.0995568678853225
0.00287719571918303,0.003693720184864209,0.11167242307345063
0.0031014394331047718,0.003974697223575067,0.0900417445641837
0.0029345974693719083,0.00395001043010859,0.0740698099412086
0.0026538440831490808,0.0036369131168315963,0.07275749685126295
0.0027668583330523844,0.004133102992664174,0.07302666244926546
0.002889708494823904,0.003449802324223593,0.07277440131728362
0.002825718970699398,0.003956044958578188,0.0727114727463979
0.002755803285145793,0.0037959273262436646,0.07277458008975958
0.0027882974763296436,0.0037317270481982425,0.09808178710630666
0.0026613054784403955,0.003998989725990972,0.11625801807244451
0.0026799520355949504,0.0037495901107024434,0.08704834085896361
0.002705983401818756,0.0035527721074279286,0.10299574625641851
0.0030319562854464756,0.0036582017559563034,0.07339625330488253
0.0030524935394313866,0.0036330650344189547,0.07360412313465872
0.002707616595202078,0.003610339074671077,0.10931477420143465
0.002915494899189633,0.0035030655782624554,0.07741230089472412
0.0030051849683760644,0.003722860379704048,0.08804750458660124
0.0026132937787969332,0.004232727462198928,0.07290874860552764
0.0027371467417865595,0.0036358333793795167,0.0788746231926615
0.0027314561616464915,0.003917633662167964,0.08003377916947152
0.0029516849768781426,0.003646004057519934,0.07270502948078847
0.0025081058668086167,0.0034621586164548016,0.0962981712147339
0.00975009462345177,0.0040062564503629125,0.15894684709409307
0.009765066733647628,0.004085515628729043,0.15207813771758308
0.009631460818296713,0.004207357684672954,0.14944665341342012
0.0101264924966799,0.004480359015719941,0.1573417780189879
0.009729937001001708,0.004134811830131401,0.1658656671288946
0.00959584584618198,0.0042346065905227775,0.14544447745771585
0.009790891260161777,0.004027260306704294,0.15402229897824263
0.009474769005832735,0.004141503665822926,0.19726946634859546
0.009787545859493237,0.003941289884797243,0.14767626698746517
0.009653297650798635,0.004071578578239906,0.1531874476030018
0.009534867151986412,0.0038807375745690134,0.14527519454663107
0.009806277724867245,0.0041790151043454606,0.1568504461424298
0.009510527626752308,0.004051591244031871,0.15052496224703435
0.00987422007227531,0.00414976728509152,0.1452421164048104
0.009858782512236154,0.004176877708378054,0.14677642464669138
0.01016009917553675,0.004025486495390257,0.1532114829015272
0.009890079490987769,0.004395365329292441,0.16626191119381428
0.009703624847688153,0.004070025409441585,0.14816289533353488
0.009898346106264583,0.004291582002251186,0.15041870773264193
0.009429359628164028,0.004370338082215138,0.15779928185606304
0.009819685247655625,0.00443072445667366,0.16572212068870865
0.009884322895881288,0.00431929779120618,0.14519219507920497
0.00943598666786945,0.004112842923186244,0.15334507686878704
0.0098441513009176,0.004034112962118047,0.14520338372475794
0.009754461190150138,0.004243627568421704,0.15770065071051234
0.009968237814341361,0.004466138302318078,0.1452203371104316
0.009856073017727115,0.004369381310574981,0.14526265330961913
0.009856299124070695,0.0045166771240773744,0.14534844808033362
0.009843769155354648,0.0040743853077938414,0.14522173361174903
0.010042541556378922,0.003949430114601713,0.15537670974811493
0.01011994439548435,0.004348841336765016,0.15163763924329782
0.009714061545224138,0.004158448086301738,0.1630216948334136
0.009732334364685255,0.0038334092229552145,0.14525317541086558
0.009584787278764844,0.003922690448469725,0.16526628211819072
0.002668768926810558,0.005435249928517594,0.03642947130384251
0.0025148957136113333,0.00509500517900245,0.03631394651883944
0.0023807870081934707,0.005561121101800604,0.036252133137878166
0.0026681938424409374,0.0051556593419201345,0.037410440224402555
0.0025002015449112924,0.0053674657815932884,0.036293051873801226
0.002594384911457331,0.005406090111567978,0.03693655100961191
0.0022921091393934725,0.005319419628877808,0.049427757344406825
0.0026141222011974658,0.005486704664767608,0.04220269766679889
0.002457953007492031,0.0049728435528581935,0.03626265184553619
0.00245264392021478,0.005166152876713741,0.03624846600645974
0.002377486554672135,0.005264853659604756,0.03627887801345073
0.002212984173084527,0.005353545450105186,0.045327245282509115
0.002301190098024872,0.005105984852029799,0.03634086136081848
0.002366991710073125,0.005212039014036325,0.036251768696503164
0.0021006913240314558,0.004826466012831241,0.03681651322823619
0.002356624071819419,0.005362991788124346,0.036256451733011015
0.0025476944687864832,0.005483458527210572,0.03626070506116309
0.0025975757544050913,0.005366012716129105,0.03627568322359454
0.0022743989689673035,0.00547012055460142,0.04415637500035134
0.0025025423038808436,0.005081810833903732,0.03625421351353635
0.0023266320825432417,0.00497771848088026,0.036246353332062636
0.0024395783512911554,0.005245596145115013,0.06123054498676145
0.0022874613685010562,0.005731442431300192,0.036385297735862396
0.002211328344794751,0.005433648584252478,0.04026719459709432
0.0027459297747389547,0.005206662923260837,0.03625280596445895
0.0026526491475544712,0.005268026936436509,0.053953685255707706
0.0025142479686725027,0.005211200231130124,0.03633486318104859
0.0025021105244378726,0.005281187609330155,0.036469535530157124
0.0022778661150354945,0.005545136053072767,0.06656222286994413
0.002317633602704829,0.005443010322580269,0.03632553551570484
0.0020794671830373784,0.005455488352132351,0.03631455479856874
0.002613219703019994,0.005398904688403428,0.03629712811477419
0.0018772380977440462,0.005511693138317998,0.03625620090382591
0.002032854157535637,0.005510236621146317,0.03759240028613789
0.00263237524079741,0.005437480180420833,0.03636683300649569
0.0023162449540768634,0.005129531735712817,0.03869386402059995
0.002833035819923174,0.005352054562916255,0.036243861879328015
0.0020543106686246237,0.005310548355850034,0.0364677820870487
0.0023774889854497154,0.0054484973920595715,0.04415573147244198
0.0022882955083943822,0.005450068277805989,0.04590357406303885
0.00245389500619292,0.005513735761415069,0.04542003300224857
0.0025353413004388973,0.0049591923953260664,0.0685750221415927
0.002992845158033779,0.0054569087699058005,0.04789610370859931
0.002658717636845851,0.00532997519258777,0.03973949487597162
0.002619336071882856,0.005437356553527354,0.03624568856373721
0.002433108318382669,0.005305757671864654,0.04756776369359506
0.0020650377903593644,0.00521426036965333,0.03625200308808695
0.002769552387788746,0.004917044770632052,0.03624929512912646
0.0023773324781792365,0.005212397506435699,0.03636961742553875
0.002374738091741608,0.0052907054479599345,0.03747531829271858
0.0026707551409420978,0.005627540589703748,0.07547282935561833
0.0020115969991107434,0.005420800591516262,0.059986706784609115
0.0027218191382977165,0.0053935730089217345,0.037069575076744195
0.0021791864897804034,0.005331564955302641,0.036258497964793364
0.0021370453231090995,0.005449591213247836,0.03624432686642086
0.002397474215550865,0.005330989162934775,0.036254200731438466
0.002471585360267762,0.004951439430498844,0.03656082954595527
0.002525831663463367,0.005126981321831902,0.036379943422939556
0.0023003894818745805,0.0055173791950495574,0.05765089867002194
0.0022210561551660574,0.00455561993457326,0.03755275928163895
0.0027816208254634253,0.005219026077355719,0.03651709569409568
0.002313350895968845,0.004995512220175387,0.0381621764807774
0.002006460211427576,0.005212746741300161,0.04016524973644287
0.0025900000067432013,0.0052380029639093615,0.036432504437301054
0.002430718275036333,0.005158716879338925,0.03625449075344007
0.002916225860218156,0.005027146703249336,0.03635567027111783
0.0024945435423865767,0.005235344185980986,0.047919246738400284
0.0030905921289461633,0.00500577969719804,0.03642809670587722
0.011278595480459324,0.012900069926732228,0.038133698010321175
0.011644123903163415,0.012970815163763074,0.03826104808738078
0.011438014904104125,0.012619528605853856,0.0633318931592868
0.011636525096862247,0.012964942468444226,0.06836407439962738
0.011538553900424764,0.013273786157607801,0.03813832787064554
0.011600208522885121,0.012952911276204073,0.03812750212514611
0.011551447360855054,0.01270386974711801,0.0381643678897343
0.01211043895244196,0.012558142108035129,0.03812141985829938
0.011550719899038869,0.012340517411035843,0.04025786631708217
0.011653779515739593,0.01252712045239637,0.03814613750270516
0.011631643988842222,0.01314193894491973,0.03826312409623711
0.011301982812255536,0.012887016994350008,0.04644370716894178
0.011734370053422264,0.01280875085752017,0.0381304387796249
0.011346132296181938,0.01279773557211586,0.04022499255449343
0.011298678969214151,0.013010534999640116,0.09528256755949344
0.011876575270344103,0.013286123394894007,0.03816331182688887
0.011211371109955253,0.012511033039311571,0.03814737508205408
0.011339664028587972,0.01286491904410448,0.03812389585666581
0.01137932455754286,0.012848404353113307,0.03814328732147981
0.011443586418510924,0.012445347057659147,0.03843848879149925
0.011638336788960769,0.01295595817314275,0.03817293712282671
0.01146096281522348,0.013067017011299384,0.04210859177452845
0.011710867591251053,0.012614377257342834,0.045178797991988665
0.011083912881982096,0.013083928174713674,0.03816115154013177
0.01138443782726755,0.01300920465641455,0.03813009537290723
0.011341627172108945,0.012935913464333178,0.03813652678489745
0.011103403506062611,0.012614513968802215,0.03823678453355559
0.011467939286873523,0.012322574150033658,0.0652299920786163
0.01170936682129388,0.013126261370124365,0.038132427387100674
0.011147848586550853,0.012789617155868765,0.060190847477873545
0.011632942018854458,0.012692196337883743,0.04376764007957887
0.011106174416507924,0.012923422453622194,0.0511325119025654
0.011335300842503716,0.013006660464786454,0.038784606462375706
0.011536797827444002,0.012614918633298952,0.06846753985679674
0.011419762018106704,0.013268307699907455,0.05950357473237777
0.011331728869725794,0.012952113560285168,0.05821373945647798
0.010985420006194511,0.012391612831345931,0.060661574970500565
0.011307925595938656,0.012713174967214134,0.09779048524623193
0.011319507482443316,0.012891760595499626,0.08200436725277695
0.011531479859615498,0.013051295245450198,0.03814047490750543
0.011796600276133225,0.012971737011553554,0.0638803976217895
0.011220648050431145,0.012983121311796283,0.03816440954047412
0.01152407025139614,0.01252272371027141,0.05463112602360699
0.011335865383750773,0.013089857274624176,0.039205838437658715
0.011690666451024732,0.012943571244660865,0.03816386682813533
0.011604918965486042,0.012703463993755229,0.038126418340188484
0.011678852037137965,0.01257003770145901,0.038215443893669765
0.011509467635253727,0.01316586456368227,0.03812657962431323
0.012459029729517217,0.005301674463947083,0.12336247579674366
0.011790012911948766,0.00494414456353221,0.1977898594199154
0.012263886186848932,0.005158043180389244,0.12334842318402901
0.011966714447898687,0.004985290797195519,0.12364032261433779
0.0123330055611031,0.005236057489831293,0.199336194010866
0.011653278423376424,0.005689802043316926,0.1373152034283119
0.011940062215222907,0.005073008375199767,0.1894415279076605
0.01224207492892082,0.005239474515099123,0.125660940492089
0.011796974250347354,0.005041551869408737,0.12588198338548173
0.01199819652759121,0.005084249154373832,0.12380282710730582
0.012368653139202485,0.005009406741663437,0.1409465454201435
0.011923395765735284,0.005313234694299288,0.12723995944346886
0.011964064787411166,0.00536077667872569,0.12349204284411087
0.012008557676255336,0.005461836175789978,0.13194875278140353
0.011874229530254094,0.005077350379544781,0.1251694762512134
0.012139945075387447,0.0052862481303780785,0.12628297655229923
0.011963109829130208,0.005248702056636055,0.12354676078881037
0.01163851397287321,0.005436187347216139,0.12955290976192266
0.011727109253862562,0.005141924937124403,0.14925587512296673
0.012439676882062734,0.005031883032155382,0.15040368430997725
0.012171675436091801,0.005171567313602093,0.13448526251768164
0.012065997448304116,0.004993829544100177,0.12334136452025471
0.011778252217863753,0.0053878677788061664,0.14731745133236945
0.011983887879872975,0.005446850642936123,0.12825438808519965
0.011982897134892034,0.005378451180150665,0.1463246125262789
0.012056098085203505,0.00542585286455503,0.12537392356345797
0.011979138296676675,0.005181697733018364,0.12346381210823924
0.012002138822039042,0.005511726858429663,0.12373456187521926
0.012073426225289844,0.0051603192277936685,0.12334392397617601
0.011768559511668712,0.005459313394941595,0.12351911856997529
0.011684100144338584,0.005070027661111184,0.124225219508469
0.011775178263387623,0.005155567102736007,0.1236686617020258
0.011688243463726728,0.005386254461811467,0.12409871234010063
0.011900363559399746,0.0050026192702686025,0.12419835783091528
0.012186089195670137,0.005025781042102151,0.12334078906861058
0.012058447414382166,0.005103765510255998,0.12369544189850953
0.01192411075370376,0.004867817625347422,0.12441763989419131
0.011953623909673312,0.00523855413518021,0.12337341959782443
0.011788564030330084,0.005106126222026708,0.15908600164845094
0.01211179349610141,0.005004648343658305,0.12359629203477296
0.011703226847552477,0.004845732147757419,0.12411289368026103
0.011786878947412656,0.00523174209213721,0.12335499456494282
0.012044479739649245,0.005404933802808508,0.12336243362123253
0.012014467454371767,0.005006295517967395,0.12334624378457777
0.011973768846938942,0.005033605210048651,0.12471795463005532
0.011633482618423818,0.005428270573440373,0.12348678843613516
0.012335039927427852,0.0053089170305815276,0.123346051877615
0.011939332250117665,0.0053674231314114855,0.12351410653737423
0.01162897437784643,0.0052964382395256715,0.12334856859642906
0.011888317344053998,0.005026560917043843,0.1235321944664763
0.012388670936531643,0.005058833357270637,0.12342282947262549
0.012218643161674498,0.005387127771619076,0.12334314032953982
0.012179483550196744,0.00520042570614855,0.13739529688231347
0.011754949250768122,0.005322793283939949,0.12376013160916348
0.011530261036166127,0.007357871249951763,0.13976746908944435
0.01191260908558609,0.0075530896503101545,0.14788384389297288
0.012000478407450197,0.007580892907563762,0.15978690174938104
0.012193006859308447,0.007311199709389944,0.1940993016451659
0.011552441910509987,0.007833885210492773,0.1973519114626575
0.01222597500398198,0.00772468157486033,0.14055530364549437
0.0119943344763543,0.007514059952906556,0.1400033991402064
0.012028997503499492,0.00762055372226047,0.17111873510497705
0.011808005524886369,0.0073126074282439234,0.13968560411428452
0.011867137338266467,0.007072262566002745,0.14092884554978055
0.011997823776353568,0.007244004890312338,0.14006542160227448
0.012100877868081113,0.007581643560336799,0.14790925822435871
0.012057556697983715,0.007521542482130097,0.15038325917552472
0.01183264009548086,0.007321132988968542,0.13968717682627033
0.012123579698204332,0.007577365150499249,0.1620377355338857
0.011803761890158427,0.007234412291832435,0.13968251026139888
0.012207850503311692,0.007252629577487851,0.1452776400077093
0.012118637916328273,0.007821239577884566,0.1464115798993294
0.011957100407052584,0.0073527463887451995,0.13970299447220139
0.0120337981603083,0.007549052866460614,0.13968736229979553
0.01190659840442139,0.007597400463845732,0.15187096423442278
0.011744783834591878,0.007252113456714017,0.13968039747130512
0.012266409100493241,0.007613097852769598,0.13989212056873018
0.011863257211434214,0.007830157002165893,0.15034974341504778
0.011692591177987271,0.007773857127131682,0.14432609018283363
0.011971685741477308,0.007865903260336746,0.13971527485864402
0.011907711339356567,0.007308459438504264,0.15198019729965348
0.01238401025884416,0.00747063007201068,0.13968569200123537
0.011929161211719426,0.007576875327729503,0.1407610313786641
0.011770658330554322,0.006975695460824251,0.13969016009319127
0.011639710248749388,0.00799586174906234,0.13968168691210225
0.011642706324877114,0.007739107789329122,0.15841823692041132
0.01282390886081328,0.006470415235004855,0.08736161392473818
0.012618094367028898,0.006515537607250031,0.07435705971505951
0.013019055680362651,0.006933832772551852,0.08918233390734419
0.012776081467156357,0.0068611305062206635,0.08116227257015123
0.012915147091714584,0.006785142378948288,0.07437743863430238
0.012909039661246381,0.006889816372553927,0.07437558900477055
0.01289939945769737,0.006879261110383166,0.08405829521785281
0.013429506903525523,0.0067490782810854955,0.07436128881599546
0.012730664142406211,0.006867513823476976,0.07449645838049711
0.012654487199453293,0.006926403567502994,0.1284675533075521
0.012937157437732858,0.006716750614075139,0.07505396000279897
0.013160040438977005,0.0068097015127627876,0.07483977168228954
0.012669811890751377,0.006782948315709979,0.08276019557349779
0.012897939822101126,0.0067705203564981525,0.09814154755333764
0.012868101553921053,0.006679237597594973,0.0744218033476256
0.012968313745704974,0.006770972306298559,0.07440260136520643
0.012773904743046169,0.007002145072229465,0.0851726913029603
0.012447526242614948,0.006654431248716943,0.07433524057136613
0.012847846765172513,0.006798003197291822,0.07450500513426173
0.01271000633086939,0.006604388239242884,0.0744150067365224
0.012623713000115465,0.0068116419753607126,0.07683708876226748
0.012664625699510216,0.006673835237086647,0.07433532952737754
0.012974475273659289,0.00666673477860748,0.07692955726931452
0.013075847317041037,0.007023784579969045,0.1065825588010042
0.012776666973369094,0.006997913815388861,0.07541766339759061
0.012771955732455336,0.006775418169576628,0.08377257597269855
0.013134454398427848,0.006670164907288333,0.07917362343821126
0.012856305132032066,0.006453718107529991,0.07448808288762027
0.012897670802605858,0.006843769017270986,0.16852596891225832
0.012913926391844526,0.0066854873608451475,0.07491297155802172
0.013002054104632206,0.00672219279398586,0.07434662914912249
0.012394434292963606,0.006853938367473018,0.08895294835986728
0.013007439379804392,0.006685014217450024,0.07436384452866232
0.012704297255850918,0.006568363127638515,0.10411317661102526
0.013158965511095676,0.006767710426884034,0.07433910095480857
0.013021109971244834,0.006951391776713736,0.0969729761012697
0.013262322086844911,0.007057049038320291,0.07436356141654993
0.013248940874412545,0.0068558504609222744,0.07435616209770912
0.01298911243516776,0.006745195850206736,0.0746403847841208
0.012680932544151466,0.006934143989823299,0.0824665322989806
0.01285784033625671,0.006805422037583734,0.07433104564452758
0.0126465938349998,0.0071154649972212086,0.07442713080619713
0.013069004807607573,0.007272224042559588,0.0743847658964831
0.013213493884854993,0.0070426561589668315,0.1159312974144954
0.012739815411348866,0.006869642347333437,0.08390268574636217
0.012766065397706418,0.006775958743311326,0.07937125463312816
0.012840119224157953,0.006694166580965424,0.09606719751238095
0.012638977158525994,0.006732338084038976,0.07475733274791752
0.013139224277311675,0.006932855023514527,0.09401467079530772
0.012610382103704063,0.006712515573209078,0.07673942391942622
0.013173742027763048,0.007009857388090133,0.07451886713844923
0.012570582283577296,0.00681501729068862,0.0868395607402229
0.012887961225381427,0.006598516623789567,0.07459433982790285
0.009553498965110265,0.01372264747802103,0.11232515327656882
0.009725084060583637,0.013624962318729358,0.08664523619068493
0.00999606427904632,0.013944715391915389,0.08774051952415031
0.00991343057077924,0.013775668298797221,0.08679460237202555
0.009633114677510619,0.01396868056211538,0.13927793977103126
0.009662633990003968,0.01355904233202211,0.11022775323535312
0.009509668236088085,0.01368210384547201,0.08665762171088096
0.009206765647031007,0.014061666176934579,0.08665809887032758
0.00930514813262137,0.01391886249522001,0.0985070246022606
0.009883647915310089,0.013538752613437465,0.09712999244102102
0.009752150210857811,0.014274116316359761,0.09071178032536702
0.009402800560565493,0.013857990982635498,0.08667724172162411
0.009371054149668915,0.013671152087804853,0.09507495999030727
0.0024202071803795105,0.008928061096715024,0.009105757097814977
0.002347147185441097,0.009252830411170096,0.00921669639019473
0.002236039470134861,0.00918331519457858,0.015487211564347299
0.0022554726994646473,0.009658001577078974,0.01963256472813687
0.0022575588008811836,0.009385880999887452,0.027540511958285628
0.001869172947080085,0.009386013603988046,0.03678694437955074
0.002526586778687782,0.00946091945242632,0.025744435124120557
0.0023348901990455522,0.00909965657332418,0.019129898466019077
0.0023417653731340987,0.009219519960760782,0.014342800653354467
0.002062314173226921,0.009375257881553084,0.013949815543517005
0.0025013401968600533,0.00898068513827036,0.04795509846613216
0.0021458966041036868,0.009169110026395555,0.009065257021965763
0.0025798164919800183,0.009259047336543858,0.053036808647141595
0.0019599297019268942,0.009204743375998635,0.010078512199553176
0.0024263665889715743,0.00976895166936166,0.009062833687231904
0.002075097718943159,0.009277778673120553,0.012539647932016304
0.0021401259325687007,0.009407686875072341,0.009044937091707669
0.002332623798946053,0.009065267590965688,0.009996937165258186
0.0022697868526462385,0.009118476692543566,0.059345823801833515
0.0020829033546807436,0.009313544175967971,0.02942136534373778
0.0021160686852975336,0.008970493437076317,0.02728298459403202
0.0021273298002622105,0.009174703901607984,0.00904110469484178
0.0019855729446103722,0.00915917935113844,0.009079830078106829
0.0025544823470413786,0.009299903585917608,0.023247448285575952
0.0025208933536827105,0.009382464761110229,0.00914227676549387
0.0020659250821874853,0.00913689801326513,0.011564807931551043
0.002367245621645607,0.009039969313049418,0.02277937968463649
0.0020155752361053253,0.009623665952321277,0.017351578797390896
0.0023039852053945414,0.00899011902621537,0.03421914719490506
0.0021715377747448137,0.009653282766117625,0.009087958664805258
0.0021250050056384764,0.009076650406365988,0.009074593470921084
0.0022030714862329944,0.00935897333938621,0.009092837427737905
0.002161897837007988,0.009518327170382224,0.026733522277329932
0.0022019005202607448,0.009413624693096515,0.009397307620782865
0.002150619267561305,0.009218363184630287,0.03516494656033244
0.0025170531636134665,0.009270161170158414,0.01607074975308867
0.0023765893936112913,0.009156735299608984,0.0734318453002246
0.0022619732137949163,0.00940149781459795,0.009961282013820889
0.002350090143021322,0.009380800421912921,0.013129698661542817
0.0016385790372627118,0.0090718377394414,0.009109945129656967
0.002171718542388552,0.009369883490832214,0.05554494746346262
0.002344628901338924,0.00942641046743252,0.009604771291712551
0.0023336942988329817,0.009472766630130627,0.03168027654975177
0.0020046111819716638,0.009016580207943423,0.009055833506328721
0.002376422758826957,0.009264274986564956,0.011003540198364711
0.002079010878419163,0.009632580840483447,0.009046554506838275
0.0024477856973407373,0.009280424617470865,0.009107980002291202
0.0063433569670631185,0.008245783812762685,0.00979840064635289
0.006377422180114531,0.008722944404997332,0.01922631834493556
0.006227456066980335,0.008581686131322722,0.0460464261461345
0.0061877287397548615,0.008833901282825666,0.017574105870584424
0.006505649501039084,0.008632849459302235,0.010272797631011367
0.006303236986316607,0.00841930994058103,0.025152090747442117
0.006181170448858507,0.008558889035159847,0.010911642595278282
0.006641712579991974,0.008776753596201833,0.009950986064603741
0.00610278524588416,0.008972393980947608,0.009841082703831872
0.006374250519629549,0.008515256152498303,0.030121315376642865
0.005735890784085091,0.008563075732240365,0.00980422729471151
0.006328411636742933,0.008216196928733563,0.014224082760272917
0.006143487557195834,0.008440223245108186,0.009783239943705448
0.0061162604334984005,0.008602201595652899,0.020025819554749406
0.005888845937476652,0.00876176914215133,0.009791843846176118
0.006095844138919375,0.008806495646208907,0.012148464544986139
0.006114326822568733,0.00884393040609151,0.009837699170664205
0.006378769440785077,0.008600779160968802,0.009895916764081638
0.006419476414459766,0.00858610124544429,0.009815799694554895
0.006497406112840381,0.00864835307995777,0.010229112037467238
0.00635206753229555,0.008616683939670957,0.016974065335005728
0.006043426432131727,0.008797259052438357,0.00977962789046486
0.0060588317521883895,0.008691933238519413,0.018669517595260733
0.006350822507211317,0.00863519472947575,0.010226715077029259
0.006301270190710336,0.008331234173360676,0.03295382012943326
0.006562522324756773,0.008872159480370036,0.009873743522968593
0.006181993652690702,0.008474761437525815,0.04318851336775528
0.006140119239206871,0.008746933997121528,0.014238107981313431
0.006182627809124738,0.008623515410792086,0.010548889931083218
0.006119890051869535,0.00847539509408419,0.0163268369072377
0.006392391979726337,0.00839540477954146,0.009898006663732329
0.006291911990423116,0.00826587730023505,0.02594152066165089
0.005900627502817524,0.008497326722529187,0.009828223070009192
0.006029535891223482,0.008607727864705806,0.027086043157185512
0.006232843488014871,0.00863051902206288,0.012492695079429097
0.006357416847551805,0.008729337519327907,0.010524586804165549
0.0063218001918615326,0.008348185369820234,0.014607349304963614
0.006186952215731115,0.009022033919910237,0.009804036641688952
0.006478976898962337,0.008462893524727918,0.009939059340668478
0.006026563089016662,0.00863052936295576,0.00993932496044
0.006174024754703765,0.008388641411784886,0.009875621647791523
0.0059570808260206885,0.008568483823892931,0.010197234576498893
0.006310293409127822,0.008576207908384358,0.010407837209490468
0.006421193808288982,0.008407867034103397,0.01039601707197384
0.0061072625506567455,0.008659825546637865,0.01223694313924324
0.006264554157343637,0.008859765376137183,0.01929222778262634
0.006375734111934603,0.008727428295037394,0.018383544480017402
0.006506830338851696,0.008830203895200858,0.010087152804940458
0.006320471274717313,0.008587627787843171,0.017925527286254364
0.006153594545787443,0.008195360384116565,0.027633239340477615
0.006530937488566136,0.008368937009226201,0.009882483179955038
0.00661100782427187,0.008266672077395608,0.009957074029512448
0.006399880836232089,0.008469585781707296,0.009813481223931532
0.0063117570904193685,0.008540878184666686,0.023284083095484267
0.006358154855947955,0.008466097156186661,0.009794294587136144
0.006442015188442825,0.008449987949049219,0.02379338311609628
0.006033850256671951,0.008697822263091914,0.010194952611247756
0.00602812476357195,0.008830676371756439,0.012466275232474445
0.006384876367717466,0.00855189756156184,0.01552343861242408
0.006071543563877202,0.009137735904172047,0.02951232571466955
0.0064096254533974484,0.008355651692352977,0.023805226232403102
0.0063139592029360925,0.008871518103265011,0.06586197568861345
0.006387758498241662,0.00871718636439492,0.009786286478015506
0.006384555855606052,0.00847060412427001,0.0292298573492782
0.006155280099131225,0.008408395341729508,0.02102704344644122
0.006097064447746466,0.00810663437992648,0.02269830549740385
0.005740824365635401,0.008414220389981571,0.009993585377780879
0.006283129976051545,0.008503043051094934,0.011821847560902755
0.006190352687005875,0.008426638947880727,0.01777848060263706
0.0059404801690181985,0.008490827264008778,0.00996824093574824
0.006066711544423997,0.009007662460609784,0.009804877552524538
0.006493645166208787,0.00916450001398507,0.03797550186336111
0.00632074610587711,0.008789212297911506,0.013128174409628691
0.006447311880657127,0.008649074972673443,0.011151169999230593
0.005909501482526598,0.008429510871818282,0.01101112945235876
0.006425296622959021,0.008644335465463622,0.00994059897326175
0.006813199560936572,0.008578764235695919,0.04695596611069728
0.006543584679807853,0.008099972843207124,0.024221953990440137
0.005866118291053083,0.002358855296149244,0.04437556271070093
0.005626320427016967,0.0018471724359564769,0.03413880727836453
0.005602960782299414,0.002233308997640042,0.032462598523273975
0.005809822590828512,0.002552264451493471,0.03594433606853565
0.005614433521524817,0.002476973083240406,0.05366705602670811
0.006076271707008253,0.0024282184789228382,0.032695932036426394
0.0058854456203263,0.002306661706722412,0.03249669974909643
0.005586120249091796,0.0022503688205402004,0.03270968103004102
0.006124562451239146,0.0025145828543182086,0.06536995697550955
0.005897871658171336,0.002200609823937904,0.04688022781370726
0.006249887607815524,0.002091224278853481,0.061318890381711295
0.006162566369358915,0.002234549625393611,0.032456572369619914
0.00593631114638246,0.002150486334381208,0.03243669708082702
0.005550684782779513,0.001964077049530987,0.03257391580578954
0.0056747017931317,0.002294448061323952,0.07374323945176273
0.005680055771497269,0.0024294046392790624,0.06498638623534983
0.006007256513375841,0.0023298535573699976,0.05823445004611941
0.005809509452542753,0.0022311276540822093,0.03681001251744003
0.005920138725507084,0.001944517618097627,0.060642510084771284
0.005767401058658656,0.002086157895586546,0.0324693478998403
0.0059253859973500056,0.001873407383502128,0.03275130266378922
0.006108442274093082,0.002334816214318232,0.03246203568600649
0.0060001226450789365,0.002365390484452807,0.04567271291465053
0.005704525836212492,0.0022065378142981143,0.03279438365819447
0.005823220736698782,0.002491498363155355,0.03555232263755691
0.005875528151754987,0.0019524724963775842,0.04413584025310348
0.006291444105158094,0.0020861604013976717,0.032442982261214934
0.005721041177970029,0.0024487343505316243,0.053708979222134065
0.006019335791103884,0.0024149212668022418,0.032970259531233406
0.005947518961606397,0.0022422241298239117,0.03253772966222894
0.005730031813486072,0.0022997721307665003,0.032495563724915494
0.006290429442501199,0.0018789803514863033,0.032458636564900105
0.0061151394966975055,0.002195140659378536,0.07265553305581149
0.005906921504592012,0.002438601169269502,0.04757402650877603
0.005787427264741293,0.0022032382248839658,0.05889255599394539
0.005878362799014106,0.0021967233242168303,0.032445237650484474
0.006139632815316675,0.002291125925985744,0.036037628590784396
0.006213844408707882,0.002035512791444036,0.032442861628615524
0.006020525926066344,0.0021307505810620603,0.03278830569411115
0.0059564062357929685,0.0018960156143225633,0.03262300549087387
0.006146899162182516,0.00219881529273115,0.07872436918806197
0.006292530881021662,0.0018632069526940045,0.03245939518548038
0.00597985224199351,0.0019507432021000502,0.08579547112905916
0.0057110029341723,0.0021460536693865577,0.03277993799425561
0.005933381839680246,0.002196914503211728,0.032453467890992134
0.0058026197703856305,0.0021586099678691695,0.03244633020065469
0.005891786169632204,0.0020966403289572042,0.03246300318947713
0.005840346378584675,0.0022806974469948473,0.03250412269282353
0.006085472654154337,0.0019830560656345078,0.05481384651096119
0.005804224351108579,0.0017290946499550677,0.03255394223468323
0.005905048478633782,0.0019739797783235014,0.032704262765189326
0.005529615824034032,0.0023002776767043005,0.03449814233427326
0.005508813645730479,0.002477235417177838,0.03243880891774202
0.005916202962999445,0.0020938405705280623,0.053995338317357255
0.005733642175408746,0.0018629370456044398,0.03247472083172314
0.005980971462774114,0.002029612032916278,0.050314805526095525
0.006622493760552509,0.005844944923780184,0.15495734196603925
0.006560265697557018,0.0062606893699749715,0.15593971815123903
0.007182666425203524,0.005898378040475282,0.20260313176842332
0.007212816355611454,0.006077821634332258,0.1746023260174657
0.006545547159507664,0.006157536499350466,0.17502974900359253
0.006292809303988686,0.005857863859610185,0.17218866921861617
0.006617738121787445,0.006303282446493031,0.15474110314005066
0.006695945130912781,0.0058150363436681295,0.1826127199414591
0.006676500218353482,0.005811490750945231,0.1548787916540584
0.006917322933813536,0.006090391965815729,0.15487904387810666
0.006713562511222671,0.005525920661494758,0.1563962137830114
0.006768808620203876,0.0057529956099728,0.1858055232746162
0.006777369205521937,0.005827186570692137,0.15469245172206264
0.0066180350157583325,0.006090421320728709,0.15472079314020654
0.006388466127627022,0.005851810073473521,0.16094135132181236
0.006856833345795471,0.005675953863964618,0.15490557972417623
0.006575425671229993,0.00584062030378672,0.15584955664091263
0.006728834690190843,0.006311079379433179,0.15492678203382063
0.006629834303010931,0.00609966888990894,0.15470374396714204
0.006672514468104756,0.005849788554266535,0.15509969898013778
0.006647178386710727,0.005698074686014761,0.18730366991663594
0.00660049245555949,0.0059665505781280985,0.18964134892072143
0.006661804361514604,0.006402039482578781,0.1606519014165572
0.0068774068253974075,0.0054275343838649254,0.16818964677903586
0.006986534811769906,0.005882340579538301,0.1551267419790318
0.006879965748254065,0.005574134929693465,0.1847417217224569
0.007048907411534588,0.006071129316207418,0.1557910988248132
0.006593324498827639,0.005961884956904284,0.1735351843703677
0.006911366548412803,0.005670804246732559,0.1547671386968148
0.006739495653773489,0.005558323316978067,0.1721816095474919
0.007078997603365155,0.005859538953693996,0.1549450060197279
0.0004014766023973243,0.002320829498111213,0.21520179119872299
0.0006746643315547324,0.0021711565222741563,0.1691335994177991
0.0006771580315088852,0.002097915382193653,0.17053071122916638
0.0008488132783840792,0.002207392645468995,0.16920203397695247
0.0006077460487901583,0.0021744703656128303,0.18076741679540534
0.0008877923405870317,0.002323110307821016,0.17024166921441758
0.0008367913573939867,0.0025289574971559575,0.1691512108337346
0.0007223430896636291,0.002346421144654009,0.16920545992515346
0.0011268917191196068,0.0022368756760724313,0.1752728898115444
0.0008279398977875355,0.0019342967207193237,0.18805009574000262
0.0006937246837226522,0.0024004499759235852,0.1718586159919368
0.0008305285135679275,0.0023146648127514483,0.16911837588962142
0.0008712240517929234,0.002247424420080633,0.17011322513142896
0.0005187047469664226,0.0020153638425671016,0.17086092037232722
0.0006678885908563456,0.0020955245521909814,0.1692963389323114
0.0007766837590717373,0.002156196354521894,0.1691166722110621
0.0006003985198656251,0.002447582910585814,0.1693650048229712
0.0006240746346351475,0.0018913902187237543,0.17169807589642067
0.000427515498958029,0.0022909605291401365,0.16936199834996488
0.0007476482591057357,0.0023844142894361314,0.16914388631530528
0.000649122228358555,0.0017210948277967533,0.18288426058643723
0.0008825859869517241,0.002197781886283919,0.1749930251588706
0.0003728984202026682,0.002368313810661084,0.17539282514083518
0.0006378625020446388,0.002633471264852291,0.1794038966579993
0.000691914210162179,0.002202174544378138,0.1798650122604542
0.0008064839438845132,0.0023747415022972148,0.17721786445571247
0.0004735148680198217,0.002222424472660021,0.16912443672100141
0.0006176887877894199,0.00229368002146977,0.19606935996162833
0.0007779367078543911,0.001898948916267043,0.19058608923666773
0.0006178297316704246,0.0021831226692006337,0.17715274785388832
0.0005447521738726658,0.0024263176138996827,0.16984380381068376
0.0008621644682248869,0.0020541470555757394,0.17250830065728653
0.0008510326031629952,0.0021582678498880477,0.1943073281341981
0.0005739741713491178,0.0024470016652690272,0.20331259070904933
0.0006395699922088461,0.0021433563048197267,0.16923014295734576
0.0007372940715963201,0.0024447287467735846,0.16948537844437922
0.0009235692015931458,0.0026953121612080535,0.17469808204575396
0.0007714770774824843,0.002419303680323094,0.17360704464762283
0.0007432029283864277,0.002433819560431761,0.1691728294790591
0.0008547904919945821,0.0022560171697656234,0.20671779967085901
0.0009143355201033563,0.002684723212726207,0.17312041232843042
0.000706618937524949,0.002275900824037062,0.1850388140769111
0.0008298712413809951,0.002350955079000815,0.23631152853394966
0.0005941618252245583,0.0019865578130808053,0.1691198674754229
0.0004238369110741921,0.002192740043786028,0.17719847453356996
0.0005611277764068453,0.0017306626374105857,0.1691546335347734
0.006739971943541643,0.010602545473656804,0.2177524698757639
0.007229774444111489,0.010240833903759865,0.25239309888331274
0.006891245505881128,0.01051217286415636,0.22229445106037027
0.006914633259598993,0.010829600602153124,0.20345538781800124
0.00718405266597946,0.01031222466469915,0.20356144090557143
0.007106812878626806,0.010105911920723866,0.20350386082526234
0.007194913709851841,0.011196192209778697,0.2159958373598421
0.007039580406964351,0.010525530792048106,0.2034454400250839
0.006879548442904865,0.010943267089197635,0.22756121206831625
0.006974321091731803,0.010475457655147171,0.20414721245474202
0.006829594897178604,0.010678131291177645,0.2145116122560186
0.006933533373295689,0.010630432032580121,0.2041358931408095
0.007232362300935753,0.0113057302383899,0.21307721368271326
0.007056567017927411,0.010391157818724506,0.2034459501329439
0.006958289157318824,0.010948427230561485,0.22090569597467805
0.007149395107370832,0.010586886953493269,0.2034495332455768
0.007029127105834263,0.011174414528372565,0.21749509323090915
0.007105654800917329,0.010835602624284714,0.2035026020244409
0.006760142215273998,0.010542068070884774,0.2143386656275901
0.00707230597335318,0.010610467691248375,0.20486280818677102
0.006909221751008579,0.010491330848634413,0.22884816890431514
0.007404739033139311,0.010652305936194673,0.20360067878752627
0.006913808364823795,0.010836496929130529,0.20412610453901547
0.007195768858773163,0.010767305321907318,0.20348905328907047
0.007167268737914134,0.010540062930756334,0.20414622326032433
0.007031063310512927,0.010539962910873842,0.20832692313085582
0.006790547059663309,0.010347183168389656,0.2036893980738102
0.007119677053267436,0.01086728194760038,0.20391889554096815
0.006393664728390444,0.010596103268108985,0.2035314819030823
0.007267406101020934,0.010752952394460778,0.20552599389116008
0.0067016128388296655,0.0101142693313075,0.2037826116267781
0.00714682718680087,0.010712666521346092,0.2035358638072525
0.007101012846296556,0.010335986717918414,0.2385543997948928
0.006742387496550778,0.010454032594258603,0.2143999223009463
0.006811693825640495,0.010482059526878043,0.20652383890503356
0.0069542455694379685,0.010715709150257925,0.20369754032437196
0.00715167393645476,0.01076420483548583,0.21433727336693725
0.007329941796954461,0.010543196702449758,0.22235575869534033
0.0067750124424946784,0.01067053129263368,0.20728678560779779
0.006940174144060175,0.010267368953279971,0.2034853920373684
0.006949640034239135,0.011043534620691452,0.20382440990427855
0.00698220336870496,0.010679510453536961,0.2037497608434564
0.0069063053867397,0.010536817206394055,0.20556807357989793
0.007063184058304028,0.010531515392474104,0.2039467166898079
0.007306413262825063,0.01080708980313864,0.20389039916552332
0.007145072885649181,0.01097197911050336,0.20456352948213152
0.007226567976647665,0.010536113614054536,0.22433305193249914
0.007072658787412141,0.010777961223567575,0.2145268026403817
0.006908172460925111,0.01031712041063503,0.20545739028816132
0.0036358081253247015,0.004355147022925398,0.20195852712925194
0.004029807552751438,0.004079446710351752,0.20063738692140132
0.004084304599385945,0.004204548707052944,0.20069972503905925
0.004423961568188779,0.00419952297616458,0.20149412139983558
0.0038250429225225573,0.004337323376459491,0.20077322619709348
0.003989228970962911,0.004276477618614482,0.20706394787581014
0.00379126748720733,0.004377771057853141,0.2374322838126268
0.0040031795552476655,0.004466223372112539,0.2163528817959381
0.003927777517629876,0.00416646089856859,0.20079711354926308
0.0037666469220701635,0.004251686019440541,0.20113024080572103
0.0038782343611495043,0.0040195346254855305,0.2017248372301387
0.0037845642900194093,0.0038481623612895066,0.21699740096268202
0.004238106362603174,0.004303833919393713,0.2045734932045445
0.00393233633263824,0.004104196774809593,0.21435153505485524
0.0039190758703783815,0.004406102434692967,0.20094773537772675
0.0038385561857409998,0.004211966751078868,0.20421934473179443
0.004122959007415421,0.004189619570286745,0.201282509581566
0.0036915159665081194,0.004053351840680409,0.25162415980326985
0.004191177074624636,0.004235159989298147,0.2010704026071289
0.0038347928916146047,0.0041378174242657955,0.20970666970272495
0.003532960550352607,0.004355160715040546,0.2516727452961839
0.003674751208773532,0.0040525155692382,0.20767544162915014
0.004076785469587503,0.003995839004547764,0.20067996257709875
0.003971985064160352,0.0039671973364440736,0.20080978234688104
0.004017284681377101,0.004460525892454768,0.20080492047121346
0.004060886350859031,0.004178174756007619,0.20222267719270737
0.004194115817876834,0.004160907715569954,0.20212484943972664
0.0034769482680127757,0.003891386699940051,0.20233157872447569
0.004133845925948245,0.004148270168527883,0.20467504442138817
0.003536215037484286,0.00374620525088179,0.24859191503619724
0.00411880650318875,0.0042141734743317135,0.20208230249529763
0.003921177973914702,0.004573933117874976,0.20866989112050538
0.004083383070383213,0.004370623730274011,0.20086170227489644
0.0037835091658133214,0.004180390606217855,0.2432831509292936
0.0038766943316908046,0.004460487557697337,0.20530147600301432
0.004275968866316243,0.004250458223234081,0.21655670132592747
0.003917568753489279,0.0038740410878205455,0.20074253013041682
0.004394523517336142,0.004025855142060358,0.2077256206313649
0.003859428987387002,0.004134642778572158,0.2032599227822215
0.006397421759211175,0.003831318217439104,0.14725365850169042
0.006258001558576575,0.0031869386729434564,0.14958069517437514
0.0066093288892718665,0.0033807205526005133,0.1458606608842901
0.006673055673072113,0.004138594566340354,0.16361113893267165
0.006678488222601595,0.003706060027661655,0.1676788813314135
0.006739850325606266,0.0035292692821831126,0.15877165594903592
0.0064012859725241684,0.0036778067469947036,0.1657703646429054
0.006848226534544961,0.003562590101340013,0.161982260227183
0.006524923760039285,0.004010590450701166,0.19576935484907415
0.005857800116543835,0.005652797437501533,0.017573712366473614
0.006168598525195891,0.0052886391869666005,0.01684944041385411
0.005475832295817907,0.005474845076054971,0.016532327087737563
0.005647118700145175,0.0052472856187548884,0.012540654270657623
0.005384102068882484,0.005490494680911842,0.013053716304495488
0.00563623045260868,0.0051628140334119225,0.014420882323300143
0.005606696953886551,0.005374888465860802,0.024073653831214827
0.00559216444685534,0.005066655684140708,0.01118420149054846
0.00576729820759594,0.005281014419252649,0.009046183827227815
0.005153306768449882,0.00536596521255851,0.008966865243318887
0.005384509050202259,0.005139821646542913,0.0233953252592917
0.0059637918049718795,0.005311256017651968,0.008598923818329305
0.005416072161561582,0.005334255300015824,0.011802622432463293
0.005532142999542635,0.00503212671882335,0.008716186887415742
0.00539797972874302,0.0057871057431489095,0.008608899663667822
0.00579949690168221,0.004857210130838373,0.008795386115258716
0.005558072947037411,0.00516120651138412,0.009024935861154902
0.006069264700821407,0.005438113043693226,0.008602071125920539
0.005655272205138342,0.005038844066530824,0.02052380252347503
0.005148997101331484,0.005367471511607843,0.01067834582471132
0.005653988421086869,0.005482069745108794,0.00862376575160275
0.005446383992890572,0.004888030828268123,0.03390604824279475
0.005557056230445517,0.005684467781595777,0.016661015925929067
0.0055221791154159245,0.005431204003260251,0.017798961585872918
0.005798919378487747,0.005166988327775819,0.008624332893362584
0.005926256413654007,0.005598211224590917,0.008640635803483341
0.005210300239831213,0.005408669360793288,0.00860630916791255
0.005235411685880131,0.005461369158778098,0.019310504471778775
0.005366777788944664,0.004999152311836065,0.010517480585121607
0.005984621976987561,0.0055787425011261564,0.04063180420464794
0.005430295442331616,0.004960463196484439,0.011643119845086956
0.0056687577638179654,0.005859672254485778,0.00860498068631824
0.005580996822735449,0.005746367910745489,0.00871454493688467
0.005164645010829322,0.00515468216765638,0.008715198358794227
0.005457583384275906,0.005568215492807911,0.008689496482902856
0.005831838666578488,0.004942907482170477,0.008626680252817508
0.005584048726432197,0.005436712425445349,0.02980021209451185
0.005427007898188713,0.005225824927928448,0.015370971144585386
0.005231564426630895,0.005361275839242079,0.008729017951738003
0.005614758953467825,0.005438303431528184,0.00859182522504843
0.005365697137943382,0.005068432647458532,0.036371679846826335
0.005653386717239418,0.005351737043618655,0.008745557471296404
0.005201802275105795,0.005222950671427712,0.009851319058784723
0.005614010733546784,0.005654784829261421,0.03478641351201278
0.0050832871066859315,0.00515857038189701,0.03776004439078813
0.005810112140717626,0.005673385728003098,0.01005449952214733
0.0054502666881734215,0.0053527933064855615,0.01718737828622051
0.005419573146696614,0.00557401273959673,0.00865854121521926
0.005693696226393724,0.005622334204889616,0.010130850139210078
0.005756755299552176,0.005003503912477022,0.015265776246545824
0.005787298886119508,0.005314479100327711,0.03235664253245368
0.006018145725562443,0.0051888323279543356,0.0292356355058596
0.0056501222523378395,0.0054673626820163565,0.009162883952061694
0.0057267429510660835,0.005368882043890221,0.008711561942181954
0.005585459254967429,0.005405739350924095,0.008703848544632862
0.005361372036351736,0.005229942193398795,0.008661891494457273
0.0049883983535926185,0.005352002772307927,0.015631696922557337
0.00609318793042467,0.005038550662853215,0.011332888473313539
0.005246394479148443,0.005184954273695987,0.00862424541718173
0.005420220344102142,0.005413771530077178,0.009145679911202286
0.005664275272533101,0.0050478945517406166,0.031191474765345818
0.00563077776279566,0.00561462045804155,0.017061679358409243
0.005597440697871838,0.0049327962985930805,0.008598042210381017
0.005375153919058343,0.005072751146835357,0.008595903535111091
0.00558086345485492,0.0052139575850233075,0.028198306509465275
0.005872517537375046,0.005503825009815363,0.009678392266475242
0.00562245028880691,0.0056868836760983294,0.008590955731627313
0.0052598201641331594,0.005455901787331962,0.008676103761374109
0.009344969598447174,0.0007993336217672722,0.06924383543432659
0.009412873030617455,0.0007497291193186136,0.06921315932382492
0.009365627355210179,0.0007915243050169958,0.06929237657146135
0.009594651240589062,0.001242909242025504,0.06922807680863029
0.009514166151848169,0.0007152310628802993,0.0695166087847499
0.009190365148892167,0.0009866428765161117,0.06924063029055043
0.009609723816265368,0.0007997842650561432,0.0694289647959216
0.009361112675691393,0.0007903236524476169,0.06926071871799915
0.009331950226761768,0.0008482407304543454,0.07980217694618229
0.00959683162041532,0.0005989184279630965,0.08839181709897542
0.00951116433688003,0.001135814802641598,0.07082709196935567
0.009582602590780026,0.0011193036948704905,0.06978560221018164
0.009568541563832973,0.0005830302765966782,0.08101219247667463
0.009090310574528,0.0007911089963456716,0.06936374889972342
0.00979281300114797,0.000879531918242637,0.0771916573370787
0.009816610266833972,0.0009585538271426149,0.09068107764398181
0.009278799777859649,0.0009766974422279271,0.06925881407356153
0.00962782260460946,0.0007916922433396507,0.08431033759795543
0.009573994381820345,0.0009839307311166215,0.08029611624247385
0.009198436683696097,0.0008203680509575653,0.09191141928250923
0.009603997318985376,0.0008636693053843067,0.06930205911475446
0.009822650485861686,0.000849821235153998,0.06922209625309222
0.009444493823647634,0.0012062075075638112,0.07902475275493719
0.009254465824034296,0.0009503128349913762,0.07131998053066403
0.00968180905031447,0.0008861846211007003,0.10177387481853681
0.00941677167873448,0.0006387607470820129,0.07001531961866196
0.009885921679670399,0.0006142003228976091,0.06923775348013447
0.00962272229300736,0.000983291950578228,0.08762964981941325
0.009594935694027902,0.0009383967788522682,0.10705902805135387
0.00961186384357362,0.0008157267235890537,0.0815229605811491
0.009380720903694632,0.0010244516100068528,0.0696509385118294
0.009349199555314764,0.0008772127698274647,0.1483089477814908
0.009377729948827246,0.001086081395609122,0.07411670271005617
0.00989231786814423,0.000904373176484069,0.08873587326826791
0.009022456519386062,0.0009066992611266361,0.07474500430873642
0.009142916115129704,0.000827397199049309,0.08104069801570145
0.009616575750568573,0.0008300211401837438,0.06927915951099171
0.009639832938559257,0.001048106306340469,0.07008805543339967
0.009414421262347065,0.0012354598571641994,0.06921171906895744
0.00963754733905399,0.0008007969113768989,0.06921608087187812
0.009450681114222799,0.000793223184308243,0.06956887933924324
0.009523437716184474,0.0009165179542842154,0.06971765076805139
0.009461354457427336,0.0011396131037714325,0.06921920236810182
0.009364867610712053,0.0007272613280370499,0.06920950003812215
0.009734578743694041,0.000707094819273032,0.06920528145930975
0.009671537443994741,0.0008562479441962464,0.07947888050723263
0.009418214661025192,0.0012041714798059523,0.07527359353826987
0.009309596778013964,0.0005934220751898961,0.06922713517402
0.009846222524515615,0.0007351209748669164,0.07017569439633582
0.009542906329853303,0.0008424778263542115,0.0691946027434177
0.009575522611878638,0.0008463628231379093,0.06990787978491227
0.009627069436436365,0.0012778300708395532,0.070365796837811
0.009275865503865685,0.0009859166225535574,0.09168486525448988
0.009446748806050441,0.0012319567140081202,0.10036252069588757
0.00964934063867586,0.0005875608925288904,0.07146174918413971
0.009560812820466783,0.0006205525329095827,0.06975147250786944
0.009629910084188833,0.0008520208353117449,0.07685282152388256
0.009209563644815311,0.0011461313738793631,0.06920226340287468
0.009348175021038263,0.0008930599392926016,0.09133954202578232
0.009600490749304537,0.0008519923798380904,0.08091289544206968
0.00936122250113455,0.001039644776340457,0.07844947171008138
0.009614631081273918,0.0010714553737789637,0.06920977587036768
0.002600076443631944,0.010404813832277402,0.08116163998015641
0.0025280427182869263,0.010601639212999128,0.08499893367212245
0.0021543162709020073,0.010316972607344392,0.03483849696527829
0.002264096173026346,0.011018070984482516,0.034789042882487624
0.0024898884018729884,0.010667552518781185,0.03628610188524475
0.002236284727153719,0.010752758951063573,0.041887744415804416
0.0022952756367896447,0.01039850688426801,0.03480934244843058
0.0021761881205486855,0.010669124376533353,0.03507612802851898
0.0023834120699026662,0.011119531398164123,0.03480636386498672
0.0023967634718242417,0.011035829543328653,0.052243246819173764
0.0021264206858577633,0.010712799365515956,0.034971698448661465
0.002006891629867723,0.010837795279483486,0.03496554250687114
0.0025510854727837876,0.01072244820682882,0.03487023239355068
0.0027485998442278443,0.010581932286176945,0.034831976672295865
0.0022373410897369847,0.010840339704947955,0.03479113572705854
0.0022182643946631084,0.010783597038674155,0.03481557667497119
0.0018048666570030895,0.010378263297811215,0.03917881779647052
0.0024695096700439894,0.010401541246854664,0.03538766905308701
0.0025246669054153578,0.010900800856149187,0.03698551127889845
0.002139797144086516,0.010619273293343254,0.03482670970372761
0.002327988492162833,0.010196289841964759,0.034792144675177904
0.002078474187461994,0.010592445523959944,0.03478661150756204
0.0021361114000482038,0.01088005249106683,0.03517661592351234
0.002374378380767733,0.010786875010837508,0.0539128623479813
0.002512048108214529,0.010700090221987243,0.07910533251921806
0.0025596122560637593,0.010712922527742905,0.06066595465251584
0.0023072026496719906,0.010615212686859438,0.04169823731939448
0.0025437396512995995,0.010270003579103671,0.03516388932420358
0.0023177554442271988,0.010434266667243319,0.044428363255655245
0.0024082882932579376,0.010717874139088231,0.034788591146849394
0.002479839229394227,0.010708065499238214,0.03548503774310595
0.002353917651154706,0.010780265059080156,0.04240671890072098
0.0023893262047526564,0.010876575083954019,0.07456335302644687
0.0019970108632435344,0.01052373112956746,0.03484538439418315
0.0024815967085350826,0.010533926135597177,0.09777342355703755
0.0020191150913814637,0.01103384668745622,0.03479532685766113
0.0021548108747576813,0.010519341939502352,0.03495802862245168
0.001962664709075903,0.010644297537781792,0.034794745860578284
0.0023845363137359596,0.010571226411765918,0.0375716978242261
0.0023278734228812724,0.010315920868849478,0.03479750258592415
0.0023036427390334185,0.010217450686263453,0.03519777259937276
0.0024182150891989044,0.010353848887741442,0.04514464150753783
0.002283221269845158,0.010544070457929319,0.056965713490862824
0.002569658398122135,0.01046898971920593,0.0347933437421091
0.002156733284762297,0.010810902041694489,0.06670773881861744
0.0023440473642082583,0.010432462831830884,0.04257134407130497
0.0021763056460571474,0.010519923001211687,0.06323458447413838
0.0018347413753758387,0.010764278905107873,0.0558519044872855
0.002209135832066506,0.010613846947660826,0.07346079272881888
0.0025785976051387743,0.010586058205244352,0.03481805233025323
0.0024953770289450135,0.010696904885757199,0.06119357929856871
0.0023595001764192317,0.011053448563307514,0.03528651138510816
0.010608839396258358,0.001264421666500051,0.20858627076427427
0.011096707902103358,0.001471946956012708,0.15051577466952223
0.010828892586666972,0.0008141570491585752,0.16961352889452458
0.010860315312657264,0.001404964402214761,0.1501258784104082
0.010852828250891402,0.0015745142109760161,0.15001088364778428
0.010893434291492985,0.0016109287799798996,0.15000601396291524
0.010636908046337637,0.001193442083697697,0.15293470076448443
0.011090358978101417,0.0012959345895948331,0.16711041197930102
0.011107401726498654,0.0014441239668253137,0.17182203957430794
0.011106391823958063,0.0015365063512251947,0.1501164605943385
0.011024835145659056,0.001484626840496123,0.19125472588820053
0.011025590673168877,0.0016428834557768173,0.15021609098394886
0.011118698370779733,0.0015465835216622028,0.150156663403574
0.011205226572787618,0.0011341326044029005,0.15045954314244453
0.011161428363913635,0.0015947048707415285,0.15001107398593963
0.01104753043453497,0.0011157466564869292,0.1499593128403312
0.010506628215586332,0.001527972078934444,0.15013622413306232
0.011140809154156796,0.0009593488632542817,0.15020658332725542
0.011148661252036583,0.0012022064875785788,0.1500338632188912
0.011061734597405604,0.0013975003894085233,0.15290972377447629
0.011450367696531197,0.0015710588629606705,0.17236117120380548
0.01088766611898395,0.0014817707452415973,0.14996167428470653
0.010940959975539807,0.00159609016900997,0.15003898085981163
0.01061259873253754,0.0015447247222468005,0.1500606141945207
0.010906504723856276,0.0013919812586790283,0.19072635434664448
0.01131752121223734,0.0014489756082514177,0.16319898462392773
0.01103848924553925,0.0013003393755571231,0.1929212431531397
0.011027178333259204,0.0013975885506210968,0.14998782503896735
0.010977565374002124,0.0013918874187693283,0.15014616907247272
0.010746620887531966,0.0011097199989392216,0.15175056040275653
0.010955953110039609,0.0013828537808547833,0.1980238152167254
0.010984230416922243,0.0014206922798617502,0.15002875470953234
0.011135184780490415,0.0009686494263847836,0.15928166475712222
0.010754346612708753,0.0009555553546789839,0.17555574126232668
0.011228316150620352,0.0012544542537852356,0.15141481669811177
0.011075551313411749,0.0013442002205321755,0.15968491319585149
0.011197516026846372,0.0010882506944172611,0.14998839217532392
0.010917527108856637,0.0012755448949276725,0.15568545330721684
0.01090268162541719,0.0010339403735245064,0.15004118816076598
0.011163033528471701,0.0017209463932311155,0.15925579614137622
0.01105474181733407,0.0013223738385439924,0.18643930937854555
0.010797606186545643,0.0010441995492006645,0.15016838280165792
0.011248714645269518,0.0015397256630966059,0.15756248356923017
0.011021679205180683,0.0016127639153451538,0.1500182602396935
0.011082193316388262,0.0013306092112065735,0.16519354643727585
0.010835192378664597,0.0014014931036310868,0.14998054461415614
0.010969164625595582,0.0012581540371198348,0.15908378359442196
0.011414001163587942,0.0011434522981243352,0.17081483851581925
0.011072312576316762,0.0015030679001350584,0.18483462937877515
0.010534775455170715,0.0010522817877232158,0.15198164270285894
0.01093401332359283,0.0014933596180507628,0.1499913770353866
0.010870148585284968,0.001515979887889121,0.16268240758898153
0.010932029497557947,0.0014156098657554313,0.1531714351412432
0.011048652288622346,0.0013447563205202762,0.15349880178181075
0.010798043083100364,0.0014400801654289666,0.1501051726453817
0.010871919387061942,0.0015730878302543242,0.15034195890837768
0.011245963387240572,0.0015297741620548923,0.15003064198481253
0.010983898728539906,0.0008704482837726756,0.15000902493045354
0.010868438169682002,0.0013343782217518573,0.17053944426163664
0.011484278759968197,0.001029303590669685,0.15031159380584955
0.011252632093673049,0.001656796609249343,0.15018296764387656
0.010949218308075763,0.0012303219529705995,0.1502018632980269
0.01086612265753185,0.001326430126542392,0.15054404379171024
0.010892629233832048,0.0012398181194542104,0.14997056493889627
0.010950401865549722,0.0017812290840931002,0.15005685370801405
0.010977605741712049,0.0017238586797886561,0.14999430677878073
0.011118847924162047,0.001405880531065505,0.15833739500893146
0.011387522795245587,0.0016185443740239609,0.174029126312289
0.011321320746679433,0.0011978113165695124,0.15685259750889688
0.010815789678646107,0.0012715479050263133,0.16531453052375136
0.01109089855398251,0.001224760697404186,0.1499642016614469
0.010897672312425515,0.0013120238869654824,0.15017103526057154
0.010917871827431445,0.0014585094800879175,0.14998504046635763
0.0024146380372055205,0.013417227034539358,0.09915381798793849
0.0019099051219245034,0.012569536882761282,0.09924703532756224
0.002043320336111398,0.012864278656395936,0.11169183987100484
0.0021857402894463127,0.012925468132737742,0.10646261663197909
0.0017937561138669114,0.013331192276142038,0.11053147183243593
0.0021917822322306186,0.013140211069852019,0.0990755909143104
0.0023277418851341937,0.013110946732379005,0.09893600174396319
0.002499205641866512,0.012667856548364543,0.10289206192780295
0.0025319358984877637,0.01277506852718406,0.1114622750899335
0.002275670133557598,0.012880502749068996,0.09917466511992871
0.0024417604450433852,0.012950899690931574,0.0990656492275413
0.0022490785664145835,0.013253665544331451,0.09894388704432389
0.00207714239076489,0.012957909411092684,0.09912145177720293
0.002111989306791633,0.012724160298180302,0.10173145049258182
0.0021641478046233354,0.012863960593522504,0.10467878177677505
0.0026417753964358037,0.013151368470817566,0.10857450477272321
0.002369274500730615,0.013246488256538224,0.13799402241845743
0.0022726350437629805,0.01315099849156355,0.09911680082876696
0.0022036992692661987,0.013111049271259516,0.10255903928141626
0.002612610996348728,0.013096577232759154,0.09907616852669593
0.002437993239414149,0.013054113105235422,0.09905142344373848
0.002366049023847468,0.012982616383137387,0.09891995795565951
0.009124583958726685,0.013983800839570739,0.16639496105189716
0.009001781032865424,0.014150018879658707,0.1673788474513267
0.009050485467409532,0.013599686840014934,0.16637204081680157
0.008907979190900672,0.014015178910845619,0.16644027765147593
0.009040269260043454,0.013451861381752993,0.16645204047271142
0.00938062438169009,0.013895162457257516,0.1675826987480019
0.00889079406971657,0.01353757268641742,0.18969714882558325
0.009351629085238525,0.01382692083385269,0.16639840098111042
0.008973345107564668,0.014336259773318847,0.16749819336767863
0.00913995843892206,0.014071823175378818,0.16649103723457603
0.009555854427522818,0.013645450680208669,0.17391937414881248
0.008890407476245591,0.013981830203569617,0.1664065533625084
0.00896415091804578,0.013658870862514572,0.18420136264441062
0.0088771966768409,0.013844721665584559,0.16636387240839273
0.009090222238785093,0.014223647384774966,0.19729664204530023
0.009129597167708307,0.014045533533855669,0.20005244061831584
0.009030246736400372,0.013651163673292652,0.16638930937111474
0.009092383842405974,0.013380841318432606,0.18609154843865605
0.008857435076121491,0.014165981054794762,0.16890454925819218
0.00893848414122686,0.014049938769613829,0.16645362823894494
0.009007814383724748,0.0138329340817864,0.16953874353134102
0.009382697289267558,0.013554890822468106,0.16972538789273384
0.009006242572397365,0.013828930919434344,0.16639151461952573
0.009096400220595663,0.013672308336831387,0.1873619985685977
0.008847488091348863,0.013675651886299389,0.16756958705382807
0.009229139982907296,0.013827443805939916,0.16663300747271517
0.008931247483010656,0.014175293648021458,0.17473957456006314
0.009295110045178672,0.013811685705556707,0.1669169379135078
0.008940905300705106,0.014088656337007677,0.1663899662318191
0.009318097255518841,0.013882802383753749,0.16645204400179503
0.009299655158016822,0.013633331561856548,0.16638558892622204
0.009364125597405334,0.013969878941358416,0.16673096286270558
0.00895825536307598,0.013888901085834068,0.16636831035488125
0.00929471308942985,0.014069982990014183,0.18349382021678107
0.009316568469976626,0.013744513872736763,0.16639287689019905
0.00900774613878424,0.013964163865260627,0.16773332590364087
0.008838527872907696,0.014134826692492218,0.16730516073758897
0.009269340441796413,0.013689057374981703,0.20062632150343296
0.009279938686363688,0.013895446223237823,0.1681179145792584
0.009335774569888282,0.014162007997698754,0.22867154432221456
0.00916229860729006,0.013772108982162475,0.1855069701250824
0.008955418122782943,0.013858030509840774,0.16637670615006234
0.009052008473483891,0.013575410754966159,0.16642514543870635
0.0032389256199405756,0.00789092518896539,0.216732626086724
0.002796200402237222,0.00735430898442241,0.1803108975460469
0.002664359855434133,0.007455585526635427,0.17982914199921143
0.0032549622113049914,0.007532606487086338,0.1736931711475709
0.0030923813358146855,0.008142324819914165,0.22514847131710522
0.002866912192880657,0.007753068198171472,0.19895005738803356
0.0031176664931912993,0.007470990454317244,0.18257587959025062
0.0030756837913331492,0.008225968823123438,0.1762665768764339
0.0031391050064894653,0.007884966035280916,0.17253380570681415
0.0029822965823923233,0.008027016568507007,0.17258296969016523
0.002653812617668054,0.007980648133542866,0.1754824992625467
0.0030200334437048885,0.008008817007624652,0.1725486403148309
0.0034689227958498953,0.007591787756597105,0.1725280920240428
0.0028968892694295643,0.007427136021619412,0.1725504842327113
0.003177005371966093,0.007360026233852287,0.17378645524745742
0.002983823651515779,0.007652737476593271,0.17262380191194238
0.002957719193405393,0.007640072684243636,0.173489192543988
0.0032512299044523065,0.007957009299186458,0.1809678195813336
0.003198870139547631,0.007353354291278439,0.17254034820151815
0.003199029596140478,0.00813030076201542,0.1778254566764236
0.003242630319263408,0.00789265361418629,0.17263194313684674
0.003343400202882514,0.007395176500303059,0.1781878775011282
0.003410163574380485,0.007609817100921595,0.17258597778175505
0.0032673032524256377,0.007809311213026919,0.20352010515020663
0.0031241981360379,0.007775108286205953,0.17253323099214965
0.002985162310793636,0.007990621470954536,0.1947965478292341
0.0028274853709558917,0.007658273508893296,0.17852489585208478
0.0033103158432511402,0.007752725573361652,0.19190251343429188
0.0029777865817841222,0.007410652625662336,0.172574905407455
0.003061742247980392,0.007942402856337245,0.17267643406127348
0.003011783301904592,0.00772798825906942,0.17262765385319526
0.0029862148750280943,0.0071963301465048915,0.1752685604430504
0.0032139791378506294,0.00789219156583346,0.19951692807605678
0.0033663293071820102,0.00789686741205749,0.172569094871552
0.0033041594232306663,0.007539311947290899,0.17255579001527255
0.003147143933241682,0.007918085560293346,0.18802440267686615
0.0031000856805508434,0.007648024092695703,0.1818156312122019
0.0031435512712171755,0.007924742158989341,0.17628109801268577
0.0030712241312327924,0.007608032725432366,0.17254515958810712
0.0030589342314645772,0.007752435402400857,0.1725272519398678
0.0029999690978134864,0.007784295369133983,0.17566559977316692
0.0033300393906182607,0.00769181991858837,0.17269028449444299
0.0030221509499574503,0.00797453584742872,0.1733249647113391
0.00334409021072674,0.0077496216078861814,0.17303174842612712
0.003044217421776817,0.007805850601916108,0.1740376914529071
0.0028980633083061404,0.007459029852808042,0.17255985252516629
0.0032309429431693886,0.007963860833291616,0.17257936068152332
0.0031310756688620496,0.008261929572547923,0.19939152099410382
0.0030494781841084104,0.00804437869741347,0.17260371589349277
0.0031532256278144475,0.007685566748131476,0.17408558500603527
0.0028773846192895014,0.0076578145329746486,0.17253499681680273
0.002780611131815788,0.007603440527057017,0.1749107608783398
0.003035083236492387,0.008012562675445834,0.1919135839246698
0.003083134260186507,0.007818331837697827,0.17255561138813374
0.0031687126703436783,0.007537643413677433,0.17625329037048942
0.0028916481347122302,0.008042787155340975,0.17322959735115676
0.0032551285849648664,0.007906143909457906,0.17802122661097303
0.003088813390296727,0.0075849917625734715,0.1726815354294342
0.002998447231660331,0.00789521872571941,0.18406135273125518
0.0029525134968884396,0.007767269919539198,0.188250748927197
0.0030525989025728816,0.007840320900488968,0.2019062846487585
0.002773572965281944,0.007623394618688774,0.20517575397305626
0.0030132457088439795,0.007584881254842204,0.17260077088818565
0.0029264009346512327,0.007769758858956593,0.17262517262392407
0.0034252557779240246,0.007425698590734629,0.2008946521070445
0.003100923586091078,0.007625784488591936,0.17279176519032788
0.0029523090824051866,0.007773820525290497,0.17271393929658305
0.0029394451214933147,0.007813747465193137,0.17255405726000392
0.00319249318867412,0.007536855736226207,0.20553523515642097
0.0032634933258395135,0.007486303261767825,0.1992995937478241
0.0028880160392572257,0.007561084867390365,0.18658909334463403
0.002878531861898521,0.007434421948982325,0.17737575563730007
0.003130835498107078,0.007597635646469458,0.183342388877145
0.003057833545991062,0.007577831613232243,0.17278822719609266
0.003140272578010744,0.008039042668232601,0.17308835561269112
0.0031408479877371954,0.008156316375497536,0.17259650640531615
0.0030753319475076936,0.007686450363978416,0.18166509402216469
0.0033839366113696243,0.007808248802658046,0.17625488631810518
0.002955613692932509,0.007825887895449019,0.19072790713743873
0.002689723919888272,0.008027351134867113,0.17257877059820456
0.002946248443610809,0.00759127867273302,0.17255243257244027
0.003052837824984295,0.007934198326914377,0.17296539656184481
0.0031606320583131057,0.007673962904747866,0.18580747006156906
0.003057680586210439,0.007997144619649545,0.1730644952475993
0.003074008137429855,0.007945794183948762,0.18778600229177136
0.003103732568238739,0.0080782533846198,0.18726985972575572
0.002857676469346029,0.00808518616262898,0.17253647600658203
0.0028168002345102705,0.007908135139856021,0.2074110857491389
0.0031366937847752243,0.007607039650406645,0.17360359135043144
0.0031971882352028382,0.007875537741970324,0.1843839297838816
0.0033965522698995946,0.00792895882356461,0.17264284019541995
0.002814413383920706,0.00802065654038956,0.1804753520366152
0.003136106615521508,0.00773526725326304,0.17256335781533072
0.003473088648751787,0.007785310348831765,0.20935164836179504
0.0031010187558270794,0.007866382922800287,0.17370781596292323
0.002855145894431932,0.008000444813836459,0.20608632347813716
0.009486579958206646,0.013665699260706406,0.12231509984543333
0.009710525893324306,0.013801481697601358,0.0992639138517488
0.009381032033249012,0.013788048729144613,0.09936150849314603
0.00964752202238426,0.013938212392361897,0.15808437041565138
0.009124194210459529,0.014008863003541622,0.11820295090293576
0.009785191804390766,0.013993407823718086,0.10753621886718491
0.009044567433914366,0.01368466946945186,0.13553802682122226
0.009501705746934128,0.014190203548148502,0.10357323440424711
0.009187247529168571,0.013973174267579243,0.09992174576087402
0.009423134265605647,0.013955187183940556,0.09948443373912876
0.009253777839495728,0.013720195112550881,0.09940521057165881
0.009222712909445877,0.01393714038400403,0.09935651613236479
0.009076420599418487,0.014026328499218704,0.10013125579223284
0.009292512465343423,0.013662799917769667,0.1384581850281159
0.009662558554093831,0.01381258569662367,0.13960001876479464
0.009637388951541008,0.014133431933812236,0.09953316857720583
0.009121912641570543,0.013572034764423563,0.0993405517362155
0.009282662936396836,0.013685117411603432,0.13280842833563733
0.009380516116968562,0.013896419828231869,0.09968098767943195
0.009366296805173717,0.013837149695224352,0.09933071403053856
0.009242765127983206,0.013753099090577108,0.11034732907169878
0.009569928375259412,0.013754888864074204,0.10973158674531945
0.009160915169132899,0.013907840878355438,0.10466207932144897
0.009765826526953266,0.013920379987046897,0.19725591636252965
0.009455130363606646,0.013890138824487471,0.09924990006415442
0.009329411421304433,0.014016584530481224,0.09975962232424554
0.00961148889399128,0.013945853568872459,0.09926763211443136
0.009376378772196225,0.013862644415704504,0.09990349427390431
0.00954478405739663,0.01396233188172739,0.09924300844599132
0.009160777660852094,0.013785037394455414,0.09925377314524843
0.00959364499104235,0.013900455211852427,0.09935140149223522
0.009335125849534914,0.014381386647075977,0.11841441368288518
0.009816280330055516,0.014133388842929816,0.10084928014476136
0.009425572884163298,0.013911136188247157,0.10017843424266201
0.009478716183614195,0.013954779934284331,0.10642358187895962
0.009383280603930372,0.013829966726757494,0.11209219381315286
0.009297605163681883,0.014157915376434259,0.09929294087915265
0.00980151080254701,0.013588591589741256,0.0995452533003702
0.008994122382337422,0.013844470669389475,0.09929260297788463
0.009751380732532712,0.013957357525509936,0.10178160995295045
0.009252610292717385,0.014011054141067542,0.09929255974891227
0.009659572059362099,0.014146094488614513,0.10055166085313207
0.009343191587628098,0.014028386223076153,0.10046994751089804
0.009576903402802399,0.014236101458459285,0.1474592122224867
0.009453141197728982,0.013956804252800709,0.12467115337868614
0.009596981032881811,0.013675991121012199,0.11191439051618376
0.009484549901729212,0.013941499038932444,0.10127297480718278
0.009367208962506151,0.013942078325056876,0.0992630829413352
0.009462662687535728,0.013943205880015918,0.10750024483731029
0.009231785442583748,0.014125706113750669,0.09934155353879705
0.009663815719628151,0.0144673729045523,0.09927392940037331
0.009584941448296155,0.014593320040171378,0.0993611140297217
0.009438657529111908,0.014142847570174292,0.10237489448167084
0.00919734164034765,0.013612097169292911,0.11402959410378877
0.00926843214507202,0.013809157688703404,0.09929965405070153
0.009288885750278433,0.013923450359337723,0.09932706535179935
0.009238692850535642,0.014094107720636073,0.09928643746154321
0.009504088242311266,0.01389707960199058,0.09990802554097358
0.009572928044148579,0.013669355033525786,0.11442662364724934
0.009235207691477702,0.014020089742863655,0.13270950737173023
0.00972807447821899,0.013912054212329878,0.10224243814957729
0.00967848547167041,0.013722038255954595,0.11290364636504227
0.00990963388187938,0.014163189627372855,0.10304395565941028
0.009443903195980026,0.013812515472998797,0.09926285266707731
0.00890933225939569,0.013933058493060401,0.10073204957242482
0.009505307319405519,0.014054937873571649,0.09927948342996692
0.009372536998332638,0.013880000339548636,0.10015926226625863
0.009486712624195204,0.01393849724849234,0.0994199079066824
0.0092722794417066,0.014157176805300674,0.09936494476342353
0.009745760106436836,0.013951331899240856,0.11723324638493303
0.00970241426742021,0.014057618890229339,0.10107638765481892
0.009545284619541147,0.014005145544094207,0.10266803589808164
0.009427377634398491,0.01393947132531578,0.09926657269822717
0.009751449893753778,0.014407361266073792,0.09998710700191561
0.009475569883300498,0.014036640516433201,0.12619339157808213
0.009462098063530627,0.014213691946626233,0.09924428815794463
0.009400854269663127,0.013931274120319293,0.1013164749587273
0.008850556662398151,0.0055141560754363855,0.10019312397536045
0.009097387180719698,0.005737888828058456,0.10397675882334187
0.008855272727868397,0.006021491819045242,0.10073026884802559
0.008781393642036235,0.005836466103190554,0.10020959842589494
0.00900450782821682,0.005971499743136249,0.11015877160557094
0.009132090648469543,0.006000866513751323,0.10698350730909559
0.009174949679529346,0.006099967239969287,0.10060561292962955
0.008599716220169836,0.005592839710317231,0.12561942573885593
0.008972438248373751,0.005838631473108507,0.10020467375475012
0.00905949301138158,0.0062365414110427545,0.10026974745111046
0.00863832320392941,0.005911344579870493,0.10022880467142704
0.008863697775447023,0.005829866729503797,0.11018038708134245
0.009050635744814283,0.005584466546792575,0.100613290277638
0.008560705659585464,0.005708110238696843,0.10029270912847715
0.009026322561007768,0.005496466305066929,0.1274152815177485
0.008898037766359541,0.005900768915530952,0.15889601135638376
0.008784235256180958,0.005791468106620054,0.10225197630541005
0.009158218419291613,0.005934401423180617,0.11704846121753798
0.008871496926166213,0.006312061244020928,0.10022103380486666
0.008774870466876108,0.005883815181789433,0.10046027507961935
0.008870746705145566,0.00526137592839505,0.10021751876288804
0.008719471994739603,0.006000302345775296,0.1006987947332095
0.00866901111681172,0.006036569950233769,0.17852682333728276
0.001568671134828772,0.010450151162606539,0.07654433010271434
0.0014080185813802471,0.01028036151858123,0.07184861350164878
0.0011776060531102077,0.010160479954553934,0.07404227201614189
0.0013455502580171329,0.010197401977570485,0.08031006919180649
0.0011796307504840723,0.010124110716494288,0.07431246726212491
0.0006821528640546845,0.010284639044369763,0.07185858047585385
0.0013268766171596964,0.010118042681390799,0.0718582899030623
0.0011823866331993908,0.010225818274274122,0.07206652971612564
0.0011630401379640813,0.010285685177697571,0.11969762608683013
0.0012106943158228431,0.010445355827069592,0.08572002985278077
0.0012070175795219676,0.010249705783935949,0.07204134295522545
0.001041715552913651,0.010655136355214367,0.0721406563154069
0.0012667583829558769,0.010208669828610146,0.12065356121143252
0.0011844283794309246,0.010506205590024669,0.0729510811072361
0.0013505850966266464,0.010575995294001009,0.0729443893908398
0.001330199771197741,0.010229609141808744,0.07185769573501345
0.0012570003045264358,0.010272083452400327,0.07228801953593023
0.0008313652045983913,0.010405097913718728,0.07187736378869673
0.0013483273535628308,0.010674019936668295,0.07191328506159866
0.0008804736092701019,0.0006694863053681049,0.06965898059850267
0.0007777428330741307,0.0005355853222080575,0.03845486273372214
0.0008487767413020225,0.0008907292617367369,0.04000533671119313
0.0011228250127895574,0.0012335421990702002,0.03850205053708427
0.0009533409135682227,0.0007240618708733274,0.03860083380234724
0.0009276998057264677,0.0010151481859421148,0.04092862527808917
0.00068558058652443,0.0011987279734931714,0.0384745884249365
0.0011264667211998592,0.0015113382905045248,0.04060254299479669
0.0007237046270111513,0.0010400551419079023,0.038497544675295724
0.0009674773182160952,0.000884248191339894,0.038983997860711876
0.0012210803108201438,0.0010443656542405441,0.03843584813747262
0.0010918038423837844,0.00117622072251091,0.045594400032904575
0.0009964635576078917,0.0011719435325246697,0.039369570765186816
0.0008146931735209243,0.0010357727890890297,0.04747497484123513
0.000985914173412464,0.0012719560660554724,0.038434410449355916
0.0004909659046967949,0.001012684341666301,0.04238575163742784
0.000771664735094005,0.0008318865771173882,0.038456592424970716
0.0012939108625799882,0.0015366491013985436,0.03888539250133005
0.0008305903846901136,0.0010832252745527824,0.03846296139255887
0.0009707601847534031,0.0010282450020579475,0.03850973380978256
0.0009698258278917022,0.0008171240478519895,0.038519913175284984
0.0008107532922338822,0.0014084997446453472,0.06751286044575408
0.0011102345952878684,0.0008635377817974334,0.09277553850871695
0.0011946323099935713,0.0013130019217229422,0.03868057737141282
0.0009191238700780363,0.0013769486739378483,0.04064225328925227
0.0009663824600694652,0.0007956121018610136,0.03948618371638749
0.0008948458525277192,0.0012130552155925625,0.04678543643308759
0.0006300583473248802,0.001205160949577194,0.038436533517557124
0.0009804615665222915,0.0010630380220068277,0.03854508710484391
0.0008550540599346595,0.0012585752099989699,0.03891103506167148
0.001088849587954873,0.001255666875815672,0.052766621873334724
0.0009399426629368169,0.0010994198525242785,0.045773340435286636
0.0008756017971238017,0.0010308425941793413,0.038661719984115495
0.0007071003870413964,0.0009184179919183998,0.040629090303854386
0.0011496474563277384,0.0012271256548976148,0.06678910978677188
0.0006865924453207372,0.0012401231473137733,0.0720147503895554
0.000722741057416152,0.0009995879932935066,0.03876268258199036
0.0009436788221565675,0.0009586069720889907,0.04189971329501409
0.0008540137095195191,0.0008024298483807499,0.0389565756964087
0.0008981648797163783,0.000856239037899373,0.04472562994798567
0.0008280868568039023,0.0016150627563653026,0.038870066189445544
0.0011515111525609498,0.0008850117926469019,0.0384412478862939
0.0007613564118369096,0.0013761893246762278,0.06291676393922513
0.0009497483856402888,0.0008161566641879225,0.0385750779079852
0.0008909332106504857,0.0011146545694203237,0.0416297664624943
0.0007984258477163178,0.0012321621257609496,0.03875374403924917
0.0007661503026193364,0.0011958148400102078,0.040000604318323786
0.0011935011715783627,0.0010731518468159612,0.0385135967757357
0.0011125203195402316,0.000785417398735452,0.03845379448622745
0.0007518503341089057,0.0014897999423882729,0.03858043770460669
0.0010802786303914294,0.0008010654109171093,0.04622812726762289
0.0009565004607835335,0.0007436175954761725,0.03907793999986695
0.0011090585103815396,0.0014785579876276838,0.04148194861978926
0.000984815010036615,0.0009291483903926573,0.04940245292589355
0.0005729812006911198,0.001535975957636218,0.03850614625586656
0.0008961822364942265,0.0007035750029783698,0.038450441265307604
0.0005447666398730127,0.0009564678129784787,0.03843361335815628
0.0005443636163837929,0.0011109436960049504,0.04729171383058132
0.0005581323334032372,0.0009667218650768479,0.04233599869228982
0.001043765893755252,0.0009963754455870094,0.040401214729818107
0.0008842614183727515,0.0012287234331781474,0.04478259375297591
0.0007809841377750309,0.0009302160384984809,0.07368552696682018
0.0008896624470308947,0.0010964106161153152,0.04317297652599832
0.0010294624925779956,0.0011433473298505354,0.038511033409751996
0.0007236115070040211,0.0009211036971389807,0.03843268118143458
0.0005736814770079266,0.001415793910158803,0.05636670615164319
0.0007668988927878321,0.0011272073883569394,0.038563866098454185
0.0008894529699029901,0.0011706186803492598,0.09437067668862677
0.00042609659597686204,0.0013941936683906568,0.058523695293761
0.0009427816997585711,0.0013173076598860364,0.07003496159499584
0.0012379274848167982,0.0016504615182213666,0.04721280121742421
0.0006755390641673256,0.0008124554844636346,0.038563606221107626
0.0007756604435395861,0.001193295149434233,0.03879785285861836
0.000524138072222518,0.0011433029534502752,0.05829677022666929
0.000532274475653456,0.0010610790419488265,0.03853198409768545
0.000802808132252755,0.001102606355411226,0.047285031067046006
0.001035067053897521,0.0013585907034771292,0.053786150345110584
0.0009701851712520517,0.0012753792240976568,0.038509010950511034
0.0007607662314753012,0.0014922312899227192,0.04091419060131877
0.000699903235824265,0.000952139651375041,0.045278955679037364
0.0007483100351788098,0.0012032543630279883,0.03875248088797724
0.0008408863167225847,0.0010022750022508813,0.03854199568022069
0.0022540245226081264,0.0071811372197461915,0.14421695244025526
0.0021070039759693263,0.007429671644706891,0.14604189291232894
0.002417554818398729,0.00739929808707447,0.14372840553225374
0.0022581181483219996,0.007315613837440856,0.1436938272382031
0.0025389253183336845,0.007354444436444974,0.1899461955238308
0.0021964683052150932,0.007270688331836161,0.14443338365786187
0.002189199242311001,0.007494023810226306,0.1467822883619965
0.002267361441373281,0.007521417322868852,0.15914648186004926
0.002521711689075261,0.00717710355664381,0.1437051265816903
0.0026133918154610937,0.007738777595642725,0.17280549343863064
0.0020986183082042555,0.007545663727225872,0.1442911760127796
0.0019944114219528452,0.007407491836084459,0.14371897577955878
0.0024037898112920842,0.006892053637557722,0.14373270793621976
0.002266685388341832,0.006913337684368974,0.1437578852052846
0.0022539662170141,0.007215015360171056,0.1437254990457258
0.0025357764564891854,0.007085001259815834,0.1437164187537988
0.002477831434398531,0.0074417160522725866,0.17387362789471786
0.002334208529374245,0.007489708500700489,0.14381387695740208
0.0023172388795227985,0.007483840180982481,0.14375432051188705
0.002069336564588866,0.007246849618432441,0.14796166681499953
0.002426163200063384,0.007193358377462178,0.15522059490178508
0.0022461053508004308,0.007630854238547684,0.14392872346653224
0.002123041918212552,0.007376518582441823,0.14395486707709346
0.0020589739223931735,0.007233427433518984,0.15761174151984125
0.0023583673129104464,0.0075000204203493305,0.17797736884206422
0.002248074507098271,0.0076724522658972675,0.1438452955884756
0.002132657221502977,0.007670223286236349,0.1439446902447242
0.0018380635733551511,0.007468833562476159,0.14622578070013836
0.0025303301985554524,0.007609442880593302,0.16013319727941677
0.0021293530328509334,0.007367947324217525,0.1437170920958171
0.001926219558743891,0.007620670572943368,0.15957833750983486
0.0019177700460446256,0.007439556433664451,0.1439133446451995
0.0021421413310452344,0.007368278047204771,0.143721054528558
0.002250879893027854,0.007318544624692111,0.16224542142278559
0.002234539331633142,0.007072412970486016,0.14369896072862598
0.0021120219992069042,0.007300320248441232,0.14370835232042434
0.0021679685461254592,0.007090367553078861,0.21395514299755405
0.002334008415748568,0.0075982053578719285,0.1437196887480039
0.0023804285957272427,0.007313619782105961,0.16633150388988
0.002209861631975299,0.0074432608008486445,0.14965303837826155
0.0022474900893545784,0.007309171525409252,0.15542714936082777
0.002133739012052849,0.007675417089078405,0.16190667144973958
0.0022391976845067903,0.007383806634982326,0.15291423705740975
0.002553722653704239,0.007451688638778057,0.14370869411907494
0.0020152532599957067,0.007138081743001687,0.14398556590207848
0.002427422348875965,0.0071754795179602366,0.14378157623577537
0.002268237920168807,0.007687616035354262,0.15193183973266572
0.0021358650895628864,0.007519132668759892,0.14369225351195716
0.002373943042009642,0.0071997160743182236,0.1437048989246937
0.0020703448528408123,0.007284776706967028,0.14375117870237222
0.0022870878875833524,0.007280368534795336,0.14372383978589925
0.002211891785745056,0.006926506449498817,0.1521807313201781
0.00198606959140061,0.007367780225844117,0.15368853018929446
0.002300266391794861,0.007031854101325957,0.14973803732786986
0.0024900142104721506,0.007139042957649463,0.15521024042842455
0.0021867386029184735,0.00734336392679864,0.15046658170720123
0.0025926971080645093,0.007714628507988812,0.14369710841350605
0.0021668919704189785,0.007206846037114942,0.1438199540046751
0.0020810193328104423,0.006985832876978347,0.152697687678858
0.002593441657019503,0.0075609906250625174,0.18101924797581834
0.0020639725059982323,0.007269726141961384,0.14751943239886126
0.002155575762387841,0.007423230415007158,0.14647707846209151
0.0024503916536329877,0.007426924351015229,0.1483356248698239
0.0021756725804094362,0.007104363028496754,0.1436930638249996
0.002190523393081224,0.00728272875352555,0.14371411797492561
0.0020468258165927296,0.0071832968184328775,0.16143546109445486
0.0022644663139727178,0.007004581379592352,0.14372632964951804
0.0019150278943828856,0.007216442878336401,0.14376478712737317
0.0024937487339910195,0.007264381681680861,0.14369502585930874
0.002254354520980063,0.007219902455648985,0.14756162104356105
0.002206562663900912,0.007547746743960004,0.14773526189194192
0.002344532129199748,0.007154751437319863,0.1437334174220783
0.0024469251531506423,0.0074710973524328645,0.14436398969826247
0.0023362420620145377,0.007074812726546997,0.14370913740798846
0.0021807185424727415,0.0071123487608058655,0.1588391748796188
0.0022797317813522903,0.007001303533197567,0.15706141083377942
0.0020880719754568424,0.007178622176885521,0.16301321774282987
0.0025928537352232633,0.0072194034196338104,0.1562717234284114
0.0023380468178167677,0.0071222854908762736,0.14370989921410146
0.005390775444626547,0.009765114261506435,0.0707324028003905
0.0054675778502683995,0.009714301828496138,0.07780524028255707
0.005222092390114525,0.00908429543379994,0.0705100679986495
0.004823523961683671,0.009588734427178952,0.06334751300660844
0.005631931609712383,0.009587504749638091,0.06753045641560432
0.005508295526003671,0.009682083340297819,0.06400546996182749
0.005343580632420279,0.009596866029584065,0.07350636854607429
0.005293329303100799,0.009746313145303019,0.06345056196484103
0.0052978561057019,0.00956345959387879,0.06451402314670518
0.005317605649998057,0.00964627679918515,0.10929586454285808
0.005352960733465366,0.009478481336735619,0.06605975325079681
0.004980533094700186,0.009816772458575835,0.07358501606880605
0.005429688643505032,0.009474290286102085,0.0633784283319106
0.0051822810723635565,0.009951847613074327,0.06337020480246784
0.005592868226036523,0.009599801024205027,0.06762240784608535
0.005061445075061541,0.009407876463357733,0.06652337359278217
0.005615900344012454,0.009811043037969465,0.074121787257576
0.005349261884239232,0.009758473952332479,0.06333962699552223
0.005268184440995523,0.009209186952266808,0.06879369987265703
0.005280497710894919,0.009492566058380742,0.07554843472432987
0.005672420251385728,0.009910142494580257,0.06941105435688856
0.005036017961182306,0.009538218788892841,0.06334130020603872
0.005279260300745249,0.009565109667191828,0.06821318743107185
0.005432902890986168,0.009313081379942276,0.06333830869457291
0.005319754913371138,0.009349420215827853,0.06352975437276501
0.0054742669921406615,0.009882019425513176,0.06962700538059789
0.005184261170889038,0.00922011666928599,0.06512717776370501
0.005431526788610546,0.009485430020378839,0.0635881059730173
0.005187893187293076,0.010015576100665266,0.06335121573013286
0.005482310575534933,0.009807824394885272,0.08046242163840142
0.005038758767453986,0.009082433601140237,0.06370034639548533
0.005419642753101265,0.009410619721787706,0.06405897146141468
0.005305260040802999,0.009463424594318273,0.06357846027969262
0.005207934716781458,0.009624213363338213,0.063461128326665
0.00516525307984418,0.009462672603616192,0.06361327338574421
0.0056005014493096875,0.009489240809857287,0.06341147547617076
0.005215630473005301,0.00992503944214581,0.12016548275895905
0.005370300593748403,0.009347162862283624,0.06338002163758946
0.0052981952641845765,0.009370963133247583,0.07779248036680664
0.0057314901867285785,0.009991977827622732,0.06333810583802763
0.004902711428374062,0.009583763764557194,0.06333811000188672
0.00510343474345125,0.009639364728771345,0.06337042599132424
0.0053844074293148934,0.009590078489575946,0.06336721132731027
0.005593659228678988,0.009864883223737903,0.06334997631273825
0.005167947087772429,0.009319349464235332,0.06335841489930175
0.005224209442127772,0.009647576380454515,0.0634357760313765
0.005379272345003935,0.009866815401752344,0.06352803665601663
0.005786694152981861,0.009530305974659663,0.06535189819941033
0.005452744725680648,0.009154780103513865,0.06361627525639303
0.005414045824406941,0.00955748069510772,0.06448772271524883
0.0051777387133085636,0.009133936862084559,0.08013521170141596
0.004901606282130834,0.009420084578462167,0.06336750793757695
0.005160453901150408,0.009840160694964566,0.06337415189190236
0.0052630167596739805,0.009554746918231686,0.063396347987286
0.005539158304843058,0.009649187993051749,0.08254320343948983
0.005228882164894359,0.00955924223953354,0.06348713028217226
0.005242345438752191,0.009473085019411409,0.06337973079455056
0.005606915855193421,0.009657251342646927,0.07228134653287957
0.005489846153839757,0.009672554555433808,0.06685911077554296
0.005267197161046356,0.009003065644077456,0.06427795163833722
0.004969355021317489,0.009433011432695499,0.06336008120357907
0.005261288285421048,0.0095312212475455,0.07320385016146082
0.005708326638007067,0.009340647465858118,0.06335870014706785
0.005405054797755998,0.009424311386193812,0.06336781989902468
0.005619199541624752,0.009375495928841767,0.06334278101575641
0.005546881014715085,0.009529496690062323,0.06908318120897661
0.005189365009374526,0.009558760890197266,0.10496336606958645
0.005309031561126914,0.009595049914628865,0.08110976501308786
0.005625079273323928,0.009892109266034347,0.06675881370538167
0.00545254314808829,0.009587974228566252,0.08940334854870981
0.005298382668596651,0.00955957785814243,0.06336939563655392
0.0055407537767727146,0.009318638942395107,0.06337100208286235
0.005326465273905835,0.009488358490746168,0.06337354591432738
0.005226297801416151,0.009523937319915434,0.06343489378366696
0.005441526955556653,0.009428402200275871,0.06343510291720367
0.005376050782168201,0.009601961217860954,0.0686866112673357
0.005545149299797937,0.009564306797904777,0.12750403759833454
0.005077038278950854,0.009555902858556726,0.06336854117560874
0.005486102176589546,0.009473294597466222,0.06347137825111576
0.005262836494755055,0.009373229521441226,0.06707380167371899
0.005586659015391672,0.009427354769199503,0.06766161776909518
0.0052543817710253024,0.009517469520843078,0.07297670830094727
0.01106727266030655,0.0003104465100910987,0.12662915905781796
0.011190077085170785,0.0005705944179173405,0.12592454025412606
0.011422984999304853,0.0004650358789599944,0.17003737913244313
0.010997367982018277,0.0008227724332690793,0.12609480497215894
0.011110266496780735,0.00022787018533871906,0.12589191733672914
0.011027412069050706,0.0006487301047567593,0.17532745817037965
0.010622485285096982,0.0004171929681596944,0.16441849872222666
0.011176822997912767,0.0007243412874749117,0.1362369881770772
0.010871244288601754,0.00012346500417306859,0.13085772452776692
0.011249193906651992,0.0004949458104723733,0.13267038413799656
0.011013711006031685,0.0005191419097579701,0.12760748024343907
0.01116241056115477,0.0005458077211078935,0.17660934195641453
0.011209328221203957,0.0008550339732222372,0.13042706145119884
0.011019061559668107,0.00023989313892564435,0.12588401147086029
0.011237429080445045,0.0005328069590427475,0.12595479824699066
0.01134991315660019,0.000539181377310204,0.12589516319619254
0.011627589359761156,0.0005156108733451601,0.18089804443603
0.010673996938706173,0.0007700325646561887,0.14608353444864333
0.01114348449726958,0.00031406581979698196,0.12590864364666732
0.010819824174135942,0.0004275692167269524,0.12594085913421754
0.010884012557006075,0.0006371900170998195,0.17303359579988947
0.011150454468063899,0.0005290468514822088,0.1258917319795526
0.011044322895159863,0.00033631318968509367,0.12723082667162458
0.01095825834251199,0.0003420875499230273,0.12602201789208942
0.010827378486728809,0.0005012751952286475,0.1362011501679711
0.011311712391535994,0.0003020448262140308,0.12900465457326543
0.011362454036506875,0.0007472496940268828,0.12609363725120673
0.010882996423980022,0.00048773270224745517,0.1259264420456806
0.01091236665200366,0.00013768588495358672,0.15138442476498953
0.011248713770394148,0.0003783188754906942,0.12594512700591035
0.011009086854098944,0.00011379857583097548,0.12612713442801216
0.011249437561361566,0.0006269991796124536,0.12660770689344297
0.011155171062299761,0.000438171157377353,0.12598506082209612
0.011065191313085414,0.0002751978198684635,0.1266181436327201
0.01125419307618322,0.0006416955308688793,0.12609000448331223
0.011292017386475369,0.0007651691038265979,0.13324384074552686
0.011398618642229819,0.000505611383362916,0.1712615931607624
0.01106176069428733,0.000773695742283997,0.125916771442572
0.011314524984060019,0.000700527057628392,0.21142489698561137
0.011061930188216279,0.000591967128479214,0.15358229321168937
0.011045929130627704,0.0005252603268588335,0.12588139571689258
0.011243834281224593,0.0003249632609876518,0.1262352654490023
0.011169703097598897,0.0004459599723979041,0.14791248962566217
0.011004516219933131,0.0004127902546457417,0.1259038636959812
0.011027027200413774,0.0002013413919267839,0.13881881697676135
0.010775734830126539,0.0006273802299439755,0.12613078916439305
0.01138572284588815,0.0004329205859717091,0.12603340837682825
0.011193440789712638,0.0004548724545697481,0.13371492419012387
0.011273850456312864,0.0009131569342414271,0.12589708471597127
0.010914352467605672,0.000718726574945533,0.15450017001371935
0.01096933865174383,0.0005427496491097247,0.12598285651008231
0.010822910527518853,0.00010427168621757508,0.14110477472956978
0.0008827861803573804,0.011838070560127367,0.13098995766926652
0.0015119439046855005,0.01161368400230456,0.16695534117438582
0.001114234258561978,0.011722734304143199,0.13121447902536343
0.0009108304575785817,0.011587126760834857,0.1516978574689482
0.0011421742292785906,0.012012394913134519,0.14667084594914975
0.0012357707868740167,0.011966930009480696,0.13096625998654401
0.0011417606697288515,0.011883383261220763,0.15332658153702058
0.001130815167677645,0.01189209371703264,0.1314678552844318
0.0006264179511207785,0.01208456183691156,0.16908236622055028
0.0009697653550009456,0.0119705066884726,0.13469692074188322
0.0009529741791661008,0.011621528062079058,0.13135480588969647
0.0011478227562426529,0.011791702274709836,0.1515506162652472
0.0013370800709943806,0.011752628092937376,0.13099228138009292
0.0012925410721539704,0.011786451977461311,0.14300187340100137
0.001292336694624718,0.01205249480638232,0.13109995831037977
0.0011720127297742263,0.011749071360348494,0.1309937926277753
0.0010859572503439643,0.011739901440193656,0.13233122148186122
0.0011025611820759088,0.01188229944361982,0.1309883311219458
0.0010600282446806082,0.011924054637548741,0.13903213298598005
0.0008680562297446107,0.01176596786903503,0.14241190610217966
0.001134921227335064,0.01177842706596942,0.1448947971446057
0.000955060110461611,0.012042734984523398,0.13101491410284266
0.0009557593560148461,0.012142434215903096,0.13100196708635023
0.0009352016382501828,0.011651490209792703,0.1310127342105742
0.0010542804022726287,0.011849216172709969,0.13098270668939238
0.0010496144835113073,0.01164007965304157,0.13097478769295273
0.0011602928994569996,0.01181860735366101,0.14914841390757186
0.00127847339932576,0.011457825775439854,0.143504178210816
0.0011357242469183662,0.011862079254376653,0.13103496847529145
0.001185906483933994,0.011524505045702368,0.13106947773614794
0.000604097989721244,0.011817663299369929,0.1309834925898145
0.0012170302777998704,0.01167310980264092,0.130962880378205
0.0009459307139452717,0.01151786867714643,0.13608586732358294
0.00086192043216006,0.012105631197473307,0.13116039698519022
0.0011753267203709501,0.011652888916940413,0.13102030121816574
0.0011205083948331695,0.012212754517880457,0.1388098366309785
0.000974013256302181,0.011907695534874438,0.14124076603809446
0.0011059961629206027,0.011883454120080657,0.16232900181401097
0.0010574716169496651,0.011641835817174684,0.14194695439122076
0.0009737756025531476,0.01171684252452622,0.1413651242637857
0.0010697684215404178,0.012110169254436656,0.1714445356773298
0.0009983359511363014,0.011788857141758539,0.13389594322889417
0.0008463241673746331,0.012000828475135028,0.13096803381801095
0.0007622195665720983,0.011612207677203305,0.13114699461890736
0.00110643490703452,0.012054104282994286,0.14578614571242654
0.0010611933204629862,0.011826981530392282,0.13702456904978816
0.0008320821993706698,0.011963540961020055,0.1309685235485927
0.0015282422743452756,0.011838249609096086,0.1371843005432584
0.0010112186264104497,0.011792566729912165,0.13098758720109807
0.0007023601248662874,0.011547933547718492,0.20958027985711014
0.000782030798230752,0.012233558939101077,0.14428916619028723
0.0007321081957451695,0.011524864519702435,0.13950187520588164
0.0006581791020146542,0.01171726294349548,0.13636053661197672
0.001163013461212368,0.011741351614590612,0.13096836185728067
0.00121957490591194,0.0120012812697445,0.14025905810121306
0.0011022986385458321,0.011590832838786865,0.1310829217714997
0.0015378034787677417,0.012008046441730875,0.13096927668138025
0.0005510334827914666,0.011759725952398572,0.13747860452803534
0.0010100478602491033,0.011585314920621195,0.13096044879690508
0.0009097386999520149,0.011808306632933765,0.13113706711739398
0.00104270658104083,0.011722589556895284,0.18777728015816464
0.0008016353777273351,0.012087710220082357,0.13120973843459452
0.0008197524560592556,0.012092152066946221,0.1310484677740959
0.0010916637079334604,0.01175658903076285,0.1310227622458824
0.001211043626101876,0.012238685568280528,0.13738063586286606
0.0010210318064039618,0.0118699288751755,0.13124360140291685
0.0010396008115586208,0.011996653047134844,0.13903678310773926
0.0010775044129116207,0.011692065314104614,0.1310456236294014
0.0010950620065077073,0.011970178833756987,0.16995609083941848
0.0008537615899696321,0.01155156425553369,0.14052218893543378
0.0012969902029072648,0.01173815176509624,0.13117875598598588
0.0012941669176233022,0.011775689202096151,0.130977764705263
0.0004328130435119061,0.012027400323474867,0.06907024705235251
2.4165620189414618e-05,0.012205515390792045,0.07856631960647333
0.0006870230942822922,0.012014728148050182,0.06915472616640593
0.00033198961455254273,0.012148600432903146,0.10043704103483553
0.0008981863967829843,0.012236803890463057,0.06893722777843167
0.00018086625885239922,0.011940236368945444,0.08170105234927356
0.0002445718189258853,0.01198789461208244,0.09273004559709942
0.0004804787276667064,0.01175446515539289,0.06893108862073025
0.0005748011556473341,0.011963795284697121,0.06894855326218072
0.0005575441131540066,0.012036378576759054,0.07194668170662058
0.0006459204356893965,0.012160631349911166,0.0690782175816937
0.000781034413607824,0.011831817663092317,0.06892525759200906
0.0005941171458499602,0.011729090036750966,0.06974720735610519
0.0005054489108568155,0.011804015745055473,0.09047455589399957
0.0003514833038030784,0.011823584779689476,0.07546484442351846
0.0008178044349734974,0.012138095272498976,0.06905620421080612
0.0002474102659342863,0.011972363151328077,0.07687796471345527
0.000280077842377861,0.011593607566912374,0.06904545582069833
0.0007280497970628334,0.011904874709860964,0.07900484100754444
0.0005915042764766296,0.011977459289509372,0.09696393106370241
0.0005022638300111994,0.011730563628589435,0.06935220777056698
0.0005926235883755039,0.011928529583337944,0.06899785174160744
0.000798583916498539,0.011874520987642509,0.06894138320104956
0.0010792363915393816,0.011479075833289738,0.0689847380721777
0.0004761925023193796,0.011963057267120304,0.07106181218363172
0.0006645596293052894,0.011898654475181177,0.06914984775847718
0.0008610194608517505,0.011813368478886357,0.09656102944363762
0.0008050504913018957,0.012094775145337437,0.07588889795583338
0.0004536135046009926,0.01176434700213769,0.07073990801231354
0.0008327456286346875,0.012082374740737417,0.08541221795998506
0.000839861569460898,0.011809287785730415,0.06898106275278716
0.0008855712030609575,0.011955661324013201,0.07143788524399856
0.0006929167864521875,0.01170257816278219,0.06921057131587592
0.0003786112166979179,0.011714481612431032,0.06894784023116723
8.863750685086767e-05,0.011865139787468853,0.07702564467093999
0.000812653631096661,0.011957012294553579,0.06927106623097952
0.00016220290218964332,0.011936078521018856,0.08912220348771975
0.00046375690762491626,0.011974958130880977,0.06896199045755412
0.000413994114044044,0.011664058444096688,0.07297257368736045
0.0004201959875767146,0.012298200863816791,0.06892189984661842
0.0006057911051489806,0.012245769234016598,0.0689636808285687
0.0006607949252142135,0.01200844442692924,0.06913445175491433
0.0005022314059247203,0.01223194951717315,0.0872048337918222
0.0006940549010660053,0.011936349266373353,0.06911915067541871
0.0004595983753562014,0.012095836946745814,0.06894156521068548
0.0004824319299611115,0.012028253765592961,0.06893228344068957
0.00046415907240550484,0.011767548383452401,0.09019394963659846
0.0003912764211284061,0.012244298855713216,0.06893039992890058
0.0003265505077404327,0.011988622064855634,0.07417517059566064
0.0003268537761159097,0.012039363589250635,0.06896602884746819
0.00042184613040326016,0.011861363810535831,0.07145298419829706
0.0004168845955311168,0.012293120860703579,0.0689665370585178
0.0008084561493035703,0.01139476710592024,0.06923318826551052
0.0007386650524928409,0.012016208322276291,0.06895128226030567
0.0006458445103430059,0.012211484748785714,0.06917834125865427
0.0006185932051352951,0.012092265530525777,0.1089896409221558
0.00047539129575049335,0.011779072722870387,0.08631296656295806
0.0006967360159396445,0.012055484940794042,0.06987660833861652
0.009812478194619114,0.0022818965418148823,0.08188745876519096
0.010175085021101659,0.002304265975025701,0.11627284168411559
0.009722257839981372,0.0023152980595651323,0.08185802418130027
0.00978755505101406,0.0018727431467542692,0.08444464530005695
0.009846120779626374,0.0023359823248631662,0.08199980801446702
0.009721745356340475,0.0023253186579183663,0.08189170270602289
0.009374389537929505,0.0022485334208630554,0.081925754529991
0.00984734681898266,0.00216925167971707,0.09342698692309617
0.010093931681325295,0.0023684794737149645,0.11979072126444928
0.009778274153962617,0.003050730991072939,0.0819694460942425
0.010254260379391469,0.0022097762970960323,0.08450852202512874
0.009971244236749692,0.0022616055764410757,0.08190794445708133
0.009604815437674039,0.002731314356576333,0.08189040383725181
0.009553886116353797,0.0024410465315169616,0.08389263003967232
0.00957911184411028,0.002243096460786362,0.08191334418108857
0.00952409324560903,0.0024105113591170544,0.08194439811136991
0.009763989258263422,0.0025697902166443615,0.10379727966074548
0.00993609120059128,0.0024018511016853277,0.0818916672393285
0.00928415761904002,0.0021012799274927863,0.08191162129186523
0.009993655415721957,0.002124816893659826,0.08186667424477705
0.009754305383099673,0.002427950694300175,0.08186968301247133
0.009947306962010686,0.0024621774982615833,0.09813521701038551
0.009890540037144608,0.0017684695893132926,0.08189577465235062
0.009632184637014866,0.002303725905729889,0.08341917671573168
0.009622190492390843,0.002600410313351403,0.08201247618789034
0.00961668265649068,0.002347201649188904,0.08204861775061416
0.009853021995216989,0.002476614277734633,0.14097018389068192
0.009860108353670996,0.0020987948103981186,0.0818944402649721
0.009460374375902438,0.002250460782417647,0.08196769620648607
0.00939139611007145,0.002675603217603861,0.0903602908857785
0.009431205453930084,0.0021210189309636513,0.08229826340259998
0.009393288121410912,0.002722637110752047,0.0829969268386187
0.010136367063575798,0.00225855006020862,0.08743035032073747
0.009765544401283811,0.0021236163347008417,0.08186514735101658
0.010094012875325742,0.0025806142471504444,0.0870716308203277
0.00961799030258654,0.002390713871091354,0.10382173988771866
0.009664592138115892,0.0025204779271195453,0.0824787588835164
0.009710391951451727,0.002293991808524424,0.08280381323009826
0.009557854460320309,0.0025565118384548832,0.08187711869381185
0.009191256267492613,0.0026103451151647432,0.08231537807735953
0.013385447326628632,0.004723206921770432,0.0803742706197808
0.01391875152391581,0.004660613217124146,0.03248596598156264
0.013862073778230706,0.004027964503254424,0.03237031472804687
0.013981525253940301,0.003940292004891438,0.05186001167816313
0.013956728201031636,0.004481637970129875,0.05119592784358706
0.013819424635893252,0.004535628185930079,0.03286691909258859
0.01390401503587885,0.004157089276406394,0.0324107024795986
0.013705975820989511,0.004403596516326953,0.043060267063242605
0.013888749323558424,0.004330630020709967,0.03730290599666296
0.013710642404273663,0.004398293546374314,0.034713796646126484
0.014020872282506203,0.004458762656358661,0.03238817138806655
0.014069320657789534,0.004363530567254335,0.03237256053372379
0.013784707469812028,0.004262759934710533,0.03673319084166032
0.014073002361573708,0.0044084039187857645,0.03977043280714347
0.0139676184587912,0.0044199304851632315,0.03372061243496081
0.01392365897955643,0.0044752191279646214,0.03251280377352065
0.014007938689840209,0.0039903295450923965,0.032387639696071405
0.014106804316986054,0.00459354845584176,0.033562921399134686
0.0140072048235496,0.004845942058238953,0.03980532770881004
0.013214949703461328,0.004633123725866693,0.0324388518348679
0.014089615387746016,0.0045864537235610165,0.04232257026242537
0.014086879882188458,0.0041896400335516585,0.033218716477351744
0.014093737493800332,0.004564700972901453,0.03453011118457118
0.013961162519789643,0.003990948795003762,0.036517929661601535
0.014391570043781481,0.004115526058833343,0.03304100315788538
0.013849547484570332,0.004357766373793592,0.0450379444181863
0.014190259834899542,0.00439128873584904,0.07998744868159685
0.013881734643670103,0.004205512546511004,0.048345317348239984
0.014000021094155844,0.004555595631911909,0.03252415195889642
0.013976369950708242,0.004533774869083999,0.04892758766210524
0.01416849246851641,0.004645455755033137,0.032668337902902224
0.013658267893829281,0.0045063776591926265,0.03580834097100743
0.013865181883032603,0.004432036028821505,0.03256020636210106
0.014105919516331509,0.004635320487649903,0.03240117810566582
0.01390301760139396,0.004466047006383039,0.03893497213018405
0.014308400021417441,0.004610499549470838,0.03248263770796152
0.013948447969109141,0.004547644394764176,0.03237903363134001
0.014063267768937873,0.004475128314580129,0.0323904207832894
0.013927837826115798,0.004278329223594444,0.03338600379527397
0.01336593193043566,0.004656161738320758,0.08399071877631961
0.014198101492639052,0.004161678350431118,0.03264110356683774
0.014103323725496414,0.004843164640263745,0.036670527591658765
0.013979381654976692,0.004341829771516753,0.05745270180855104
0.014185096682852656,0.00459355753160737,0.034808171260903666
0.014089452843670478,0.004120326811614288,0.03237456058638097
0.0137767404501083,0.004599216042913317,0.04673223968277262
0.014176584886492791,0.004496063277237532,0.03968844582194824
0.013876399589294151,0.004416860115804218,0.050720643168432104
0.014407781626096874,0.004206677598389211,0.04598069675055532
0.014427656933216067,0.004429563910407631,0.06970340178773762
0.013785241016660633,0.004648357874230074,0.03262675572659399
0.01440882471403798,0.0043295694384124775,0.03274709622819721
0.014288862277665737,0.004549497986066619,0.03258923700497084
0.013928487495720673,0.004539292895527045,0.035805380766526375
0.013949680712166233,0.0042928553134006795,0.044495999058896736
0.013770033309950117,0.004238557521952231,0.032644009876893566
0.01388595323745247,0.004449931541513374,0.0325576434298028
0.014023266144908909,0.004417398539107883,0.03238732032362821
0.014149244096566649,0.004595636937314231,0.04706928325339092
0.014256220153865278,0.004462685609013656,0.04774959935271773
0.013776178536681607,0.0043014491982730305,0.03294768245713125
0.013816860051986471,0.0048188392824830145,0.032464766075049716
0.01374123617097764,0.004346993958453199,0.0541882230386851
0.013616289326723412,0.004547648473855055,0.03236615057143523
0.011669906871184995,0.002857367010330831,0.06698538162252402
0.011801296825370943,0.00276141648006019,0.10219843407889985
0.01183304635509489,0.0029244981860384813,0.06860084247197333
0.011891530817688213,0.0029404799988038697,0.09965457532344693
0.012039641518995375,0.003041368702386437,0.06637303993826582
0.01171647444963526,0.002484657180668847,0.08672372881622964
0.011703597719819412,0.0026919927648720613,0.0663566144648843
0.011183190505414895,0.002835700378265578,0.10636000079904293
0.011914968987669028,0.0026446429312452237,0.08342544955845516
0.01164012819039433,0.0023652274035089182,0.0664165323291575
0.011665356040618316,0.0030774290874557315,0.0685230405993506
0.011342201225348118,0.0027079638122926093,0.06647050234747895
0.01182621529847919,0.002757326405165911,0.06636757147656722
0.011911688563187292,0.0031356502670536464,0.06636943655925624
0.011510073240278156,0.002833641499981669,0.07318834630431749
0.0001728200095342142,0.002980059851052059,0.19900780686357028
-0.00026932299168180374,0.002739254432336712,0.19913568611962304
0.00055467672419614,0.0031563526980941236,0.19917927489627005
3.773073467478155e-05,0.002788257152931873,0.21055300873087304
0.010620686165317991,0.00990970269156726,0.10877244851652014
0.010567830473548829,0.009703409956800862,0.10900712765138795
0.010516397986741007,0.009582672257337709,0.10869655669384828
0.010482849940671295,0.009495125461298923,0.11213324628666556
0.010788837355832907,0.00964995810320474,0.14200855997844655
0.010531306795531685,0.009530911704944328,0.10868195395902402
0.010529626949202866,0.009418466148741917,0.10865771871069721
0.01073238028357625,0.009389646707872783,0.10880397568156361
0.010564447490362401,0.00913415409316926,0.10863665137872014
0.010405695181033204,0.009656606853192508,0.1087906222641593
0.01035083080473178,0.009573435625302317,0.10866995834052841
0.010477223149992155,0.009320322149577492,0.10931016497400618
0.010725842491392707,0.009562026471681476,0.10907282574438429
0.010784096632089164,0.009341400168973392,0.11348651191937255
0.010691389760771913,0.009501747706962202,0.1336301489692863
0.010752960212298044,0.00909519877082308,0.10869763133486741
0.010470574414205075,0.009611257615227863,0.10864307334144956
0.010608954244753372,0.009435147500148596,0.10873705813571061
0.01078618480425178,0.009418218489105904,0.10919662087400699
0.01052083032722271,0.009550692783641077,0.10884144929833454
0.010460963519349496,0.009534407284748844,0.15190925071717296
0.0041190533435036805,0.003301946856561544,0.11388413767156666
0.004135419483458881,0.0038085100491663066,0.1156775138154307
0.00433828219990146,0.0036331632855246226,0.11077911051802415
0.004143257774545831,0.0035869633191018334,0.11351296300074588
0.0042371961179546135,0.003598411573752741,0.11075363960904748
0.004226953596743465,0.003589729632863248,0.12508330000791945
0.0043332815356485884,0.003761892977122212,0.11454750789634724
0.004312063409888473,0.0038013892173168304,0.11101017589264435
0.003883097973316372,0.003493044064546396,0.1111008928571273
0.0039265510182334516,0.003503110770830168,0.11237742032014737
0.0041643721892279635,0.003364519803061171,0.1203330496802672
0.0038935894284746783,0.0035114478498902597,0.1359645079712081
0.003939817933858905,0.0035415749582536566,0.11097683209139166
0.004535442759742568,0.003720859724939005,0.12801660923671554
0.004236117736060745,0.003623545438526013,0.11079295921130991
0.004242760659521499,0.003519685909054343,0.1206137344321873
0.004371372579599874,0.0034994688228822445,0.1131217629913418
0.003979893553312785,0.003782119220627118,0.13689319972339614
0.003996795038180863,0.0036522994836612893,0.11079450370048163
0.004102011833328564,0.003259666592809579,0.11203946614947866
0.004624478795362345,0.0031456640071701575,0.11921774538013316
0.00388994982119382,0.0038853132008868736,0.11075530603840396
0.004215230843198767,0.0038295977674703986,0.11110124400752104
0.004215007332641324,0.0036258907023355123,0.15680429227678533
0.0042915950765524844,0.003850574426844007,0.1108467366861269
0.0043943076787587515,0.0033556609877579023,0.11076784204079314
0.0041311261686126245,0.0034131631178159123,0.15170679993541897
0.004264203131105249,0.003564880996531916,0.11095617475988975
0.004474326651907899,0.003776531804081876,0.1157251620775229
0.004177172500349045,0.003391899886226052,0.12231534081776121
0.004296491533479127,0.0034640210272851284,0.13085577266309725
0.004510930753829127,0.003472638547868293,0.11286561232252793
0.004428629094133057,0.0034860529522481496,0.11128492460871223
0.0037139046947904453,0.003935183379709186,0.11085446330436052
0.0040982953979725924,0.003492289821845684,0.11116604295950369
0.004041673977370391,0.0037660962224493762,0.138780322945881
0.004492803819056274,0.003595072578275074,0.11075593084475051
0.0042305168901087585,0.0036259845668867277,0.11075720011411178
0.00422919767398617,0.003483738245701789,0.11084498110556595
0.00434265973841069,0.003688921601483368,0.1394636331206859
0.004277319087675864,0.003468530285940307,0.12315547280673289
0.003945697884652609,0.0039183352584464285,0.11224240122555736
0.0043345723492898055,0.0036375446103836234,0.11074858894529704
0.004274950987972959,0.003765129306095414,0.12505221737132866
0.004262903371031759,0.003433181528392491,0.1150420601314028
0.0040444470449952806,0.003504475344473336,0.13212310434229935
0.0042834190203568144,0.003288469233907892,0.11074866334241233
0.004047250344128412,0.0029405994094263747,0.127179504692697
0.004170403026636733,0.003598720389367178,0.16218208089565395
0.00418950324099765,0.003610928163935436,0.14942071535860108
0.004337162990489935,0.0039579655803795005,0.11076291487566614
0.003978596322270014,0.0036101451113663943,0.11224278160103145
0.004031808805535264,0.003761843303305574,0.1237230618297209
0.003949149293608591,0.0034773892304893798,0.11083013110481171
0.0039741748560880785,0.0034872183672604853,0.13788567322972184
0.004015248003818221,0.004025584916248536,0.1137026504867184
0.004025239679932731,0.0037116832632619174,0.11090342727150158
0.004041338909354826,0.0036530561840711455,0.1108108113428827
0.003846797287367164,0.003546934708975888,0.11078732818388085
0.004091119107802122,0.0034603988481552344,0.11087429278400644
0.0041141756633765875,0.0035140465388472644,0.14054302622124926
0.0040562839814896395,0.003684818800831989,0.11149515070672358
0.00461028443453148,0.003323591021943464,0.11947944456781595
0.004085093890891951,0.003401130834734557,0.13365634583710218
0.0040378459718160955,0.003984443902388512,0.11075076468756716
0.004111399101576624,0.0033679754588740902,0.128553480742701
0.00433495719365886,0.00369175615863309,0.16988652028260545
0.003879716853123229,0.0034567337246052357,0.128733490527694
0.004255803957873943,0.003468862240053835,0.11093023036247003
0.004628530113031838,0.003465724722647429,0.11077160200780826
0.004056124817572556,0.0036919793256491445,0.13924152700703382
0.003879969691984203,0.003708747875192192,0.11083096866687128
0.004139894613596413,0.0034708033686236713,0.11088982865880334
0.0040706203591299875,0.00369372443570368,0.11076040972793702
0.003847508875195059,0.0034755176942762797,0.11215181427680983
0.004084738023276432,0.0034709705864434245,0.11074769119626042
0.004041945614293408,0.0035916841209877406,0.11371904792197413
0.004282370897360926,0.0035863462329326335,0.11098885476965413
0.004070470781136739,0.003846276871571143,0.11106793658618645
0.004443856513576775,0.003796578029443048,0.11872784738847333
0.00415793179650104,0.0036997715921442526,0.11075108828165238
0.004211281244356906,0.003637224883105731,0.11927838886096223
0.004288425595669539,0.0036058087006545936,0.11075192558183297
0.004178774168047353,0.0034509563169737916,0.11075573737745995
0.004170413243631825,0.0037723864746523786,0.11082472770133377
0.004439218918736265,0.0034050726514363327,0.12307188698144833
0.004192612263586982,0.0036799377645415623,0.11074803674885823
0.00453239350882896,0.0035626387315426415,0.11244572387700909
0.0047217903042710094,0.003364804503910699,0.11082734905845065
0.01403937156149608,0.0032878316319235605,0.1248813279300867
0.014225869301562855,0.0032293045891111562,0.13456149651253158
0.013841924117540701,0.0033236018303847022,0.12507895480237474
0.014271210035184652,0.003521487083404179,0.13289655569998415
0.01372605267656235,0.003551141642947697,0.1248168797965558
0.013935119882051603,0.0033928547179462826,0.1250941567569912
0.014148515182336034,0.0033726552878850223,0.12483258380401173
0.013722123140104582,0.0033583084717392015,0.12528675150522642
0.013562340344829098,0.0033367887580243007,0.21029384034597245
0.014027700667936498,0.00324147730652176,0.15480660891675674
0.014127638293340692,0.003173220384602246,0.13848316172264213
0.013549772682098275,0.003328179371250334,0.12482848003941598
0.013665557222733472,0.0030663946954156366,0.12503636096757237
0.014140132486978214,0.0036078835711533187,0.12932607866088597
0.013922141642072521,0.00322132666497666,0.12481763200925833
0.01446576710611657,0.0029991190855749926,0.12479969716674445
0.01403367627835798,0.0035338389322422874,0.12497983377849213
0.013633333269731877,0.0030231342276747144,0.17725046359985253
0.013884556833670255,0.003781442424111156,0.17922947558236613
0.013839339478048515,0.00343220159341713,0.12483039389476089
0.014124123949288052,0.003534904524110716,0.15099340006430678
0.014013772105395594,0.0031535192740952374,0.13573065830557438
0.013848828803049636,0.0033107711245118597,0.13285204932458872
0.01373843608927551,0.0033391223753403447,0.12480068152624334
0.014314657409886532,0.003241492708910787,0.12542553860360645
0.014311958749092826,0.0033830992156263923,0.12484455540899285
0.01410561481389207,0.00317441187343071,0.13559270042672703
0.013833674557947562,0.003302773821630389,0.12551188398260915
0.01416030083489409,0.0031463910620071495,0.12482360000098569
0.014148042656563942,0.003415534806877386,0.12498133823717228
0.013757339372555764,0.0033388458864481445,0.1256813087351982
0.01442602083631236,0.003573717321301124,0.15585127588238318
0.014522548435943946,0.003517949262068777,0.12489676599805442
0.013663674451233874,0.003272770633586887,0.12482594590899224
0.013942412551093032,0.003302270281170043,0.15045606779103404
0.014107811635290823,0.003407948243290278,0.12483603999671053
0.014030319231013635,0.0036468641651841733,0.12499574987540282
0.014016053787715284,0.0033912875630209157,0.12949544108359773
0.013871616697952442,0.0033395166252711043,0.12914381189722635
0.014213083563079891,0.00311377686393042,0.1529775706033253
0.014249945212145758,0.003324096968526345,0.12481373098367984
0.014204635561724854,0.003287606060768927,0.12482646909138537
0.013614206314522904,0.0032602851207482286,0.1301087152258022
0.009977218301159087,0.013437606529236238,0.044653405381317283
0.01012591122152117,0.01333554702592326,0.04543709105367723
0.010303720525057979,0.014152853518793985,0.04775997485886401
0.009926865191735528,0.013807144014694068,0.04481905630031
0.010053141718715393,0.013860182028072973,0.04466818041275165
0.01009024217426089,0.013399709064159868,0.09993004633674715
0.010040870245016095,0.013607111695058191,0.04470554398487825
0.010132620078467025,0.01353259185999564,0.04650307712265363
0.009852956924696992,0.013483348396964388,0.06794537232966719
0.010034843311321777,0.013590161301222172,0.050003291587541424
0.010251357880084069,0.013652904900737558,0.04462771689496218
0.009887367888252133,0.013571343684392003,0.04463455492280364
0.009780411435251277,0.013915359055116087,0.04585971409932465
0.01017581543822675,0.013858445071346356,0.046530996708298356
0.009764581696941535,0.013939526631007112,0.07452108391517909
0.01002040749937586,0.013839459497289316,0.044846614707214454
0.010220790304292572,0.013504742601738874,0.04477823943446368
0.010253090454987908,0.013859920400208761,0.04462898792994768
0.009964767501490156,0.013685743331939896,0.04613619400903662
0.010345558230349109,0.013780703529904147,0.05260926127950343
0.010238205991035056,0.013860919968959107,0.0446709506990714
0.010057908850336085,0.013554695299215594,0.044661007898453446
0.009972661039385954,0.013694259057722001,0.061340853849147316
0.010136384876000399,0.013767459975102538,0.04464383776297971
0.010204011246092782,0.013954152590750044,0.04513010657705514
0.010183831286776402,0.013543822332747282,0.05229630895128304
0.010203860656432884,0.014215596260350788,0.044615270097909256
0.01023481042824768,0.014142363451100724,0.05177045364262559
0.009825269812485795,0.014109584279417843,0.044646412845130115
0.010544555204205226,0.013908076802129014,0.04461422394940434
0.00994930408149811,0.01360036706551339,0.044927597571128956
0.010278449000713208,0.013796727795212644,0.0471493225086549
0.01000688862229204,0.014159326430601247,0.11227476001319067
0.009990698505987721,0.01379664083815686,0.05679652709429527
0.009974948236504449,0.013716443992730424,0.04462374529229594
0.010217369787301863,0.013796504908946367,0.0563726560655212
0.010109892034232428,0.01382281386948125,0.04475256098619481
0.0101826868714911,0.013500007523878832,0.044730733956101325
0.009905794102123323,0.013708017465694543,0.04473663394082751
0.010051201570706743,0.013635233786309884,0.04601655730857375
0.009863077620252179,0.013708637872699709,0.04798328579368274
0.00979259594177285,0.013740286634089492,0.04468803701891984
0.01020809688793469,0.013644117124501311,0.05090348378456643
0.009641194153152198,0.01354731237497303,0.044798020199826816
0.010012812108397488,0.01344108027803066,0.0484717500360057
0.00996321153900116,0.013616296242585563,0.04462394017481358
0.01029020452645344,0.013819924675796506,0.04836500102329864
0.010042775712330311,0.014000150118937115,0.06142299320753507
0.009807908990738176,0.013651562933774758,0.048851186269182514
0.009838744207065254,0.013754366510196469,0.04466876982096936
0.0061427180267954636,0.005441429706001352,0.12226428969725585
0.005901112379891113,0.005581629897169705,0.12090922938131209
0.005605584759957613,0.005515509519436606,0.12088109244449653
0.005778203830630498,0.005773950968977892,0.12252532127873367
0.005845688084401297,0.005808027996842785,0.1209151044845499
0.005959835630512426,0.0056396954018948986,0.12218552076338514
0.005348024737362127,0.005845600785200635,0.12090732619092635
0.005987735193730154,0.005644450942888287,0.1209539237373293
0.0055350185489020974,0.005606033832275845,0.12090438835580819
0.005952908417973979,0.00577438168275373,0.12090939977453946
0.0055696536432227025,0.00583929996247479,0.12512791523255914
0.005984136446320017,0.005474402087980482,0.1311000740250498
0.00594875387992422,0.005518538896374752,0.1208834458337934
0.005773250794147356,0.005713985547286019,0.13602281024974663
0.005905961514217789,0.005981496119222333,0.14657200180963997
0.006150903414590172,0.005465635019202158,0.12088800039184794
0.005719912905602902,0.005943834044925759,0.12254068913271511
0.006141183716852035,0.005668058332219202,0.12098445668491868
0.0056667744964331735,0.0056485175422015844,0.12382176745538453
0.0059175879158695245,0.005610338456974233,0.126058190803976
0.005683607794658837,0.00549302619293426,0.13591982729679308
0.005641959477542104,0.005875055413297716,0.12090929368634389
0.00579680051919879,0.005922830983965223,0.12221022507807933
0.006243562439158531,0.005836713096633101,0.12097197569356044
0.005365424570362648,0.0056645337227136765,0.14600150011894858
0.011780228140269106,0.01235517714644339,0.1201643230895802
0.012012047239403894,0.01236922574726433,0.10474438773956647
0.011834411193201078,0.012047439608308229,0.09878725946924923
0.011840206860633883,0.012018376250230136,0.10001480827806315
0.011508473936237737,0.012092391333208464,0.09874631702261763
0.011692491627715365,0.012154567611353233,0.16423755483962527
0.011490337083849958,0.012247093041061205,0.10452021371093687
0.012011727695158713,0.012321503204154703,0.09881858878999564
0.011731660229865657,0.01242566128363766,0.1031476279276067
0.011910491293699295,0.01224547285283517,0.11204326770742827
0.012012518757889232,0.012558142221986911,0.09880224319843071
0.011531926329689855,0.012532854374828314,0.12316817626583819
0.011871028416219684,0.01199520611736044,0.09898124537703104
0.011628144173813294,0.012066718004218992,0.09872282653628284
0.011753329769865472,0.011766168427892638,0.10108249140755957
0.011355382917824574,0.012185416633660493,0.09874004715714259
0.011920197152560374,0.012167123186350038,0.09903317063860767
0.011904495910747855,0.011941110983062518,0.09872031410817939
0.012118349493660828,0.01261004127550075,0.1001106505924009
0.01192763257792525,0.011863905616491583,0.1041569060036282
0.011752962822828679,0.012233575522497634,0.12752864799138577
0.012036084266730173,0.012405548598025782,0.13555570968349984
0.011924916101189464,0.012099770293962756,0.11840893891678804
0.012451649527310515,0.012128825186544696,0.10780559056199206
0.011844167426089207,0.011760871816588275,0.1065893355135005
0.011929051843005531,0.012346821452041289,0.09917470537606723
0.01225670355927227,0.012557040665042322,0.09881890123824263
0.011479772034550792,0.01221173672493118,0.11869625464811452
0.012287540885337143,0.012223403063616085,0.09959854860633499
0.011332867339828993,0.011912089070151495,0.09870307317153933
0.011990492671881731,0.01206195057809614,0.09888266836675731
0.011635348014929228,0.012322323847765557,0.10267411491910351
0.012110523394805055,0.012495853804208232,0.09902797109357815
0.011562129444045822,0.012414262254447927,0.09883563440043262
0.011964411995005617,0.01191445241391874,0.15419282296166914
0.011868717795966018,0.012500865043142012,0.09944405613069877
0.011650884174503853,0.012278862022252993,0.09891026472289813
0.011684951098608936,0.012306761084024762,0.10022267237577867
0.011336885368282411,0.012147311663063208,0.09871849287489982
0.011607199773452481,0.012072074456412143,0.09930773590340282
0.011732113702127669,0.011844368970485878,0.09884753382938831
0.011754893402706792,0.012648419930290526,0.13012892543326057
0.011788578462911535,0.012123263724940731,0.10650211527604929
0.011520535005094075,0.01210625719030467,0.09997617078800017
0.011937938701237914,0.011948781177049811,0.12141480831230762
0.01222301533612985,0.012144395747268262,0.09872515655705191
0.011735454269073608,0.011938025921830018,0.09870183484705389
0.011857395958332762,0.01218776182122503,0.09892004011772673
0.011910082216213745,0.012236443213676894,0.10672823615402158
0.01218332381536207,0.012263699587923544,0.12310842509419714
0.011957818798506655,0.012257122366711877,0.10612093898125038
0.012169520089873813,0.012147300724064952,0.106274567849227
0.01156190270133117,0.012041296622344965,0.1167028488649259
0.011614216200822997,0.012249984267449688,0.11489005570022738
0.012166502864381272,0.011842769258086807,0.0988190813703934
0.011542257667488672,0.012111291348990255,0.09874727853231287
0.011581794139388762,0.012322005277645114,0.0988778438174667
0.011476721657921983,0.012400234977718338,0.11822661297258066
0.012317158058717229,0.0123241553113158,0.09870369085185818
0.01151169879946169,0.012268586715228427,0.15961771046849504
0.011843580425296936,0.01234957492017557,0.09872407283512427
0.011350046069767352,0.01213522452843812,0.09872944351811547
0.011888030644053098,0.01216114620915917,0.09869790316247626
0.01170471508511051,0.012317901780921839,0.10123249512236623
0.012179178361641554,0.00012347685200043664,0.19260438622406004
0.012381300072469669,0.0006238044758749716,0.19270897607506463
0.012167947853502687,0.0005358707700322712,0.2004251283875601
0.01214361449974545,0.0004969875753461192,0.19258900979571575
0.012376606241528665,0.0004196503527463705,0.19362016445663952
0.012071940858541883,0.0006728401621300692,0.1934505570726903
0.012224262329628161,0.00044329124638219395,0.19259718257851854
0.011978159302382827,0.0007617157344009837,0.19308907232769357
0.012352476388413863,0.0007616956801107666,0.20916829989383465
0.012142204986409399,0.000890604235146206,0.19432627717668424
0.012031407049603477,0.0007563982916863294,0.1944974854143671
0.012173197110363906,0.0006348706581610472,0.1961026966656711
0.012291928001994681,0.0007809114986310045,0.19263083660582667
0.011683255419697385,0.0008303357442630813,0.19260953069753245
0.011803590909369497,0.000405910524072202,0.24673920177156528
0.012011530553597844,0.0006240877144196704,0.19591748072104187
0.01220015738880376,0.0006617945170368348,0.19279377308746048
0.01233015087497494,0.0006228073215197191,0.2093677514385888
0.012386650279617979,0.0004961615742936957,0.19265018395544228
0.012097586611270573,0.0004430330694277935,0.2180111446901658
0.011878986338269388,0.0006870796382498051,0.2159265965494815
0.012090701080555457,0.0008872002447707311,0.19263204866357525
0.012109320625086325,0.0007203923589428834,0.20066978455022794
0.012107969981663323,0.0007517338027841189,0.192640006853213
0.011999351005163743,0.0006213132099449075,0.19306007157928293
0.012128364578532603,0.0009475652739158324,0.202392395370304
0.012294552103481215,0.0003101548927736474,0.1931719693390235
0.012015835584175934,0.0009698261947526591,0.19542995870136914
0.012408031191402233,0.0004827065299599794,0.21166784669766128
0.011965345623457715,0.0005385218339874886,0.19258861366470834
0.012085683568780326,0.0007227385704912772,0.1926934950216992
0.01246754810594848,0.0008102297840585606,0.1925908672376114
0.011586805409752014,0.0011724330154395629,0.19293373411080053
0.011890203594196605,0.0006530567276790232,0.1926453483818818
0.011938260151605729,0.00044458099869603334,0.2042564667436277
0.01216969572332231,0.0006276616722292292,0.19260595176340517
0.011820432169879951,0.000532917134439402,0.1927717445320291
0.012368938718446819,0.0005949099954526204,0.19262181408141113
0.011834549814066689,0.00025766824100227663,0.2396622580638788
0.012032188569622942,0.0006552694292926494,0.19302635401861276
0.011971004338124437,0.0005305796854870612,0.19278332600000078
0.012498276607009062,0.0006892033801122245,0.19264210339025703
0.011508270481855066,0.0008853629081821753,0.1926161821562405
0.012090807276104556,0.0007041734630471948,0.19260671676231922
0.012187931707214513,0.00040351277199382024,0.2331363946567706
0.012617458831754465,0.0012165827853427803,0.19292181094246913
0.012188528328071928,0.0008652093951757594,0.19269234713573613
0.012072505177908973,0.0005285703529063954,0.20117055399976816
0.01238161609345654,0.0005665912150361275,0.20233349337218384
0.01239233735661571,0.0009534964776710246,0.19265644064829412
0.011519672382689972,0.0008532345256047225,0.19331789871607183
0.012040792138594133,0.0005292243910398788,0.19346633441204975
0.012059901737190135,0.0009695127327947684,0.1925901381405024
0.01191755019489454,0.0006656502621039707,0.21479820166477948
0.012197823950436686,0.00021457295024225663,0.1979874914437
0.012037617021317419,0.0005768430902297014,0.20989261752733426
0.011814603709280266,0.00047476062736779553,0.1928102465368517
0.012012163154831957,0.0005078480117468318,0.1952981740804249
0.012080771325419987,0.0008672197798550341,0.21740918069453372
0.01236270446451577,0.0007994697741103746,0.19586133467442668
0.011904353509970746,0.001018818479848254,0.19301158204942612
0.012046908396364651,0.0010938752449962384,0.19267471006875916
0.011793321429284399,0.000886979635483079,0.1927725083609951
0.012070334246578938,0.0009868567018363563,0.24085960781391713
0.012043895754278697,0.000527470293825367,0.19306062825188836
0.012406156651376192,0.0005059121386313476,0.19261640213034031
0.01199047482144062,0.0008399462861848617,0.19782242252247279
0.012062234461771678,0.0006783649651341384,0.20955329874349035
0.005135734233438075,0.008950753984818215,0.03922916538303024
0.005199935306310583,0.00869708935524763,0.03511643954993082
0.005103400341423411,0.00879189838057954,0.036916947619065645
0.0052987248217734855,0.008794538340385337,0.03758061329910236
0.005094876892287022,0.00876322641697372,0.03491700660768406
0.005220844244761595,0.008897561732843265,0.05351784535105828
0.005172453839498793,0.008936398809307954,0.03583141995991616
0.0046994607534402285,0.00892128464631797,0.035286334131670594
0.005299410804909596,0.008782884999524038,0.03507117586339229
0.004906482837732857,0.008916391328139046,0.034897948506247924
0.0053998262760256484,0.00891109935741601,0.03489086024244403
0.005171860526332872,0.008874156653360419,0.03789844957355365
0.005286630746922091,0.008984452357757015,0.04258830516600169
0.005241660949690158,0.008653204093673632,0.040851924092892136
0.005132228336963019,0.008703083629151901,0.0366108034527175
0.0053596901719199464,0.008839626814107953,0.03491690045135115
0.005020406792106082,0.008949891990511567,0.03489749865220898
0.005195701741081571,0.008675061775717726,0.0351875598116463
0.005444786555303761,0.009086891768405787,0.04069942401930885
0.0056169692996334885,0.00908905288144495,0.034956475941762565
0.005318926328285088,0.009057681205495546,0.04246920013292086
0.005069416500724966,0.009118742108033609,0.03492291914174824
0.005621092012340306,0.008859177067764202,0.05967157414316972
0.005498948958449168,0.008721474247820472,0.038220362066867984
0.0051387975152523595,0.008801897860493759,0.035039512342600485
0.005189555876270757,0.009154272093757226,0.04493510000687606
0.005445129915745174,0.009048772464063284,0.03700811439759331
0.004864172070843601,0.008611906451603606,0.0519838271054472
0.005048116665844033,0.008860266256125921,0.034890922289011216
0.0047518921719720926,0.008964453238844127,0.034898197552415834
0.005147813412174399,0.008857130559073926,0.04067019454385941
0.005369823709571521,0.008900261815986292,0.03590864803375075
0.005278235834155424,0.008776222132342323,0.03490547523795947
0.005446188422559664,0.008985767642706864,0.03491131159353469
0.005205380815158186,0.008672757368934437,0.055497687532640505
0.0055523755406556834,0.008865804677960342,0.04335529693267174
0.005310866244312016,0.00914034381801648,0.03908779954569497
0.005074844888099748,0.00870123540103017,0.034978183915989655
0.0051888404965521814,0.008794681980185366,0.05052402828582134
0.005273889368618212,0.009090750877603158,0.07787914435306456
0.005212212346926816,0.008682167364221824,0.040647972727918015
0.00515187991839261,0.008808198642820465,0.05934279519352964
0.005509828816399346,0.008930491360819678,0.035160322533086596
0.0056845875286732255,0.008706601540874648,0.036752783099167685
0.005261268086478233,0.008709910261733197,0.10683381612171781
0.005270454741120797,0.008830376925388524,0.03496027252130318
0.005524795348469147,0.008839861262094946,0.035190712234332344
0.005313620206621757,0.008748787245567793,0.03490135083099134
0.004676143608310187,0.008614200470109872,0.09110082176050707
0.005121119644161996,0.008883565339405184,0.06835192891650096
0.005627348972064732,0.008713984886584003,0.03489806148837184
0.005246993645923393,0.00844570425744561,0.0620023602154693
0.005845863406253496,0.0091166346131344,0.03508072834907734
0.005014656124518295,0.009049294390555924,0.04054754068330339
0.0049746922181418945,0.009081675695936058,0.03596837797295952
0.00517755451994002,0.0090136375280266,0.046559455230655446
0.005334800120219331,0.008887939247898624,0.04102074645602609
0.0053699800571354395,0.008830031012597649,0.09294317859838813
0.005243027222515549,0.0086502825708783,0.03494374665088845
0.005606199333411205,0.008724699509224722,0.03498088701859142
0.005221251713257721,0.008699237184089808,0.08198601664273572
0.0053135978837241275,0.009023748671820523,0.06633902940136938
0.005105615626084487,0.008921249343296795,0.0463590632783444
0.005508775966455074,0.00874057386368244,0.03489643858416193
0.005200942265524888,0.009011760274553218,0.03595897809739439
0.005158656933208387,0.008967140656988852,0.034914934599626454
0.005458566945175203,0.00912587808627741,0.03500182964722552
0.005173519432939929,0.00905959288126404,0.044131111157963795
0.00506419745523446,0.008911141577955408,0.03488998995197893
0.0052044034136890715,0.009090651586122057,0.08368947684234723
0.005064941846989435,0.008579101322296813,0.1144626648585883
0.005170641537159729,0.009216941215747032,0.035633918095270646
0.005082444134391387,0.008849791003908765,0.03891962099468865
0.005084211335518903,0.008658026611946222,0.034954188022495315
0.00538277490395875,0.00910618901612503,0.04258883598333897
0.01122456312716564,0.0025063092682549738,0.04001467224123478
0.011143368156333511,0.002939441793802379,0.039982215041088745
0.011238872220968891,0.0027656970574031544,0.040032094641015516
0.011293824829530156,0.0024629054536581753,0.04006038625459866
0.01078224913759858,0.0026369330873985365,0.10970815818791986
0.0113855035489261,0.0027159479196361205,0.03999755700121525
0.011395549469221396,0.002465961925951716,0.04003832566683848
0.011438648004967304,0.0025430086711990853,0.04026689835321388
0.01075470552276652,0.0026847110111700564,0.05306764078375452
0.011436713133322776,0.0028648473460759737,0.06608236540336883
0.010902830778064088,0.0024009130238041186,0.0405125384956871
0.011137156415934697,0.0028456600201802002,0.06759213448388772
0.011516094744285162,0.0028750666247547856,0.04042137275856002
0.01124900027752585,0.003041409177783222,0.04014049289267789
0.011377714524646377,0.002891992782168828,0.05362750782706564
0.011315170537928715,0.00266513657103813,0.06360359302731008
0.011164503459989168,0.002363082029773902,0.039991035193742995
0.011458339192360743,0.0027863359274851777,0.04003865945435149
0.011296919768692322,0.0025090125635886832,0.04009879621542854
0.011224771258814995,0.0026428673511506512,0.0403201538616317
0.011478082294790424,0.0027475293006060846,0.07196159046585955
0.01107155032774825,0.002752245247297809,0.050802630502082544
0.01115513714446392,0.0025480091006156733,0.04000797707457208
0.011463705826947817,0.00243753885446555,0.04272862052753952
0.011594633274033508,0.0027452305395232407,0.040515385142965724
0.01102807196165054,0.002352936740715789,0.04093624472833014
0.011503345409732845,0.0026728034632998664,0.05587723602378375
0.011446194850754371,0.002964296411179645,0.04025723546444478
0.011238173510464307,0.003044169761146895,0.0400523788672031
0.011067072228565799,0.0029935360616305004,0.040224633916012
0.011462901850179326,0.002994015709858303,0.04001123857185288
0.011403847588132987,0.0024513646813247862,0.0656241258895869
0.011393205768783953,0.002770528934358754,0.05309996805435992
0.011630830366272845,0.0029049324441507893,0.07108871569272897
0.011047778409052036,0.002943058619182131,0.040212746632822635
0.011147240827232672,0.0029184369114066094,0.03998699603914731
0.011622876526105459,0.002460185026977602,0.03997772824153674
0.01155214142282893,0.0025290662210443304,0.041314991357928
0.01137783949185609,0.00276047512832258,0.040010837870220896
0.011526777889303487,0.002543854384927283,0.04238596293859924
0.01179295788915691,0.0029545490115683616,0.07346676705332647
0.011303149486514622,0.0025029537338343458,0.046602673918235624
0.0109756864738188,0.0026674208499806278,0.04012622811376153
0.01102056704858428,0.003053566079010143,0.03997364131658897
0.011468394657985855,0.0024655909926820387,0.06931694668788609
0.011108063909898174,0.0026928026050156554,0.04870701956942449
0.01107676866651056,0.0027627653977973527,0.04108039755779186
0.011491558981248436,0.0025705373116998225,0.05424560549659398
0.011266739053160453,0.002608662089511563,0.0399902136792689
0.011362595892634868,0.002724848107685431,0.05013719808055632
0.011375812349366467,0.0029537790240861893,0.04009736856086954
0.011373370147287634,0.0027095053295666514,0.046899380392873925
0.011019857340111341,0.002716648714196406,0.045145534110603805
0.011526333972655537,0.00242391997662675,0.04003847652896738
0.011413411048514835,0.0026029938358040562,0.04062230230687534
0.013524079687051578,0.0021586423777302686,0.17150035270371972
0.013290863228548517,0.002330929786265008,0.1761984273577936
0.014104504427836851,0.002512173253391357,0.17151832755728855
0.013312494701181829,0.0021456107890006344,0.17150265904119186
0.013591623563956141,0.002359404961345364,0.175320336322761
0.01351592662352689,0.002525885307903199,0.2101808602325703
0.013819912033579075,0.002210853151379001,0.17198161747584664
0.013478362158153416,0.0022002664541237926,0.17154185650132925
0.013545875028601164,0.002149812803834895,0.1777986288804335
0.013805503446019792,0.002087508055027776,0.17360269211855997
0.013773403857120958,0.0019776201534176118,0.1715082969392328
0.013496367205151141,0.0020058669821006363,0.21695612201245967
0.013689435446286799,0.002250297628781059,0.1719711620134331
0.01331916487270519,0.0024403175321824405,0.17171491661037888
0.01358346598453097,0.002202035656156609,0.17825902510907687
0.013424929735530973,0.002272609265193773,0.17150966662781705
0.013694828512831932,0.0019489584445407878,0.17163233763390204
0.013692849867534206,0.002061808524610998,0.1715812459776557
0.013745472581776752,0.001974228450370933,0.17163944379391352
0.01399254058612071,0.002195677894309426,0.17161422986629807
0.013847442633898472,0.0022321109164031966,0.17347898126729322
0.01369364886104967,0.0021136675403306887,0.17151168756379606
0.013645645900690378,0.0022667582783129693,0.1726436099416607
0.013803502999606528,0.0018683729233106817,0.1930214264126543
0.014075249410484419,0.0023283399300319343,0.17149680210743784
0.013817644494635276,0.002294101745769826,0.1721377647964158
0.01365713656904897,0.0020804874923494904,0.21595128045460457
0.013344425542082606,0.002316807035804283,0.17153834572299154
0.013402769646390986,0.0021123854584068945,0.19842139299297937
0.013729706118691351,0.0021582590672487396,0.1721581777980555
0.013631424958784805,0.002189180663188665,0.17789507348324105
0.013966943451940323,0.0021732194750463123,0.17209094991703644
0.013652087602292539,0.0024423470567519973,0.17151516153799035
0.013821738890227543,0.0020789324829859606,0.17156720661756045
0.013422888104612113,0.0019523854631205823,0.17165996219281035
0.013605435977800428,0.0020228449246762837,0.17184155982195062
0.013806181985104006,0.002372518225376257,0.21223436020572176
0.01346432507915441,0.002175275352819432,0.17161329059519195
0.01392959750197897,0.002527261777636793,0.17280032456844116
0.013694975432171878,0.002271817171110506,0.17294490739371893
0.013483280566446293,0.002116623266292349,0.17149159641655157
0.013704168963943967,0.0025610670196067327,0.17195650335912063
0.01382077178079128,0.0027825598015775834,0.17270860131502813
0.013557656383680955,0.0017562000948113153,0.20388300928893402
0.013303402933212732,0.0021633111313835163,0.19936780867208181
0.013888206206157203,0.0023472815895619107,0.17149253265350992
0.01349690826986673,0.002417415337857558,0.17150241726518536
0.013633840463564388,0.002330303432586626,0.1715311748066072
0.013823628833631231,0.002031360725942537,0.17154096443195438
0.013733077862279574,0.002072703947660602,0.18034484579289806
0.013695931097353443,0.0023344857312338095,0.1787789610718506
0.013545478756185517,0.0020734142871938204,0.172595827755117
0.013808981560829487,0.0022781802335095323,0.17588969098209542
0.013805988575130577,0.0022903693085956933,0.17425567567193848
0.013574674499429316,0.002125708275322336,0.1715567846504774
0.01334408339253698,0.0021568063748308715,0.1715376243242335
0.013343298692890155,0.0019272892455783805,0.18481761735125604
0.013310558882136092,0.0019443428034238643,0.17151288264501804
0.01338713776699349,0.0020194268926252714,0.17151313329713155
0.013769665034598286,0.002120042331560139,0.2050815402730152
0.013322504421447256,0.0021285894684933615,0.1871732000092341
0.013578733731869465,0.0020495961718158613,0.17441454883008803
0.013688120523771101,0.0024203627932313392,0.17155178083202852
0.013646855571158462,0.002127318146793744,0.17958449563777848
0.013822245658446128,0.002159519140450155,0.17157564330117295
0.013334235729305982,0.0020071719525157823,0.2025627406727026
0.013317059338206871,0.0017478335619107153,0.17521453818789742
0.013580464530627917,0.0022271745560445786,0.17150034828546415
0.013620392614141056,0.002451285922936061,0.20395956377055904
0.013750368916728858,0.0020438662989405725,0.17158920374326206
0.013567398191669815,0.0021361533431755505,0.17370321562018842
0.01328947946464481,0.002022990201122463,0.1715329539149926
0.013735569258279071,0.0024723374644434757,0.21841602322637685
0.01364523301044283,0.002703315748847827,0.18223179347574192
0.01347929461493973,0.0023475043157011183,0.17151699555062364
0.01359388336747068,0.0020906263119309563,0.17180409575493585
0.013670785670673924,0.002552186799121811,0.17157767813242591
0.013791151865766934,0.0023420667887098894,0.1961829428171258
0.014034043259144166,0.0023711422385342697,0.1727347466631617
0.013890771201973323,0.002060853167557456,0.17175957415680476
0.01391264074384258,0.002422430620190992,0.17169651971206537
0.013962745283559858,0.002194297287461597,0.20254782703545562
0.01351344802349366,0.0022442976461211515,0.18209775744529239
0.013743732667004353,0.002273449222574912,0.17160585416534216
0.013757577523461476,0.0021844794669375503,0.17154255252188572
0.013797095281286231,0.002016997329911568,0.17159010150247264
0.013764403528510796,0.0025579920374365663,0.17941756652272445
0.013914079652109597,0.002097757839197979,0.17160005717347432
0.013706256960759585,0.002444137328909475,0.17149637619397384
0.0135382881257512,0.0021886791570497567,0.17149965099344622
0.011544296433183089,0.0039668931496110215,0.18137265397249003
0.01139677124493482,0.004301487313609239,0.1764437978771929
0.01126693817068192,0.00352071116916807,0.17625795993596333
0.011499579492288591,0.003998410971567916,0.16251270878651358
0.0003884878106095573,0.00023433555351485657,0.07641678611230912
0.0005284264221796082,2.3400133818320736e-05,0.09111870451016237
0.000901300031228635,0.0005207470075470108,0.08327985975209405
0.0005291521751339008,-7.473187205057651e-05,0.07373883860323308
0.0007361325587141339,-0.00017341710399854029,0.07303682253744224
0.00034900429038717625,0.00043851308906289787,0.07526703518977557
0.0005593097274183862,0.00012618168202644525,0.08837087965940199
0.0003561270746587807,6.831868490974222e-05,0.07339138221726715
0.00039884289565609714,-8.646914893528163e-06,0.08118946748585389
0.0002009243116319658,0.00024488607511166384,0.07530232729886602
0.0007374458444870977,0.0001993213769761946,0.07293605367241716
0.0003939285701920572,0.00013870291872093184,0.09329472720753604
0.0005667656167317077,-0.00012338504360282957,0.07294072931512299
0.0002322618738477272,-0.0001316535518629145,0.09144125645852622
0.0009201160267117024,0.0005043948989306084,0.07506013153283606
0.0005288232933708928,5.138268218274555e-05,0.07887283359666133
0.000537195840630487,4.513334386941835e-05,0.07309424440103279
0.0007905842947631746,-7.153108289457108e-05,0.08826239025814292
0.0005995469923636388,0.013053317609736942,0.03915506001031163
0.0005735248058727338,0.01313378414198052,0.015592553737801133
0.00020819551604532607,0.01312610076379551,0.014663554012244232
0.0005667190665276346,0.01309406994438628,0.06075536980676619
0.0003289028595653143,0.012984758394205218,0.019586433508350404
0.0003432036891399465,0.01324013864210144,0.03684609415335511
0.00029230280838106124,0.012722162826858781,0.06810208344065462
0.00046355560171049647,0.013126791993954834,0.022609018759553803
0.0004238731064081884,0.013025714615381049,0.016022150027724537
0.0005101793720017528,0.01319285868556561,0.01471778984446325
0.0006448200584853409,0.013132398411305637,0.034067539718427936
0.0003113830383556128,0.012977760828438606,0.015878017061504827
0.00047397932022003465,0.013062023118393006,0.02798227422667198
5.901697905143341e-05,0.01296671226274509,0.01972423920010729
0.0006549100213564835,0.013310902728246352,0.014679516045935618
0.0008055283073877637,0.013240559093496841,0.02307680437392107
0.00048029629946530527,0.01269225864502742,0.047396484734173044
0.000624482693421334,0.013313471040410597,0.02836753806260494
0.0004647744225161854,0.012689593203487263,0.01702741100289429
0.0005933230125039098,0.013282616317008937,0.03737034029877785
0.0008662086101571419,0.013065141125321356,0.01467048482775988
0.00026044952976182826,0.012990803241448738,0.015163988925940034
0.0002446348633353861,0.01323587167121797,0.015323278792702347
0.0006230228332864704,0.012542363777090053,0.02492095198894652
0.0005024439031142977,0.013248635537328706,0.02723164972118855
0.0005570936615286536,0.012952510975453697,0.01626093770732171
0.0004136667998644461,0.013042531696427896,0.01613389097012127
0.0005712029711706687,0.012995094868109092,0.015928678112438845
0.0004834576067300853,0.013274818659555467,0.018815333637336354
0.0003047206842609611,0.012960851007803934,0.014755827875314513
0.0006878797075731592,0.012873362884971677,0.030474732560245126
0.0005514616251497965,0.013132963519256455,0.014700297599880566
0.000621369274055147,0.013150398374880875,0.05228160397080394
0.0003580449554908138,0.013142651456406494,0.04941839731098087
0.000887042363110762,0.013048550985944955,0.04892260968739331
0.001122449937434622,0.013003452227067258,0.04897211870117746
0.0004005119110574054,0.012742078714930813,0.01466715068845134
0.00011217406961351877,0.012965405602696519,0.0147295095846306
0.00030655452935387693,0.013214531786045484,0.024350803590742855
0.0006249187498469035,0.013141291159041394,0.014685377889679344
0.000518140228428023,0.013354289585659032,0.016972872246855245
0.0002596637300703356,0.012952384034239437,0.025072006821013307
0.00030671839187156936,0.013255668954509569,0.014690587714370432
0.00016737140415033785,0.013106466878863248,0.014698944292079711
0.0004468488592891252,0.013272976865742532,0.014768276697656594
0.0001811386337976352,0.013055909195333342,0.02418715228480756
0.002108928754548415,0.013155116054120593,0.12251486643312713
0.0018643612569351224,0.01326202373732365,0.05263437675667744
0.0020001653128214974,0.0132066506681499,0.06269688176138648
0.0023431038125353186,0.012973529849325944,0.054078464859618515
0.001989158786165277,0.013220789631735983,0.052644338687217684
0.001992979988270569,0.012929573270488008,0.09583537553580462
0.0017022832003971366,0.013281810564793982,0.05252567768788907
0.002262996442317586,0.01305724274499267,0.05253394950147975
0.0020887899624436493,0.013363776113197985,0.06270341129535184
0.0020197826784534058,0.01336772861603108,0.06837200613267448
0.0023004763933867902,0.013936384769614433,0.11066363213640171
0.0020093705270269736,0.01318506222356206,0.05256857734573993
0.0019438623079282458,0.01293934787158175,0.05723230187920324
0.002225358665634229,0.013228391053640876,0.10317899646469493
0.0019378549638895065,0.012966515360301327,0.0811247157452329
0.0018900728972231129,0.013318536591799997,0.05253014837178627
0.002138837174579093,0.013008266159899529,0.05284965494299606
0.002038967636624684,0.013264890603597543,0.052528409483286374
0.0024100657758684024,0.01303519894014341,0.058330884170955076
0.002451095529556831,0.013379820177515852,0.05395087762706284
0.00198382492695268,0.012837147472861151,0.07735920692545714
0.0020724509064013923,0.013601959025207435,0.052564342181010006
0.0019522910402435987,0.013138854260806998,0.052523119692689677
0.002420773513974737,0.013165259933741348,0.076696749570347
0.002266192586878914,0.013195070779475819,0.05258961881065002
0.002070166433125355,0.012917225243341672,0.052701322621624504
0.0021485641798865474,0.013368854939249561,0.0634334504702315
0.002412343003859808,0.013341811648331186,0.09241946214514357
0.0021161575935032253,0.013291565597160774,0.05252824218084777
0.002372412389587097,0.013485781058443535,0.05270852528880036
0.0024998304418008227,0.013215641745883511,0.054525259425068105
0.0019670468509139886,0.013319294657951336,0.059562576870102704
0.002387373067309243,0.013341181717685975,0.08432483952998829
0.002245245764597978,0.013125874168006788,0.06134576098181767
0.0022924939547728706,0.01351444972461923,0.05253298569916002
0.008723802228126507,0.0037360905041987314,0.11831567386193612
0.00867578944269386,0.004027613225982837,0.11800873318647026
0.009141548235724828,0.0035209426417717746,0.11652026868302486
0.008960278119872414,0.0036905387628078335,0.16878492310035387
0.008995047584146985,0.0037345811701836214,0.12604713660241137
0.008936481526734472,0.003775660068712117,0.11727470372429323
0.008639568127256256,0.004155695877646212,0.12284705022589532
0.008935144419473748,0.004191224476053232,0.11646121553312155
0.008677804803079787,0.003926039172523922,0.1176747326837742
0.00905076677472491,0.004117413806459234,0.11704801690694054
0.009119784813253757,0.003943736565702492,0.11673192064087828
0.008638845176146463,0.0038486897339480583,0.11663126105405518
0.008685369946462667,0.003588989863033714,0.11645126001082218
0.008666246755395651,0.003994548316958697,0.11649527112424947
0.008643652950662068,0.0036160896563121442,0.12756657862152604
0.009005226816407171,0.003839981873540953,0.1470011523229753
0.009147734388031596,0.003818098000871432,0.11914125230093721
0.009344060465011069,0.00373671986257591,0.12785999095879536
0.008943286112263046,0.0036115898701156272,0.11906917825063583
0.00916481147568808,0.004253583334415157,0.11645948238955528
0.00910895279811527,0.0040415449519392715,0.11649389352598438
0.008661474454469709,0.003595341562344563,0.12232987640063449
0.010327920530241263,0.005960854126423122,0.11008532704733605
0.010284944645560075,0.005738747142695172,0.11026609105883478
0.00991623692557316,0.0061710784767113214,0.1858446854262061
0.010479215141103672,0.0059818300719612725,0.11008422865868422
0.010274228251965277,0.005943705931831267,0.12293918610993158
0.01071153086754721,0.0058574342793145185,0.11042078041191865
0.01063311987480264,0.005748412580555884,0.10999674427760939
0.010395636214198107,0.006105221768823097,0.11294267383160626
0.009941374588649113,0.00566954303297789,0.11662409662371673
0.010797125783734818,0.005928216154407236,0.14528232180707396
0.010476223900935272,0.006003737984014271,0.13982781485112689
0.009924847042625909,0.005838226775240802,0.11008536471260018
0.01056957243384482,0.006093542680978549,0.11061294861761073
0.010399483426974124,0.006226614055193087,0.11183043838350498
0.010056334361370132,0.00583293319183306,0.1100545569797348
0.010286027432512106,0.006241422858042054,0.11006927652076794
0.010394868187594266,0.005617995414000413,0.11109115203934275
0.010153519563749143,0.006173491973603556,0.13951126274001352
0.010308394222999069,0.006345704170838267,0.10999151231921935
