x [px],y [px],t [s],t_relToExtTrigger [s]
0.005948300408363766,0.009031078382166604,1.9495137960303077
0.004206618404337867,0.00767214960330462,0.05956501672395346
0.006706515243193968,0.0068391807383361945,1.8051971592031684
0.008663825211036869,0.007778778097073728,0.7816918336571572
0.0033177557988389407,0.00962442589711714,0.20584530657969574
0.003983679576603803,0.006530434085119876,0.9433635091426927
0.006814349486100818,0.009907388355584537,1.4174941178953013
0.008234113848741648,0.006977086438597422,0.7129721761357154
0.007504890972548837,0.0064047448571451695,0.24422127445899813
0.007340430384064931,0.0034166136724739396,2.0045361554264933
0.004034985648151722,0.00010986860224859618,1.3350201876540424
0.00033446486382020523,0.0023945599356097126,1.9363676256789626
0.006563350452427416,0.006946952684376767,1.1862066223619119
0.008273267292051667,0.006482726090464408,1.1318156090690248
2.2660956018820677e-05,0.0055111964603819135,1.983828951160133
0.00043672012471653645,0.00402231759620753,0.2380939426640839
0.008444744711434936,0.0005688784042562767,1.77125216802305
0.004369756737572227,0.0010581822081633207,1.1450129748390556
0.002857909657984731,0.009636445141206687,0.2595467851028486
0.008039660282989577,0.00528690244787605,0.32208367196804794
0.005004691593181346,0.0039007201176439587,0.3456992285827942
0.0019870926219461536,0.001889398398275496,1.1852404728873236
0.00017954315318316927,0.00801593572821705,1.1974835989108332
0.006813709639917226,0.003516484327977344,1.8397648367892467
0.004424805145103212,0.0035090032965173455,1.3371869046237184
0.006962934722871433,0.0010765427863286725,0.9448026740420675
0.002632181017685775,0.0009030625219601296,0.5123906592456408
0.007890762562185112,0.00922315345233985,0.7848568280791167
0.0030164634387961097,0.008916294345473703,1.8605827337416876
0.004485050608469595,0.0008747852885274666,0.4756594635276509
0.009469389465315163,0.0032222368751095997,0.14118095572623
0.008075093680818813,0.009638225359065705,0.4572172602566384
0.008142266099131634,0.004930987227505921,0.056337334191092964
0.0012156348553239494,0.006953348339041772,1.2470846425034883
0.007722201436434396,0.0059160219005223195,1.8587459766172194
0.0039222227195881134,0.008241728248263221,0.27122790328866986
0.0030804975578093987,0.007844415529714125,0.060133691314673623
0.006995287610859415,0.008378303394165496,0.1253941183450157
0.007210874504723551,0.00012289684341800113,1.7423613862504963
0.005107713888553608,0.005761840359040073,1.8158699349208391
0.006339241146804818,0.007104645356988516,1.2133294637972862
0.008961325325332595,0.008132264281801364,1.1069792513533638
0.003611176040938553,0.006710670490183514,0.49025641875928866
0.008378205413656612,0.005482046660483548,1.4080860670858224
0.0029278418932509177,0.0021437815286532882,1.8948577011989012
0.007160684424352023,0.0044467581886616135,0.09016983992354512
0.00482327261494637,0.007779580101038454,0.096558115423194
0.008832035923515794,0.003190782610897661,0.37410158021099493
0.006627811829770901,0.008106393307373434,1.1399778344701859
0.003490982443376964,0.008273986762412764,0.22160062485419116
0.007041841609589962,0.00889961269831737,1.764291118948096
0.004003445324794614,0.007643841943152049,1.21228226348479
0.008905773853813102,0.006525203797940375,1.631736319103064
0.00438267970582407,0.0019351399599037622,1.6372542408023563
0.006724381800661446,0.0032846856309797267,1.0492841805683497
0.007666365974428313,0.0040183872340668735,2.0153328881556853
0.000836664567562917,0.0005908996437454262,0.6818005957934953
0.0015159958943229035,0.0027043039098512745,0.5026508629427158
0.001742626178238308,0.0003803778199615171,0.846378199806955
0.006143066584795068,0.0057496085097252445,0.841714919798861
0.008153415596873222,0.005832143503162257,0.42120467300070635
0.008626893302192146,0.0030501295255229675,1.0849076974171157
0.006723546607905715,0.006903926880959144,0.28107950274018867
0.0010439089179842432,0.0005119676074200952,1.4564839201896107
0.005942895711330977,0.002048273290183055,1.1036810054348263
0.007788143792312063,0.009074874623798954,1.2776656265548485
0.008404519662067818,0.006930350166782677,0.281570497478203
0.006826170739879538,0.007510139446526734,0.14474515099315496
0.009853120442266161,0.00782250065691215,1.8094178815453594
0.0017557076808418649,0.006521428695437755,0.2945786819021414
0.0008848951212349876,0.0004810405263987649,0.9589250646877137
0.004719102146306213,0.0035081457405253223,0.7436112702150665
0.009375019656647726,0.005286670196520619,1.5503474703614133
0.0013964597047463312,0.007244090126994337,0.27546765511096616
0.00811375302468765,0.0017979606777767088,1.9658691717389858
0.00655289250300591,0.00024272770251070774,0.7493622821138928
0.0007489732647235358,0.00398523123888529,1.2842516499743744
0.00641256858242992,0.0046806004251100574,1.8771377232003241
0.001960872681474667,0.003370199740551725,0.08470665745376514
0.0032333778447385885,0.004092497318894879,0.22058924721288725
0.003435062977768031,0.00492615111804389,1.0157271840187772
0.0037083287185058034,0.008013071044138207,1.5949573994771262
0.0002859558215624536,0.0005815040446775932,0.6284522558295312
0.005723966197589462,0.009334824963008432,1.3538367231471997
0.007566160435713489,0.009737448593414867,0.7046865388222616
0.006439650580580857,0.0007564039651916355,0.9172202387529291
0.009334434859323984,0.0061449366110790035,0.29269903024784455
0.0035821545907358966,0.008300132628041195,1.8445489413259533
0.005560785212642444,0.0019233921970417645,1.0390507168651077
0.001076046346839361,0.002777565545675167,2.029699409464736
0.007516243204905221,0.0007098126155422746,1.1842392620630586
0.0035019806133657493,0.0038550029937011545,1.6502102394618021
0.00011047630929397978,0.005423106976060461,1.6595558562046815
0.00416133605055027,0.009422553690918812,1.060660028987852
0.0041764566682754925,0.003944784367985831,1.0781867767448083
0.003665845193862498,0.008020585251999359,1.9944374762497217
0.003434958256569678,0.0035509323464779008,0.8171341887483141
0.0010814245347438012,0.008554241061978813,1.7330814902305383
0.0019011382227928186,0.0006266300499151112,0.003514708409978215
0.002408727517385615,0.007042586648941419,1.3769613912870577
0.0005191507100121806,0.004019057128396825,0.6303209542564601
0.007446489833502395,0.0074452955277679225,1.7987165505630216
0.0009437416136772759,0.006914414439334858,0.19563044941535151
0.009160075981059468,0.007951297868564388,0.1527308634038738
0.007038909060634638,0.009894312842158252,1.1539896888932617
0.00944523925433413,0.007425517381227098,1.655317234742286
0.0068403478024454305,0.007655187508772733,0.5732861013181926
0.0038842396853573037,0.003072769052399781,0.23717678498619718
0.004507032019492833,0.002096658560888626,1.770279989400402
0.00973286261947743,0.002550319986858213,1.1345410200599506
0.0029464006824767054,0.0022510049297491033,0.6271816788361737
0.0034456695971633445,0.007328315719661004,0.16143747835140715
0.000710457326379822,0.005015632786183543,1.640316107699581
0.007687308168986015,0.0006072939036791125,0.5885323302163742
0.00498829734236254,0.0038974560868652577,0.10715799638437573
0.009997318671961346,0.006319452702782921,0.025502262173616803
0.005728091464436945,0.0021476212588640953,1.3230836979340166
0.0010433224068352165,0.0046291681244394626,1.1092887641476614
0.0014065364668000358,0.001433717555224524,1.7087355738448784
0.005876018773056148,0.0005163916345189967,1.58460048213818
0.008694280697513367,0.00598834783656577,1.558279584111689
0.009289113204113948,0.0009174337605289018,0.290512001051459
0.0020811817780424235,0.009251860805626939,0.8228971295933188
0.005523881331373206,0.0007910838348772309,1.2389340237855797
0.00037463284777312645,0.0011274602948998114,1.6619138193454792
6.085287434760889e-05,0.0029237617433042276,1.0137748847072436
0.006493503178625859,0.008184215836696526,0.045777236206925205
0.0004142248279681593,0.0008813512038209881,0.03647682257465701
0.00296057678024404,0.0036727675952230843,0.8903749637530898
0.005588218834377247,0.004062577597816157,0.9283250026052193
0.004479541945168332,0.008764447737684557,1.4674481828912134
0.0013342130687989185,0.004937514940887887,1.4656181501434247
0.004192390922317698,0.004379780098148686,1.1192814827357636
0.005120651609072927,0.006666621769665,1.1931994704079438
0.0007667374407098293,0.004676451182785189,1.5058288038987877
0.0050527540336310905,0.009705621426390528,0.47723666625603534
0.008645225342812979,0.008718760912383288,1.9103538642562459
0.002673008357421639,0.004192889204934484,0.46822266183346956
0.00978639464201583,0.00045016617707290376,1.7195044557820032
0.007978074554682121,0.0066634889979990085,1.5872844422197414
0.004460590964245518,0.005800513960620891,1.1409304282267572
0.0015812889587177193,0.008629927067994305,1.8254477876265405
0.0009933541658276046,0.003178940551186258,1.9497805657727119
0.00528856065207701,0.0019012208798031439,1.2510186804753545
0.0010882147261616704,0.0031089517202074067,0.620344465992484
0.006628984926534147,0.008457899245524782,1.556945034410173
2.1649034004184165e-05,0.009161621601961297,1.4064610412279757
0.003462004729945414,0.0014840611588177299,1.702282212298654
0.0004085064967501506,0.004816055170684024,1.5565619624497051
0.007242969206951918,0.008812798792512599,0.946048748275326
0.007954054579651239,0.005817401314590274,1.2915787068654716
0.0015340490961775221,0.007485124547389154,0.04978050337282364
0.0005828457447008018,0.009001997598111688,2.0488469862450596
0.0014977470567504503,0.007076446725669736,1.6444489608482775
0.0032301017669518206,0.009118915744553622,1.7174468255240167
0.001619718118471325,3.042885729054312e-06,2.0351608682624596
0.0006732850215351694,0.008354263585377214,0.6854927654997103
0.009778573410308336,0.006304002429520924,1.2700570595810488
0.0032334214023655374,0.006031864651801238,1.0807369393699804
0.0069636957470241125,0.0002549713385013397,0.1769695241719575
0.0038165380803342197,0.009151314665802244,1.665215308551233
0.0025856699783872727,0.0007494588468017738,1.6201065280254574
0.009123152396456662,0.007546785363714363,0.5969770980025668
0.00577305453718991,0.00497993114700693,0.9822756780326528
0.008563862086565706,0.003102473659466725,0.7375207371213719
0.0013483416614493537,0.0055429512771894476,1.5511840275669229
0.001087310514592087,0.0022278905090052648,1.8684975875917549
0.009280017514969227,0.0019380155422562561,0.6042945470729678
0.009468958308309504,0.006877351391595041,1.0825153453302863
0.008110112909349444,0.0038061445205387024,1.9219118418290893
0.008309471310733806,0.0018638806629112748,1.9191673817711277
0.001383752606752101,0.005984115175936682,0.36494270300975584
0.009889415218372841,0.005954242422351298,0.17123672916321153
0.006989122599709834,0.009470910552183137,0.22970206275232305
0.008389931964836474,0.007347250200487712,1.3782504575199823
0.0044034113815556155,0.0040319146372739855,0.06108488594778294
0.009572411485060954,0.001152579587057665,0.8481337667156036
0.0007012186755554606,0.0021172783797205044,1.2016139108594366
0.0016750557286458589,0.00854573734025155,1.307120075978675
0.002705361417103449,0.008263533850264914,0.4784039246124481
0.00773932478788715,0.0015877577702628587,1.5037813738110672
0.0030686857615988086,0.008466951050428792,1.3764719249718613
0.008111409449022335,0.0024325764234243087,0.9051870526112386
0.007142572677792253,0.004035093105578564,1.1308025522956284
0.0006491871620478484,0.006127061671615687,1.8759122759427553
0.00582878686389343,0.0007730989772678787,1.8069984667056604
0.005880472677236197,0.008781730759290398,1.6741527442802384
0.007201779357407379,0.007296639346145551,0.9174693949414283
0.0026141614912619827,0.0031802715660066896,1.9452763280284064
0.003613902319620933,0.003250898997609172,0.48632801795594427
0.009919208934240356,0.00962640361769522,1.6539594268263726
0.008154876589113007,0.008236451587446524,0.11669427733746944
0.0061020714485950835,0.0005954142582244071,0.6124419689757603
0.004191850338446656,0.008423235879317871,1.3628787747078563
0.0006404867319160001,0.00935001174742661,1.8109717901797915
0.002056596208245459,0.006082928688801242,0.13602703575573102
0.008776630121561688,0.005586428421848762,1.5184027064623558
0.0007069079779986876,0.0064768285086797255,1.3066028574264095
0.003673988319115661,0.00638912224564537,1.1708165674344742
0.002662607808217504,0.0047774338603332476,0.9050507687548327
0.009263229668400772,0.002303061750356754,0.7396017962515113
0.002259981455081431,0.008419413308864839,0.9945133924249198
0.008468359161063217,0.0024732178892698862,1.4193997921595745
0.0024792678686341297,0.0018959590463181498,0.26638691942343323
0.007627432910329257,0.002354051148387396,1.755562052811053
0.004096524646731913,0.0028466756844794418,0.04149352233919302
0.00019249285623540557,0.004571030629176289,0.9637164138012073
0.0018978400168102262,0.005389833303662174,2.0162654079112214
0.008633451122838788,0.007960311944921243,0.19739053088679218
0.003291992723013597,0.009975930142401225,1.9826180572306518
0.0051026914850300946,0.009897662605125826,2.0048799038019784
0.0067436978647702015,0.003231497628273429,0.8434877886384735
0.003769018236638384,0.00477918145568358,1.2706583929553312
0.0076320501519013175,0.00942684234689027,2.024490167330687
0.0015800913269802032,0.0018031728923523483,0.18583507574653296
0.001864065990711118,0.0036987982177715453,1.2600395846298602
0.0018004547537047056,0.003715628725521869,1.8479030368149207
0.0019235030533420894,0.0076273427587468315,0.7078944695212063
0.004051006672139812,0.0062242779266933595,0.9355766299045886
0.007652577334618929,0.0015631796362882012,2.045289735211572
0.009618028429997805,0.001135692039530627,0.8424486620897074
0.006996586164786723,0.006899743180255906,0.8889989824204823
0.006797917823836248,0.009670366164638186,0.40249960726156603
0.005235950638968007,0.005830370947058644,1.1917869311839129
0.008720738133302498,0.007242532707071492,2.015407610390048
0.0006034272987991151,0.0019943179630678666,1.980573236932317
0.0006888280028142979,0.007948164958815462,1.1994305681508868
0.007240264572479584,0.006448951619996154,0.8311502849604187
0.0012812709837902515,0.008284043118811878,1.443047790222485
3.434975024002252e-05,0.007929663618047214,1.0394396599229971
0.0008814341340241805,0.006371873485816117,0.8466822822064265
0.007980298496065292,0.00879928054456291,1.3182574299004508
0.004923850875643481,0.0018195148317462185,1.209799290326956
0.0032943377896556226,0.0044374680600388575,1.4960636056948222
0.0006621684141238815,0.0009943597505578795,2.029796906836793
0.007693665666873719,0.00832524104564847,1.4833025905165755
0.004138712175543954,0.00143553416237308,1.7444571424398536
0.0019739234454513466,0.002225078970978517,0.03967514634175541
0.004389055695259568,0.004205801614787306,0.20934028175591737
0.008508169536462244,0.009341783199300721,0.6810933733891732
0.0011411436797094166,0.0027639463070154337,0.979633424276889
0.0009863265056686522,0.007650153942906079,0.41868835498541535
0.004930702261150685,0.005164491147357386,1.0907316265996312
0.006139383328986114,0.008237024971796436,1.0786687358048697
0.006976484098628783,0.007802765333809635,1.6668932034553237
0.000611618445860721,0.008779303713704972,0.05227955412117483
0.009247170682625691,0.00018597435852141353,1.557715846516049
0.009427876553043515,0.0036872148255796423,0.9045150467356973
0.009261049322498051,0.0008997185652110051,0.35267738944944216
0.007154476520341801,0.008744901883810512,1.2687025841307467
0.004420832448381669,0.0024485358046260463,1.522132416715966
0.006254593489554756,0.0010108407759646554,1.4032390698755286
0.0008492743892560461,0.0018645051716617324,1.153177577279306
0.0089300545789259,0.006777305719340701,1.323961811021584
0.0032693075381418856,0.002969783279257703,0.0014618815561164924
0.0030846065219330933,0.005655925586433944,0.23987662430301177
0.0034761675265374894,0.005878849709796529,1.6489198442130244
0.005700987969792891,0.0003791566710882166,0.09039823462365199
0.007492999592941263,0.006443173047951355,1.4472430562641134
0.0012410557169416914,0.0004553298425764374,0.8395747815541081
0.0010135143791660695,0.0023419374510372727,0.3566477569383189
0.008884848377351344,0.0088475976879804,0.2112618029534875
0.0053329779302854294,0.0024980042857464615,0.20111950790639124
0.005785147101450956,0.00744445745549064,0.3926284699120925
0.00846543326908021,0.006809588430955515,1.808054962205956
0.0017221063767973843,0.003437405616729935,0.3382168779498571
0.006355512918535609,0.003244780539532678,1.9785204540874615
0.00031275925230386917,0.0026249748845036136,1.4430853542867292
0.002248216201782758,0.0034961824288857525,1.347186812690765
0.006446563481470601,0.0053921704292466685,0.35619938597683454
0.007021900453344724,0.008855763627528082,1.6562700430634736
0.0033808406131468293,0.0005031451798758369,1.147801274869153
0.002102552195422112,0.008077243241033575,0.6057335946614666
0.00985446106304333,0.0055789041959364,1.0393518397772805
0.0029182475238682306,0.009041810812565151,1.9424989085518094
0.006600905392497298,0.0089111079278104,0.8641225263355664
0.005068927513396059,0.002354660146897074,0.8137575347643481
0.008399591891704876,0.00863397520506185,0.7951245670686866
0.008015272520838251,0.006821371068183063,2.0352847741896105
0.002968286573436304,0.000523126042995018,1.7400263723732297
0.005459263621819227,0.0014188904710178407,0.1750367133607806
0.007108112094015112,0.00594911506294465,2.034714449317782
0.009878347094245954,0.0024107213818740847,1.307925172773948
0.006081321603314335,0.0022441464805837996,1.9970057620271435
0.0048182558750446405,0.0049342857871042065,1.6580100492401202
0.00416590541177561,0.005033727791929898,0.12092015502028573
0.009224509616654311,0.0013592401891732897,1.6343069901702758
0.002087955534562973,0.005995874901812619,2.0334530526806844
0.004010868607259211,0.006658452716628836,1.698444687416723
0.00895814390860585,0.005643386387973747,0.45258982602537406
0.007253386626981281,0.009163248919881656,0.6432969289293323
0.004431073024380143,0.0033782577602347,0.3121963006867386
0.009180590345586936,0.00538469758897526,0.10065796914215415
0.00222251317334111,0.00396740233834395,0.23297564101727058
0.005992894745776721,0.003549777896546801,0.8258090096126793
0.0017727061310834902,0.008028281033667409,0.32473063982094097
0.005845570184698137,0.0005802000822177455,0.20270794274862566
0.0011254120380497035,0.002302839952457181,1.9461145936109008
0.004154732685694925,0.004912579446930981,1.9105840034172825
0.00824367206330808,0.00917643429348215,0.39103244540032134
0.00279020760771061,0.0023040350096338092,1.9857705864336588
0.009119469535764804,0.0004497637916914687,1.6741401090874743
0.00853243542435952,0.00291935927125491,1.64375411181317
0.0053016362779546985,0.008863099473073644,0.9854785458896708
0.0010723109899589457,3.260951505973164e-05,1.2547592054920567
0.0017084068586949487,0.004041566411122537,1.611596848879011
0.004511533512464793,0.004607944675450253,1.528769598565007
0.005600864842758283,0.00432575057781029,1.0451975410645646
0.0072772019984460555,0.008081865828943177,1.554341227212758
0.001685682982327853,0.008484052517143313,1.2049119028489026
0.0025404364060755682,0.0015102377711984926,1.4825597114705205
0.006324761701641649,0.0033507598710170315,1.4906426400407804
0.0066621414658132065,0.00402709018158906,1.238730622088
0.00032416063476021996,0.00014885755196921257,0.6597316104395167
0.006883098588381855,0.006134244895360608,1.8046088229680761
0.0013056525627624205,0.005047418248255427,0.21450886095255026
0.004680530852139007,6.848205711088685e-05,0.9605640626674165
0.004549310301091664,0.004606913259568665,0.3519996376890497
0.0054093660987030515,0.007049698960414507,0.7954605097537177
0.004010562504026977,0.004829703826644756,0.16233316077286492
0.0008851903510938597,0.00352508481041231,0.37465182315510026
0.0010366232691132282,0.006623831682410005,1.77034176839635
0.0013257635328035489,0.0039051567078312133,0.9125741582939481
0.0070137687679021204,0.00355769745236606,2.004907751477862
0.003366229541604504,0.003723520757904564,1.8238795978257332
0.009873593437032367,0.0029405259483139892,0.4356108984607043
4.2728346330037634e-05,0.009074150175456777,0.07677114757591111
0.005156182273156775,0.004236295021416291,0.23179094273863093
0.00900712688428425,0.008272243991967161,1.005463828879429
0.006668027472579705,0.004113186908879466,1.8543490060867116
0.0017297928792864925,0.003994501803311067,0.45400613749664553
0.007114372057075512,0.009058859049300476,0.4028672874039117
0.00015898597194641373,0.007953764735461551,0.0663833053932009
0.009074574358534544,0.006509148236661171,0.0032105463382286043
0.0024605944854184246,0.0076593680898447486,1.3161399042773725
0.002386728028630153,0.004472856907443492,1.501551026532167
0.00955557449908351,0.0005647252439361484,1.2949839902067033
0.007229090491723906,0.0018991195554243646,0.5617724102157927
0.0065407182849851,0.007347876200878241,1.1711456910817941
0.0097867964878891,0.0017070292382342488,0.624110846311266
0.0014235995061396833,0.0002508551900471534,1.1909747939144308
0.003519129144938852,0.005794153618136812,2.004824571992893
0.007705634015769505,0.0013380079711622572,1.1339049924904772
0.005668535885677724,0.008934708945393912,0.27576363910753343
0.004905897292230851,0.008742704041466723,0.39017860022286677
0.006371612164071846,0.008902387514757491,0.9366688147966808
0.0007499623939206335,0.00550242220516748,0.8471501844018821
0.00573039093180921,0.00028935340942541133,1.5926576635049166
0.0016665844172523425,0.006829051840787998,1.3053742072702799
0.009191783603249957,0.004931437469485167,1.1085986809612085
0.0036828323998136913,0.006474818733929374,1.3194784744794654
0.00740555775947079,0.0035539850675113463,0.17088598211262715
0.004995373632316613,0.001062587693952608,1.6228507662033738
0.004336516106806256,0.008676131513241486,0.6272207997755019
0.008748977112027245,0.004725368051613378,1.5174225824328094
0.003212199851772537,0.007390843083124504,0.3959294564444458
0.007719059212178607,0.00994003217226633,0.04166349042489385
0.009940361110858038,0.0005952425071065304,0.16832375763665633
0.0017638788859048482,0.008731861251203328,1.667832287788206
0.007403853607306368,0.00430189153655496,1.4300722874228602
0.0009900658196754619,0.0005234526097701631,0.7047698786714804
0.008060493127650968,0.0036935343680026588,0.867554561699189
0.009310849143491558,0.00581693517363888,1.0070647686686454
0.004160533916049243,0.006561549480429855,1.7667392394152988
0.00556790605724503,0.0024485022457000527,1.2853180847037957
0.003491952100443285,0.00508123226450586,1.0764333065186866
0.009575564355995865,0.0013839517227643573,0.6624615699383044
0.004592595748851328,0.004534357722039579,0.25142783411715275
0.006702410614572375,0.0027581097525066424,2.025146005723216
0.002770160413790197,0.0012413159597994728,0.18066733111643116
0.009643549170120799,0.005088108170050996,0.41074053538627886
0.009486468267730471,0.0022228815416369062,0.9672760096388575
0.0042066947172530456,0.003743583639030295,1.8376394853754954
0.00010932698038451316,0.004131666522092852,0.5173104132288753
0.006644221442186504,0.008591859084592512,0.73169474235762
0.005677024223116241,0.006921436184976506,1.5229253352156311
0.008363433289773702,0.003389747798530791,0.48302424062944893
0.006351956285553382,0.0006897028820666873,2.053009795369418
0.004227223392960832,0.002401843270704257,1.7496457065677933
0.001885707914882724,0.005577230911319917,0.8845479023763968
0.002096261216439197,0.003352402660890694,1.4240579349639717
0.004346459592270223,0.004732236435378401,1.8581838772959396
0.0016101963106501427,0.008337910182757112,1.0117642033345078
0.0014997132282665439,0.0012203550356851246,1.879301160896012
0.005892081917540319,0.009618739266911782,0.9047071168754447
0.004972842579284576,0.0009361013392214468,0.1006136299666774
0.008052421511340032,0.0006535006288195821,0.9750458372899857
0.001066350940069243,0.0016934610138578,1.9999453557079658
0.002379901088582663,0.007619421901937068,0.3400397915541975
0.005228057880081742,0.002479651615300149,1.6806818121942888
0.0006951207909552093,0.006913187016538534,2.0363355553782143
0.0017666769220378998,0.0025485405839217844,0.8442232718870039
0.00719476150302287,0.004503511693785136,0.774150457302297
0.0036573065533280712,0.00010775509340645862,0.6018437023264898
0.0033884892873640785,0.00013160228599949698,2.0284749711013466
0.004764839379971354,0.002204802060328478,1.6318061199994875
0.004587324230169082,0.004461752231782601,1.6908895992955801
0.005323095744966323,0.009442784226092562,1.7109460928958287
0.0018285725457990998,0.009150581258484036,0.8029613941035002
0.007030124875845971,0.009875410681859353,0.8488914623726312
0.003293158128463303,0.008270646633013632,1.1161015832626662
5.822902680644893e-05,0.0027301311721041723,1.8364382753888548
0.008086886376023214,0.0018242243500243727,1.574293712627752
0.008426114100936648,0.009240665434646519,0.6164327116532934
0.005302686210670696,0.003360867509977429,1.7985910477931017
0.0028106839299731337,0.0036470824989617736,1.2433430101682272
0.0031616361069171615,0.009294507926693302,1.6995191183178473
0.005670826600086001,0.008661343852837794,1.1406302668761148
0.00992121954132333,0.004062345413025085,1.7443061094167347
0.0013573453241440682,0.0006466198439704985,1.9573985046493438
0.005125121325527949,0.007776365045162048,0.48783472507752357
0.007896344368726214,5.832386304861492e-06,0.18719823255567306
0.006452414574263111,0.009223071171567728,0.21987783035788655
0.005315722596242617,0.009814582686119889,1.1668120773434898
0.00615412556384837,0.00838527574291312,1.3196721387329362
0.002001735893826999,0.005489003636400915,0.7681745831184891
0.0028324567811090764,0.0006241249387414472,1.7069668892298067
0.004540975249484418,0.006905573802352614,0.15398335198857313
0.0015646950563075479,0.007361875178885009,1.3795731303737429
0.001596887423953407,0.009701990102598161,0.5053610521333608
0.005727947090231663,0.00686016757782594,1.7633366860005917
0.005046747806638759,0.008037812800588094,0.08224131261680537
0.007592165925728903,0.0022641088460284963,0.6540351618710518
0.003947268059480435,0.0026587975582044077,1.6753770026211925
0.004211537974893039,0.001071836429947224,0.9544933471180891
0.0002211741798557032,0.0017169656595563566,1.2699812331400195
0.0011555873652890148,0.008943851755288201,0.6009934022438193
0.008600152628899332,0.0007424432252441826,0.41311207778723563
0.0015550762004390385,0.003197550660727745,1.101403561221234
0.0022096175182388976,0.003903262693242481,1.6268249107934616
0.006200216731888168,0.0019196340181490967,0.04821954067466604
0.00036109133451578515,0.00447123545600813,1.9355422801746338
0.002820740298797524,0.0004559132291506851,1.1323731475204948
0.0028936176012144764,0.005428139638159758,1.6479787527384695
0.0040577433437240995,0.008135785421709809,1.8145697129745844
0.008127003735589862,0.006601750770215319,1.7597252178191387
0.0021875060443694925,0.007734301396639587,0.18041828582005595
0.0029648649024290987,0.0016171950483340881,1.4436019840426
0.0062921553738463165,0.003949506874772465,0.1811924716209183
0.002794354198015708,0.004878928095336885,1.521109388433211
0.00907737726328379,0.0019240842802513592,1.0125484692172178
0.001021658429010902,0.0017118822458013917,0.7857156252670211
0.0020061667212348576,0.007648587779267031,0.13472123796404725
0.0054764688401817705,0.00631174520205329,1.3044015172750267
0.004234884555123239,0.000569472804094573,1.5856593252460602
0.0006622066046645591,0.004685524097879676,1.8240633433019802
0.0015660249920157133,0.0016283978160864033,0.20150345628562297
0.00793658558110665,0.0015491746649591142,1.7910098143905802
0.008288604308184436,0.004058053695169748,1.7205542613723226
0.00942120881827275,0.00971420342784122,0.2190659617796313
0.006666045956991874,0.00026181786276384346,1.1059689658782055
0.0023942669901098534,0.005651158570956595,1.9151392810166872
0.0007212995610025886,0.007717054246515883,1.2108665345682692
0.008132073476472665,0.0003050005545906631,1.5306880926674065
0.0071412156502662924,0.003139442399046449,0.3702107513136294
0.007981955630587033,0.0017686162010308781,0.4585685919320503
0.0025693599152603074,0.000625220333949712,1.7858780673331287
0.0035718399553882063,0.00403616943282521,1.1834057158059261
0.007477840565528632,0.006808182423537005,1.8995686793726114
0.00017790817004200376,0.009778367006608,1.8175276437545913
0.002424278974331171,0.0029440369944655586,1.542301529181812
0.0031372937099872766,0.009286448602272802,1.260930990042774
0.006336882106018761,0.0009101811095579604,0.39091778679874506
0.008562381054518264,0.002525466518822449,0.6914210061950908
0.0027922161683096415,0.006161448368488376,0.2568706115697612
0.0035776271414739227,0.0035256936679154928,0.6780845078246823
0.0028155421431669547,0.009804684866725493,1.6704793549587784
0.009802399093342816,0.002233302863552008,0.9725303323080833
0.0022143812837767487,0.005278607515813774,1.3847011893424217
0.005962644728259835,0.00631763375660624,0.3288246615530934
0.0018411998598887713,0.006546840341948093,1.6081531399217412
0.00432841665448498,0.0024511657091950546,0.33492752801542036
0.0038053196797752267,0.001817905810217275,0.03593057866613555
0.0035046495163294543,0.0074814428150406535,1.141739628940142
0.0005524771671626161,0.0035091861773406063,0.8194610549153539
0.007527253892851693,0.0058617085808232265,0.7760783928129399
0.005093749182593814,0.0015158214697614802,0.11794414728553772
0.008731862080053653,0.00488586109921745,0.13299202651321157
0.0059990407559628875,0.005958266524142268,0.3599274221255787
0.0032588254052865885,0.004239643642061061,1.6307500273223612
0.008647149234325371,0.0060982864752016485,1.0216847708649996
0.005997396025843001,0.005240020023513323,1.1198337438462576
0.0016547451234377108,0.004368279538210341,1.04769525022867
0.0059685693266019225,0.0065852870488409725,0.525819331476765
0.009938448359784339,0.006238973161184466,1.4032662336831907
0.006287472297076283,0.007231813232292477,0.9267076017779067
0.009632470725108224,0.007123927238713791,0.12626737928731716
0.0011436892479221195,0.002155529005584673,1.5652629768219921
0.005451008306847255,0.005511088039767253,1.6846117150943947
0.007643914368755774,0.003306504980087115,1.6252937552522877
0.001115137988476541,0.004956833811938772,1.18548498421017
0.0007476350106716967,0.007463646202771801,1.7293327769796467
0.008559953353382997,0.000999660566225501,1.5959450539113145
0.0005852876995005652,0.00413578072145404,1.7576919486525686
0.00031031956326448175,0.006395198726670867,1.306353239331735
0.0015276827857511567,0.007884771207090838,0.49205316704168484
0.005846844935213667,0.007759696200494741,0.4866563883802665
0.0036326409659856417,0.009708074590797642,0.5500987448791347
0.006735657439662208,0.0027184441401690174,0.7683521955370399
0.0026926082494259417,0.002829432921285172,1.4567893495986626
0.004703485163559319,0.0009438877785347245,1.4661880369892157
0.008378702641274632,0.008721178787163839,0.6648573411014577
0.009124708657820372,0.001971002687217538,1.21518634267754
0.008379628795343909,0.008522559456521887,0.890790312207966
0.0024895720390047562,0.008000079800156934,1.7838360817059036
0.007434736069787962,0.006952804768650674,0.5183476264333905
0.007867226752451047,0.006101139354202074,0.8258623918877627
0.002330304447168248,0.005909922141821574,1.5926722792994013
0.0018132542174842225,0.005285039814116801,0.12689381919990403
0.009223293231823079,0.0007045648182590247,1.059334138819286
0.0002154509145322625,0.009416297627849436,1.1793391222305107
0.004185132131434628,0.004712930125342121,1.6035744846562425
0.0011562042836016785,0.009617106163623853,1.3161572267185464
0.0011012741652638835,0.008189215582284115,0.07452568803178536
0.00036386619805941047,0.005164373024275032,0.24233908378250182
0.0013054555409785752,0.000950564353250114,0.47094373996478683
0.001338559240868512,0.0025462287557752763,1.565330916459583
0.00684272421361895,0.006479321030192283,0.986367368638156
0.0002984943369553494,0.0077630223078069965,0.6012617576002
0.005251225869282529,0.007758856037731071,0.21977342753269039
0.0036268705522727973,0.0015276747499896337,1.1568156743089426
0.008211677245616087,0.006645750966108537,0.04071038088383865
0.007565749334755698,0.004896471503798237,1.2797226717126713
0.006903495997921783,0.0012788463506426952,0.6935830196886423
0.005287931139909654,0.004160175892939285,1.223016588973247
0.00598408559177169,0.007026680591999076,1.7267646595519852
0.00816496849047447,0.00868882981443819,1.529468187914534
0.0021931971062163,0.00868565550530034,1.536719391011136
0.00022853345713209406,0.0036631848244640954,1.4088216498634858
0.004765071809288115,0.0016068253136577594,0.5033746936222775
0.0007004295979745412,0.0013831303968000154,0.6586673219113
2.6287486124458858e-05,0.00957725004847239,1.4990289039622111
0.005093311516478695,0.00883154867373302,0.5301327991120842
0.008011022687025887,0.007363182776653736,0.4710523729104343
0.008748962128527483,0.007203597428348697,1.6717095680235825
0.008813721139659959,0.005802134182857837,1.8962332284011718
0.004946341924970335,0.0061328520267053405,0.7948443364938692
0.007446258275931788,5.784087407365579e-05,1.5192959305385338
0.0038389576951472007,0.007315984460120757,0.2610554419532824
0.004793393687533393,0.004950324945914798,0.48275650882785354
0.0058715125279365865,0.008835135645461754,0.07221405707295331
0.009568101271786962,0.00233716706268038,1.456595521041591
0.002338888929517702,0.004705154502863597,0.018147166049165473
0.005498475409144954,0.0075758510929155,0.048136576823161796
0.00833445318542945,0.009062334664666792,0.47377991370660355
0.00774175437276838,0.008501436337792531,0.23000575352143693
0.004372486101300039,0.0074403971800095945,0.02793277317617739
0.005136814601553259,0.0028413887556581786,0.10673176130557949
0.005577802550683638,0.002397879004957919,1.6092961731259956
0.0013457357800500615,0.005453214665207499,0.09056564678271067
0.0030676876801250244,0.007627072126173317,0.45869352948596653
0.009338294131635118,0.00473950892529386,1.9918644363615092
0.00123402556336657,0.008613524580431145,0.009368479053495382
0.0029730906845668093,0.003709915922341748,0.013093391717701009
0.0019818476162322984,0.009372280633915544,0.6649162313886546
0.0033931221376331078,0.0036011591354073893,1.0784102728800566
0.005401414197024565,0.003638343865769146,0.5815995825401968
0.007331484615311393,0.009727085747421966,0.2555573608339071
0.0010845738435314501,0.0016309579662207307,0.3029160034430367
0.0027275365732158754,0.0012319666342448887,2.0332674001949553
0.006070664768726034,0.00499398164829893,0.03608273326567955
0.009173776583782586,8.216014934791072e-05,1.597197499920852
0.0003062975920841993,0.00740924030349537,0.12900856797526303
0.0037248611081579053,0.009585879628032165,1.2487270703991629
0.0027602761362830555,0.005361811414094685,0.8916488118020998
0.006359127633129766,0.004567922431043394,1.5089906067329426
0.008165798568177039,0.006467468903796875,0.7048138471849449
0.005861957995871185,0.0038664176110722714,1.062227594730756
0.008067359740880336,0.0036814344681544453,1.9821446393864275
3.160453041722855e-06,0.0005877368021912599,1.404562275645723
0.0016383604883938485,0.007240102045733015,1.5277747854006982
0.0061185553765527225,0.0018756019203557029,1.3290249366187596
0.004205312118429743,0.0031730545853477054,1.6662817350605934
0.006622964631971768,0.0008003038324273759,0.9105357490653971
0.0032334442157524023,0.006244983559645517,0.8112931949693019
0.000757954037421743,0.0033202616961454955,1.9168606265630488
0.0030567607381966457,0.0016435173732108333,1.508343017232413
0.004215054458304893,0.00453487761908229,2.017715798170744
0.0021535603775745737,0.004337016166716128,1.4845078902356408
0.003271812371353995,5.827994060714215e-06,0.10751728425656903
0.001009296745431969,0.004183761441792478,1.638819942561729
0.0049423405920793,0.009609030242039065,1.029572693454664
0.004056191122566863,0.007898555994729677,0.02563025201837134
0.0002506648007636625,0.0004007961877620214,1.7009351226008027
0.006194206885174172,0.003095813271150609,1.6231335540084453
0.0013172810957550907,0.007109331840378845,1.1523505892242816
0.0033414681554200633,0.0007684502010566186,1.702609819340036
0.005183525155417505,0.004592898519655427,1.783621996370893
0.0002424860928312511,0.00524951442447112,1.0416354562706873
0.0009524542579824803,0.003982861398671533,1.714800896136949
3.1076113822643414e-05,0.0035604391562062488,0.0988681044184826
0.007828612506428315,0.0012670081997677885,0.05843068276748175
0.0009824270159186931,0.0063201744571792185,0.30168090542448944
0.000154300996162251,0.005388981275011085,0.9332543007419908
0.00796622795917568,4.387718766585724e-05,1.0369330679898396
0.002362927462527762,0.006699158811117941,0.1587843373944326
0.008634255526035623,0.0019164249369013453,0.803257618765749
0.0008995985867170786,0.008423455574420398,1.8981127360415904
0.0025785016479045633,0.005968367207980349,0.3327142630916211
0.005028702027660519,0.009373019927464065,0.4336656555913551
0.008845008644150068,0.004760437440864082,0.7958461345582711
0.009353462530898273,0.006142182957031164,0.08398371388651629
0.003926099737241384,0.006532725747092372,1.3831578718889928
0.0016075587676040982,0.009714892229420527,1.629061662977887
0.00033070588130807766,0.006226025834113424,1.729005909849477
0.009598119335499642,0.0065801526032787175,1.9588710997420977
0.00010206618671987578,0.004200848914569257,1.5268964941113314
0.007349892647390764,0.004191590230911448,1.7953317566772453
0.006345339876727316,0.004287438821207589,1.6368830964110395
0.0076591575491074025,0.0018713942134234807,0.8518049342058269
0.006201947516646037,0.006878869709877281,1.4401141430165945
0.005343477239844348,0.00507545191094982,1.7788349364403702
0.005594384170108202,0.007301897136187985,1.3718694275805419
0.0026073791941396587,0.0014250660129035775,0.3623003032111089
0.0071562850749060224,0.0023825029444109113,0.4492684617815205
0.009042215588663936,0.008454632467610535,1.8158113143943584
0.0040632710666910245,0.0006265118764058264,1.1973451143413314
0.004039491205917955,0.009276820332613232,0.6666329005366501
0.0023073667744898,0.007168620185110983,1.6740023704970812
0.0016463077474187327,0.006900120479498691,1.438335064833844
0.009378120739029714,0.006624926847633284,0.30897180970093346
0.000618982293768795,0.005363346198129459,1.35814025375009
0.00053366946207553,0.005465537921886734,1.9290472141870965
0.0034023811969046028,0.007666874711765267,1.2190346626667192
0.00035278241399672064,0.0036283088395054064,1.6292401368636245
0.00041145575998158826,0.009669040130627249,1.640561648303328
0.005966431089124552,0.00882751333827854,1.9571898353455959
0.008139613972199356,0.00899118229557207,1.1682749286326766
0.0048653142589246716,0.005728462447854075,0.006381108588572629
0.0037086429898269867,0.0014559869824893057,0.9119670327395237
0.00024451904876543473,0.005423121255869541,0.47379538008099104
0.000596074223380908,0.0028237556083054783,0.12468295095138239
0.005369691535247966,0.00408862501961822,0.8160152022097095
0.006707661425551187,0.009894538042480179,1.3858502147073306
0.0014803428044998712,0.004608421387259875,0.4146680701305621
0.00875538781634351,0.009901589467777373,0.784394892398626
0.0006730198842921199,0.006752378924926965,0.42082499659162964
0.006754504394959342,0.009149970522411358,1.045268287774469
0.008185437796546438,0.00418688474334754,0.5476398576987072
0.005202003310846606,0.003602297924128992,0.7042340162933628
0.0032354500701667044,0.000261632840516729,1.1567012046460912
0.008277191255855632,0.007462873093233326,1.6690589131419271
0.006564728326216124,0.00807388823744147,0.6511025692572651
0.0012765753623824084,0.00029322380064893073,0.2777716581764407
0.0010039815720337209,0.003858896532052797,0.7523870370173436
0.005458015864654337,0.005066550049796785,0.5569504654495733
0.0052049141123975155,0.006471053446118421,0.9885157332165048
0.0008729528169243617,0.003284940914519279,1.8234850890458831
0.0022120318693240105,0.004150805156318056,0.5389363479790422
0.008953170198219135,0.00269161237630806,0.4625640095578398
0.002020285236433348,0.007058345600417995,0.6147092819255974
0.004265812114151731,0.009445765307476603,1.1861619430619577
0.0013905235237989977,0.006862042647571941,1.995805169927122
0.009413976723730722,0.006198053329980542,0.30726530745578595
0.008704185448282015,0.0022598954402923855,1.4628823696616322
0.00039049337910625816,0.006006962518108824,0.3346786784720426
0.008176009225807667,0.001296310247056819,0.793066219856352
0.001726639765499709,0.009326498604782364,1.480590326857395
0.003786424058810114,0.005748188961677061,0.3917993078780838
0.0036280099608004867,0.007292979812209435,1.639845515656503
0.0029846903069196762,0.008217629465679405,1.5575363374548103
0.008508178743665537,0.00656488968375254,1.214691563137391
0.0032269538633879313,0.005044836676707583,0.17324558875037158
0.00991442996850985,0.0026152208955989567,1.7030083294566942
0.0032876209836386274,0.0016694030723552844,0.08432233567482093
0.002644645514441726,0.006418865740919146,1.4158820307481466
0.0002995034686644704,0.008720407367701829,1.0524958443844288
0.004815256091535833,0.0011510115000695053,1.6916321922224768
0.008319670835372215,0.007531572529183727,0.21472968225728928
0.0034638632536677393,0.008263791300377053,1.3637745056103499
0.005948109015827371,0.007066803269371975,0.3767464416063224
0.009799589505233913,0.0027777697293103667,1.9577842834209693
0.004025092524212298,0.0010780779200822578,0.9600323437328243
0.008584457995920522,0.0030011799440028187,0.0536199461405772
0.0073095172460050616,0.0005106470679415709,1.1247941005685929
0.0041011865073937856,0.00013155808124571623,0.004366065109585987
0.001827752950003686,0.008342846861176164,0.7551553845720619
0.005901887388402533,0.001679531347978609,1.4547681946718667
0.006116059782965924,0.007425575829678235,0.15658597302606647
0.00703498267531838,0.007831536420018147,0.9663034033623511
0.0037280816855017663,0.006979176683653486,0.7279433012574663
0.0030485614985921593,0.0022113880886105255,1.5940480602760934
0.002866604546550029,0.00891310540256937,0.2828277213257089
0.007457027620745368,0.008972520472374049,1.1417519224240311
0.00906890428685904,0.004774673089573816,0.5227082272683891
0.007511948345046157,0.00900942194036787,2.014423028133439
0.009500869284872539,0.006523373462753934,0.9065538717905848
0.001046366434801046,0.0005283705820728479,1.4389024362175917
0.009577361076996811,0.001880836604071342,1.5602763344067685
0.008503711411962829,0.005975887631664308,1.941609112157633
0.0014760354934516395,0.0028500032100603344,0.41500385660126915
0.009732365107430425,0.00830523490421728,1.6081687622858023
0.0003706595908344912,0.006371685810591394,0.6397046062375866
0.00819891282071732,0.008962807007758396,1.5786578851660868
0.0012521257690307265,0.0021087380851833393,0.937103939019773
0.004529952689707331,0.005710041636505855,1.0326326109026058
0.007351509008025161,0.002381162627107453,0.8267237055218211
0.0026117225032458715,0.004912806223019409,1.9117387256888687
0.0017090837224062873,0.0029808870839755277,1.1660420268714544
0.00969964408366276,0.0025513032543360236,0.2865196670736725
0.008962079230042585,0.007280072649690781,1.4224761060160795
0.004973957422216763,0.007873686599691045,0.8038359332224738
0.008322197136655269,0.000808338798844448,0.44157954293557766
0.005162260327951997,0.0005928981546119349,1.422514254925888
0.007483626368817659,0.0070482125844444025,1.3248518490431749
0.009976933473816917,0.005115407854586823,1.909253139631049
0.0006172459491842574,0.008323385352454077,0.07000855091412862
0.007811641364630567,0.009878236267656411,0.21082549605367842
0.007600836135262482,0.002300879459187357,0.6465583596440249
0.004777851226001392,0.007815732517219844,0.8120382060976955
0.005487012347808073,0.0027883737297939104,1.8807199877795295
0.002497898081999368,0.0024157409567646206,1.2733578686874936
0.00904024526016517,0.0035723809456241085,0.632354495942109
0.00021402680978828583,0.002999778291402501,0.12127406301795918
0.008912137098578108,0.00033311766193801164,1.2026807087689577
0.00041642601045435045,0.002992513197864005,0.3881353510048385
0.0011097758539733316,0.0016909920437952642,1.3641304619631607
0.008936414813028934,0.009738241862240813,1.9915534924320966
0.0009678877777973693,0.0034446970755764783,0.26624407503068004
0.00538346647785751,0.006234094846229581,0.4380644367383309
0.00176999906323689,0.008340123779644845,0.6134559956402285
0.003854348084986047,0.008760472651840288,1.8876343922523047
0.004867644541820361,0.0059260202464018995,1.2622449207830915
0.0036788786240462,0.007733343008877785,0.43466358076141753
0.0017021213096738708,0.004280136728451819,0.27106951305455024
0.008264912443464072,0.0010522281359619512,1.7055827463623454
0.00384808077746163,0.003004173439465905,0.48965572065386653
0.006628585665198928,0.0006947656380308053,0.9332951540579013
0.0036688595321144515,0.0048787269686434,1.7098129406464873
0.0026530808842054267,0.0010669667310855414,0.575984406553063
0.0014067904362424222,0.0008435561881544263,0.45988820440048134
0.006934429218648698,0.0003003436481744937,0.45263993034166955
2.2113625246874545e-05,0.005191709826126988,2.00403918985383
0.005905413262906194,0.006524944904398338,0.11034692037396222
0.006118555161965834,0.008038299786751399,0.4170827867192467
0.0012526114436588497,0.004816803091963778,0.06462053249107205
0.0007491675831656586,0.007835337042818925,0.8914979220786182
0.004643435976262333,0.002929618853716072,1.9749415956237764
0.006866974156057644,0.001274483309124811,1.3150931565454393
0.0020366162699076685,0.00014285189114292773,0.41404296626275544
0.007952507249214723,0.002692833242415833,1.4834157278584552
0.00507191352484188,0.0025534900041845475,0.37529457932748783
0.008900441113356937,0.004331268418797683,1.2452152373521497
0.009461210082252394,0.005256477359519146,0.9026350356972361
0.0023520411535790076,0.008472566248731972,0.47614644092758907
0.004374682404147423,0.0008506505785708851,0.6169326573543895
0.00576422928764632,0.0071970481680198525,1.5448919986698633
0.006274363136749679,0.0095027015792097,0.032930044153347784
0.009524909959443703,0.006347628639142026,1.1321265515594092
0.008235769450239693,0.0008365554196185687,0.20534875160243884
0.009588388453207792,0.009565792519193327,0.34421331049272424
0.006297643116214586,0.0047974532317877966,0.31864020809737886
0.003286395002268998,0.009854274468880849,1.1200325869183276
0.005166896881282626,0.006136113550492085,1.7833803661556504
0.00737004834923671,0.0032985133557458723,1.0942582861542647
0.0024412424103949404,0.004098813470566497,0.22926374186537538
0.0016913910582715753,0.00846839091503007,1.5904080958924256
0.005184850627734649,0.004144691842481611,0.943449353897833
0.009603245498578413,0.0022814270390950765,0.8445813714618353
0.003622809634965295,0.0006809134334595046,0.22730810169392818
0.00823104768560288,0.005145316167689092,0.7066142768131476
0.009566263584864336,0.005724063559245025,0.7811480189726977
0.006702124631550289,0.00897093897024538,1.1505126614131318
0.009571559103092346,0.009194977144474696,0.4301926764566553
0.008012904648934373,0.0028652255462307463,0.8352890446256862
0.0039441743192019365,8.318848500013632e-05,1.2609487054873696
0.003942895948560116,0.0005642334320348374,0.40413523182854705
0.0020745043688456667,0.0093804927767438,1.9544531539857908
0.0036886719183225137,0.007377821532514518,1.673909856570449
0.005848535464275414,0.004475561603505124,0.10434687835564507
0.001328666024473656,0.0016790232010390849,1.1500308897146887
0.0044547698514839865,0.002255394806880503,1.7740450019756395
0.00297378755523958,0.009563150781409482,0.6517943892736601
0.0011452395910825032,0.003302253878867747,0.8606471212452056
0.002364722495030288,0.007260942012347754,0.6542295390111867
0.007285203098977353,0.00519911829672489,1.2577571859428498
0.001740540748106132,0.005027950681347037,1.7862116378480162
0.007456584874351765,0.0038739382896185105,0.5537657600959801
0.008282073549863529,0.0043155377186022805,1.248656255537909
0.0016800496226842166,0.007449313909786502,1.411042117370222
0.004284385553089778,0.008654963219920427,0.9493001059823406
0.006712316783693476,0.0018802073667480669,0.5447186924715186
0.004469957228214046,0.0016496998602059632,0.09696583615417244
0.0015842156207672754,0.003660843819939482,1.4018559291538633
0.007187119677422434,0.0032618038865259726,0.08280236957976378
0.007482356969160784,0.002520376707610148,0.7104518802768283
0.0005407725414006981,0.00851828566809121,0.7784061557290902
0.009280435924741662,0.0021736053591157366,0.18114175190511003
0.0011183273007020279,0.007883707302882556,1.0185609069773534
0.0099253751242571,0.0075869660378404214,2.0082528902809136
0.009696313784563917,0.0028701494836562403,0.05897334779347293
0.0006601372004811057,0.0067243253313524825,0.778706233052736
0.0027321103329135442,0.009796134700081737,0.31409697135138837
0.0047055124597890005,0.0043878384021780615,0.23950887686905345
0.004327272279768919,0.0013893617401096391,1.8858665275392865
0.0027481767338897547,0.0039047459241584206,1.0725215785509807
0.008949786443469974,0.004376221233525125,0.9307089361692517
0.0016646248532574382,0.006475554339816895,0.8950650146062806
0.007952635736316436,0.0066487748257330085,1.3495982925402037
0.0034927189218396625,0.0017581888460604434,1.3898095999033688
0.0065161948766976506,0.008653809318194339,2.044891254655413
0.0010744782053190394,0.005013321205688167,0.7431935738892835
0.00451595692447795,0.006406629904957571,0.9091401454044766
0.0014327005397167325,0.007734942906194267,0.7513601487342785
0.0006622788961892678,0.007377809132434745,1.5139959332946245
0.0032841028608998723,0.0044264573254456175,0.3992776077360187
0.004311824952548734,0.004776930204890582,1.3377417531970472
0.0016691517112962385,0.004021799947691446,0.44616254883561907
0.0026506157026376133,0.0026969972460902224,0.4509360011607127
0.00365123387647044,0.007224354595636121,1.5298704426770424
0.0017896187654547436,0.0059349496108023906,1.1392300817775753
0.007710653560615237,0.006306760164608748,0.7840216061173789
0.002224623487677939,0.007943695509146835,1.3818045273423496
0.007190889074221433,0.009765119563001032,1.4237908401515467
0.00755669535481002,0.0004010559525549584,1.0627980437267661
0.003066602554655875,0.003557680218828836,1.8392965254418867
0.005780339673386997,0.003408287301261285,1.7300573771326697
0.006974645342077467,0.0008762198699354629,1.3212841642651865
0.0027921270488935213,0.005614980351683904,1.856211665160008
0.008356662747856427,0.0010043894808621056,1.4252178195605516
0.006096955455024686,0.006431687309494188,0.2976236118273006
0.006606938010795405,0.0026485651721555293,1.2527957888657981
0.007244537044291902,0.0049924897325043715,0.16513295165796274
0.002285359969146482,0.003112687169241185,1.4171487739986084
0.007072032598976473,0.006590571025309959,1.1819701889542231
0.004880392990265336,0.008271707400021205,0.1180477732052642
0.009300584597026219,0.0060590034696122955,1.617442754752235
0.004826076520071327,0.004015675411425279,1.736369285452651
0.002892096749765217,0.009768255424880131,0.4033326342453178
0.008683682153548351,0.0037065691991481522,1.2521484994110994
0.008834962476185317,0.009209497898119505,1.1360789848043964
0.0005097068909753977,0.0017799623337054016,0.37176381708199907
0.003771867905594223,0.009739574225807481,1.7165545373243616
0.007931053546381892,0.0005142300156084134,0.2744458467223083
0.008756392688062376,0.005225001262680998,1.2418746839082946
0.004795034723178369,0.009749840189416676,0.48744660464038364
0.003527218944453594,0.0005322517613633804,0.9831286370327965
0.004838673894782752,0.0043913107691503075,1.5956195152450725
0.001675866531644865,0.008232245172872828,1.9548097967662967
0.00825646436317898,3.691971507107206e-05,0.1605421516536132
0.004554682070650502,0.0076027392288802575,0.35520759822361697
0.008784627554910425,0.0008297864950696132,0.800510851870187
0.005211559593887904,0.003862718483648979,1.8156550100394369
0.0035528031500303816,0.0061828872881663135,0.13118940209915794
0.0030267096909376056,0.0083013385193256,1.01375604827059
0.006008207096778168,0.006124625656011152,0.9853106369231996
0.004277164790423329,0.0036573742710480396,1.452880621432855
0.0010945463604038652,0.007149677690201341,0.528266981675624
0.003509755088851334,0.00048861719660647,1.5855032527729953
0.0009668060369723908,0.008874054300221144,0.4651865024308474
0.0003585952322395747,0.00048421096121401664,0.7865463228944873
0.00563385266898332,0.004058679045586543,1.2519337612207173
0.003407314565186722,9.942933017459854e-05,0.8760039672741528
0.008166412796513874,0.0011628125768429942,1.4029984395404456
0.00909159713432102,0.006728654612414182,0.9689846488326024
0.0019492947339299772,0.003437491361133993,1.7072390377781173
0.005590330578205489,5.066164451104971e-05,1.178389817970007
0.006013354301009979,0.003591985697575426,0.821680461855712
0.008607225049866005,0.008664850157304463,1.3377037205865558
0.00537076216349963,0.0034821110034667824,0.31935545500858903
0.001091571507775958,0.0006417531771562979,1.1412092097077136
0.007951512545673414,0.0007550176066918368,0.7374029411262601
0.004863415448693747,0.0017235863155513488,1.4926345948266724
0.0032263552930126217,0.0012910275287684192,1.2252930974049805
0.006952297291030363,0.004465791777898228,0.92786223741396
0.007052619892834615,0.0009607953767896483,0.41748045503101827
0.0017878736463019873,0.007748261149618454,2.021973287025243
0.003900340241029684,0.007489804943368323,1.0894285474017804
0.005882930292754739,0.0005089856848889019,0.35147823522331967
0.004875136624948005,0.0021094895925753577,0.1909927457604925
0.005692471402719877,0.0013462641593133984,1.1161985383497879
0.0016306026648447813,0.00883220191606478,1.6718934759522366
0.004759616709028762,0.00887765842399453,0.15930031107521717
0.0007913753324846162,0.0032722425024147564,1.5430481877559084
0.0036617569732564394,0.0015418308740909182,0.4511161386169285
0.004717755746855522,0.008227113907655821,0.18659701788405386
0.00998127090051539,0.00601229255225867,0.3847430471053907
0.0028229870184190296,0.000370387410428098,1.4657250308568284
0.005739361088309218,0.0002446108014171622,0.6859477930571656
0.00802711409553552,0.006817867759364864,0.6173592580911043
0.008338270048203856,0.004305569101521518,0.7016417466829249
0.0024247175085704855,0.002231887186941752,1.5853675050069571
0.0037237768906268486,0.001579397720618907,1.5863730920578027
0.00394990244681679,0.00709704008956157,0.10736518263446473
0.003767934552319541,0.008102692444849298,0.7483950771695979
0.006317576221143824,0.007646915053423129,0.5466527846893138
0.009742047785516014,0.007031999987606613,0.9612999911516462
0.003293801437253817,0.003788471943651829,1.1338399878929617
0.004737032044119877,0.006864833388473244,1.812743295420045
0.005032341109395428,0.004744797738347619,0.1985156225877105
0.009682689460803116,0.00018890130569793496,0.7642335608999251
0.0035184527579618288,0.007580142198646105,0.27006451280466914
0.005983774954335187,0.0014073578897946305,1.3820172633753873
0.004697783217882537,0.008052844519582568,0.12238195847888678
0.002172840331022922,0.0010478483000709627,1.4490209262609717
0.004037369418681388,0.00488508540320994,0.6578085638194751
0.006599736827363006,0.00528459535863594,1.35291988099144
0.0033589468079826537,0.0072861506858816665,0.21980615069717968
0.006743339612714172,0.00848232344482548,1.5442134066615159
0.00867642229341366,0.0025593472994746526,1.7103757224354637
0.006796018161571501,0.001267108243678663,1.9875697537609056
0.006585727352680184,0.007664632586395333,2.046181399853693
0.007173290930201195,0.0034909558024384247,1.2118593587972422
0.0011329685048904537,0.006535466684604457,0.2767774123385033
0.006572738272106146,0.009444653341190885,0.25310929438522645
0.005316187332817668,0.0006761032860552385,1.3016005521302025
0.00019356827354423235,0.006409461274142916,1.5866705297453376
0.00682572496219615,0.007935277552917118,1.2338507418883014
0.0029587360001434694,0.0011438360160407623,0.5759663032651715
0.00012892955005783024,0.0012735542845472947,0.36530266532126693
0.004284216398439407,0.006945698062674122,1.6607958470120565
0.003950555527555009,0.008014726010400387,1.6065676363773147
0.00875676722384928,0.007869289239777625,1.6333437657104515
0.004632188323817756,0.0004257747697486891,0.8194237635005899
0.004695952062198896,0.007411250481885,1.6230256664751244
0.009455052758262625,0.007754762410087789,0.27595831524497
0.00030803338742928953,0.008914801443181675,0.8519417637114823
0.009027873957927922,0.0007475497981996404,0.49112280151131926
0.00876593453947859,0.0009609758536285296,1.4796312258188222
0.006122623129744851,0.00607497841231582,1.4369749422968043
0.0031462184027699737,0.005625815173008811,0.019667593254196016
0.0035530087997430273,0.009759832733008398,0.6086241713379785
0.004163975184449338,0.006263027076385734,0.6886288261823554
0.00942207740922675,0.0052070457916828326,0.6102927910919244
0.0023496707746709423,0.004884416070075991,0.355892652625827
0.0006869248911808512,0.0073725772278014435,0.15998877908444323
0.0028389129611988383,0.003430421595573916,0.602929838310338
0.009245276091130105,0.0026318726651314017,0.2523143336553698
0.00857870841386409,0.003163739859856599,1.6842940090475047
0.0007129856170934446,0.008177299681156866,2.012990916703551
0.007989891148503604,0.00934753306672574,0.1619114126252302
0.000879202841863228,0.005932909847198147,0.23876017472174876
0.003506471764283935,0.006971989327401051,0.7295698378105041
0.00872827488489563,0.009707025436509012,1.9456152041509664
0.008666306303279418,0.0094928390927239,0.012165218157065746
0.0003709889434903346,0.008074649839325855,0.24225952066844966
0.004462167186188088,0.008884942265720144,1.1866164430876989
0.0016947635380242531,0.005971007274314739,0.9786860382588627
0.009896355937952756,0.007621883917293609,1.8427130740799031
0.003922803154383111,0.009156147534675476,1.2879878746530706
0.006498464176169378,0.009434138852811256,1.1697548453394615
0.006342222279423436,0.009704151524790438,0.2470457996426852
0.008406467945282969,0.008052375544950773,2.014272536054699
0.004127600450477594,0.00015411003904066244,0.9640473299894172
0.008706381827237084,0.00644111048306494,1.8533539327371265
0.0005064300695836421,0.008213064292821964,1.705134862121295
0.009270538407686992,0.0037449230858783654,1.5842607305083962
0.009281012930184419,0.0012560527175585247,1.354948787478111
0.008095334521364175,0.007225354025403662,1.750965423573348
0.009323717012949232,0.007266033614705886,0.8397130459863661
0.006272636556321275,0.009603918265347814,0.07135207710432862
0.008919520379397925,0.00847795452237579,1.2955511065554108
0.00995453799200567,0.0001903108472952142,1.7233800263891597
0.0073821182627656625,0.004736981249308066,1.1337846155435172
0.00495507782394841,0.004359090696242117,0.2539542814631114
0.007132999208086537,0.004693422591708509,1.5639075250725043
0.004307755077965556,0.0005177386894616409,0.541835463829375
0.0034414886531971478,0.0015892945464628494,0.044361770848160974
0.001819308868952213,0.0015073838837070775,1.9819074497059948
0.0016729628077262516,0.001065186692644271,0.17107849220136492
0.009532192947037398,0.0012456103709586896,0.3993473099557681
0.003061541263726657,0.00798414255443845,0.18050508428628337
0.00788286215189663,0.009795988545755944,0.29828030678509176
0.009283432760003886,0.002059647037794018,0.6373182096680746
0.002835096868755076,0.004145297863011247,0.5789422455230077
0.008891424534275964,0.009378446086424606,0.5800293395113635
0.007987763551831114,0.00806708703484045,1.1512064858347377
0.007098685897632734,0.0006254255720162383,1.5912359850514186
0.00444088600690573,0.0036947934981504593,1.0145535398991952
0.007700870290649014,0.0029966543873902207,0.8966340627175726
0.0016840770958739659,3.5740713197096595e-05,1.0956900590997893
0.0012728823389113297,0.006220254924539127,1.2152803030294406
0.0086206762297851,0.008202801028545273,1.766571497599848
0.007112536948348308,0.00897669698794161,0.08804598313103457
0.005107958596030293,0.007578240083962056,1.5176402584900113
0.0017708139409452906,0.009782210761973607,1.7845102798311132
0.006587370908027538,0.004397765256743625,1.4076438092200132
0.009441848567247245,0.0013391414589787709,1.3630850094521074
0.0011662919497570036,0.006335567297463583,0.09237242767022381
0.007461363922007635,0.009270138398703241,1.870446914035884
0.005758783368226483,5.202622273818847e-05,0.3887488460109797
0.00033955673050807376,0.0028373732847411016,1.3635271412441288
0.008715876419836378,0.007749439721949536,1.7494125196123416
0.002718484229844459,0.006017732561548191,1.4598977547017709
0.009372452795255164,0.0007062196133398546,1.296757847780761
0.0005500656744677956,0.0036411730351318394,2.0253207582489163
0.005486940400306459,0.005134370208168326,1.4936860103202814
0.007294706248257225,0.006978044548304714,1.5591727474514843
0.00945720657330595,0.008090603848006807,0.5166160749513552
0.0015894523441796083,0.004308454986032655,1.8354228287476115
0.0008604097380919663,0.002236777894508341,0.8207484212256325
0.008561503855855919,0.0029860438147074277,0.6158716099293288
0.006970483820085902,0.00923563954034643,1.8767474926264507
0.0030780592184243695,0.009633611912254843,1.9651810584917748
0.008025146541587747,0.0024932913693920633,0.2207447914676061
0.009982156606090184,0.009841336340474422,1.049854782855818
0.004791209140997542,0.008310423457184826,1.8328990573673214
0.0031343207127762186,0.009932062177885451,1.3821462056506386
0.001235825423192104,0.00874119740184688,1.3433661660212848
0.007247034531758937,0.005578322686982179,0.3852175289849972
0.005294875777950835,0.004120750861087589,0.5133768434981413
0.00010071251227905642,0.009570513054039984,1.0928416674884112
0.006385726799458495,0.002980118894411192,1.8473442406278084
0.0014763270843215581,0.009491124903415193,1.862169740150355
0.008452564535123044,0.006675621574627051,1.1347128215417286
0.0062778154537560275,0.001227692152837202,1.395121997720921
0.008463393736623883,0.007161166129889595,1.476332944777117
0.006972418972911512,0.0036331142692398646,1.8201153317554217
0.0017836764938040906,0.00897663284435186,0.8520723951837035
0.004800274549503833,0.009813460061795705,1.6428307196399556
0.001406192487336274,0.004755884074185341,0.415310775733297
0.008311942389620592,0.007421670880748782,1.9660080612710495
0.0031758643177351898,0.00873118663861403,1.8850265794310463
0.009387504138478161,0.005475670498441236,0.4835524475163558
0.00775523259825608,0.0023564213754803088,0.8758809104854707
0.0014238740896383095,0.0015925663770106036,0.4711650264442042
0.0038541169666304145,0.006940265439153225,0.9827650672828576
0.003996643754315148,0.006173433343867661,1.3695599185164389
0.0030377802546758537,0.009782387834645441,1.1138730318005579
0.002342012316113643,0.00785372219509482,0.18141605053715767
0.008259454660843135,0.0016200837394168245,1.0527872082741927
0.0009645388048833181,0.004319215356845218,0.09607288963823095
0.0027010308598974485,0.009990352381475555,1.5097033002803046
0.00016355123801007455,0.004825015212646559,0.5901151811542941
0.0005643501583433875,0.002245209045595602,1.6227599333687472
0.004016534254261159,0.0051854456922543445,1.0252572874318815
0.009707439267154167,0.0004353354734914683,0.15260043840055074
0.0024123659282381193,0.0004027867243673966,0.4563147059370115
0.004269659602048163,0.00255025520247998,0.8891745437444731
0.0011513564776355957,0.0073722278761831775,0.422983257650694
0.0005669357652065776,0.003717745509582018,0.5903865424616489
0.0036192177054518906,0.009511000118537756,1.0431354144002507
0.005681646710989348,0.0022804533319529586,0.7833818082262984
0.0013296816937723376,0.005848144120721835,0.45905804942522305
0.0016721186168163916,0.002791469728334639,0.3368957954848902
0.006622736297246939,0.007483759878531646,1.0283461097064777
0.006124496646088947,0.004839794851514359,1.6063345588636904
0.00488288501338507,0.008790937595119187,0.1309060477944436
0.00553047610258988,0.0014363000739092359,1.745128317271011
0.0008536976828927856,0.006285494501611271,0.467334356499407
0.00518370748947511,0.0015386606004847336,0.5665467955664061
0.004081834475644022,0.008235770769665668,1.5691083929412522
0.006227696656031599,0.009143247241205422,0.4848658697593775
0.0038650879295437915,0.005536740167300557,0.08514246783926042
0.0011088419442291265,0.009276122130923626,0.43954974622212095
0.007158699214821733,0.0036850097251362158,1.868671583141634
0.004515518848451781,0.0008790368713015662,0.34461439702149343
0.00994273351357091,0.008915972063083751,0.05005944616722987
0.0025599313863510632,0.009262760719821808,1.1130485848425204
0.0028054020091734045,0.006110299097575231,0.40558776868955637
0.006232782361639618,0.0032517747970980193,0.23483742139257352
0.009205359354324809,0.00449768013818271,1.3165703937998456
0.0076190860393501,0.006053144698309726,0.9145110080653093
0.00037360760570584575,0.009186740632829222,1.5084987836632773
0.007210032114983381,0.003062036996363662,1.2092643367136018
0.009323032603573051,0.0074781161836931995,2.000805078133087
0.000888313856218197,0.007340857517143334,0.41912129824374844
0.0070391801289066405,0.000842050897432245,1.3581709825787287
0.005526901446070296,0.00769685384941039,1.0345304991634003
0.005108128769299696,0.001865349759196585,1.6372911664367844
0.009812513456021044,0.008487897973094282,0.17523393086562145
0.0027157155219159723,0.006133136776065704,0.1616848967058528
0.00190087598254291,0.0034500341330214726,0.4829478931687295
0.0043365667301061995,0.0066536777573576456,1.3150501965759174
0.004783751557978372,0.009358639132373187,1.715396113768537
0.008802501913729556,0.007658721302425028,1.4110692607324986
0.002918627895943505,0.0019741013341379077,1.8213222940651028
0.008113406716287663,0.005656388823675556,0.5428959769583169
0.007800995941888608,0.00627584883021465,1.641898283901847
0.00947305856314621,0.005751739626467369,0.6654227895316659
0.007438472536645663,0.005211887899380442,1.1012792483852842
0.0022351787108781385,0.008354768104645385,1.820890900858578
0.005624305925675695,0.002767401017592053,0.7825368385771354
0.001607442691960832,0.0013424832762037276,0.31277639820678466
0.006819603733182632,0.00544464730957627,1.8822820642819735
0.004804176026143663,0.003584928977466728,1.423846213317219
0.007336280469086691,0.0070270904112387745,0.36558293109620255
0.004006093569183231,0.004609890839943216,1.1683111279062355
0.0008584151451974853,0.009993373627884154,1.8951891312460185
0.003059403960050686,0.005198395740285744,1.6226305051809926
0.00046924457208838535,0.0090790729377495,1.98635552885536
0.007489298680752603,0.00709342751036989,1.9110717954253411
0.009100663473066341,0.0020597967936920557,1.2450001607884653
0.004102978804368253,0.0005126126431015799,0.7072216984907931
0.005027168299894075,0.0037440158190078,1.7292061387366664
0.005814476287079001,0.005358146027159654,2.001263846921538
0.0005273677971256053,0.008279688511154822,0.8833985348311821
0.007600864970819307,0.003792656385677298,0.5053392324083775
0.006406370079130208,0.004661546130201683,0.22413678244699736
0.00915468266161524,0.001637643293243176,1.229881873599932
0.005996421698465336,0.005090164295929142,1.0402845757551238
0.0088363329097172,0.0038729785073232325,0.24049558081458866
0.0010291350862428573,0.00034836286110341287,1.156800349014335
0.005266672189951477,0.003280048426776483,0.8263508635182818
0.006322312462993755,0.001837993326171783,0.9822687029167263
0.006445856675978113,0.007696659987953735,0.6576970363840032
0.008634245332034355,0.002601790892124457,1.6222995705932437
0.007963779641559712,0.007846570990681844,0.4416167773647482
0.0063117821371382445,0.008801939403337846,0.9372332126595607
0.0026965725202966807,0.0044003116534644185,0.5242688013681228
0.006133720990731215,0.009137047257772698,1.0123792424418896
0.006142718877326417,0.0037797367941966977,1.9631948876650158
0.008863037346915726,0.0012357229094913714,1.5430842024311426
0.007082218223322065,0.004353709639677157,1.951362521929781
0.007813196194250537,0.004539373219842148,1.1056149816228895
0.004277112780023489,0.004565978750418785,0.07129799451266186
0.007727275463810044,0.004855781629495998,0.925709442472118
0.001599825574661472,0.001761925115385138,0.5945033220833811
0.005779895400906603,0.00382227139004949,0.8458300049172586
0.0028407787137249853,0.006803743869801044,0.10089913566748426
0.0022237605932192927,0.004367429332024442,1.3888491500007787
0.008222262667812013,0.001107899305419442,1.6570685003679186
0.0009373334032670488,0.004070080323182908,1.3369293626830783
0.00045137402040472787,0.003210544007349703,0.40749910566247355
0.009198517602409712,0.005819830934529919,0.26182803710101193
0.006825367836303192,0.006988300693254443,0.9713361423200384
0.007270092370145816,0.0031373855211507995,0.1432760972707596
0.004708194436450244,0.006445618321911935,0.24036722154703766
0.004144807794206292,0.006696747964698982,0.5428169651213233
0.006342840330332631,0.0014238301455547697,1.5070021837693668
0.0037293027174632987,0.009391024316716855,2.0493179732757247
0.002354878236230016,0.0029963489944347266,1.5709130796128377
0.008101079187408641,0.009585619606042099,0.8926133586112508
0.004993647347386132,0.00991966474786307,1.4035131623308834
0.007217749444483343,0.008477629003158892,0.5395364414679779
0.008296599361231788,0.009152790451065571,0.2402157756429412
0.00039766427094032664,0.005450088070689421,0.10515358965132988
0.004607293072093665,0.005348474922927431,0.9550693127057732
0.0010249237665065857,0.0061702453209673495,0.7688170166822194
0.008665251927895377,0.0020575264015127792,1.6077027556272996
0.007373910669097903,0.0003704460282973443,0.8643335631337941
0.008266266015690266,0.007229663928502351,0.8409117872671866
0.00970369056081109,0.006152318625601991,1.7428914339692116
0.0065506090738694095,0.009293091035048443,0.44327378419631397
0.006089984673564454,0.002749651647427017,0.14366447424304832
0.009952026730334266,0.004766756455439335,0.4362900777941855
0.008820399717494596,0.0033238676693942105,1.4480474241674601
0.0020085473623223872,0.009381956621105358,1.3715422681919027
0.002266729459098258,0.003619903827493347,1.5742190537802716
0.00036325456896503684,0.0007375499670722896,0.9742822976976494
0.006550839249461235,0.00862736517444044,1.2953324217098683
0.006100780440630043,0.009610482751076831,0.07089010945197137
0.0017795140786591513,0.0049714142590598556,1.344325504949415
0.0034635619540880746,0.0015548690313646485,0.6739044298181012
0.005333120560112078,0.003847714951439848,0.21350707019670204
0.0004103884855862283,0.007122568755705094,1.5347766521010466
0.006806574376476041,0.00022924033894939911,1.4109059024301687
0.008162033866288719,0.0006351585772839318,1.0623489829912134
0.00735409414644105,0.00026432378968963444,1.445796039920309
0.0020891637022324807,0.004956239060674005,1.6967495645805009
0.005104358029823337,0.007842385789727162,0.26047379957169625
0.005729193335561834,0.00829556949889671,1.4690436811926428
0.008771110525793309,0.008440259718957734,1.2652154716953719
0.00993135857276012,0.008270975622949964,0.6424697903260818
0.0005664440572666141,0.007069612109285695,1.2217762068823141
0.008606974140887107,0.0023053419403761257,0.321933328218392
0.0033184946118652017,0.0027535715314295473,0.6786650596693514
0.006474003931309495,0.007421965689958659,0.08483252669328868
0.008470898922892402,0.0031594803330468393,0.6170744224997563
0.0010294539987607087,0.0024250933279443645,1.4911341865394823
0.004839505727102918,0.0014365834145004008,0.6368092267894335
0.007980080485787508,0.005323072715421578,1.4149652186874626
0.008254374815627461,0.001016361996898476,0.13268508157004724
0.008380382824898485,0.008111897392471234,1.9131522201054925
0.005629661628705475,0.0012499273226697194,1.3985868930524425
0.007279920330238352,0.001618559386213173,0.25900910542355027
0.0008019656792232588,0.002929330436686646,1.125739240429423
0.001862425249095009,0.0010630452698823266,0.7995634428145977
0.005687815310065502,0.006172685731164343,1.4265455657324135
0.0003922020481164024,0.006259552064152172,0.4943374576464618
0.004576002649128112,0.0054442862539245815,0.9312099960102902
0.0025815600595586164,0.0033104359008619354,1.2310655950047404
0.006793183318132476,0.005212396939966833,1.2954436419841893
0.009606498236912661,0.0072318983539194,1.8999518320821651
0.008911757394091594,0.0038828935059576366,0.03618096726779343
0.008940661148796207,0.00711731380568085,0.8800899797772112
0.0014131595102356575,0.007070013470528046,1.8015406512392769
0.0065797066781998195,0.0031542943813967386,2.0341105039001466
0.00837524674048379,0.005459044409576387,1.277193336983446
0.007637087306765075,0.007617002565179093,1.556008157937643
0.006899748754365759,0.001284585468303835,0.09400068468424469
0.009262884335509949,0.0005835347680011405,1.3355489309961823
0.00839594666122934,0.006353915308238699,0.2571016853119236
0.008112624604814857,0.008913529980707036,1.8291644058103267
0.002693263591985146,0.0039765185226988,1.9029983971774067
0.0026114221020667474,0.00013429934346561367,0.32455609794740187
0.006751720809484404,0.0023314571964197207,0.4306651985196847
0.0064733073481368425,0.002960180131254856,1.968907275553841
0.004602682035480067,0.007676862354476669,1.32883787612228
2.7847445625133195e-05,0.009267600179377089,0.383345173407001
0.0058680356223258625,0.003717940447997119,1.4784522266563804
0.002456956917789065,0.004811578205401449,2.0070540544733126
0.005324920717339612,0.008256783442788471,1.0828333767702498
0.0014205367339043017,0.005673013139625009,0.9845642982563334
0.002388513558419654,0.009928078712235708,0.1715214878305801
0.007415714599210485,0.00539681313584218,1.1259074344639628
0.005555620309318636,0.006000660591065214,0.5029501620708708
0.004191504866819774,0.008286419873804652,1.7308190505501915
0.0062905938028623674,0.00394388082590213,0.764276762051802
0.0028862893494014043,0.0052697369505042835,0.817011188186778
0.0010649536298793782,0.0013432258101491812,1.278922020812354
0.003555132187028893,0.007432389583154329,1.753055347314007
0.00625525909937016,0.009075748145337927,1.1529941705946265
0.009501041710351245,0.003991808511938738,1.5702807944130766
0.004879297318998304,0.000914573523749288,2.0483538533115033
0.009313753996494171,0.007822733331593761,1.3603671886654791
0.007720233237379299,0.003351507212675361,1.6927819214408042
0.006511043766304347,0.005094785690717225,1.7751092954965348
0.0021050011517445844,0.005523097858150423,1.5793082725060026
0.009696978647499197,0.00010165300969378066,1.2943596114045515
4.6431357545195785e-05,0.004716556442211717,0.9296786375071662
0.003953777399871097,0.0038060255698276015,0.5736023059420918
0.00369240904098877,0.0030560953337616615,1.6351810690605333
0.009431698724633243,0.004244223418489007,0.9938473866961247
0.005783313465475033,0.007538442984662705,1.8600077574515257
0.0015804963472508117,0.004493080433519135,0.548514935045379
0.0019844170978067567,0.005218742337732557,1.250306219792632
0.002462091830630736,0.0011166060973094294,1.978035404702153
5.626665345652149e-05,0.007208311664648893,1.7856189829709919
5.899768237842218e-05,0.0003535192141617394,0.46198300917909557
0.002385640544011943,0.0011219739879827417,0.1413403572493634
0.00983939077396534,0.004479386927552477,0.08649208918629463
0.0023565568120094906,5.334845961448287e-05,1.0549316395258888
0.0020161714703169032,0.005358602780292769,1.6856159653732539
0.004117349083433868,0.002855097231326861,0.9577172312161757
0.0010295356321032368,0.00419441976834384,1.9681209847185912
0.006376134233892827,0.00923781697623271,1.958751280354889
0.006744018103193932,0.004682715040578401,0.5151239241225619
0.007643826479357374,0.0015814483951404434,0.07005702354157212
0.0035803623085205695,0.008331390700269805,1.0708910225072736
0.0027361987735112603,0.006897139605760261,0.44849765375835476
0.009164330243017292,0.0023052148858666377,1.2148301819524707
0.008111917635338145,0.0004741862832893318,1.4554695341335049
0.0021932111233658094,0.005458313432234247,0.5835472323576001
0.009000029826523008,0.007944037459786649,0.8521856319763764
0.003713756049904593,0.0027326835642974123,0.8049230609119183
0.008883055449952645,0.006137058135949092,0.21113409205704414
0.009784887826893598,0.009067920912735146,0.9185709810730605
0.0016991597999165432,0.004816055768972769,1.2028900559880957
0.0011888291133911456,0.0030499208553578273,1.7874128204200153
0.0025240221050778157,0.007437699760278721,0.7070559015902782
0.00225966570497386,0.008492388812574664,1.4931993918748705
0.0025353676324188137,0.001830672187505249,0.7258777682665534
0.0082850569195439,0.0020934680326524712,0.0808164665158884
0.0019644994379226224,0.000577728472755219,1.0653866567562895
0.000608191274678116,0.004974630189576569,1.4487693691791257
0.002492060923934315,0.0030766138620899643,0.2217046155518271
0.008649319213364193,0.008959891441256723,0.2843109417349835
0.002861321398751334,0.006357029652736972,1.182612985978873
0.006578689274460918,0.005163893380229002,2.001568493344892
0.0021828451455631857,0.008205585104570626,0.2923229469300379
0.009701257673086331,0.0076386249490810855,0.6939103393113698
0.006735828688829693,0.006319971906242291,0.9643775296409787
0.002421227251922836,0.001181865992183282,0.8485054927652896
0.003306618545368604,0.007626997685391762,0.8287752571699061
0.0044098029280252435,0.000857068568495134,1.724758481405935
0.006521521583035498,0.0017700788403913438,0.29667354139532914
0.003093922915796703,0.00601751075792032,0.1668110341775125
0.0027601802206792224,0.0051054324425997,0.21444171478078697
0.008587250888073302,0.002023713081858203,1.7610324655892808
0.0072664576460084234,0.008111753701000517,0.9593633759458108
0.005152302100062527,0.006814435086126979,0.5255062152436575
0.0066535490676680655,0.0016311414441549056,1.866524733134266
0.008813244309185505,0.007401747705454095,1.5040682896634836
0.004118421341036322,0.007833379051633858,1.729730969455759
0.006161527978877505,0.009422913551239207,1.4067612909043976
0.0042348274747783035,0.003740176430967954,1.451104015861789
0.008019828374116309,0.0056118208374273705,1.847261730574203
0.0072497769662109015,0.009331266302520583,1.040878162702483
0.0008743780893146158,0.006918849608243443,1.1448351308523135
0.0036589531806611644,0.009241804847147235,1.1459499809463614
0.002383758024126611,0.0034609484505042087,1.0967192336987488
0.007161332656266402,0.004900492164090231,0.45208324858658067
0.0015952327866455875,0.008949260562211868,1.9150193581238875
0.009679107877134519,0.001385044498077206,1.2888041936535921
0.009261113928646304,0.006176121649471365,1.3204316490561754
0.009006471876781282,0.007285296970805164,0.3401476797049815
0.0012190663180972094,0.0026328958434148697,0.2780877695608111
0.005355345278031982,0.006935325235994759,1.710879604410159
0.008527688422766714,0.006843905528412977,0.8831512212770332
0.0007436829238665721,0.004318463017846654,0.5374272769485585
0.00481392029901357,0.002831866093840052,0.41330267902518575
0.009160855910307183,0.000488556164844538,1.7875422477952383
0.009514920165196636,0.0019202261082360062,1.4494228292545817
0.0036686785796685517,0.007644951371798956,0.5241579534876806
0.009901095692405179,0.0024465780923499294,0.7969443425175512
0.008603689426969803,0.0035130642048956384,0.028489399333421234
0.0002784306265549863,0.0048532463310770385,1.7470500253451846
7.014661811956647e-05,0.009379158172001812,0.3203292022686418
0.0032053592747358305,0.0026555997982668643,1.3767425541010128
0.005772511769003017,0.0012730220132553406,1.1940818827927664
0.009614351000636267,0.001850188770596113,1.3791634574217682
0.008181316838267205,0.002320084802946032,0.9162180444207785
0.0038649794801833373,0.0034123304165567516,1.016475662767215
0.0021327407470961633,0.007154502488347667,0.18005918652519914
0.004348573699114162,0.007266884800745057,1.5293594266880282
0.008726571951879765,0.0067964784827261975,2.021649293254583
0.0012642345718406767,0.006491277095171487,1.2219297056935448
0.0012773100764237432,0.007965831193022558,0.5003670447000235
0.0041587486134018895,0.0029546802027065177,1.1147169033995337
0.00870716501092209,0.0039010222195634795,0.31820889917847617
0.004800696859372829,0.0015478477657635192,0.19115366809952736
0.000988481528996078,0.0017444012949555043,1.2809773146185042
0.0059885703396013856,0.0020065077710153846,1.371903514564129
0.0009324923663369334,0.007960768162162062,0.3433183429820006
0.0014744681062288955,0.00954382963480676,1.6539896459108507
0.00020677439764284157,0.00828953051425971,1.4930390113421312
0.005285663686641197,0.003530751176052762,1.222459002574546
0.007937405590405542,0.0007487621032483971,1.6098927220524413
0.0028795306077444615,0.006749274702874766,1.1367054736424276
0.009343189747630777,0.008908522948293942,0.7863734822216608
0.0040963998021215755,0.0019297738412685794,1.5914653741202995
0.008906112486058283,0.0038266014276972684,1.1511911212823305
0.003201668526671425,0.006214908853856147,1.0090498918741144
3.102189228784025e-05,0.0021735867191785573,1.2340247097607635
0.006089961472331382,0.0024630755830420646,1.5021894856914229
0.002522084291598856,0.0007443586200856811,1.7881612536930953
0.009241625447595842,0.009976238968452192,0.3944619294844396
0.0025139026634070274,0.006244536924573875,0.706340272905777
0.007596345318139107,0.006617573704266615,1.2515694181217896
0.0019876604873820323,0.0007415190315760423,0.8451073001903706
0.005374912089629915,0.007881589012381797,1.2321896412269437
0.006237235914577805,0.0035029790924112993,0.294052093674089
0.009302794322085894,0.00622452831134935,1.1587812729432998
0.008720744643681196,0.0015431526333846534,0.9759505925263301
0.008369716602738135,0.0034202364103373428,1.4844277122441982
0.0024153686851873793,0.004794298667184095,1.724348140231127
0.0035533382287056747,0.00469909573661277,1.8983246558653069
0.007506819831994674,0.0043055905192268176,0.11166855102435706
0.00874686502542139,0.0010181818132640097,0.4547579632248794
0.007006029276725693,0.007209064066646611,1.098489623354309
0.004324339960318425,0.004178205617529446,0.8463914450191466
0.007135364148055899,0.008930777490715245,1.6243153157681602
0.005204533126376043,0.0007132336803676287,1.736319636675486
0.009367300010396378,0.003801037756195954,1.7010504132091895
0.0026623877139143825,0.004815091472349656,1.4559887852169364
0.007462129907413288,0.004995005397694204,0.1748019143672006
0.0011206960588970472,6.817287784310345e-05,1.063651737079476
0.0010433427766410664,0.0020869629874517483,1.5042451798331404
0.004996394269938641,0.006045918513412743,0.5961366695288434
0.0044147838176700925,0.007040587857516033,1.5616618176088162
0.008969701316102086,0.0015201967025896478,1.022597487374574
0.003501233077131397,0.008661516796476709,1.655786883414919
0.003615481947810778,0.006617602888729241,0.09059205909269183
0.00898905999928153,0.007588689714344788,1.8658572079854265
0.003081047132277285,0.001231258897596409,1.9857099523148174
0.006478754769623389,0.001066349321543889,1.097278721843439
0.006519625574036343,0.0037840334908404573,0.7770313661118669
0.005572119099804981,0.00686324696440517,1.2103732145075012
0.007994657878435472,0.0018542304793813659,1.6018691314097375
0.005762962120121991,0.007811172009925887,0.09602972064964387
0.0019653816829279212,0.0022237622008127434,0.6569023893738201
0.0066421815314529386,0.009210940946237435,0.28535746211213386
0.004297420568278266,0.006177581467787879,0.13156912797739148
0.003951019587664486,0.003138790756108747,0.45640182844320765
0.0067145666607229815,0.0004958924788280316,0.15432936244373088
0.009107320289988615,0.009832666707169696,0.9388107888726426
0.004810928669375331,0.004249114203656255,0.5390049048384978
0.003861340362411221,0.007269632828776778,1.1741117026159755
0.0030514820300852133,0.0032847593976264543,1.3214105053826581
0.0054741446196050845,0.006453944813385785,0.3692887763289314
0.0006204776786465871,0.0023939303921816923,1.8393864456084585
0.005495512714941368,0.0010924451838543946,1.4479433315969028
0.003007127358103323,0.003729533518773406,0.5015193357163226
0.0004237023325509282,0.004810906396064058,0.3959399913913429
0.00010725078055931814,0.006202426788995328,0.6760333008844343
0.0013074959936152232,0.0013899078545649135,1.533443662833034
0.005868529721244213,0.0061036553545296655,1.2230616234088907
0.0020017142612326544,0.002196598881000601,2.022980887973836
0.0029765874687133834,0.0075432212842837685,1.5332848781227717
0.009361125961657803,0.0033756348650608547,0.5063767577512993
0.005666928220793672,0.0037934353631611786,1.263930626736455
0.005575946795832587,0.007629777632275509,1.8624321218409092
0.005580178044009482,0.00248482039236858,0.16686547646580424
0.004286231538768447,0.0027889605578566737,1.237068961689863
0.005831978065712555,0.001233266612426428,1.2918743976413283
0.00248212677132673,0.008011558086046503,1.061661052011067
0.0020655614264549873,0.00011250091130040718,1.3202729529853496
0.00045968539250556997,0.00946515843656422,0.8961070416421885
0.0038506253311360508,0.0070628458757129075,0.058794981291598096
0.005718428719619838,0.008916185197147947,0.7440246614380776
0.002462144001555009,0.0097617149260464,0.23903173052141152
0.0023072787269096595,8.557518651688856e-05,1.2761448136010507
0.0014492897610303545,0.006912941850033762,1.6394261187191466
0.00022437817823926288,0.0030958726614991193,0.014217857007582886
0.004918082068910272,0.003433148491557503,0.274568778582328
0.004055459085584484,0.002607635613200209,2.0332177191572476
0.0006596027346723876,0.007973660880758775,1.3431612267071518
0.005659133947185009,0.0023814377008701815,1.5665838540621613
0.009149218555007787,0.0016723946602203333,1.6558321360263537
0.004529779235139562,0.0023765337052860194,2.0291542770564415
0.00024272111572354871,0.007620257687538005,0.048106151750501126
0.002017274723111139,0.006498045667642432,0.13676413084985745
0.007342821944447389,0.002978689791639003,1.4511318463450325
0.0025504213470144642,0.0028818364753646544,0.2689185866351485
0.007663629218037834,0.005831526015621606,1.8014082392721202
0.003438237217203434,0.00614061664702876,1.7839798333867491
0.0012633173908277785,0.003718869140156267,1.7072538675446074
0.00961295115253858,0.0062638550225838354,0.7084638714001408
0.00820783296844903,0.004419136020789232,0.4232591486102807
0.006046683165175825,0.005567764878072998,1.051552147241334
0.0031922481606535724,0.0014216875586171064,1.1304276653272083
0.009940463904075346,0.0068127042358064075,1.356627755305302
0.008605185259750422,0.00297315684501977,1.653008057421014
0.00366991475957393,0.0016887812510882904,0.17352237204256282
0.0011685851073801401,0.008710196215607839,0.6430210339102546
0.001829765219468803,0.0020391838898445192,1.104591165365351
0.00722407143416238,0.004452960335913957,1.035585355711744
0.008484989824535674,0.0063728332138214255,0.6758699029942344
0.0011290528763172492,0.006869905903406274,0.6257776029019819
0.006770737623196536,0.007225888175549022,1.477877821223932
0.009013214441156334,0.007810685111769768,0.6492775308272141
0.00035950343185249143,0.00561571655545322,0.318969807362166
0.0017613137581349203,0.006978864214928972,0.6869386052110124
0.008336024345957439,0.002966599716401581,0.6228882732010514
0.007351928827912725,0.007571984017581554,1.196595105940675
0.006746284611118675,0.00836076295927506,0.9282296630887233
0.008012299350773256,0.003829837087837754,0.8661910326022729
0.0005878760089419788,0.00868402607822751,1.387664695237263
0.002251986076138708,0.0016815283075405907,0.7936937023912785
0.00041343437269107495,0.009374316881995816,1.9039157406711396
0.009714282685614556,0.004517774189156737,1.292212837671202
0.00046413364186999263,0.0053905740551891245,0.47439954094120473
0.0007807307252927598,0.007187778052317997,1.9845543644797818
0.009703442406796065,0.00232528915904471,1.4836037903184127
0.005563461130482938,0.004089869395706054,1.328151293052797
0.008177597878862604,0.005604217433898286,1.4307630640343658
0.002803115233320104,0.004193664238508523,0.0009753197781858174
0.009004778026433135,0.004837242730052045,0.7422828683539848
0.006505901145738072,0.0033311455242600943,0.42749594094372567
0.005725052931446889,0.0021484738056438348,1.2362466276157067
0.006955458715783299,0.00796578689524285,0.877859561080238
0.008833983044015234,0.006566996507680996,0.5901081730235029
0.004959810635094966,0.004277946008492938,0.23496884898017614
0.008777313482873753,0.0049301544637037325,1.1392870317989952
0.00017058036668030185,0.004796398162888032,1.013641121478316
0.0034377126439062732,0.002203212915886833,1.9086984868756307
0.00023941480350303857,0.004683731466848371,1.7265552071104375
0.005854625807148033,0.0048792912632559865,0.546018142740297
0.0014373053326584718,0.0030873070695373686,0.15285307174100135
0.00965405830267804,4.367710044454132e-05,1.4962535815564288
0.0033755810600845115,1.16767370053672e-05,0.4330373494473168
0.0025413606571331503,0.0015296771663766563,1.6745030774645897
0.0011960125185850679,0.0027592171350982854,1.6446855714386983
0.003752823108552148,7.990346403473847e-05,1.9263650316687015
0.0019559559783718706,0.0003088574726327531,0.590486586506716
0.0038524096145017327,0.0070059236289245,0.44993633003691275
6.217794360014351e-05,0.004412965901528397,0.8403057478672759
0.0025729163876612882,0.006404865425697369,1.7881338143303882
0.008103837514898776,0.009827536418096465,0.1490058853268283
0.008834304843752108,0.00406188988108892,1.7157389412917912
0.008029372492146145,0.009437053090829923,1.231451841198824
0.009874404939118162,0.0010190470697520949,0.48438242721177577
0.006206224067825579,0.004244759306928446,0.2807558896029687
0.005445520577365363,0.008673228662570065,1.6719361154879906
0.00760842656501751,0.004927754249275318,1.747587238280729
0.007695776880303168,0.00525867920103834,1.9866520231967093
0.0089245517350689,0.0038587610426067277,1.573361944781567
0.00022617322769452052,0.005245291025718377,1.1801603964679204
0.006354680712593716,0.001349229864110313,1.7291347474719385
0.009039768680839467,0.001985863647199744,1.3162162657278569
0.004506223636492931,0.009727789083951726,2.003183061963317
0.0028408929699071605,0.005653179258896484,0.4514318064929095
0.00977763416440689,0.0014502633963843126,1.1043701713225889
0.007872548128342321,0.007357497651855187,1.8008327705930227
0.0011077806022418057,0.0002820332216068311,2.042995591008018
0.002479377506856908,0.009114811506452845,0.19379596961143714
0.009399051021631306,0.009275911451450474,1.9938769077030714
0.009054628126519363,0.003498504276256418,1.1783819640716304
0.002761601322030328,6.469285492516463e-05,0.19340137795197493
0.003838480958670031,0.005763761901501436,2.04571962123914
0.0004624385173369361,0.007224818116034096,0.6365798944951901
0.004891552908384046,0.005967650392622571,1.3802632471225698
0.004282441904878254,0.007972136471796558,2.0061752630007885
0.0032593283877562296,0.006515517072747662,1.0482774184429948
0.005307791270422877,0.009557755044632167,1.650982332047308
0.008239389977014663,0.004970224545809301,0.07310391366590517
0.006907190437302361,0.0033880870695972578,1.6973870118130483
0.009689964589875711,0.009059330392755036,0.7602391090301419
0.003059802969807599,0.008399871897776924,1.7683488226543904
0.0010847782880238066,0.008866517891034272,1.406050155418579
0.009027766729336865,0.009274874984997322,1.8704725447446624
0.0041092652425133635,0.004242437567069737,1.6731875187808198
0.007097499879353263,0.006007363085673281,1.8287596930505654
0.0033086572328077136,0.0026691300344668114,1.9596791078637787
0.009337753896501218,0.0006938908184445725,0.970382359774867
0.0034200217359690254,0.00224623582431146,1.1202334721555307
0.0018220977627669177,0.0029475887296650538,1.0918898312632108
0.0013773164496949752,0.00998058526223068,1.5425849241409066
0.00329794504900877,0.0011236650347107569,0.4648820443030512
0.009916319649900418,0.0029264685449919827,0.20632338125250074
0.004574718673424028,0.0039048326245900654,1.2644043887077316
0.0015009007722068958,0.004862530325812167,0.2479590128816381
0.0036251447090645283,0.0053827706141760506,0.7745744866311969
0.009646896571271012,0.0031242033862767847,1.8895438932169
0.0023676926699004374,0.004614375448550081,1.910110803497248
0.001312263365742794,0.008481624838427172,0.26188530315993397
0.007864812847376274,0.0015806454354439336,0.5755664147214238
0.007696500633067156,0.0011818832257984879,1.1267563820364463
0.004711690801078765,0.004548471451263026,1.0509597550083156
0.00851604850742871,0.009003091692003059,1.108997399380051
0.00015642019530982877,0.005925229676082951,0.559855099931872
0.005438203213187921,0.008847472092511419,1.3960249394868562
0.008788621524726264,0.0015235361141947346,1.792509382070846
0.0065709814075009835,0.0053855909981214214,0.006228776380661197
0.002510361934384111,0.006033128564654845,0.6757862665202558
0.0025596608959494063,0.006672042136138925,0.17340400002808565
0.005062821919384246,0.006132011832246813,0.6210889889689801
0.00832902836968623,0.007256411008411317,1.1949847999179903
0.0008357676070062525,0.0074916206223294025,0.04719225758305986
0.0012113709514428505,0.006116923927279626,1.6659235722567358
0.001986032225174046,0.0019657343440587006,0.42929406883141746
0.002127531348016054,0.0017940698447532133,1.20081588338055
0.007676044176644181,0.008676059060737016,1.862870807918989
0.006718434024866519,0.0016197293876667807,0.7436957819425191
0.002603380600734425,0.0017531461584826236,1.6233989456987699
0.0057626219916625965,0.007932453033477987,1.6344086052019355
0.007456558052355119,0.003741472425989153,0.4456579930801228
0.008276157790275289,0.004019795380760772,1.6564863038391844
0.005487615157544819,0.006693112946265586,0.5849796345060655
0.004535305278482117,0.0011620430123156888,0.20864591140653396
4.5236095272169763e-05,0.008536194385698706,1.5274563906536183
0.0033793941319922825,0.002004964287201756,0.049884367706946264
0.0016061586368666492,0.001627315450925112,0.9319608726557301
0.0023060982528346754,0.0058416640232080985,1.0515969945277641
0.0034953954396877043,0.002662187234752821,0.8004846879079119
0.001867185028481505,0.0017091104641615861,1.6228269169177705
0.007440789488967376,0.005825840384235217,1.9359959792757393
0.007125445003354869,0.004396498076281713,1.339143773398204
0.006628051532078821,0.0010839826701984844,1.1794057745750004
0.004069652015506123,0.0009898728259581735,0.407691712142286
0.0018514159455844937,0.00593598571457954,0.8271566538027846
0.00601449686378589,0.008335888443386136,1.6182914972113964
0.0025814556578198345,0.0030117727669787676,0.3606901924936103
0.0009934431177983883,0.00035534462604213003,0.6294692292210025
0.0014710500503576052,0.0029409330455228678,0.7998469225072707
0.00022469518517379106,0.001511789258104981,0.6177363457661739
0.008117687132039388,0.005185993129116007,1.772433634381325
0.008522139590756546,0.008362229451278522,0.1374292466309658
0.005211223811686994,0.007628150046451259,1.894981641121717
0.005950202846063531,0.007348739235032972,0.7705055090426217
0.006473205945652387,0.007453524805937604,0.6771355051956208
0.005535428962174302,0.003889033014179083,1.719234016949896
0.00734728912251094,0.003832749722939274,1.069776150847071
0.005814902040267847,0.0049408638647848715,0.6379261977589116
0.00848103178583147,0.0012596669719612764,0.3447765813941959
0.006624721274142735,0.005654468355373934,0.7003982686485595
0.0008616737812277032,0.008972290712540453,0.5679073709456384
0.0029235802600268723,0.0015152944366928446,1.3471178028326554
0.0070480279600101305,0.004237968803329615,0.396613503061278
0.004061572911442467,0.0022130580771056708,1.8576952846099555
0.004271091779845363,0.004151254612477525,1.3623212285988044
0.0007971814689698198,0.002839014317909969,1.023199419270487
0.001335423732160611,0.009668999127041236,0.6421898412626859
0.004905283709271088,0.009034026387737771,0.9636319882291255
0.0016229347005721417,0.005512229678308642,0.2846328411259684
0.007989469744281653,0.005294567167365545,0.35936201182207755
0.007185178378263507,0.009271690216435438,0.5763923537842347
0.00871687666897019,0.009117943444810041,0.7408458789593165
0.003153455340680723,0.0006243554896612968,1.4722056503703485
0.003063831288192278,0.006763407171566655,0.024335455454478957
0.00927427496694069,0.009457839761629769,1.616353670190581
0.0007501266365959992,0.00716737791237111,1.9446687177254183
0.008152200579199407,0.00971046430201344,1.508868527593317
0.0023791554167211203,0.004830133525797069,1.1463089303740273
0.005312920803598472,5.5943834435319143e-05,0.02061069417869965
0.004339898810456421,0.0034633751523566072,0.6882203677868098
0.0027005686294168064,0.006451301943128969,0.21234561131619015
0.007420067804000473,0.0029180989755159493,0.515050757559798
0.005564674802737596,0.005731897107410484,1.414738038643497
0.0036428055896213407,0.009454050835592562,1.3862116845007888
0.005402463931833987,0.001440791102161446,1.358057005973953
0.0028029356021411133,0.007327583517850273,1.6199291239645914
0.00939595931675505,0.009437575091081774,1.6873129229808599
0.0077119118673509785,0.009672347502021585,0.7071851473946912
0.0026035957132574308,0.008112938047735057,0.09932582700630085
0.0031077024496962958,0.006237969965917509,1.0002824911424948
0.008819486234320368,0.0034225773619029542,0.12479173817396191
0.0005228550897572304,0.0010653702804435995,0.3423548981746115
0.005584080398621736,0.00857507277839414,0.18558051796217398
0.005844189847781047,0.008297773217713853,0.7194930631692323
0.001210905582110705,0.008642963603326956,2.030321098225885
0.0077869118211903576,0.007320808661154464,1.8566989605172421
0.002704606570637744,0.007074563770715825,1.2029061781102806
0.009907662734143702,0.0026648446649091416,1.7761985620479568
0.004431345404358561,0.0019791175290984407,1.7568344347629021
0.009716306182732419,0.009768022456272807,1.701451556329802
0.008781743991445384,0.009517282069633717,0.005026635381824761
0.009857857526980526,0.0005988914805586942,1.9384372014363855
0.004711885368420125,0.009643680500360885,1.5920711238865448
0.006139925023395999,0.001038562071156085,0.23429057808499737
0.005267817228748708,0.005509000888739014,1.1461494438848536
0.007868680410164915,0.0005377873004293821,1.6903822031362141
0.001442258905913222,0.0058353796956867356,0.6066700020770955
0.009854450136599649,0.003285840674529591,1.9907557942104848
0.007251960694653412,0.006957556252524148,0.13903490717452874
0.0034312275036443595,0.003543752112635704,1.0223632034587191
0.009198399452770675,0.001067867024756769,0.49845616955236577
0.007414108672058872,0.000638300286722916,0.8289272034242524
0.003235558572792814,0.00020980705704019332,0.14514463020501053
0.0018771614907176072,0.0011443563944736402,1.605418702830138
0.005123552263576961,0.00748308784270123,2.0067432297420904
0.006177705783039509,0.008043023210065288,0.9741806247038288
0.002803692594586229,0.008861184858055635,0.441966304318678
0.004038000863954996,0.003650719444818067,0.16329720928263838
0.008276765235276703,0.00939553066223803,1.2041880321995073
0.005202295539835937,0.007930712627766342,1.711366182812634
0.008050845130093064,0.001893585189083833,0.5961555059923099
0.008099471929240213,0.007987336905116545,0.9048029574546808
0.007735537102900348,0.0024975244475368107,0.8602044264876755
0.008581425461110457,0.005375737002020645,1.646495919310925
0.00996935114233509,0.005420995820530315,1.4961863788352927
0.005024676060406492,0.0073861465926132975,1.1305149868427544
0.005096510975928761,0.004468718761496383,1.7889888078641198
0.0016712339750457217,0.0007665179986428961,1.387099988889584
0.002205004651358551,0.006872715407154575,0.4366024388168216
0.0098772168163538,0.009252680271846826,0.0007063854010531753
0.0028089544128339816,0.007188840173079188,1.8789229714973426
0.001822319551522955,0.008306242430547426,0.7444297531733006
0.006815041683626253,0.003200705424463962,1.044674644432793
0.008957543980283587,0.005729524649773757,1.084684870586292
0.001379426286854346,0.004663615651273528,1.1359174124220754
0.007290257190364547,0.006603097218532979,0.4293708185220354
0.004968662566900796,0.0033306524351097476,0.04796061180116435
0.0005282610146344202,0.009070919633581906,1.1564089896058944
0.00557961620831665,0.00877639607970823,0.5829901227004554
0.008894096655083016,0.004035288942510789,0.7079055783119222
0.00016951374110954265,0.0037367272612263713,2.015393551932555
0.004095510268616205,0.002487400811101905,2.0382451218225364
0.0060666226770587145,0.00031107905251039015,0.06440887092717061
0.008500571318643858,0.0023847273728832253,0.8015009366335667
0.001293322473962123,0.0028345748868410813,0.6335200762224764
0.0026054225229530416,0.008115263611755017,0.4640405577061466
0.005629198067875123,0.007383113218592092,0.5693049487071251
0.0017847969116767072,0.00833403149324879,0.3942934395564917
0.0037222978349677983,0.002786644890056752,1.0439109822755834
0.005257151669803283,0.00037092886218868305,0.8355228870419323
0.004108387923554621,0.0007183603615775958,2.009176191540475
0.008976072353089648,0.007608245930494764,0.7151602540700931
0.004085337957264842,0.002816176339081743,0.1339606172628155
0.009581992126956986,0.0014453336404008843,1.9260755936564011
0.008609857679204328,0.00366478321863998,2.0212106043187577
0.009164704434495442,0.007765696142386698,0.39148721154942634
0.0030102228693150448,0.004132918304137173,0.5581541228710236
0.004048479878063369,0.005593991024576473,1.6431124981109861
0.00269887233164249,0.009838366796229637,0.354210940500606
0.0014506325900436946,0.008946371315031131,1.3249705939187566
0.005693755821290545,0.00422549110275195,1.7972644736780747
0.009542933849020841,0.004503326783451314,0.7544050177616985
0.0025097687139736635,0.0029960400186343494,1.641352214586064
0.005728139657426408,0.001098245426649871,1.445939104223426
0.0029067409070657646,0.005836887032128468,0.6965256422923688
0.0025179525636249422,0.0035928574574793383,1.943061941665727
0.0011423609224488307,0.003605914309139404,0.41034743624689707
0.007980374110959015,0.006361343719136452,1.747488184620924
0.004538836499520387,0.004582294528326076,1.1110436776276265
0.00539759047824503,0.0045462245621526835,0.5467784385783777
0.009231708806158485,0.007571641417282183,0.7282037163889077
0.005759669279139501,0.0028240421064900435,0.2576744840674962
0.00913386354092012,0.008237868240585361,0.5406263362167141
0.00019492432804949056,0.004772879019688161,1.483118868801517
0.009337469990715521,4.025434031839303e-05,0.9472567019717497
0.0015655659814341849,0.0037712487368267702,1.1346089720924026
0.0036459783361855857,0.004037749916712054,1.5389152787889697
0.008630379641486208,0.003673967541507868,0.7471232684900656
0.0022823383959091905,0.006295738299791333,0.39429396089941604
0.007230114959359705,0.00010036150191409355,0.8080775856900496
0.009155335169922936,0.0017430389124388746,2.023672751449565
0.0012095355037582368,0.009199669272685647,0.8078999644218591
0.00705092329675967,0.00850591743674127,0.029972448254324997
0.008672810700034728,0.007555280560306692,0.4893158508732553
0.0042068824380219515,0.008091570929361218,0.058536968816965136
0.0020085798816050784,0.005597511381885777,1.32813222669993
0.0007106957914245671,0.004691075788534317,1.2110599442594578
0.002426116162872588,0.002586915956892709,1.1098789047518764
0.0066700922493781595,0.0014961533287630691,1.6196167436020152
0.00032785177853319135,0.003522275775156066,1.117160836435391
0.0022294629278713706,0.004029785253905103,0.6834199326296115
0.0066784112068813215,0.00446527749308433,0.1444210126773351
0.009971366843507008,0.0006963060497415874,1.2585025346003995
0.007228642120432968,0.007730149907984131,1.2469847424919835
0.007057983876987179,0.005163920487559481,1.300216865931326
0.009243221827516091,0.006943866379300764,1.5029582531383896
0.0050175485197582505,0.001417026498742301,1.734768101214618
0.003395594380893681,0.007940072649540305,1.8847155617508602
0.00868404731708433,0.000851060700726306,0.18703919786361511
0.0006043113605402784,0.006129185393238992,1.205694506858112
0.001695088886736247,0.008246667352334838,0.9715733572361863
0.0017310842436403862,0.0011782823087712324,0.1559630997019796
0.006222939697281258,0.007231111608908755,1.4593922971988198
0.006465734230192922,0.0009229761504308032,0.7240226565535415
0.007404426085296266,0.00526129109079971,1.0033141548471853
0.0036792181978409742,0.0025776339736375596,1.8439037325882146
0.003854499131119866,0.0029198279409816076,0.06681328231951711
0.003069597070489393,0.0037024058083690095,1.473104493143309
0.005786868197546639,0.00460349479053466,1.036792494698537
0.003027177044044208,0.000711626208745324,1.7596826496654907
0.009356645583943132,0.005475472886617546,1.99466228145757
0.002582771466154349,0.002906298597745709,2.016177672846831
0.0009096010456537096,0.005125311816467524,2.005887606897423
0.0049435556613355155,0.004559395064323156,1.1463111927485046
0.004371217900465305,0.0027004342215047497,1.7862193147655399
0.0026921521746560307,0.0023446269544524115,0.52791780450613
0.00825985922877129,0.000695944386978632,1.985148012533138
0.006611811930284875,0.008015335216321336,1.4469394120058725
0.005819647634429563,0.009778408625269295,0.04971013666520411
0.0022697720651462974,0.006753573908398103,1.4818035250454484
0.008774510517967458,0.003884323412830494,0.7518064566063888
0.0025436246631702565,0.00821695465478539,0.4663319360617278
0.004213460626895382,0.0076107039236622985,1.2498252713234008
0.009815035139307498,0.003987489804268437,1.9803966849974959
0.00598497501431922,0.0072333669307405035,1.615249575847527
0.00403023236544391,0.003974457062831761,0.27183719157700836
0.0018078915792798134,0.007213508458161865,0.9345756095423852
0.009152405731248446,0.00199081061389046,0.8687599396684405
0.006928369682395637,0.007646386619130629,0.34372307149345666
0.007772526154310331,0.004643997831076749,1.7401183526816555
0.0008496943296906779,0.006400296477818954,0.9591729875119428
0.0030644113977412193,0.004341464249715879,0.7796901881832048
0.00550439017298111,0.00833221204626437,0.7080807549020514
0.00739366835340334,0.005488846002282292,1.5349628652446927
0.00521258974526813,0.0023543258226217012,0.25014063422255445
0.002481878636874657,0.006538676764935462,1.5283900538666302
0.0015673742610971687,0.005823098054081877,1.4554868830060668
0.007445583660539096,0.004813310340707389,0.1520546806372836
0.005003992182140217,0.001357466854232704,1.0697386858043338
0.009628315030886068,0.00911560106116576,0.9174944750880675
0.00032970518864545165,0.007733088986204507,0.8435586052093477
0.004787965063055248,0.006048037332414665,1.7833479560079561
0.000826400907214292,0.005506012668497189,0.020423630617544
0.00367270017479034,0.003964345418192069,1.456792605273655
0.0072393595614291375,0.00437779036387217,0.29684788846229243
0.008400964969965343,0.009162389097191756,0.32626495546581485
0.004848455451124865,0.002619759672490556,0.6919294724549027
0.005789473761237627,0.0013271670454263263,1.507182346704521
0.004203402187194239,0.00620553262536228,0.8184004324058572
0.0052119201733584865,0.004389210100311588,1.0647627410515972
0.00026000476726468325,0.0044374140573120785,0.5403555184075985
0.0029825956201865412,0.00960473379477099,1.7528762138998195
0.00218384166067522,0.0026268578377293193,0.25700600485222397
0.009897266292318276,0.0002241961446485563,1.0957669896059754
0.0027393088650320965,0.009728704436682323,0.6103071636968647
0.0028776104892572307,0.001505605576868928,2.009851477247304
0.002735885806990561,0.004456072355014821,0.9688274661272922
0.006088667480957686,7.904789162027303e-05,1.4309062944060922
0.00624387364458606,0.005546579211960278,0.06541338179675359
0.007106803265032198,0.0023357738215329295,0.6821697409189903
0.0028344891788877735,0.00749155331179648,1.7485937002840257
0.0016401487230121282,0.002584440374422594,1.769959118385046
0.00860918730213871,0.0008969616984173801,0.05773419121093405
0.006362881088551243,0.006294796621391688,0.08346872577980968
0.0023190710629538837,0.007178041727375976,0.4568552877723298
0.006064100704250817,0.009517797439174027,0.9992182376665416
0.0017997390069654983,0.009503675099586101,0.3681822683310718
0.006370675953745784,0.0039086975132117605,0.5037046979733114
0.0011402810990551982,0.009220879000156133,1.4638511994082317
0.008295399129615738,0.007855577271337543,0.6975217953840963
0.004248060789155695,0.007253945418500865,1.9849498739392892
0.005296357523007066,0.0018951232633458803,1.1681279049627864
0.009890649377255482,0.008818725981963035,0.6059386872400044
0.004147791734309646,0.005623125261262612,1.163171606418136
0.007369959683051271,0.005505778529621471,0.04519296190509831
0.007639360774951979,0.0027587047573737434,0.7259307037627826
0.001305449905125695,0.004825804798183504,1.1407920729780907
0.002651961017359836,0.0077170244977833825,1.469233236314041
0.006882197831561784,0.005608072888167142,1.9207789024890725
0.006592206520962832,0.005652819756078027,0.5487083351487748
0.00756113163399203,0.0063348052873047345,0.20213643282839133
0.009044626915616945,0.0030435421383431627,0.3045439053518219
0.009754737510978244,0.007216333721244388,0.8546771910645169
0.006583646570132159,0.003397885393533665,1.4748100085020053
0.009453789906158075,0.007166096160136181,1.2923865636796736
0.0041055402297364065,0.00983578522819187,0.8772085308899789
0.007169198521564177,0.00882909271274573,0.06786021284702531
0.0003839324015366208,0.0023600117750480843,0.1620300713762055
0.005036516084794261,0.001540180343819001,0.4070374165652093
0.006506021445377734,0.0076190976493314775,0.8665910799007149
0.009133631182938947,0.0043362846655586144,0.3148743819906256
0.00837281971047194,0.00459970707579121,0.32874085507627815
0.0030788477410715956,0.008462759290499007,1.9289249680384482
0.00809800828619527,0.008345648325758816,2.043476480337128
0.0073745584813609,0.007442947816551655,0.9739751080015122
0.00206695938989,0.009067710201551124,1.0117134827644039
0.006589362821853009,0.007208958860482673,1.1290836653946534
0.0006619192741431013,0.009572098611374905,0.9397808299939346
0.006250592072738341,0.005932569098778621,1.2984782565006927
0.003002991109454788,0.009820846933438475,0.7244485428504446
0.005823317503223042,0.006081890279163372,0.49150879074680665
0.003515350057511546,0.004568168635743947,0.8923462421880423
0.006138996974992964,0.0025473743236405643,1.1584318306651586
0.004806600225125202,0.00224604083966353,0.17352286964581073
0.002205750916088213,0.0013312084082831345,1.9986605526130619
0.00890443890112672,0.00050479218360996,2.0088883866248834
0.007042439983681578,0.007887162274525916,1.04449939518494
0.00487686576119782,0.001081096580773986,1.8797087490951885
0.004341606124633863,0.005019249579243354,0.47322434753534554
0.004476708244744859,0.007796683178183675,1.155758344420508
0.00045493603974079754,0.006657316493061377,0.3812927672041781
0.0027126398355778103,0.0007721425129019078,0.23019034916631123
0.003785617977322926,0.004588452652810552,1.3499114998581896
0.009217812564163753,0.0057573845318490795,0.9263471854295877
0.009329903300449959,0.0009421327600772311,0.8933546301960411
0.005482869678800105,0.005689925713538998,0.46867335974623103
0.005991483770589388,0.008516874078722687,1.4625337793698387
0.00032991830735563775,0.0014253019165798998,0.055899866503121724
0.005224991515418913,0.00309125815017649,0.33275172857764723
0.0011555263084760382,0.004916315181156328,1.418400750387782
0.007059724616107122,0.0013128211716507921,0.8410935536305191
0.00040565899038357613,0.0018549365849749877,0.47503866553161533
0.007201941838100733,0.0005491737153830767,0.6968906133954006
0.0076312455954025875,0.0006665261351144724,1.529560622678028
0.001919374254559476,0.007081288462785319,0.8227987268147219
0.0020928673522589694,0.004953248359820757,1.403809989060677
0.008780876793153543,0.006383182940734462,1.8365478493417802
0.009760556072698979,0.008147587743595325,1.5268939284451353
0.006419593832964409,0.003128644371432254,0.3179915312260501
0.000343091793428959,0.004261519616104142,0.5938808690001903
0.005578360397890264,0.008691399984585743,0.29381821016775767
0.003723008327494293,0.007189306552528774,0.06509982296170609
0.008252529682503722,0.007117058307016755,1.4686260885254327
0.008635939378201445,0.0022423889036885815,1.5485800726271433
0.003385982973565016,0.007967315048643566,0.355009648970318
0.005732007266010313,0.004428880124953246,0.9150431517876763
0.006421507452222478,0.0018143531209498676,0.4579353547013031
0.008665952162400615,0.005628951689162726,0.6841832842520006
0.0037789949571163683,0.0019624625373445225,1.9557848157180384
0.0007667393610995155,0.006568110399079242,2.0307226286360347
0.007259606294839209,0.004727064278189514,1.2940307875397261
0.0019991256715778515,0.0022470126530454394,1.4447941070205368
0.0089704090947438,0.0034303362185549614,1.8094989868073235
0.0022018006970433448,0.005776338415288319,0.7077939222392149
0.0071938631397902245,0.001046989292340269,1.1961041984332836
0.003827800708465419,0.0019668896393566218,1.63578450175153
0.001886147025602718,0.007046030347297922,0.5347006048309265
0.0048992304761302265,0.004438574895570554,0.38458185669891287
0.007223664533458505,0.0027622560330119016,1.7244491663308394
0.004877746552493727,0.0014589755538305538,0.8075978128007619
0.0013831179145352402,0.006802133451587204,1.7211587997789557
0.0034679261153415597,0.00984733363490244,1.3173815874262134
0.0006535172866129124,0.002007409419438595,0.9036386762591426
0.007457127119970601,0.0053308277732315125,1.3346644760631092
0.004659973810498143,0.006017438033080156,0.12808606670847114
0.008656056118009762,0.008036987167578656,0.919254345970833
0.002215639643770391,0.00355417710716032,1.0394289561006722
0.007352654455103021,0.00770456485139567,1.4725588799967757
0.007776172306044545,0.007494151117798049,1.6114634847561935
0.0005757768425988319,0.0013284857454908961,1.4222015620073991
0.0049629585267897515,0.002730608703006617,1.1596022872534866
0.008601047945124986,0.009467213356152556,1.1484960572340608
0.0009345484224355705,0.007321435223963002,1.9313140165205451
0.001913621808891479,0.008007303968192525,0.15761706815595022
0.004961842205575396,0.006129326053073457,0.30935762693679275
0.00811190514492035,0.004954008494547065,1.7394537963508605
0.0034233558758248062,0.008111552429210873,1.3647189592316693
0.005619057500902512,0.002039780999736055,1.266305401840984
0.0013068002376235544,0.0033307770587406695,2.0046314781658348
0.0007957552289341152,0.0058328458516263195,0.4485264124808517
0.007575012664342609,0.0037347495352192464,1.20387577072529
0.005112660645274528,0.006471624444802586,0.6439397319661656
0.00268009204065484,0.004754705619358809,0.6840279613942033
0.0032071348097453233,0.008545901411214167,1.2919962387858444
0.0013769194358372627,0.0070833983997627414,1.9585254720625473
0.008521560604254666,0.005491028262989748,1.7544191448399826
0.001701686866211195,0.008279452234067038,1.3607626106539934
0.006995516641370718,0.000621383152158651,0.6636216584600068
0.006053528468409747,0.004282276875735072,0.3764163517453809
0.005521995004119947,0.009459858516188992,1.342752714765192
0.005009491308341863,0.008618158296274861,2.0174334625703874
0.0039007600706248025,0.004152733292136794,1.6876841864560812
0.00853389516494738,0.008030473097424025,0.6154272098857884
0.006890959580477535,0.009760578534598188,1.9370741004870549
0.005303643704757406,0.003048212197868282,0.893075979150812
0.009702727200253645,0.006246008295883858,1.7091783938035885
0.006534108403758904,0.004715433252266249,0.0625716202596524
0.0002854945550626609,0.0001501095387765261,1.701646839617419
0.003981428323204618,0.00171413423565163,0.6974016959050909
0.008131906046556142,0.006338287675690717,0.3564500713290809
0.009513916393746118,0.008278631052235136,1.0526587052885636
0.004685565504844344,0.005093867503413099,0.9966827330485727
0.008758309341957725,0.005506589148291104,1.778462300846577
0.005169858667528008,0.0037484195811818633,0.5830543349537023
0.0006873739805955037,0.009950565332557507,1.0030106857771206
0.0047707998370873405,0.004183147350526294,1.4006898987347072
0.006655332896129528,0.007686722609331482,0.1341892707539119
0.005392774797027147,0.0031892917584854597,0.8547065231933921
0.003280944676311154,0.00912707116469942,0.268039131722057
0.000563199152966698,0.005867816621148866,1.6785422377215338
0.00883374077039476,0.007150420379783208,0.5694829870307764
0.0012740069542841726,0.00544647884948826,1.353481214438469
0.00981265029582762,0.004570688998756121,1.0267360887647865
0.0055997861129736546,0.0004542529726974287,0.9491039367694055
0.00950539408929534,0.0069624504601838635,1.9315319005657101
0.009067956324498716,0.004931784125240478,1.8909047648040145
0.004701315177561207,0.00320830577627632,1.8785885902831074
0.00491309673413781,0.0033998960034494975,2.044632314156565
0.002509422212413294,0.00473582231764805,1.2654838170978926
0.005823801913369999,0.002294417549987976,1.9704005299081213
0.0007424768219880351,0.007808747480031766,0.9612533346316782
0.002605895687221392,0.0006747300861474981,1.532281513563398
0.005978952986197541,0.009864290237715335,1.2344304243773931
0.0023524104678158565,0.008218510677885083,0.771116904424622
0.006391052418908314,0.005487133571715724,1.6494111270640301
0.0019725391470440013,0.0050222930660264176,0.5127036255326224
0.005006971561465707,0.009817423894524384,1.4439839158793255
0.0024996089836264303,0.008004249428956653,1.3743348783043738
0.0026365455330497746,0.005581550676672304,0.6154900768228324
0.0021981593208130834,0.00848081766650918,1.99673437837244
0.005028212280233955,0.005363880091673207,0.9130375276943384
0.0073148213285013225,0.00934851641779244,1.7944388920657226
0.006285190095648898,0.006748922927356396,0.8497123139528951
0.004400353312545468,0.0035780655005169283,1.261510656745389
0.00898093783288364,0.00823720972700568,0.21724041062127972
0.006114920864170147,0.003735743880785244,0.19009917036016427
0.005046907403574664,0.008163961342855445,1.2469253578994586
0.0014857214896583715,0.0018008928557533511,0.6384703412405114
0.0044047184197678405,0.008717951830218226,1.9903105414747353
0.001925710699927372,0.0029773854836313285,1.7058394005682334
0.0031086730036321087,0.006069931065183808,0.9000452596667249
0.005468032000501875,0.005987354947308592,0.3690891036513002
0.007381298609299539,0.003031566439502814,1.3133974042107068
0.009964849615628164,0.006063064889298593,0.43781270382763016
0.00309374881668023,0.006230122590309416,0.998757716034797
0.004038660438818817,0.006569301965922898,1.2723467365128827
0.0029080239054567326,0.0069049322768980174,1.1798583467752917
0.0033786288950691957,0.0004140782122044195,1.8133297426598356
0.0034404637697174356,0.005505227519824927,0.018552015161884972
0.00023987313524698295,0.008268817347140495,0.4604981877670692
0.004200460507880648,0.006534641891475558,1.3026322172568865
0.0001470221283827289,0.009820105738065408,1.0585864434112409
0.006055366796455448,0.0028739996640476406,1.3990873560732364
0.005705559036745452,0.0007108628226207236,0.971361455429022
0.005395356712426655,0.005723797788259972,1.042440603500269
0.0026206748697500093,0.007700284839582432,0.2637476399367125
0.005218684212759291,0.006508057768059378,1.6932890270083851
0.002715368614304733,0.007501945641888884,1.6552552142573032
0.002771739291073476,0.0025447381597533693,1.0916362420212684
0.009710581436519594,0.003526890765999855,0.04292367836741276
0.00930580325793858,0.007279171718652089,1.6385405772105013
0.0032163600162685158,0.007935655195742613,0.5456345399590629
0.00629283081971012,0.003179641561041009,0.9859707537868557
0.004639951961579305,0.007182492368751854,1.6479607832009926
0.009843509439912848,0.0048091953237700096,1.3957602213125562
0.00515826073904751,0.0002463129363278749,1.6451398494125915
0.009628599217894013,9.98178584002718e-05,0.9244738198809515
0.002241294767187885,0.005687242444996436,1.5485392460274785
0.0027021395486741063,0.003905678120217341,0.37520205458625483
0.0018783170148071449,0.006541846735258411,1.5341777961079177
0.005214483901334642,0.006115556689555978,1.4044918489939275
0.002477624593891069,0.009638636544893166,1.2679454209045964
0.006189242900874865,0.00495941346811256,2.0169032880363984
0.00809759112307124,0.003270748941404298,1.8580611862088834
0.004766498945022794,0.00046827142773614775,0.4642620468011502
0.007283446039466552,0.005060299995413788,0.3743589108560613
0.0010368025440856555,0.0003537044441090609,0.9046444298166966
0.008946065562071153,0.0059898782708567916,1.1981017900417816
0.009771846431721395,0.001068599111396431,1.814154902988187
0.0009725878962730239,0.005304452842105545,0.8587220314594519
0.0014347340009325871,0.009361504051654576,1.9150430919417611
0.0017079702804945773,0.0017967535789028355,1.871027089095867
0.0039232770713293575,0.005818516761793492,1.5120834378792973
0.00167519654878329,0.00501150612251971,1.2359190240636193
0.0006004408720548493,0.0033007390135779513,1.587337789895183
0.000983029865133599,0.008130299574496135,1.1566417098347077
0.005552181441897135,0.0005582154751557622,0.7526139375118743
0.00013401274692847353,0.008660693244175996,0.49373346547054986
0.0035384942889395755,0.007733337375146722,1.1100277636984424
0.0034438092958891677,0.0026226623003545993,0.5944413034266416
0.0013177998760787767,0.006663947148931046,0.2875091573269947
0.008549856308113604,0.008880109595503642,1.252934640800723
0.00036462549994157765,0.0054668286022649774,1.6938249142357384
0.003413372800892247,0.004725711600932555,0.878351423633859
0.005014449972410492,0.0015748423137757395,1.1263649670812657
0.00673457166990218,0.005386887141581134,0.3979440963598192
0.005740988255573417,0.009356773228446226,0.838252242256691
0.008719488254085197,0.0066312442009154385,1.5234434390909957
0.007139722323407985,0.004949911555146339,2.020140265943145
0.008062551696563948,0.006765526201694142,0.9003399299128132
0.005626189889893054,0.00018166685220976752,1.6546199973966491
0.007814247692781079,0.006692227779549979,1.7768659672539844
0.009874593604480958,0.008234496740242977,1.3827199057206174
0.008609340183060022,0.0025427313581908996,1.0046905489941276
0.005845643456938689,0.003426165874599505,1.6994381551238504
0.009086385091656698,0.0030581487349454206,0.9381183223778784
0.00617698657039513,0.0013663049176427234,1.2773131223429317
0.00912454358011218,0.0006156274768019654,0.8639868492140048
0.004111397580606527,0.004443518365074921,1.7780218328085198
0.006065268568584066,0.0025516229090745478,1.2060894733089755
0.008670305416153176,0.009350586616706267,0.7959867559039036
0.0017756044943277184,0.0030561462238928505,0.9766279960338001
0.007587849506825615,0.0035180070912804286,0.830846931399292
0.0020441091394962476,0.009853233521681841,1.4799661623993274
0.00777361608380887,0.004366298398793306,0.15690442868324248
0.006098332892675429,0.004815750568951442,1.3823662388854727
0.0024710678253623388,0.007185927963854001,1.0798043362208536
0.008347448690937181,0.009531954832839824,0.4297615257979244
0.004697591296802961,0.00995513543054955,0.18525911757815483
0.008285139308666263,0.0011783387517937593,1.5193349656571185
0.009356283628465032,0.002000648982719745,1.7717030564280747
0.0031899618465817048,0.0034866186088668293,0.9855238385669468
0.004056122169741901,0.0042699258822881045,2.0120960099451426
0.006707324890525016,0.004214883077478521,0.006778609628544776
0.0035936851817760474,0.004455791655316903,1.7466155714968559
0.0026098531108501065,0.002954488394459366,1.0909197345950152
0.0032637218574770943,0.0035890714882450894,1.5571203984837414
0.00500056671507293,0.007436016599550764,0.7780869313689188
0.00692266215314694,0.008189020758408917,1.5735360857034524
0.007574274586041615,0.0005108928125806278,1.586526805394749
0.00790994613759103,0.008697410588521765,0.8795060141687885
0.006747557087786882,0.0071227810167847055,0.891167188560327
0.004004445097780373,0.009187139585673677,0.9121646929448908
0.0024457188197240898,0.00473692182737626,0.5265307242225807
0.0003010760657577505,0.0031292758562591737,1.816929636827955
0.0012163371814222547,0.001505775345382714,1.5223019690183388
0.005522022653672567,0.0024965176126830004,0.6244546909772549
0.007954409606497069,0.004610811913343894,0.5428843461586145
0.001443534136211254,0.0059569198215940556,0.31904060047639415
0.004341188396881653,0.0018772195601573262,1.0146472592718045
0.006030893975341506,0.009195169589891014,1.8876136899587306
0.0016479470062709322,0.0073089039410665245,0.9427360035129846
0.0019913176255290767,0.003940860430066698,1.3030189332292437
0.0008196022396396218,0.003554792739621161,1.9602454460419587
0.007216267473660442,0.006109570696694864,1.2665479074961525
0.005071986653584041,0.0093747355561747,0.004232830819708237
0.005524108618615641,0.007012066856043512,1.805153186947236
0.009851192220657676,0.002273586493902976,0.1336951601398084
0.006753897530328504,0.004684238344490394,0.556498431039403
0.009077826136488045,0.00318369924296958,0.0873304909082049
0.00956443042317505,0.0035479960665080823,1.1872004966838914
0.002469028972965125,0.007169407764123274,0.3102431891310633
0.0062287869996649585,0.006469789950918018,0.8983397762342253
0.00014092054267236364,0.0005241144719194368,0.5310475455301114
0.005223054943436774,0.00864222052252346,1.2838810365733755
0.0041695945543385165,0.009355902598981388,1.7413590051742454
0.001304569658596605,0.00036886920621314825,1.6129599876688427
0.005262766629448928,0.00776400889210999,1.9715247242889797
0.00828006886407037,0.002235880729544788,1.9145057458416466
0.00845347067962902,0.0095584273166406,0.12875861798456265
0.00737972273804386,0.005151300997452764,1.397930055805098
0.002722791546298804,0.004274679295438786,1.5354941945394798
0.005342732913304231,0.0089971592610666,1.9894470908558786
0.005794873610426076,0.006113977290731365,1.2989835016134832
0.0010577192641791466,0.009772118344116008,0.38529601553217835
0.005014974221131099,0.003664204455151534,0.6004712018595734
0.008416340199536007,0.009330637261897385,0.24686964723771618
0.001967464274102653,0.0035578463674585848,0.5080269962171619
0.003912466233308071,0.008618975221139141,0.9862130129490017
0.0019531145754665314,0.006732021327064904,0.3939510492371705
0.009023816562433737,0.0020621207477305916,1.7154338532067548
0.005154216129477375,0.007802964060496025,0.8956338957550704
0.004485085373633461,0.008015692824357054,1.1745125405150898
0.005562364107487821,0.009383587029342647,0.7773426909188432
0.0034087219322305284,0.00650558045312894,0.48480107205840006
0.0028971010504741535,0.008618235016697047,1.0224612309990495
0.007600016862469972,0.009664121700415385,0.9941071926086528
0.0012274871060090175,0.007103754094886637,1.1045949546150364
0.00903687315125645,0.004665890175994345,2.0134250128504276
0.004824866238496948,0.00567437942103878,1.411021974350282
0.004724787711963238,0.009649782545657628,0.9596752309382792
0.004014778607978659,0.006128490011309975,1.1038196849385042
0.008646084241159691,0.007370961515622931,0.15304057198705012
0.00780814823419758,0.0014543439238662737,1.663928693111726
0.006715085228327436,0.005501867009519652,0.4868477140178894
0.00450458160531285,0.0025417078380915604,1.3444371246820557
0.001808398963323471,0.006080452506053836,0.918295615762741
0.006249168801786026,0.0012411403776698326,0.34239067282699914
0.00616560450098628,0.007691825904367768,1.3432790704627589
0.007574028500350125,0.0045568142851774305,1.1082245851194568
0.004370558758881812,0.005744757342913029,0.35049059157321544
0.006698834676107909,0.0022570945750604167,1.3382367319838167
0.008443733587876442,0.0008210109793344745,0.30770955374841835
0.008325032079574923,0.006042611000646359,1.627291233449567
0.007364345483664278,0.004174266076162319,1.6423096436049898
0.008470018179888655,0.009905289236158495,1.6041046496214815
0.004187409922488643,0.007712644584657566,1.1516879166758784
0.004888835003564263,0.006574858465961587,0.2161187449743187
0.0028627706193000415,0.003888140657681358,0.8029622294751664
0.006541821923788839,0.004536910374296554,1.3942284921795243
0.008452683851702341,0.006193627507115779,1.0917515998949716
0.003644653473845253,0.0037392550534784273,0.4273523619531678
0.005545532410201062,0.00498701949056259,0.4800505582651896
0.0030767267247862606,0.002139235370877306,1.4058119909874462
0.006454833432359999,0.0052905617323864215,1.2166218587445679
0.008368717063388879,0.00926629872791825,0.33411491010200467
0.0017098674551518978,0.004488156384981634,0.8952602072150395
0.006424170857089462,0.0011878002894150474,1.9148772976825046
0.0001999901236933266,0.006253246984147504,0.8145886786261538
0.006765925317431661,0.001715901460499809,1.1585791352374268
0.008742227822460204,0.0018484520891019485,0.4368534525421968
0.0061682052396876495,0.00878110460632047,0.47534102866549477
0.0015752084549914781,0.0020040289725347916,0.3564750720623897
0.003206469853214895,0.009986757556923406,1.4927406156530325
0.003930059895195292,0.001920325270368113,1.8885329897023797
0.006076883877423182,0.008306033337361012,0.13388965306444825
0.003030408501565418,0.005302014720718717,1.126361079560296
0.0017553177914507933,0.00989687671860707,0.10019206869548174
0.00998387405694365,0.0025663727521550886,0.040241526815982184
0.0027131338522572326,0.005447357427945593,1.0705743563254464
0.006738615217011034,0.002098603337598134,0.10704539552444184
0.007103048595766284,0.004433458031229378,1.3416465338621275
0.001918286669577267,0.00647168501462578,1.0375939862751529
0.007678559313036907,0.0021463739319847975,0.03840229998828302
0.004708740045596726,0.0032822166053181855,0.19040553443607425
0.006660785274966299,0.006591869072914608,1.9075185654752334
0.005109347640763369,0.008740339652686627,1.69244120352773
0.0035418873027963805,0.007062465269916146,0.08660435161879686
0.0024278595061763275,0.005269668405259978,0.19333758952098062
0.0002057797096907821,0.0005937572603226349,0.008033209104811985
0.001166204036840066,0.0020622914460228558,0.6206727657738987
0.009955733680521871,0.006936931483823947,1.676184588051071
0.003155332893733065,0.0046618632266866526,1.8904900006805812
0.008124637089626501,0.0010056820954351166,1.3337734275141961
0.004713277371217777,0.0036536033250138002,0.5057133895421559
0.004766030901864515,0.0035717026570904545,1.0632662684036016
0.007454704143410068,0.005597246438023854,0.6769099140699265
0.004828950174546815,0.0041595842644708315,1.6605883310740979
0.009922632885026744,0.009532068239663564,0.030557047646514228
0.009446375836259594,0.0057172307921699314,0.9369332899579905
0.004450868055018477,0.007600383364185827,1.3493679482488297
0.008318240026120426,0.007044823843224363,0.9582663928023268
0.006404983156107602,0.009262371605694113,1.6617818306044387
0.0014552691878576985,0.006396104210282725,0.07282702274577951
0.0020738785431390393,0.00024178090182696343,0.5976949370574673
0.002305060221754848,0.0062348725397039255,1.1949517626347372
0.006121429771938976,0.009850729187988426,0.6593252882307823
0.001695182737349894,0.004005534252907479,1.6925928840633158
0.005142771607661765,0.004408031435663115,1.9272160844657746
0.00678820254663579,0.006055754388779807,1.9883174352368187
0.009320123400842758,0.007909566733760838,1.4299983749715022
0.003235258044014999,0.0047388492548196305,2.0382099674849696
0.00545952310229095,0.005179052682709148,1.5794653536519208
0.006704304518974674,0.001007095864649553,0.21232459336875792
0.0022778880873920884,0.0022413967612818953,0.8227951029761819
0.009797572025541313,0.00786909679556036,0.1380251542333223
0.007742759699376735,0.0066911720461662405,1.8449466967108183
0.009040596674565452,0.0022960377798602505,0.06694135957467773
0.005663693069702491,0.005797539845060766,1.330295416326267
0.004257807296469145,0.0015576524899916621,1.417556232708229
0.001836866616991938,0.005759305597325963,1.4555061953396353
0.002286585385780152,0.00023330433918849702,0.5893774277521383
0.007224155367023626,0.00812000274007775,0.4734858186609982
0.0016878674720143584,0.0042141275970662105,0.9621909767819269
0.003155002665695511,0.0026915431284905288,0.44748339837759843
0.006759166524849448,0.004250765663081685,0.9824025008473709
0.00020870973655598424,0.00030793422539618365,0.887521946703874
0.0005985284414614445,0.006753062033517331,2.030443052821205
0.004895794967413841,0.008942007641486506,1.6237888011853863
0.0003526569090770748,0.0013875622866469305,1.524510428641126
0.00038925522091123876,0.008038325217264285,1.3594601329027134
0.00437093987969861,0.006112140603223344,1.4105931714173274
0.0037640344976978468,0.005377986268818587,1.9554627782575917
0.006433635194143782,0.0027574677783325195,1.3765590206782679
0.004234390586371338,0.006165664202763514,1.3063060294234095
0.004859605092978773,0.008988805939058216,0.6942218232253151
0.0008827177764599991,0.005314002759832286,0.5492749512886433
0.0008631639180672557,0.004310022556093522,0.4846174753605747
0.009173435081858364,0.0017833794235439038,0.14777042505883542
0.002364909189035518,0.0023728001183732517,1.674799536077221
0.006776448859835172,0.0006556152543845162,0.5345621385041759
0.008533000442742777,0.006648308850063594,1.4618593067147467
0.006398779163744701,0.0021628157606691746,1.9774158281644334
0.00901692997408451,0.008626856788902381,2.025293434376885
1.8647744707211977e-05,0.007152173187394133,1.9463954938224315
0.008494669777368999,0.006277531879522769,1.5391194466552187
0.004055218892147659,0.006908539675503379,1.4820789169794002
0.003873950673990816,0.008118759249953388,0.15672922709633452
0.005374811611308708,0.00597853020630729,1.847190086695498
0.009310145452809393,0.009359486700966738,2.0420367015236525
0.0037099320743385145,0.00854539615368289,1.1893624248505144
0.005526177946010934,0.004793188090160854,1.8531408067991593
0.0030697308678187263,0.007632862937405515,1.5384610807289507
0.001786119336910329,0.007521220029114928,1.715347160801787
0.00218148134757976,0.007734750177099258,0.8209793397806971
0.002346272545568229,0.007163688810089014,2.0330470589311003
0.0035507729018216007,0.0066550351601777896,1.4364257996178884
0.008722081926024184,0.0017926169349843414,0.2509831355303119
0.002005086194573946,0.005518143412278777,1.846343291807371
0.0030017431323887812,0.0009545014482529613,1.9616991048180958
0.009601177088012062,0.0028943267205694236,0.3581186494304594
0.0013215563502749718,0.002005113011692372,1.5889456368636112
0.0011797095621216725,0.004739081491641175,0.8367715123747512
0.0016840585886830973,0.002396086386651657,1.2078501084186393
0.002036833766898425,0.0005081630961288375,1.824196907927858
0.0037974796474358795,0.008335637105225469,0.10419171199704538
0.0005410171211191284,0.007890802724647575,1.7377048557031314
0.00038773562821430854,0.006144811848174725,1.7040463159329224
0.008569082973758814,0.0013993818100294043,0.5529744269513843
0.0001509117547054406,0.007517971718842831,1.1801841951541032
0.009402651011948357,0.002310419621389075,0.590025057109356
0.00887134694463826,0.005131541862959229,0.18078951441960073
0.009533207456937474,0.008657629694754629,1.8217841495142015
0.003025139242033217,0.005829293938653696,1.4816970089873152
0.0008189595534337946,0.00952204858178531,0.8047848032402579
0.006967954495798134,0.0026452893969724357,1.9545316929887262
0.007165458371244363,0.007294689616329122,2.0125780775438673
0.00649249398830424,0.0006421428013211495,1.654913884037277
0.0035331087270511754,0.007582375071195932,1.3799700737144847
0.002538781924874314,0.005009633027457883,0.984004770956444
0.0012997259652930938,0.0027895593095080373,2.018057412797058
0.00151102212366789,0.009301113146218017,0.3942671918897188
0.0007790621162883337,0.001153847311728875,1.3806347751804482
0.009442749661387423,0.00866061316026868,0.8758645091923541
0.0066254629231663345,0.008501407786460921,1.8301530891348914
0.002828025526708079,0.005594964017484293,0.005098223843613714
0.004255267225370127,0.004862578814159194,0.6989380227258802
0.009618910213163247,0.0020181001238720564,0.42616434292438987
0.008013287000392394,0.0030318371259583465,1.5038938610534458
0.004050373347014857,0.0015696515928921729,0.243351776932836
0.003537869659132805,0.0015352467396325142,1.5092319291644647
0.002283088240835697,0.009189845372090883,1.176917367491723
0.00903335204317287,0.005622484337475091,0.08970804197396423
0.00731676372776387,0.008734674197034246,0.34243328279210167
0.0044106928391597616,0.0047418350457755845,0.43350300767204564
0.004683249317925864,0.005932895717880565,0.6124695496795679
0.00665986037167774,0.005269482481455703,0.34317469623201013
0.0012022168812581824,0.005151109228292439,0.23583837011468217
0.0027141604477891345,0.0012203369730667578,1.1931524705609784
0.0004685539185250709,0.005848399472144827,1.8708949373670798
0.003925014953617474,0.007904891193246862,1.330488050147183
0.004989079326271846,0.0065732507056407595,1.1701656051004246
0.0029183954701108663,0.0037476680496304773,1.4090079959932855
0.0020012948334651726,0.003451791991658637,1.1070792596313517
0.007481512769634412,0.008987637695058368,0.37980198955248684
0.009322415388465127,0.004257680377565635,1.4131929133918315
0.00877425083775152,0.004986515741154488,1.9019539715330822
0.006463774142160209,0.0024094599057433207,2.0300473287448453
0.003987905754047296,0.0032682419813413657,1.1161423573769107
0.0041441668392355096,0.0028256600332280967,0.33906169136923603
0.006246109044112027,0.0036546883235290097,0.7959663138728161
0.007031859994173748,0.0013839975382574977,0.3118429995175554
0.00420144500273716,0.009679861935661392,1.9541630496919706
0.00975483841748083,0.0029215428007883103,1.08177517126813
0.004547031706707133,0.006943920081622974,1.35519384186733
0.0089859037631434,0.008193081916247555,0.22952920820070996
0.0019304280030766608,0.005293076910894873,1.3960473602471937
0.0015599946461044456,0.004470634228017915,0.413994583754654
0.004544951742170423,0.0028031042062930766,0.4138955747618415
0.0017546520389681696,0.0010582910486710872,0.11930491479909647
0.0023448536981564017,0.005180585294931423,0.32200362263961196
0.0008233558163308508,0.00494310228414483,0.4188709089029597
0.001262844466150811,0.006904373268772195,1.3372883123130432
0.005191260589739587,0.00364915167881679,0.5283932935340773
0.00047423830381598255,0.009151030140925593,1.0751084531782502
0.005556676996832996,0.007099230473873584,1.552463009603617
0.009240995213727688,0.0004728180597620435,1.8666615664627764
0.0018588893215980373,0.008376898299946721,0.2913208585617902
0.006036530691225353,0.00481434193026653,0.3339568284978941
0.006949558753324174,6.080723501527552e-05,0.3758099818535616
0.009988394789530229,0.00802306461748742,0.9050702127419018
0.00226384665439791,0.007040312466099869,1.1674378488479238
0.007047758112211367,0.004235177257537158,1.7086609031197069
0.008784022068372642,0.006658485227916649,1.9697039794901778
0.009440995775142107,0.006861243309969364,0.7282919509339231
0.0070257320132881855,0.007607005583910651,1.5158661584338067
0.003170209209454723,0.006668390710592799,0.3835822234447897
0.009250774386996275,0.007688835768719395,0.5364012243581544
0.006672286207692411,0.004680903788985279,1.3961356410491559
0.009885831130350565,0.004171056501802838,1.277232855813153
0.006361054135008577,0.008347888949836214,1.6467958601911017
0.005875830005625267,0.004061063277999568,1.7991523129580342
0.003057328743795235,0.009905690156900633,0.7528306927789393
0.00038256357524206973,0.0026560962632418473,1.0075122449099014
0.007866081949200875,0.0006493219372323311,0.22500646813580172
0.003672106123563629,0.004937612674186066,0.27191596128032347
0.0011625853618940263,0.008859970333558589,0.3485177545520107
0.009784704951392503,0.006214740735762792,0.24537643104470924
0.0055315456717991715,0.0019953338346135573,2.0476806847652536
0.003508199925114214,0.0062749082511639465,0.8978928723232068
0.0057899289891461805,0.007544592603151746,1.7102852205810506
0.000983955107670431,0.0020988261071618886,0.6475494028357025
0.0018427804006025872,0.008378743609658316,1.0210888977707608
0.008183001535628542,0.005174254334154114,2.046401682017524
0.005536174232548234,0.004269484957962886,1.008237607739471
0.004983381062714593,5.05661889427822e-05,0.30719036623160123
0.0008862331591918294,9.36758775210267e-06,0.9718554307227008
0.0002622708839807197,0.0066439433378520365,0.0692747936725129
0.009236462888827898,0.0033787213490870096,1.3177540499811793
0.00973438239455156,0.0018265641672241917,1.6093646301463609
0.005836029330159602,0.00494608984443065,1.3855803608914081
0.005229929913203539,0.005419194379294049,0.6658029834848046
0.0030445605633551143,0.007651573462894983,1.7208238500872308
0.00997645508828583,0.009290056135289874,1.9437974244742813
0.003618376428078969,0.006156077961910073,1.2733169387534862
0.0033647391298601247,0.009109980991151958,0.7613195389853977
0.0058364525439648434,0.0026981092029182974,1.3312872674423877
0.00966113668868938,0.007644465118774606,1.8262589393425592
0.0028212288572973744,0.009954228541913857,1.8125748284534462
0.004851536545432108,0.0038743295957463265,1.8739008870709581
0.009892639587841567,0.006003742076660391,1.3407250286866632
0.002130355164720188,0.007693419893141489,0.8189990966314655
0.007428057156280983,0.009840284669734786,0.942435512850655
0.008928350653105675,0.008420636729161829,1.9084032767833903
0.0018501979044471784,0.00448068214931294,1.1733965131760142
0.00974672487188254,0.006061735207263592,1.2759795268614171
0.009085196538880803,0.00870391646399965,0.835647625740806
0.008555414123613228,0.0017146135698663312,1.8841768650631774
0.003961833198220552,0.0015892987372715572,0.3140689526888511
0.00355808759849784,0.006476508446255671,1.6981852434019629
0.0014822067818686558,0.0072043830850257165,0.3594196995758411
0.0022050890579675578,0.001652300282537098,0.46701515986650693
0.008841041404624182,0.002227232890605183,1.5703610820125546
0.0028271520302308273,0.007115676566573219,1.2825740145188247
0.006831445211532118,0.008282298694385421,0.10567819013500253
0.006472374381242935,0.009844717920574684,0.4107976534942013
0.006801554915709424,0.0023602420760453725,1.8613158402267123
0.002411297726895576,0.008834778628829388,0.6880889497578856
0.0014810587142835118,0.0057763082657601205,1.572313642349362
0.003021280679523893,0.005893526578093604,0.7632192039657387
0.0036084385169119016,0.0006320000817942306,0.4633944600519085
0.0006696807454902953,0.0008915523234608002,0.07709824411903499
0.008777520331303267,0.0026584350685227532,0.8756210611748372
0.009968045759840637,0.006458845071784278,1.5108349153409213
0.008988742579827865,0.0010177039552300216,0.4865505296067892
0.009872902630095402,0.009643042864715345,1.171278387654501
0.0029751571270215304,0.005562873357682015,1.70331175970368
0.005207609238493461,0.0069004697833379295,0.18437608772667008
0.004828136966383538,0.009117211781821916,1.641477648352998
0.002559629897852861,0.0062222458242269674,0.0670365398054634
0.001723896361896421,0.0016432851735204224,0.7704122603161909
0.005317129270564262,0.007750091057837816,0.10773467170072114
0.0012009828295797222,3.9843617025404624e-05,0.48517249233058035
0.008642313826523586,0.005771671441916982,1.4408727216358936
0.009444050194509123,0.0029723922071589917,1.464158415662432
0.004101712627016534,0.0067810846365123365,0.3221231308682249
0.005138544661285758,0.00015229949352187465,1.8258908354916175
0.007709668167773143,0.0057753385217113986,0.8024276665566519
0.00846156771316254,0.001214470633825967,1.1120368129214084
0.0005582684069027077,0.004367644893841977,1.102234378421567
0.006235381162077125,0.0034698286037552284,1.7826469573938366
0.009191780277857756,0.007718135536455435,1.5689822845791257
0.001702641263029807,0.0012241048923007703,1.5024687557009528
0.009180704615740571,9.270357250650063e-05,0.8259096836068508
0.0012596250598626158,0.004233846374803856,1.720473366965029
0.005981225624253065,0.005842087767912605,1.8562293350953822
0.008451716505425297,0.00731525275282807,0.12581921359023718
0.009133220364449779,0.0028893705636604283,0.7272018503698654
0.002925742189396221,0.0062049843389225265,0.18435323510805743
0.007624926206990685,0.0020285360538459317,0.37372534153511966
0.0006225494046061586,0.0015029012443191015,1.8045203767923845
0.00942966594702011,0.0020226681847839013,1.1676785671392416
0.005722150474480408,0.009616029502376517,1.7809501272157617
0.006106256335217924,0.00526967065916854,0.42702143013213706
0.008744261243985347,0.007585929397693404,1.0160285069360553
0.0033754535542731457,0.00036088616064473004,1.8861306128590924
0.0013417372681036178,0.0018917636000065697,1.9993673739768247
0.0030551758142083243,0.003823368111623545,1.3790316399209417
0.0024031078601515323,0.0012191701936573463,0.39814796991793167
0.001040015790911133,0.0066848005047816595,1.2145214434406
0.0031592671221191415,0.006455513678317365,0.896447999023552
0.001386444249272819,0.009015943213035012,1.8481215911749462
0.002402225116325697,0.007461142135370364,1.4433893386943037
0.00015005732442624153,0.0023452294266034478,0.20830074300561294
0.008875329106484985,0.002413042573761447,0.30438236759426374
0.008884965918846266,0.006711015160037604,0.8860663043610814
0.007993026414281765,0.004381781357848842,1.4923695823718017
0.00042777921848265345,0.0035166958124518356,0.5630999151459586
0.009120570807985598,0.006012296199493036,1.5932616827410127
0.009642801263755907,0.008212467017732629,1.6844851783265231
0.009671259114562568,0.0017521693588067443,0.5242695207027965
0.009043564024813013,0.007631556067295347,0.38950585907563046
0.001271654147832627,0.008769249525649048,0.44866097936006744
0.00020222758612780333,0.003656565924384656,1.7161012619653073
0.005091730314701372,0.0004861843514546138,0.8766619887453982
0.005786161824244206,0.005056306294334785,0.5261101827013696
0.007540109598855208,0.003011851246160796,0.4556481100365521
0.005402107698282924,0.0013771303319885032,0.5006350987213819
0.006190352774802898,0.0007016678080634997,0.820994633790179
0.006931010624053525,0.0038676887891144107,0.5727997221902923
0.0039912070263850245,0.007457507143160675,0.11670439180232967
0.0036568716484970945,0.007199364681010813,1.5055386206521078
0.007691797517946425,0.004602766389381369,1.0563161599345683
0.006144820562110951,0.009129195168280953,1.397846444377582
0.005403483847422947,0.0019406968674222614,1.5320742204908135
0.00962366270081232,0.0024031457185897075,0.19105302068891258
0.007942285478998229,0.00355481616259961,1.827533949709522
0.0015904283206802806,0.003486221105918367,1.7183710870155866
0.006227478716920968,0.0030527816215471294,1.0640759580695636
0.004868633099042496,0.007345479016305988,0.47807100091081056
0.0021615635761636867,0.0009038066941700995,1.778293753019478
0.009130573831226382,0.008267570348262133,1.937221043157821
0.0015062700665191054,0.007474545703481486,2.0335625490315414
0.002196535344135373,0.0027332988201794694,1.6464846261376995
0.0014635017853375544,0.00046274376795055194,1.7662768624424505
0.007366524970004261,0.0004330262934089757,1.5494564008271283
0.0094334030723728,0.0022329695926709392,0.29038121119143123
0.0030161629842357443,0.005697866067965084,0.19349290661806726
0.004815036609224606,0.005898094663368013,1.1616388766543713
0.001962202942633562,0.009326123995155047,1.5375177569984437
0.00923277901819842,0.00615530877836609,1.427531507796643
0.004181855735840472,0.009483831230775997,0.5363141836018063
0.005299714596811833,0.009284938271915996,0.515667682505927
0.008391022882284665,0.0060625860755931784,1.3499248183063444
0.001610679305289725,0.003019939754097177,2.0423906087133377
0.0022211705910989777,0.0069946487687703686,1.644995102653812
0.0055567254170269635,0.009343972728632768,1.8621663309406118
0.004871246558486044,0.0018906012248416438,0.9219056411934363
0.008053148613393393,0.0031347492965619218,1.6751637373739783
0.009885602975878654,0.009420263603273136,1.5013873784785758
0.00017083309259218748,0.00820281601478819,0.14073491169419422
0.0030012346171225234,0.007442990985057134,1.3410943123824264
0.0013742214022251353,0.008972961541705666,1.4679310353882
0.0043405024461052825,0.006636800504162436,0.5432176403345429
0.008826149251215441,0.0053011218297629985,0.5635208194201615
0.00449265655421092,0.0028426489994798575,0.2571723071456705
0.003422392981499537,0.009184212893942527,0.6741078730135855
0.002797702890222601,0.0022888929625332777,0.6762971818544887
0.003776604879061003,0.0018628233290712082,0.8835174974727595
0.00769035920418328,0.006026849303845627,1.174848214261484
0.0058764484396933835,0.004622263786719824,0.7634941181813447
0.003594310795872778,0.005342575473505345,0.07533528958979055
0.0007707543104410497,0.0061774366809583744,0.8398163132928428
0.006767714217713267,0.004649224034541128,0.6077205721474178
0.007442570668242994,0.0076302462567563265,1.7890342899335117
0.001008736904099692,0.004613341366144023,0.8040888989637028
0.0005701067633038104,0.009526435932825553,0.8451971803877626
0.008258985064489646,0.005742340218996461,0.4324118935759305
0.0021549022817754517,0.0014428363850546545,2.0427370286581534
0.006327863367803838,0.002925082642324691,1.7561364701942048
0.0083392336681039,0.005690798900701998,1.2476816649881135
0.0027402167295737436,0.003422475967548182,1.2604688650509186
0.00716606148398736,0.009953944434169809,0.2742084317332622
0.0009219795488649241,0.006957301096198202,1.992871865137885
0.005034684602099398,0.008992997744912573,0.12819827790077307
0.001499177170290532,0.0033946042214116666,0.6181735740050022
0.00847539868453481,0.006119534452886007,0.41496233104866714
0.002050390430497754,0.00865726154899213,0.261993680555686
0.002398421875176432,0.009743306932015444,0.6718205588715779
0.004291855020489783,0.008996213301642854,1.0432960966718676
0.007801036266845116,0.002268993691958856,0.08624203035405614
0.005498229125712521,0.006783966016904025,1.717044141922749
0.007269559070087761,0.004601815616762071,0.1525243671258353
0.004534238178454026,0.005834653524901281,0.5618756128015626
0.0029784891843826987,0.009397743996073168,1.3279227565511176
0.0017597185679177564,0.0009512748151304773,0.5649955510901296
0.0014638455886561996,0.0017491665932708234,0.19676116086419942
0.007921881354508041,0.007419154048028618,0.08249205336100172
0.00417868835469205,0.0030225100727679158,0.18944501797121147
0.009784891826970607,0.009507280250867776,1.466920733782688
0.007802342435458796,0.004696670004279306,0.34660855236375443
0.005274936700843832,0.0029765607312145204,0.2541729232468234
0.0040113145022918,0.0050222190910893085,1.581415086634938
0.007261697268910541,0.009417420522416715,0.6270554730229845
0.0033644322276923,0.006734579808767084,0.1945955980525054
0.008589449221989095,0.005938338401944446,0.5029405010456185
0.003348463888162313,0.006582994964860109,0.14524793271256706
0.007248544160437931,0.004139597125675778,1.2416370074965506
0.0037300386460191017,0.0060052402335387615,0.22843122556673975
0.0074217776855123,0.00856820062068325,1.609417837749048
0.0037239970649107414,0.0035682037380198894,0.7657467920065492
0.0040668253028569605,0.009333111470624893,0.8853116663978382
0.009673194020258293,0.006842416450332442,0.3586088525708059
0.007750221429711054,0.0031575459679340115,0.7898970032621733
0.008713806660898877,0.008064015844728288,0.317745773692933
0.008276917142088929,0.0002950637124281208,0.10724673008917508
0.005365424961962669,0.00651562366660283,0.19155807068631994
0.0045938612503175595,0.008114733121573766,1.1477672814060202
0.008902287856331707,0.0002684615167006987,1.7407858875797224
0.0028035201268383912,0.008126880375687833,1.1381914570548803
0.0028132742901541287,0.009730014910047406,0.4470835501733046
0.008896585142301112,0.0073912560559672704,0.13794276294760704
0.0014616097660409954,0.009966724488444673,1.8923506452614138
0.0024217534915956253,0.005852716393861659,0.37345266890733503
0.006189093720789295,0.006873342113930836,0.10755856548352237
0.001753699909940991,0.001635304216580088,0.115006103975805
0.009403256788632313,0.0002265046083198463,1.6169846878014946
0.009386575205025517,0.004754784795485054,1.5793145023390116
0.0067623545794533195,0.007797502844797378,1.8283245261496455
0.006099373498054972,0.00487716242544947,1.822835825420637
0.004644424130218082,0.0045099262872299005,1.270295314723734
0.00356526426069967,0.00952151158199998,0.7059143396708751
0.008118420865065482,0.008743039864486489,0.33288735272802294
0.006959542134924321,0.005064482032353718,1.712367821503863
0.0016188291229778317,0.0005428052797042071,0.00434560062756257
0.0019913209695153343,0.006369046737272779,1.1139872340818961
0.005431240086437226,0.0017637425986664179,1.678655223601908
0.007296463443963202,0.007020098263184948,0.07470953961905179
0.009051145375523383,0.008215389400937429,0.05301622579470447
0.005756887003297244,0.0036995740190936843,1.4677035663838427
0.005081115095518313,0.008792095541922817,1.1854959961271456
0.006558383811921665,0.009254457554393974,1.3129205083400373
0.0015150685990648772,0.008022682015884255,0.6479741113670502
0.008790632793758133,0.0097045968696814,1.6681443487772722
0.002908699506990519,0.007089029168851333,0.0260160265210807
0.009497909055068782,0.007965310915805704,0.9624543297970921
0.009418865904427007,0.0037787544061443235,0.616065059830973
0.006422129803936191,0.008709508560889737,0.2261887411197179
0.005076116971104703,0.0011689506949907036,1.1945576334938262
0.005190316815610238,0.006717963503595639,1.8979551092927824
0.002622577959898288,0.0022337663071850078,0.9067445217053967
0.0013775383416643593,0.0016733649655927185,1.7268143895887433
0.009780879222147524,0.009178746503732559,1.491262392023858
0.005804053685743395,0.009400503914007931,1.1884987815933843
0.009107824541407189,0.009340913933725154,1.6943651874486276
0.002332027566862973,0.006849679808342452,0.4128645061512109
0.00496555002472037,0.006793577603410126,0.19231806619502972
0.0011918696406050466,0.005101725173366924,1.8666773774554895
0.0051497800378353855,0.0061052201819457984,1.8103544154910196
0.007135615753479065,0.002342363646001048,0.6804145709810228
0.002675125404734776,0.001755085393536785,0.4312409951779329
0.004169713058581718,0.0032419977458255423,0.12710974011136755
0.002594719921417076,0.0014693403346372046,1.873879843567431
0.0024666205658181385,0.0015213770823818407,1.2693411215549397
0.005006789728224512,0.008091992400331838,0.5860258831041362
0.005158252550768271,0.007643638620487606,1.3557744936137286
0.006893891336805818,0.00863973496704582,1.7931396749649282
0.003956012813416339,0.008402563479123246,0.6281124646502433
0.0007240971132874707,0.0032384566312228325,1.6320654499402858
0.002555684562489141,0.004798798422492291,1.675851750367389
0.007374722360976043,0.004370138190751736,0.5794207453774379
0.006761174995911568,0.009093764265767322,0.6638611572327089
0.007443966076425306,0.00765353126622453,1.904839335045961
0.00941509107659865,0.007035861713591782,0.09447584052506293
0.009500479594988547,5.50938733953299e-05,1.3586319695033793
0.00489546531431348,0.0021037498118113575,1.4248935817935422
0.00595120152464533,0.003367198706317348,0.3901929416416665
0.002515727968739566,0.004812927930705282,0.42387636916108984
0.003505472953004414,0.0010588522945154688,1.597436120231511
0.006220231806862006,0.006762889737488172,0.49175642355873167
0.005097684520553491,0.005684790818087771,2.0259103760336776
0.004666062045904581,0.009288915099746607,0.9223298915942302
0.009893523924895415,0.0010231193738146171,0.9251170706565262
0.009546123371212984,0.008388286758938403,1.5919838156237498
0.009336259783717767,0.00799131577246273,1.9546287735683578
0.007720370125984055,0.0009044904897463791,0.25650048333470526
0.0027973285068379704,0.0012609831809514127,1.2695590036418944
0.005601790933619509,0.007300378200702454,1.9850590980370049
0.007846810554467464,0.0021547120171871927,1.6755758389585425
0.0020096010640922846,0.0034382674672826484,0.12220894677272556
0.006986456463435119,0.0028430978252192243,1.0115500111199007
0.0030917014282618527,0.000833068204235835,0.4401168660468526
0.005416779239759622,0.002405632343328733,0.9719808802397503
0.006921719643636665,0.004810085370921375,0.04995916488596508
0.0028567830823963605,0.0019828763209793223,1.0023159152194863
0.004282105777739136,0.0002058912258702228,0.1480702956758883
0.004143176384006146,0.003985928858401529,1.4144995970639542
0.002402876982626102,0.0004568703897483462,0.1395466396654431
0.005604748154634194,0.008697512641363871,1.0822822451613676
0.005510363232727768,0.0025752643371855077,1.060905070743641
0.00693937547081522,0.008431326647345095,1.8014882801961876
0.009847204459402405,0.008349446293478982,1.1760787267561557
0.006435774210894726,0.008196412009537047,0.39864088220538874
0.004797639393062214,0.006859313173891383,0.03903522329592208
0.0023018408460327533,0.005172420233165177,1.0451509689161667
0.004120633473561187,0.0046908042238035744,1.5303162986309387
0.008328476921457963,0.0016970009054277325,0.22469385128812777
0.007027794258734098,0.0025429766462518235,1.2395369441446709
0.006437538950729626,0.0072676321922957345,0.9278563769830526
0.006110344062773655,0.005083828097941421,1.617772216879128
0.00879859627793121,0.004977962333749039,0.11353811520131135
0.009050372279248563,0.0024291575021716505,0.3778600227054218
0.007065136626893688,0.006446455143935389,1.6885525616364514
0.007299996814931963,0.0028646444403599915,1.186812483457104
0.009605220704830726,0.006187938840228683,0.9719917753974333
0.0037207653179247738,0.0025579785500802698,0.11386837716332551
0.0017971048475754826,0.0072352742100422465,0.07180909033292755
0.009825851052274709,0.005524120850882359,0.2252875204199535
0.0025904962991573277,0.007537809996593167,1.205249553698135
0.00952225161345408,0.0034878880290866456,0.8914896674875658
0.001789204881866211,0.003022204044893447,1.5960097780161973
0.003292697285879549,0.003675394161975195,0.3434791214173315
0.003931134501030378,0.0002358517480338651,1.8296783271542811
0.009154642216047337,0.0023693356257985165,0.9690933769139218
0.00682649701356338,0.005300841645251518,1.259471832317384
0.002925670143176642,0.006667558920776545,1.3848663907022252
0.008871791412680671,0.00792526496688546,0.4305701181975624
0.004427797614085413,0.0033449490585959786,0.6674817135837683
0.0025917920359220625,0.0015248943684823845,1.6010898406479086
0.0071178054485570045,0.00018619178587182318,1.9078660603982256
0.00945531489202944,0.003387877601300142,1.312050733565981
0.00884372154914639,0.006925459292541403,0.4215483959481796
0.006392378518227842,0.007908863632530655,1.3215510999469466
0.00769141539763848,0.008151459054610987,0.9413739438266016
0.00821725128416301,0.00812595211538604,1.6123131388438672
0.0069912936969783205,0.004221596492524712,1.6989105331540708
0.0014141698205297005,0.008837891028528944,1.7545820814039057
0.00798575749192545,0.008839268404509935,0.19510536942868761
0.0023953927387257703,0.0057715824815372345,1.5758188657242533
0.007714451469038196,0.0008404716310481342,1.3316078108362603
0.0014646730060247615,0.0037205543194527746,1.8630734448924264
0.0036958418794042227,0.005259170073395479,0.2863259901970671
0.001806924356173627,0.001514618524732243,0.10707542391879904
0.001255784212994392,0.007151736496278133,0.1850399333838174
0.0036006870056003817,0.006353926456708082,1.1514890135323377
0.006743689711316852,0.009565939821610863,1.9343776416208671
0.008981060987869962,0.0021781005631079198,0.43123194111542473
0.0058026781390913,0.007079484318792074,1.99219703862485
0.002442325303707551,0.0045375716385765265,0.29620926512675766
0.00031138855909890184,0.006760617940533951,0.1659801283221017
0.009919840293952991,0.0033997689393528464,0.3851210283486548
0.00530696302770352,0.0006849585994756802,0.026703129246439052
0.0039003696201294993,0.000936171199984972,0.07152469828510663
0.004633395885609995,0.0051454214748531645,1.173762505507827
0.0007074963920959787,0.004556961392818555,1.7853695743897136
0.0003846839683420278,0.007339499902610518,1.383362079721894
0.001325943601784646,0.0020058296175708935,0.010790909416461566
0.0013878070238539486,0.007411716906213192,1.2262007425092274
0.005939079831793135,0.005788613527284773,1.0678983708715706
0.008755113739527354,0.0005028225328373204,0.7380754078793861
0.007760317519119133,0.005622725893119968,2.0512020531223776
0.006472009685325906,0.000967088092069186,0.6234752841101084
0.005109782264022734,0.0032403539821102847,0.5565890544818943
0.009139695364180552,0.0014657550784417884,0.23262453408890588
0.003983163218666842,0.0003460650332153925,0.9515891491464156
0.002560434052999704,0.008598902646456769,0.4112737524302338
0.009411410316556073,0.005067832167649642,1.9868052572212591
0.0009865521513094954,0.009408561562417801,0.20390324318838468
0.00163058220745273,0.0036364722014301677,0.5915458793106153
0.006346064181117562,0.008064480342001275,0.007221343002011449
0.009028978789607999,0.0013366642144889962,1.4443702274059493
0.004327364901040116,0.0019689283796794376,0.8958508022291681
0.0040660283269771955,0.00547159098144032,1.3593534317626979
7.010663532201811e-05,0.0013001591065940421,0.5957645909129734
0.009081600914592975,0.007380694135569391,0.7347957701306388
0.004449191128560339,0.008345245254591025,0.8437598473208853
0.00016526250641625607,0.002813539222951399,1.6990816460374876
0.006151760197655939,0.008843652611970145,1.8668790320777748
0.001138652338221896,0.0004675753813580308,0.40648683344862513
0.0031042430096047545,0.006722017341822525,1.4991052130032594
0.0020544039503876776,0.005134663573242848,1.2450844605521358
0.006073579569309016,0.008741832410176967,0.07494731952976617
2.3585853719862994e-05,0.003630280718660307,0.5596744805658398
0.004713962908307781,0.000434612164516166,0.5267796017418769
0.004427198757027477,0.009135796022842424,0.29703902647539526
0.00884114025871016,0.006736552058925479,0.45548079794312835
0.006229606527670226,0.0017643656428905762,0.8276210853741297
0.004960207727057699,0.0001828817092434232,0.20608795776738809
0.002318719280523377,0.0063892881876502165,0.5950107110055097
0.0008065519036695767,0.0007057889897331027,0.4008519948027933
0.00390477928769195,0.009661520148800572,2.034542744261098
0.0012055841151164292,0.0038362591749033473,0.36474748643047694
0.0038069932147353647,0.00942259692979332,0.4901761631648903
0.008769111573074568,0.006890720535887161,0.4102637569658
0.0058856132292604505,0.00935977467459506,1.2952087528974792
0.00021548629548491684,0.005024798095633774,0.7038961718923963
0.008153722966350582,0.0060424465834767105,1.718009952690404
0.003818368736171438,0.0036975697210934787,0.747471708240891
0.0053631625080353155,0.0015777621706503774,1.3362193829639573
0.006120400472349982,0.005738430406036588,1.8495892676413623
0.001230096235526238,0.0053873599434739895,0.6466686083502027
2.255976495590284e-05,0.007874345714017138,0.6098468984804745
0.0015687882706187295,0.009144074375574142,0.4276237101712555
0.001923628388202544,0.0003874516803858541,0.6158595186674207
0.006090721166603662,0.008135342459627557,0.18480394947264125
0.0007648568516728982,0.0007635643031955775,0.5757811079487315
0.001052552280928454,0.004001372819183176,1.536220010131347
0.005510358549304916,0.0023522340049946413,1.6983795545503393
0.008457167388622344,0.00540704589534569,0.9441131657237163
0.0010052900979135272,0.006670792229717147,1.0688913813051313
0.006490320279982262,0.009255304031919253,0.5359582282760934
0.008517420552016293,0.0011244836356876732,0.040601398007995275
0.0007320633521934128,0.0021229527833293792,1.5072071216285199
0.004344579586647411,0.003855828995859927,0.34919094211467155
0.006679487379942455,0.008139656044449816,1.7237594261640887
0.002109368959796104,0.0069912999289691285,0.5142151142278192
0.008066036766418245,0.0009528265123583102,0.16093667121621327
0.007287492266332033,0.0030540341649230598,0.6927715458121477
0.003267896222437997,0.00908474881290435,1.4747419769818122
0.005673543613577017,0.005254962627741709,1.110099894913208
0.0043424368546906966,8.174628020117147e-05,0.8848987428207962
0.009481619119285967,0.0020410236813534622,1.3240670318318646
0.004053769608661938,0.002900215394090877,0.616222512138407
0.006568047533464278,0.0007281787919633098,0.7292211402932811
0.004162364903689014,0.0034432528172584987,1.1926064387238273
0.005113019031944679,0.0050233349775048895,1.1184894835387809
0.006146157745257352,0.006726709546303836,0.051413690948140287
0.007753112199259278,0.006171277492939109,1.7706009466606618
0.008928351567097446,0.007835476946386387,1.2603362353409713
0.002331991438364115,0.005250224700982893,0.30599184746035085
0.005598048553342905,0.008530634615562197,1.684144525136673
0.00015721374221002503,0.0019052561996804396,1.228294818109932
0.008047881484276364,0.002626594849371484,1.7719802937774338
0.0016602185609915898,0.003413303786871993,1.9427734601614668
0.0038400324454354764,0.002765686165690322,1.1795232274554934
0.009755366082281907,0.001236255199547619,1.7490942652600103
0.0005266882738544842,0.006689138749038896,0.5711861236630665
0.002563623197463477,0.00042475080123803853,1.0526802028473252
0.006395919290488348,0.0035753888812648195,1.0417797781689808
0.007090682122596948,0.0030600672471762613,1.0675259626652538
0.009056906038562159,0.006721707465859002,0.9671293628263747
0.007639887348771088,0.0010160769412931282,1.218641324422323
0.004272271268508985,0.005141231108639474,1.6682327008754636
0.0004061559983884267,0.007385358731823111,1.1875143913947825
0.008935507224716697,0.007160422880749588,0.6608255471757908
0.001540518045659105,0.004626861291320064,0.6480039371516343
0.007051705662949987,0.0029258957677061772,0.6380290718324356
0.005937180079543064,0.0029990448145563522,1.3761682610557284
0.00033982419731347856,0.0001403503401845807,1.8520089834681004
0.0033431708723551134,0.009025427240659531,0.5864368195739602
0.005249165526400093,0.0038311670297538013,1.1906330364173876
0.006012995528601954,0.001500148984632329,1.1336448700835102
0.008423290758749048,0.0011987786305101878,1.7811574786487312
0.004132589986406965,0.007214254162363343,1.1441951250661293
0.006582129092533376,0.007257607842740325,0.21215552408809388
0.0014470115191375676,0.002258358768561416,0.05934539374720088
0.007293514762494905,0.009059518608955663,0.35700925829722807
0.00038510619431425086,0.009735124107252378,1.6582195878443486
0.0007264938605742887,0.0042310238311185225,1.2509974916038171
0.0046146259445438344,0.007315339941200859,0.2871680076182237
0.003573488462544793,0.004349930190614545,1.9505592103519516
0.0006923222049246869,0.006331845158938681,1.942143621243009
0.007235585204501571,0.009142900964747486,1.6338797331896233
0.0033705243193051506,0.0016119059280472036,0.5390319007405617
0.006898676300413772,0.005947639166440531,1.901763521279058
0.0052905339582297395,0.0005009662564091933,1.7660651494647508
0.0023121312924503446,0.0031224205844098676,1.8603388904675247
0.006889167386110672,0.0009802023912579617,1.2465369959915429
0.002610256056766369,0.004626201992288705,0.7016751965700361
0.003940681190943135,0.002507502569921174,0.4895577280163014
0.003912397461820311,0.0009558468240606355,1.265022601919148
0.009533040543605402,0.0035544981803861575,0.9442002079555859
0.001361111873785037,0.006290414589076254,0.9357610552199499
0.0036968706015779863,0.009243892487138038,0.2713337478127452
0.0021482749437134476,0.008337319875417344,1.9004748999968524
0.007967698367850827,0.0014867972923006934,1.8266271626654869
0.008816812360200953,0.000672870107881971,1.1375395811590965
0.00686313741433376,0.005539101982085889,1.7268847031767947
0.0001136625499417776,0.00609540816369256,1.8077011871047919
0.002185866070170216,0.005274098334860057,1.2114715302242396
0.009938475566407296,0.0032281109431949164,1.2803750539347059
0.0016715882520608116,0.008066732589589143,1.7504328055881282
0.005456899872199993,0.004327324136378135,0.13522795066290524
0.008762179505923192,9.554463712990846e-05,1.9056648378920247
0.006479694260610092,0.00037605520652286617,0.7533471749367897
0.009593321988223342,0.007769701553270605,1.6134918968362135
0.0053849601747246335,0.004493945020117767,1.9108625303381361
0.000163043219747675,0.0023724909664521875,1.2131882264285736
0.00629151038418139,0.0005157473487738495,0.3597130066015664
0.008851387219678706,0.002764244563693591,1.6048480788385677
0.0026450343749327364,0.005499259621449922,0.6872808038383842
0.005656489875025274,0.008787779148236932,0.46322135016652116
0.0076691047687052465,0.00013757493743440374,0.6891859195774664
0.006000327030872144,0.009047695684250203,1.6786315241990049
0.006634172244868535,0.009582794098529072,2.041995480250242
0.009890860603650867,0.0013961642566595101,0.37496778019806476
0.0027842673632691227,0.0022711082988714094,0.5961445433546674
0.008986538298493526,0.003211659638618193,0.27572008449054897
0.0072574123474087515,0.0022725500847909363,1.1752410925480632
0.003887565740010365,0.0017863861292585271,0.6033502054784832
0.0054353278815502575,0.005415773810403306,1.553486026614724
0.007564246712356499,0.005317929559156898,1.9639338835541527
0.0016759819222071115,0.009122020917197046,0.5389647533261014
0.004957071855000847,0.007910389270031359,0.20987653775124848
0.007259511120024669,0.0015224224027435473,1.338535483037386
0.0002655947642959522,0.006963136049670728,1.0608581902978462
0.008848815992406573,0.0012308590977247959,1.1422626091631827
0.0022025920248309994,0.009501871919292647,0.23267634645300017
0.0025524912817904877,0.00654732643041149,0.07127089842825646
0.0061806171395774765,0.00587346908710754,1.2604708047663469
0.0054630853954286945,0.009737271469714601,1.7690945784776964
0.006874081670591795,0.005371204482255903,1.3986681233116662
0.008150181144134834,0.001620332075824894,0.5897421843112637
0.008205063912191314,0.0035004148322235716,1.9664126888391025
0.0042202717820219015,0.002341448386621877,0.9434950806760466
0.00994577239061294,0.005230194254135154,1.1584243729991976
0.0009399596520631448,0.0058975356807338996,1.7411493675040022
0.00375884131691118,0.00972685215464501,1.8867577440670005
0.0025532334645486355,0.005128171226420305,0.26943206557438787
0.006074327550272261,0.004982668957630319,1.3204189941338007
0.00205098303545453,0.005820473022727803,0.28852124530034645
0.009321181215781155,0.003924771436621793,2.0463258093821572
0.00604531691611868,0.00618133116114148,0.7810611267329313
0.009158129104267084,0.0012477552971467932,0.9205467051543731
0.004757563080009019,0.005228346154455484,0.9653553988975369
0.008001415174444136,0.0008060138091746083,1.7510765857808304
0.0013462365041725345,0.006107466490695259,0.6485928288836589
0.0035599463132180388,0.0004138127367714739,0.8085066177264074
0.0030188396847330803,0.009648404988690344,0.33180502328308314
0.004986192718511069,1.7172653512986802e-06,1.3743591847572152
0.002556907184992885,0.0069653007246522035,0.13200358910456478
0.005590625980955294,0.009860409412089991,1.2886401784626218
0.0079340038366819,0.00194571433883729,1.070804519890756
0.008419348364498473,0.0019503358278937734,0.46597315134831174
0.0025068113354748,0.0008941858779628808,1.1248798334248329
0.006165126227888729,0.005447851093571889,0.6449459664546994
0.008704823013979677,0.008933962102591491,1.9148324760847912
0.009972082983679641,0.00031365906304465894,1.2062909004009927
0.007987178036721046,0.0096139044463129,0.3437070666734042
0.00111763270854801,0.001227342441775977,0.7396236809201652
0.004549707976144484,0.006359135434250304,1.780406058147492
0.005266639883087982,0.001957458971359056,0.6716846325588193
0.007324085818611535,0.0021918149647522445,2.01056971274102
0.007810868926650159,0.004071272526470513,1.7658159033279286
0.009087244692570948,0.0009835186803668293,1.8791991086607944
0.004368869048419015,0.0006378008521924372,0.358563571553292
0.007850981538922126,0.009123220672569514,0.13516703764802857
0.009880341433025793,0.007490487436993173,1.139893531401243
0.009516552079054863,0.006853363763198818,1.9846825542542306
0.002365717250692484,0.0007618613109463846,0.9820440852923069
0.008688706677119884,0.0011137938522179846,1.4349219323161984
0.003071618961424866,0.006148289713691073,1.2928046729531002
0.0025663918831615585,0.004106927391888459,0.24311483263591924
0.008031836161411345,0.00016027511685370088,0.6023814878954147
0.0018788118645197882,0.0010107616892104977,1.4284933933257957
0.0006003004888226149,0.002677673262451784,1.523104285169269
4.9750474787660925e-05,5.672137724654469e-05,1.8465315703205887
0.007483788130974083,0.008382423659710802,0.49404304557786427
0.005451546311013842,0.0002964702010687792,1.4717981689243698
0.0072148925645723425,0.0007736620278491713,0.28572485309578094
0.004527271970372513,0.0005695627290898963,0.9926892658105132
0.0037885005333218283,0.009422956380626063,1.8012264085341956
0.006661445878194896,0.00426928726906279,0.4732892520749611
0.005167726315085569,0.00678697716381441,1.0189761865462827
0.004875602424906399,0.0014559429169607085,0.18750159840192943
0.001613794503530941,0.003953197353951495,0.9604283741589325
0.002039258101739874,0.002878251054584,0.9483657013800717
0.005759394303385746,0.009895576085853572,0.2845954217229424
0.009776891907700664,0.008106092706809863,1.6989238259820791
0.007830497198110567,0.009783856397176634,0.6103446722984551
0.00975328053917831,0.004256908754790793,1.8694475646504705
0.003534936518720635,0.003151732143092394,1.3797787773536758
0.0041421194802111535,0.007252907369826832,0.6001466991556094
0.004854899236468354,0.0012376768528500792,0.2848570521737454
0.007607459950316122,0.007711905472854797,0.9664666384106557
0.004496868782177033,0.00685908414180676,0.49340528049404125
0.008396074895894475,0.0003320818277540882,0.48606088914469897
0.008870607069524609,0.0030444678197682398,0.0395185135890729
0.004152509472114327,0.006767310773116033,1.8116081564240036
0.008697337263771114,0.00401889859764834,0.36095391348477673
0.004614010775160875,0.009681338231629406,1.4513870081087112
0.008906481182025736,0.002780743074539408,0.6051542204970919
0.0018636522049927373,0.006229655910564999,1.5669942162950035
0.007710595933323699,0.008420883027637098,0.881768836731714
0.008510884644526297,0.009391725815477427,1.6165562052073281
0.004825945583436227,0.005223937587693752,0.32511292655875007
0.005703477675857775,0.002001529859022292,0.8061312803670967
0.0005289928070513195,0.004971088856952146,1.3095990161342956
0.0016792773274422745,0.002234817448903167,0.74563823227567
0.004171360260718367,0.008042064693245208,0.5249184754181175
0.005574836343817712,3.6454133674787006e-05,1.56391376460212
0.006227091004726837,0.004509403876024774,0.682211018470311
0.00851086904191845,0.006395256258789446,1.1236992388292872
0.0020788374339712414,0.004794705940340986,1.5354974548804443
0.005563910874575405,0.0016054015363306008,0.5693753673565571
0.0009713240690256042,0.004352956063383384,0.6794740721180245
0.0027770677415628908,0.002489544006449681,0.6691217229897325
0.00780533038431099,0.0019251182914684706,1.299231348690316
0.008503934432053701,0.006656906090022089,0.904545617636791
0.0017444864615017953,0.008693681008345359,0.08114753767685111
0.0040694729550511686,0.004093626019555698,0.6588298822416432
0.005299819516437714,0.0009260074029828436,1.5155159878707132
0.007393450441969057,0.0016925726595257717,1.5026323948918212
0.001542583015491149,0.003993648216535302,1.970508641427713
0.0021838130652169795,0.004339570855200242,1.67484931328959
0.006787508260028178,0.0045185688881671645,1.9485137160217247
0.0018328238296638755,0.008069133143982868,1.9828777764434062
0.0033475643049812056,0.0061677077007129474,1.8818256120336625
0.005573445913651308,0.007529565174227904,1.5814427464056975
0.004868956485063912,0.005964474716050147,1.155306431844184
0.00836260012938656,0.008179504116833488,0.26379931432919257
0.005443447250604293,0.009686902243824331,1.804443568054483
0.008081312481259005,0.008682615063641118,0.4051939849586542
0.005178056751702408,0.0023184200405677404,0.8407591581732433
0.0019324092296459261,0.0030297111578115456,1.678507555534522
0.0028928016712337135,0.008272166412179302,0.9996345377843822
0.007866244801561766,0.00975501627811305,1.6859734379434876
0.005941349940569999,0.007040753891474174,0.3131622362090804
0.003018532200102724,0.002447000110026203,0.9700267809729785
0.005953311836659536,0.002258903523724768,1.1657831646481407
0.007322313295705766,0.005405906005265342,0.15738203868149878
0.004966698344583435,0.006152808679790709,1.5354987155000526
0.0049736795080598676,0.00040317411275871183,1.6489547601108991
0.00893903800355131,0.0018318024471443717,0.32984069924560355
0.007547876195609806,0.004111517397848312,0.77760223122182
0.007973115757969561,0.006754769711321399,0.76747964497459
0.007343537271890815,0.0021625837899472387,1.2070162313875068
0.0008134895091198202,0.003992264004823708,0.7389861137055432
0.00027248648184568293,0.008749135601884348,1.1069440536105457
0.007418595811104623,0.0035041331602881287,0.4267713232955247
0.006427102212363754,0.008115708323033089,1.4321964276894463
0.005991134581228111,0.003785404325977352,1.7820295950943774
0.004226819423705612,0.006229965863624547,0.7595259127235492
0.0028240482502129315,0.0004681323051824238,0.10808483178338363
0.00826960557812744,0.0009320032813044432,0.08643147966294737
0.001198023418021228,2.1572488275127812e-05,1.0882521535438283
0.0021396412114810213,0.005716737477190943,0.3960892059303093
0.00921564214658587,0.008744043579424744,0.0667391785662274
0.003339558324845373,0.005730940092293103,0.3611223215715497
0.009104893355465373,0.005552718949370387,0.09574322095825061
0.0008121072871035407,0.006177892570879111,0.9907016035064168
0.007974391166615372,0.009417297731794878,1.1752812353411333
0.001538627462252703,0.007250299431391015,1.1782777041381485
0.005314370063851675,0.00015249135044010265,0.9830873365457491
0.009807898759414641,0.00255792974673252,1.7347779861871475
0.0006842654200323228,0.00757696347679242,1.7897378700895228
0.008724150320366652,0.00687227492644492,0.6772324901661873
0.0002608590655767629,0.007806455799765354,1.7592068344281393
0.005940954805205503,0.003983241796175532,1.524983411059597
0.00990319697751236,0.0016685260892115995,1.2178188018483234
0.00867486825587208,0.0022819657873334445,1.337981389695383
0.0013884371864163491,0.007925845152043792,1.476678424651221
0.00373122182800937,0.003240313817123639,0.12653477305693714
0.00024280355350219662,0.008074241888599381,0.09956388388201466
0.006772226139448136,0.009872027098904819,0.597580845375362
0.004920716053544319,0.006894752353476881,1.2846699487723634
0.0032929189238679137,0.002257551830064284,0.8515448467754452
0.004581664529805277,2.7903053646028965e-05,1.054257944891604
0.00702733178012801,0.0066607921720004334,0.2285334461505073
0.009266210414348216,0.007334872651705777,0.9870123854536045
0.0010576151895001862,0.004685264225963592,0.9714200226189076
0.007996523734778858,0.007590281819250917,0.5287013802335635
0.0008788723102527463,0.001683286619100929,1.6982622281758153
0.006241507374770514,0.007430899477464435,0.28775736512075695
0.0010167414310630284,0.0036442567870537913,0.4480949244931267
0.001653500565595234,0.0006042992197367414,0.640464853689419
0.0023482000257730087,0.009122990182195735,0.017654201747056394
0.008753206497796434,0.007653369973080594,1.214972591689107
0.00953540226999979,0.009893146861903233,0.9416616975890124
0.0018410638165247406,0.006844655742022298,0.664035301771477
0.007320091850913034,0.009526499086308248,0.12730715237937498
0.009794277200654681,0.004745432522202801,0.44429732513885634
0.007471715179649542,0.0023314295599068747,1.8660966037473652
0.007333156101467742,0.004547764488495225,0.011048224318410453
0.007898261057435789,0.006471707142474667,0.3493858392257676
0.007680699804041983,0.0012334806211016357,0.48320901313109366
0.007047567709116134,0.00648735675127378,1.2048839593113176
0.0018878520945817669,0.009710011876914833,1.299398024886914
0.007702126412082009,0.00214032202397475,0.3811977128908284
0.005411667255745227,0.006838195486535807,0.06546066166576274
0.0012298138420840832,0.002464109491398815,0.7861214372817568
0.007670949206466873,0.006642390842359325,1.8857637068380815
0.009064622985856903,0.0018504533982353156,0.574026886752397
0.005054652729621521,0.005470165079268389,2.046522630877106
0.0058780598479833334,0.004527903666366331,1.4554821305668948
0.006158629115862512,0.008105985623802103,0.24836823850728584
0.009332453553831128,0.007344411761282369,0.6779110697497398
0.0017434599241451033,0.006253122939880395,0.5814332792104113
0.0033912723701989647,0.004775023732013375,0.5387595336048502
0.004134597438559444,0.0005015122776619085,0.614783272596807
0.003460990139253499,0.0027717857684943148,0.4019629010276595
0.001245992543256108,0.0025576129210162124,0.8238627618279021
0.009118532647376205,0.003986735588128687,0.694703546879976
0.008827272943212982,0.005512056546061246,0.6304748113871608
0.0066737516903270875,0.001228561384895066,0.18935275305520183
0.0026879102566935396,0.004804878457355721,0.40334410825959605
0.004894817129569557,0.0008863741509883927,1.1239546507553695
0.008964422275027249,0.000946525476631882,0.9409069419800582
0.0019456670092395855,0.0011082421215167992,1.2727616931539951
0.007087597211268004,0.00871075381424476,1.657822309078392
1.4139046049296278e-05,0.003315032765105128,1.0802224893953
0.0019651767493206462,0.00691963809865639,1.6086914915871995
0.006499565167722974,0.007006040736814833,1.722396637453952
0.007192076553986924,0.001295094316080413,1.6437829672601343
0.005933314497575829,0.001996449533908441,0.811423282594437
0.0008607350930536395,0.0019496089831888442,1.6851546693965045
0.00802726074370371,0.0010423482793546202,1.1959455456902381
0.0034735845023188662,0.007780355512197369,0.740282028403418
0.003404809031483543,0.005932541972719692,1.8812915577332268
0.0033105419377336145,0.006843524677221875,0.4167837022773407
0.002547422611433381,0.009019572518392912,0.47644221709073575
0.0033602537877658037,0.007656893323427132,0.5686921985672588
0.0013502533646389736,0.00822391166744439,1.4360934268062922
0.00853480533945181,0.006657706312241807,2.0114460720712835
0.007732970314867517,0.007441420272049182,0.19150384852374078
0.008672231870843324,0.0032094338048568893,0.4752689539801739
0.00018723431465298313,0.0018494826935438191,0.6762592761484129
0.004337133399988078,0.0054820959373580525,0.0882448238988489
0.002133129059002036,0.004195874757784925,1.4471259448449898
0.005586507709583205,0.0017745678120962083,0.927449296846298
0.0006343533347554364,0.0011992250763769674,0.4759496688955397
0.005543339139449193,0.005624309317247937,0.7392392406628518
0.008300648532564986,0.0003814199643798333,0.15017342806959832
0.002523017123927662,0.003338428362475031,1.9610211324517746
0.0024657259880885474,0.0026445179005745337,1.9189487187330465
0.0017468030172388283,0.006631082998309636,1.968242333458338
0.008730719596333212,0.0022171456705900637,0.7541407512149115
0.005993561570951382,0.0056497166248873,2.0155213478164278
0.0009927672063276183,0.0005086130498722196,1.9165341742906077
0.007861620954349712,0.0047858137324334115,0.25123722204611054
0.007359052657090316,0.006825684255830255,1.950120244119225
0.009692213373055043,0.0097078056322161,0.4032826783955073
0.00845248690545912,0.007795961777519494,1.3983319806710088
0.004545083965639574,0.006507868882072731,1.6618231345703687
0.008545863715924903,0.002168160411484487,0.9760928277727319
0.009161344163788393,0.005794484387479777,0.6509005482848333
0.009366715408191836,0.0049486799802566555,0.38060211169367836
0.003261134738922953,0.0012787700052419037,1.9413911162265953
0.0034226476132798323,0.006347860191205285,0.24691878753148414
0.007594295555723776,0.0016358545851953021,0.4331420293723441
0.003493092364427788,0.008528185087099224,1.863251038761999
0.006349522668013384,0.0011586318669158891,0.7132151173424448
0.006568507138190028,0.009811769584163452,0.34537555884139753
0.005165937152813498,0.005152273765152328,1.926951610397141
0.0033417826488804305,0.0010936806015279076,1.7870098119331184
0.008994783848280135,0.004500011480669038,0.10689499858615395
0.0026585884564358166,0.003510214968408866,0.832598075949247
0.005323913585058869,0.0070707111532564305,1.4528845964287327
0.0013650340270995388,0.001580998817832402,0.8821956626170602
0.007166293251195599,0.0013653622315863135,1.857738449610213
0.0007928551274319084,0.007375771946757317,1.9938017903361103
0.008087720426889947,0.0036139695826407003,0.3148205909080322
0.006952321060048678,0.009729767289652694,1.77499493807799
0.006369264881405084,0.007893553778582082,1.7642160299539336
0.0023554751716584068,0.009784298280796817,1.3197588280113521
0.007459819004727374,0.006249501882883403,1.3146140856438246
0.0018691444235351396,0.009960451382016334,0.930601247689817
0.0041174580982613245,0.0031920956349464867,0.008274873245164968
0.009972932804596558,0.005587783008729707,2.009272213950781
0.0034362120660493636,0.008661522434843002,1.910249393405313
0.007285979491661414,0.002008914160965307,1.3710358365831181
0.006547422093560229,0.003065126256602586,0.46630104879517664
0.00400209119971515,0.0077908691767918726,1.1032460018211165
0.005397455253597425,0.007896315422962956,1.245146689661476
0.009881445057406459,0.0025586092019183847,1.3577464111423438
0.0019906797185819027,0.004354324540689641,1.8791788256619906
0.007106881682072329,0.004328648322827913,0.3025309846655175
0.0012776717093630663,0.0072111514121543235,0.5830276991670614
0.008948683667063858,0.008967244689473188,0.7063717959235556
0.008580772362268398,0.001450245060800317,1.7164053179395684
0.007448997923020185,0.004613412519099364,0.5624398192260267
0.007567201899855078,5.8718118265691513e-05,0.5286335707685373
0.005467562021219316,0.001653260909438511,0.866996956040023
0.0022503416223464555,0.0017342471316964159,0.17791154126353786
0.007960213362793999,0.008582168106070055,1.8247832862834088
0.003577249093786785,0.0019088579840276676,1.5304812445887657
0.008843870762663776,0.0008097705345293715,0.4618070211406043
0.0005113825423702356,0.007940406730911618,0.5604208570801088
0.0069798562700636784,0.00807587851836674,0.7050763613634732
0.008494339556167263,0.006506944963049428,0.030736918992952868
0.008793721001077509,0.003216447748005704,1.8847000173512904
0.0025535674420537214,0.009684456755866681,1.0584548088431842
0.005268783115266759,0.009793583101394936,1.232717728190767
0.006338472265483711,0.001655181206193498,0.13254945718070663
0.002003535171226821,0.00569850088118521,0.7273484741429844
0.0035169067347398607,0.0020521779343424017,2.0469827516821884
0.002879222888275724,0.0008862532167769754,0.6261989231187778
0.007813309477014318,0.0006316954620979665,1.9213499010830906
0.0032364263892387902,0.0015567295417119754,1.105257628512416
0.00936137573521036,0.006065141206754512,0.4981173889899436
0.0024208240989919507,0.004717605896566777,1.1650094043602597
0.0070013066082614955,0.004703905381106998,0.5447209094470463
0.005093484879516909,0.0011507001072058854,1.9478804741786802
0.008496031178202603,0.0036678727655652154,1.9632960838436582
0.008034503350402714,0.00459226420557476,0.8670431180990262
0.00327980500772057,0.004528147790664254,2.024572791786787
0.003990436096348382,0.006827462011086426,1.079389024064961
0.0008979869759982772,0.002242958275333585,0.6761405142517269
0.0012798983045770162,0.0015247673593700984,0.2239459210202901
0.005206307942508795,0.009904234509456279,1.6364635506221037
0.009998933647253306,0.0001517997316341746,1.1803956218567226
0.008423855673548893,0.0016148127956085968,1.8896716437881242
0.006815314937378622,0.009296339016934173,0.29580569069995166
0.0009538309933635403,0.008500625063701688,0.11478223791125527
0.009674618459928673,0.00688523998943667,0.590265557719987
0.00195522358582396,0.0006447823215062565,1.5781073861338744
0.0007790304348883281,0.0037345493013607577,0.17653430928063615
0.008634735334355229,0.00207812025976846,0.36028853206572875
0.006312943762597804,0.00716407015558614,2.0408592624556476
0.00988505352706067,0.005254389597030125,1.3613582517387905
0.001110497939709366,0.009476205036067324,0.9259550607844917
0.005475500397339642,0.0071844803909493025,1.230831562587651
0.0028932074854160095,0.0026238334615818803,0.5037076073632492
0.006412377885037904,0.0020176461765939345,0.10935609503484604
0.006179995081047158,0.009454429783556869,1.6733850736026967
0.005595656566618759,0.004380630959142951,1.9133470399044166
0.0009447579477464397,0.0021841987388587203,1.977462851046962
0.0012994514838393634,0.0032918563448753493,1.3238807634164265
0.0007918026678543156,0.005897755400795733,0.3870218304116608
0.009301575142628785,0.007500482283694808,0.8331464107822495
0.004530715293888494,0.004562259504693556,0.3042493457213967
0.009823023078620046,0.006559720925926989,1.4566055353498546
0.004953262542330328,0.003585961984288707,1.6145581626584338
0.004174628437112505,0.009608372698646365,0.4575323888328792
0.001822666076026428,0.006273792610199343,0.5809220245470363
0.003999806289377199,0.0017196870425016109,0.015184967793851725
0.0015775564152374455,0.0026925687853282154,0.6244053891857134
0.007164630936004239,0.009862186822168797,1.3935644551678565
0.004986053463255823,0.00439630988964741,1.9392016370153942
0.005280326306853474,0.007583271913215307,0.11908299286803725
0.007945526095245887,0.0035671192227909334,1.8982634086538188
0.007411472354789064,0.00913243657651698,1.7190990201546459
0.006856833067534818,5.030243980676419e-05,0.9929289699531169
0.0010575517313299876,0.004764709595593056,0.18041949263320822
0.008740892950390636,0.004151959294081277,1.8425629972969315
0.008600748066454953,0.008136572443502599,1.0475892284571697
0.00014738459140596573,0.007950387788908666,1.1003489039399756
0.008247592656813647,0.00021642623670920736,1.4356085681333077
0.0004646994621798684,0.002270431648300785,0.676302842839659
0.00809582951886154,0.008599645935825094,1.2577726912992482
0.004355139453651632,0.004819267279954124,0.2524230908037949
0.00890611971376189,0.0034735932348082046,0.9641839476233113
0.008141725555095966,0.0008717664998671981,0.8216417059191183
0.0029918209619959756,0.009357660983850163,0.9542394567891568
0.002856342882464471,0.002745084094597106,0.4639061926809519
0.009036051616440707,0.005518101157674346,0.8017996120775208
0.00332907344909099,0.002404196100275874,1.9850595597290592
0.0027676001625278356,0.0005244923178945227,1.2144690016389197
0.0044286554534113945,0.004552812771515765,0.6759480362654744
0.007304658918411784,0.0056031920318271415,0.6852882159178605
0.009661343751868709,0.0001760271518189527,0.0326299504680737
0.004615177860311611,0.003939223964386919,0.5456595161887027
0.0033252382181791864,0.009298134796144285,1.6846822385132545
0.0022402252462758445,0.00371593296992519,0.36519701922717024
0.0033407739242463166,0.004434626566867402,0.30374012492755265
0.009439954895612805,0.0070526389794883975,1.0395270609173686
0.006575322333352124,0.007745423531249072,1.2001802575876934
0.006457896955284121,0.007339996709121725,1.5769397479074165
0.007492841434514104,0.004919906502897943,0.42818722923046976
0.007111536949735851,0.004406460062847149,1.4367944244104092
0.0007327130205456523,0.00484942900757897,0.7084826430029316
0.0028960702022292127,0.008519954936709113,1.241864334563542
0.00020788284584786544,0.009980819721559564,0.9660215209133669
0.005364110464689699,0.0005014410919749013,1.3976031225136658
0.005603204615467002,0.0019501262013547416,1.7437797712843854
0.0029439208591502874,0.00034049263517536567,1.5032024338741463
0.0010971565827187547,0.0015317306291346368,1.9871752755800782
0.009643343061047732,0.00905033249801083,1.7135958578545543
0.002298664882014547,0.006577079755566036,1.0373926575067738
0.0036572408810098132,0.002249407778759701,1.3255944632959908
0.0033228687731311803,0.0021854621832670252,0.2688426431928022
0.0052279861067004085,0.0033477613796012097,1.8226763846726544
0.0009273777569570185,0.006181090765400793,1.0707705236321896
0.004542739217586799,0.003083297551200943,1.1478146884860112
0.005541936394346755,0.008529411638870001,0.06458499347357954
0.000748185657987076,0.0021996024917385905,1.5207198499081505
0.002677407142883739,0.0021786079927247205,1.7496542472633387
0.003028268670491009,0.001694081046416237,1.7700443391072551
0.003680205093570118,0.009462166164244671,0.6642952071194396
0.0033415868874117796,0.007801387134534586,0.5852454022995951
0.0015493686881068514,0.003163898165305027,1.7482608895980156
0.007742835470969347,0.004215897164969065,1.8490397936787908
0.0012047505569385396,0.00877671128402427,1.8955934252704176
0.00919968851826444,0.0037765395054056984,1.7285959573046763
0.009833632342359424,0.009823180926849086,0.22588299565539038
0.0031246541348254765,0.00015595711006508806,1.5229259250950822
0.002046519094434165,0.0057773720283339535,1.8281739378009465
0.004986260697357227,0.0019475188675508847,1.4978207623044109
0.004992882881192612,0.00975313824267442,0.44239418867371755
0.0068959044937232025,0.004757258831745773,1.8441913646977155
0.008449305840164803,0.0017379836132023186,0.9670016162478631
0.00433588098424277,0.007703174242650724,0.8395626802010598
0.008020396356575862,0.004293612372372481,0.4614044608377107
0.0019693634470535214,0.006212673799876897,1.312100592792171
0.00467969787392825,0.0002674861951728558,0.1994299890780483
0.00692485895494525,0.006089002588722825,1.874878381140779
0.007568752963494613,0.00034195477928074535,0.2787249361613436
0.0013651169272142338,0.009716372453101273,1.115961368956885
0.009367795223634375,0.0029523914355353022,0.7083772008804415
0.004220044960451565,0.0037214404214772744,0.674555572703329
0.005210849005930467,0.009095328685218727,0.43272387953166846
0.0036870437449885497,0.004891563874094646,0.7805928666973225
0.00856534222744477,0.009025121362037078,0.7776111674520304
0.0005491106043085547,0.005320251462079514,0.7892645567478582
0.004582544365365204,0.007035089587424043,1.7511020436790847
0.009741373408010212,0.007803954197835055,0.6159274179456048
0.00613871086423039,0.0030169066229416854,1.4833233093267095
0.0006004845281495219,0.005626157960791172,1.3475130266997444
0.004426757069375799,0.00917660163709255,1.5086102584351835
0.00014183429305030803,0.0009992812198319045,1.4858220356788463
0.00024291663558799194,0.005452524601177885,1.2467374041020638
0.007033090048750606,0.007873700789091224,0.46889896609791987
0.007126470846514794,0.008421870522584805,0.8083570452297865
0.008493696988662439,0.000812873434537772,1.7534715491043025
0.0067477275944133296,0.007968406660508751,1.978285147940152
0.00969650931210541,0.008613189601885582,1.8282834963843932
0.0011579859501980217,0.0057812551882602215,1.0068571738965162
0.0011514845720451395,0.0040944871883344695,1.4626366685975545
0.0051067722454603195,0.006183031570758611,1.619284686614957
0.0011237981344175486,0.008376787916101807,0.6169723796213145
0.007847932530979419,0.0009935987375977796,0.5570020333082778
0.009777917321211445,0.00012004279511328209,1.3571695456720234
0.004015881945651073,0.00931302323042143,2.0273696523304863
0.002801719215132168,0.00725333662139113,2.012194433636188
0.003946516785011494,0.005158265281872632,1.3100955314061518
0.006356864313037352,0.0038081841625448366,1.1416346967614255
0.0028502616465818265,0.003005934065040937,1.1531734646138054
0.0035234948220441474,0.00558809598865427,0.2549009752949269
0.008642196050898695,0.0010487373366263974,1.8174144989611374
0.005146746685178707,0.005301129869091541,0.9195405174652761
0.00487330768491785,0.0020909467462485887,2.0146854536022665
0.0069423652554538185,0.002744598325313057,1.5474090865041958
0.006249756211629725,0.005529060646390293,0.4049882375692953
0.0014074977307486358,0.004409974061991575,1.015244727857554
0.008765140849652695,0.006826524531383842,1.7013731849409535
0.004695034464235149,0.007842660755465643,0.38371118052135905
0.007045302819747702,0.009509212761946181,1.358295482839719
0.0003411275718142959,0.004458274970512501,1.4836755469871574
0.00859572599881228,0.0034109718690876014,1.0539620107796506
0.004707257905795604,0.00013463062806228664,1.1212924033266645
0.0023296944339437475,0.008100485654984738,1.8936726266192994
0.009701181308299561,0.002438698712397662,1.0245448782334614
0.0068390165591917995,0.002871595085070737,0.08255904324593599
0.0020816370740496005,0.005961081494724893,0.6587142248093
0.0015087454113181587,0.0041971744394032695,0.11962995814392816
0.007031030617610923,0.001513458790989495,0.06642990992781704
0.001622264422686307,0.00804202909176808,0.8439740993096043
0.006132334105597651,0.001555866985253348,0.8800902934162546
0.008416999614208507,0.0005522728455670379,1.0780045211353837
0.00971946656876496,0.006473480997553563,1.7727451912189565
0.0006402034772528642,0.005164370996770321,1.056381763344086
0.0012725852792963,0.00830766474227555,1.485460913546608
0.006060763567701763,0.009961941867300891,0.05094436334043788
0.009292283839623059,0.008775730283858516,0.31372090479227793
0.006510758353824525,0.007692635619574903,1.9823585471360816
0.0006677175110473044,0.0033396185218327315,1.597109568103411
0.009984141331227641,0.00810453206080871,1.8375283222426027
0.009427280980649148,0.006787598323607551,0.8282325928279616
0.007202285424229332,0.0024978020109115494,0.25464238601094163
0.005468719134149147,0.005436562504638344,1.145902949411293
0.0056947798849369,0.0025450325414718713,0.46797744890047993
0.0013646573895607949,0.001165092243709841,0.9205367826538808
0.004048704849705403,0.008214146920432982,1.70079011777152
0.006224588711780955,0.0055362452920182095,0.7432894105912217
0.002759288099498073,0.0016881449221096169,1.8200762625878202
0.0018387336334010941,0.0031284784022271475,0.6012889270695881
0.0024712598651538352,0.007744138758168337,1.4520248653520078
0.0018721780109060338,6.419015302091879e-05,1.7366456364391727
0.003859434374557933,0.00966984180623207,1.5847504732134432
0.003373677703103014,0.0026303072904284666,0.28870068688869743
0.0036538997805022977,0.00012651194606102533,1.3511421332472904
0.008271422814139758,0.0026461335988642266,1.4668398651117824
0.004523594593435027,0.009490409475839455,2.0124096007865897
0.003542336736229318,0.00311404525881081,1.4405534472694892
0.007946568675745492,0.002986437107226593,1.5102093236014102
0.0062960043524821485,0.008564742954957731,1.7577197527676922
0.008484527273299085,0.008154857039062033,1.5917997317680486
0.007800277334697339,0.008050661549966451,0.019132593073641034
0.009796759056580876,0.002379078045963785,1.0475990416798473
0.001668378092778645,0.006764479197205243,1.1660510904640586
0.00254511615909937,0.0004263775300893857,1.382101304910331
0.005086387287449366,0.008081852959839297,1.3743362079084673
0.0012656366332895296,0.002114143921816779,0.5234623267163009
0.007204772755055128,0.009749135688607068,1.051532438805681
2.6491505336108114e-05,0.0070636123719543175,1.4847243291910355
0.0018927613677904988,0.003992365365354543,1.8845067879548287
9.822558021949868e-05,0.0013345377500379007,1.1227254809809446
0.008380968774805531,0.0033518339319716394,1.9354548439988952
0.009396309887321055,0.002933432294152185,0.03925347977607295
0.006971736378271179,0.007459153438609486,1.9610446159600428
0.0024202402084438955,0.0032614776426521897,0.2328465055344044
0.0079173713846478,0.0075293864693383086,0.9526409994371283
0.0042409769402962216,0.0038295138196770243,1.467720036019333
0.0037136181600881113,0.004409156336182488,0.7734464038201289
8.710785300813928e-05,0.005543714490518372,0.02009172208771232
0.003908109723587397,0.0013310483513111627,1.175222823515338
0.008968006809761498,0.0076306111837911765,0.01519385982650812
0.0035907696127766477,0.009350179193014686,0.29638909413497644
0.00904065971190184,0.0038940998479604153,1.3249129652192495
0.005637925612598968,0.004507581271003332,1.9786153294423834
0.0008080921657917706,0.0037235389722645017,0.7822101718901998
0.006529127095679539,0.007697714136695118,0.7194562308425386
0.007010046645515565,0.009913249291121692,0.6204485030020218
0.0036852376758956798,0.0032470529506633083,1.5534332710308933
0.0029724622837979187,0.002784073560706215,0.2899491776361776
0.009498338183892275,0.008297575213972988,1.6653901959280777
0.004968755171725762,0.0011571209987932497,2.0519192511962285
0.002776273965028473,0.0032412211396890644,0.8473365006273734
0.005150370493894382,0.005987655976991015,1.4760147051260988
0.008137754194819985,0.003336067751367309,0.3294705398047419
0.009592721623818506,0.00900846471679226,0.7558359026947533
0.008086358378575262,0.002742000967056055,1.5093567985000893
0.008828057372808241,0.0030454015971411973,1.2745880732305426
0.0013219860385645765,0.005359630666011183,1.6805970373575299
0.000987628101097795,0.007044381011721913,0.7955058138316039
0.007866855097790835,0.009830020079392095,0.6401480385381456
0.0028973722447578477,0.009674942038651787,2.0222595007223183
0.0012241340004067636,0.0019768125897332432,1.6958367883135776
0.007196169634364131,0.0065893107293615895,1.797386072535749
0.008347173251576419,0.0007783879590459609,0.7191099828564997
0.0026921713534357483,0.004662605714423634,1.4062558042794182
0.00770446389928238,0.008134570715493844,0.3569292153376719
0.0071408267582471156,0.0006480851786110398,0.1031797579804946
0.006855240338306019,0.004622876182500576,0.14145869204774475
0.0048017847470682605,0.0016589404456266365,0.5463056289709775
0.005020197326769618,0.003482923306428113,0.7736993736472366
0.006236467673221434,0.007946782171843055,1.9330568173030585
0.005139653870267589,0.0046217481885466915,0.3697652138065917
0.0020309197987674775,0.00956189542080937,1.5341606201597113
0.0074788978167078584,0.0054696184624091,0.7485627840401777
0.009953564920792824,0.003257693060636141,1.6951151802870512
0.008327547540416489,0.005179469791376559,0.3719148991182626
0.005774973487684549,0.000413010761405771,1.3373770603686643
0.00999474324972828,0.007476840933348533,0.9799207704600076
0.00733397444031321,0.009497164770997872,1.308318248557397
0.002755703624759804,0.0021407804942714416,0.48504138669872476
0.0008847794041931356,0.00164568506447212,1.6157517495621452
0.004995337922964287,0.0026961649398727972,1.4053376135844224
0.006691614541249249,0.00021799239164172924,0.4148372168830655
0.0020189174550113167,0.007323585812280133,0.8275682021007423
0.00020313988235109548,0.004007332441397517,1.3904701687964363
0.005036305017159066,0.005631916851321549,1.522408473655196
0.0029542765154622996,0.0032831797530286644,0.3356906066538324
0.006171094947564345,0.0065906378252964274,0.2804249614209349
0.005798966505359786,0.0036184797831641247,1.1102460838733006
0.0018324447207206252,0.0014153790499372742,0.7298834479967469
0.007694862403615882,0.004602094579870646,0.4360692635887667
0.005740089992715655,0.00264442136134198,1.2075104051271128
0.002730378252008051,0.005794317408938223,0.10955372578504383
0.006413991249501093,0.009574568704763938,1.5540896537045443
0.008236872249006771,0.0028318138874419284,0.6201027599261172
0.006841011415613181,0.0008038047558800687,1.9001504520323214
0.003922240265228837,0.0012489124089203351,1.523474598388983
0.003987367616918029,0.006852747460633282,1.5422064043586112
0.0035985093601408713,0.005372292022962123,1.3010230723026153
0.008482680325029253,0.008292294939443478,0.5347748789976413
0.0007325774079097902,0.007525700186118024,1.632582274205719
0.00536448161912932,0.0064078171322871705,2.0223740814745663
0.0021428552306603957,0.0006218749873692342,1.4109522435511421
0.009527643216146634,0.005694797735461208,0.5431083340918381
0.0015890936342980544,0.0023168214223481423,1.0725165778555756
0.0010139556060541788,0.009549250396675422,1.9205634978323105
0.009675787776490308,0.0011096453733252477,0.4104637718177374
0.003281386212113373,0.005425650057825073,1.7753417457432061
0.0033756517405618305,0.007210451691427382,1.966351021856586
0.005338276697675738,0.00924668295457806,0.7990385913536548
0.007405478757301417,0.004176877112453284,1.660743481661239
0.0096333673887196,0.006500827118962711,0.37733269636947403
0.004717401747840966,0.0014560085221167174,1.6282343355834001
0.008558921577106955,0.006939294152119912,1.5192912261417642
0.007635295943089187,0.0010475325387771018,0.42911414758096933
0.0009202418018499692,0.0036262062203183576,2.0243104754098065
0.00849773620720601,0.005992574598690367,0.8203119585201933
0.009867117325827247,0.006749468178126113,0.4106393450958445
0.006329245710678286,0.006292139749522078,1.9003878801002179
0.00363947928293495,0.00510487108750622,0.4191570899461336
0.0037353089983537748,0.007435736606271506,0.42723561078279704
0.004597995914263621,0.006656422208250198,0.09279303550657826
0.00443766163748365,0.00862423129123895,1.4781754404727403
0.009608817089619694,0.005635764365298328,1.2032352015566279
0.006124940295973506,0.009559733761920862,2.031179108544587
0.009038151964506842,0.007068041020791081,1.4388217699068
0.004822711083072464,0.003956057706720075,0.8981763353792339
0.0033945509215109406,0.00727887569495984,0.6661171611379298
0.007057377629218469,0.007339134886043214,2.018378121336018
0.006607348032512986,0.00421369890626076,1.6765575548730203
0.0037144512417916567,0.005662510496789457,0.3107965880718701
0.009850200890133214,0.004784222767058674,0.5189951841428935
0.009810267451902221,0.008363940501710387,1.2100874595570557
0.002743553493349411,0.008786272439425787,1.2872409948297636
0.00026863333882275355,0.0072577482853893064,0.7001018662272918
0.0034583437333983004,0.008894101855307436,1.3484455696848996
0.003323744238044615,0.002843411285623285,0.1848086443317439
0.0020573648539446076,0.008951433702758837,2.052542829171464
0.001709334189841436,0.001970289816793843,1.2124875229627115
0.004056740527320229,0.0004419013886769585,0.986511512598038
0.008368340275574346,3.236720285439865e-05,1.3113195527139563
0.005848633331733222,0.0071989688002974265,0.09540135622055872
0.005723225210761728,0.005103131817257649,1.05609542933636
0.009213080538681577,0.0007645849394279291,1.559634626203307
0.005958336984598453,0.0021033946224523225,1.0032077615716124
0.0026606046698089735,0.003835243451499383,0.6656402311828987
0.005281765925711121,0.006654437546854284,1.9024154214452704
0.001234995564728596,0.004118407267131557,0.1841624197417578
0.00975029440221296,0.0031589451773991087,1.0197865476036796
0.008546231020590895,0.006134082778668147,1.3443544048896698
0.009601236594441188,0.009551193636413558,0.21345244028704444
0.0029400297791823625,0.007047012973985019,0.2884233791783995
0.00863696359936398,0.0044906379592731275,1.487255611980433
0.0023920651496623824,0.0003769564849227103,0.9693562818047441
0.0015814845666085842,0.007553022576672063,1.0362491008945398
0.005993577166936242,0.0037672886797379024,0.5291253684592786
0.005015327655789638,0.007318138267508268,0.538629897707511
0.007079704157622713,0.0038974573326526606,0.8125309055399222
0.006102672631762377,0.0008738043746717872,1.8015999488938066
0.0034503822381884153,0.006309015154790192,0.4697200024199079
0.005687386870463765,0.008883009827404241,0.2496670036234998
0.0035959911632380925,0.0019251441261001667,1.2539767729644706
0.003016002391454015,0.006096599333682391,1.5490862184808494
0.005184976742892481,0.00419344156953844,1.7173884331968956
0.009226608332325983,0.0028214905635465916,1.874408799060747
0.009736567206637682,0.0017868589224969145,0.46710354979926877
0.004988249088787948,0.0043739256841557874,0.20520235833562495
0.005953360330789533,0.0021466427222730576,0.8728189880514016
0.004293546401358958,0.00025127286997010835,1.559702745680309
0.009004715888502051,0.004095792966973251,0.833063135517728
0.005192621291341709,0.002966117731830368,1.8330217258812473
0.005080046715093139,0.00583686272158337,0.18659946035033578
0.0019491855322219154,0.0009895378809708266,0.8140138263486444
0.0006990994569436448,0.005405352098098159,1.0903911735708731
0.00604742491396706,0.002646602232813048,0.9313932466118194
0.0036704531557697683,0.0021734853041365364,0.24616228259164255
0.0056100775384477245,0.0001878009944488035,2.0245868563737592
0.007257432860860995,0.004562926237848997,1.9299239653930667
0.006258573094238821,0.0018495023510479293,1.3871177527761003
0.0014118705399658394,0.0075590297830512455,1.0936297690434262
0.0011933702906743204,0.0028098066811086553,1.2766234736118207
0.0018152771810495494,0.0043222570800485255,1.5893053755280488
0.006008255176729085,0.006078555950044131,1.7982987314135035
0.0026647520435228466,0.0013951781907195204,1.3163824053754376
0.009731414198299829,0.0034878188813179402,0.13802393121545894
0.0063161878714884205,0.0035956065930963653,1.119730948242645
0.004834873132652796,0.003188857329322441,0.7842270696780522
0.0073174255686873114,0.004258283737152653,1.5817275929418035
0.0034563898831461892,0.0010392995110106718,1.9439511596482495
0.008851335841252115,0.007371513555056889,1.0048467141914987
0.009634599511448407,0.004542444414592128,0.3648405466773993
0.00738249033750013,0.008957170100143661,1.2723796688321105
0.0013851175520926773,0.0019476109369406293,0.5760352783999284
0.0061403813294939515,0.006533594480491623,1.6016914967788698
0.0037418304415065095,0.008664132214598998,2.0019259345853384
0.004417741327621204,0.006051251510754331,1.3372933277351922
0.0037684673597871234,0.0021126439077550374,2.0085872186558045
0.0006559283455995613,0.00524984729651861,0.13000506434643702
0.005532045936830908,0.005692401077864174,0.9888568237386344
0.006635218045592617,0.009595081068040948,1.5815672584924996
0.005798517734452844,0.00395687481520429,1.75430430056828
0.005118297332765479,0.004871752987934187,0.35239621525230214
0.0012369975061231287,0.004378570715429492,0.612027880582762
0.00545794467844954,0.009958664074997509,1.4428731589861088
0.004607281733767544,0.007068936410799198,0.5885084080320424
0.002708018390889101,0.0060501448479537544,0.4033426668458179
0.006488728083501786,0.004113725906444023,1.0314182518984247
0.008540460400123833,0.008955633395203751,1.2265624500044852
0.0015009725778237471,0.008485125924677194,1.5535291464928054
0.00024228183862349373,0.002541315040256239,0.2638234934981979
0.00819733994070075,0.005850796301738791,1.5634080656098956
0.007223117428519289,0.00946346322774684,0.32417033641146
0.0037589563178296627,0.008518529938386728,0.19887436337833553
0.0030989016130916216,0.00841966442986127,0.3550183306841792
0.0020692960421227593,0.0012070286945315202,0.8131007539426589
0.00870083356816054,0.003962742646313549,0.25061644873206107
0.004447974709709083,0.0030657512909762685,1.6255442697261404
0.0027794162707971606,0.001985454724935328,1.7772534459176446
0.008867800895224948,0.007083544405975676,1.8435335229884497
0.007887686128991808,0.0056020737431539385,0.9650714174337169
0.006743516240195647,0.002496355904020204,1.2455851841707977
0.004526279402256199,0.009731868834697432,1.9361801286008977
0.003710658771703639,0.004130948255998734,1.4057576856239193
0.00031481343493418355,0.008104420212915573,1.838822307832121
0.007288303100754735,0.006679342741097394,1.0128712038883783
0.0009777794257090988,0.005160677793735955,0.21945482989548115
0.008581820396901392,0.005694832228691601,0.07225680660770802
0.006592779873610448,0.007293772668667979,0.3242631794362659
0.0017524952145018535,0.007436746774068685,0.5908614134505138
0.006927297590706593,0.0059373612741079485,0.6531328327631695
0.007684848514927158,0.0033152369290031613,0.14084469405424993
0.004728521080713739,0.004564022009467646,0.6907916146276423
0.006115993589603808,0.009354512294160358,0.7878546661659661
0.0006294487236991697,0.006278937767706453,0.8761264549347298
0.0053770806042051705,0.0005930813559093262,1.0219990619450587
0.008806813934087956,0.0083981391437718,0.03010945326588471
0.008713884575423374,0.004868231923033404,0.5156711812574583
0.0018199408788873962,0.004471053559724867,0.6546758465055504
0.00863435189021371,0.008992924550839434,0.6967714887425731
0.00944097683691454,0.0006762892587765268,0.12093969988542957
0.001553870049860816,0.0026958670637067294,1.2856251985349423
0.007699507104377866,0.009885190210964066,1.4078197393236764
0.006868521355981453,0.00042933094825687966,2.050015521609704
0.007299047558704818,0.006207130196029202,1.0087788272316696
0.0031206252814505054,0.007977777828853897,0.9506960423527664
0.0045218312199503,0.008822349476537636,1.037470819629738
0.006313361396256201,0.007873091179451478,0.25788907125092914
0.004851324448812567,0.007711815932408911,0.8073738954505789
0.009185153667422537,0.0018351839217982337,1.5194787916527166
0.0063951496976394455,0.0040661748665018725,0.96159625108976
0.0015140671379931005,0.0009874919188065357,0.7317028230774429
0.00044996010063436234,0.008167549538242946,1.3302348554638077
0.00032533842567859404,0.0030926038312083836,0.32496234159733645
0.0042821046835612225,0.004393989965327793,1.6740542139831005
0.007609830070534138,0.00352444515612804,0.33340548229789213
0.004326236990267453,0.007600396969994532,0.5022717067303264
0.004557794124662943,0.004354797824220011,1.4588307789414343
0.005674048699777252,0.0055276611876581725,1.0276699100165503
0.0008427356658752306,0.006859861835753084,2.0445169302422697
0.002115056363770832,0.0007710127600827265,1.019156176971571
0.007760441560554063,0.007055277698965328,1.8504434188770613
0.007520657329186813,0.0006408357071851345,0.5412063222758386
0.0031940937018425574,0.0011645888919360626,0.4918490919407639
0.004672563703321261,0.0023258240301166876,1.9488350178443
0.007110189173167337,0.0009640647865178376,1.896696700127672
0.0009324639374425415,0.009429050648918422,1.934615309338871
0.0008798460153919463,0.008617850511916417,1.1896779027292275
0.009429798198189444,0.007156765942831536,2.0210348497579482
0.0015664415028511136,0.006995405398366643,1.3316992811489403
0.004283395105969041,0.000917865991144694,1.6928290188103767
0.0013696839696389984,0.009674768387375098,0.8026963408331768
0.006045599065699724,0.008098360144967325,0.4616440466674627
0.0024876190581005287,0.009433814110213943,1.043700488337816
0.008459010749332967,0.0035083768787600024,0.496828324961346
0.008546014102402705,0.005552286494943512,2.0212087895231843
0.0003289914986843723,0.009943144436098509,2.025284954195203
0.004941876057245554,0.007305384687297998,1.123280711726636
0.00612571253784816,0.000727409447182783,0.8843059761682885
0.0058304603272129486,0.009528383669144908,1.263677541314421
0.0010579367272006758,0.0005914879999382472,1.5856844480499492
0.008067907795932252,0.007006549664137316,0.809956796384319
0.0056391857473714465,0.007604040993690048,0.11134437973716639
0.0069969946079482615,0.005183688819163511,1.9048901449104425
0.009855305928949344,0.008027955651056327,0.7014811770980254
0.0039494208606954875,0.0007624716960611355,0.9317900904752746
0.009123322737961357,0.00627189297465981,1.3759345785951935
0.00368347715872,0.0046785230401606695,0.3760283997268573
0.009695122011117678,0.00853616910145413,1.677256816739933
0.0002953800739784873,0.005774659829714517,0.14545129477875224
0.005600771596176604,0.0008669227685353653,1.7470247174422096
1.846112460351268e-05,9.403981125929329e-05,0.34701088784146356
0.00010880351374915497,0.0030037407353064372,1.7290789123541186
0.004556035101200339,0.007655841586704672,0.7714108698884513
0.008070200302952326,0.00961531732138927,1.6522237330639389
0.0001633680843007501,0.0017008447408818118,0.1322286634266578
0.00941632535055327,0.0055403628013139935,0.9678426694316382
0.007434438698826054,0.00676473583161154,1.7704222329295687
0.007178619079255512,0.007979382482332844,1.4246854936999171
0.006504465175898948,0.0003410918162182397,1.7391533833739101
0.005320876736723235,0.006996813486755869,1.145698058746552
0.0015788369898367116,0.008853960343371188,1.9717387138983424
0.006680267488359033,0.0007655459080357952,0.6160698835354629
0.0038571551504977156,0.0019519308740226261,0.617777568502464
0.005981096444228538,0.009760932211231081,1.2650096438491127
0.0014230743266946987,0.002977150112138455,1.2593369705935717
0.00014482092036731455,0.009125292143212055,1.863699316009804
0.004493032370555936,0.0034991720186086563,0.6087998339791219
0.006955780218447291,0.008292158489146747,0.47459941380264137
0.0017202051514378892,0.002833062279278322,0.9190979740379652
0.001834789254212592,0.007528741467988037,0.02555829996272693
0.0022979328796033363,0.00740057561263013,1.9366892762629806
0.006123516680262088,0.0019219251348832867,1.974032647255391
0.008596252180595048,0.0031465490950990174,1.9544273559121572
0.009481197290226622,0.0009990681572942118,0.857208197048106
0.0015542154636980555,0.0006875924507586096,2.0510148824757053
0.006988880170873781,0.006757399502553924,1.2753432941410718
0.0036991586487861838,0.00595124468826866,0.3981656126008536
0.00036848986565817476,0.0033436882222563536,0.26304529558687284
0.0012514090229852636,0.007763939185767921,1.7014440129064372
0.006972639670686696,0.0069922823256657685,1.4758176121068778
0.0024646169509123694,0.0013251164301065488,1.7788470227848419
0.002989587145762672,0.008248984295761324,1.733574484983501
0.0019081567665601984,0.0021084814058295077,0.9658209242124685
0.004332299129556897,0.000517908164754477,1.7250067759061394
0.005493635304654758,0.009033642980131375,0.26467891420166806
0.007694836687723843,0.006441551705282208,1.4644791473291936
0.0013359641248191913,0.0046280061321752235,1.2589681662522227
0.005562236064496962,0.003642625302183197,0.11115506988778573
0.00521025134235762,0.002613584675990194,0.9725489273947318
0.002732461028911819,0.0016579751550395872,0.8045867443388028
0.009242792039063486,0.005175196996512469,1.9340695249121964
0.0037033629910347135,3.758001503258557e-05,0.7477655539037488
0.00478219273118431,0.005449391396616405,1.8897566249931794
0.009730349503063925,0.00859442574855186,1.1798140620495448
0.004933203354770764,0.007395940453337774,0.7246708297584642
0.006355898622417349,0.0029433607120484154,1.7208194952835343
0.004459164196010785,0.0014411499774331215,0.13428055714700496
0.009510521490364304,0.007994912145223396,0.3490637243554483
0.002176494945267282,7.343235512234925e-05,0.22000784328443146
0.0008730096106911756,0.00044520993903255035,0.882479399288959
0.005925157180559873,0.0089149633515698,1.4955401325172717
0.008668261928052092,0.00032388730771351404,1.614080066558796
0.008160553065405021,0.004820053896287435,1.436152751218545
0.004988196759822359,0.004540635173660191,1.1383178501897506
0.007821589820867288,0.0034700599788840838,0.8754292173985674
0.007916365818275742,0.009076351706059575,1.958051916252045
0.007666553358087353,0.005664765861691503,1.2851980163059775
0.008135124060715352,0.0010209480849477882,0.5831215937108534
0.009072754609005062,0.0008898508641837289,1.562147826651298
0.007120129919966293,0.005685779796600645,0.9759321515333752
0.00011099157770835588,0.0016506646990839314,0.034147166500864884
0.003511127667957681,0.007112405724740837,0.07587979405011189
0.007478919549525391,0.0028719365708182866,0.3513764652262016
0.002002444234683067,0.006730338589487755,1.2488474781345476
0.00785045227673374,0.0026723217392378385,1.8004159327522644
0.006704622690506303,0.009399668701568812,1.3316327630378102
0.0031328158313505016,0.001858333714404785,1.4416134198016026
0.00732756665393037,0.006578135965549819,1.083991095624407
0.0063126281653501926,0.0009081698210767719,0.7795109579635073
0.0007648712505930966,0.0023673708457657462,0.8963577071393289
0.005168793316896717,0.00935584485158318,0.3925594234037662
0.0036218797900004276,0.00464285140409223,0.20644568969091148
0.009022863663218129,0.0015705841645947372,0.696420407519441
0.00907960088142283,0.001920022248725588,0.9618516182841704
0.004996077625965666,0.0013821578742690477,1.7230993281814901
0.007862182222409144,0.0074627276994078205,0.42522246347152765
0.005363724824826753,0.007903365029587477,1.5312795443389395
0.0045796422787938405,0.006396334948004442,1.640767736140508
0.0015959986497943713,0.0008757563581880179,0.9860120820912487
0.006118121289000671,0.0014262807300644842,1.7875865676748648
0.003723878825244151,0.003025138793435259,1.1768853876928018
0.005112012358115484,0.004097599178351869,0.2714677328868617
0.002569203129577953,0.007721522722316984,0.23484901106321832
0.009461579646487805,0.0012614209814439748,1.7054595553837604
0.004405576137176851,0.0031905176510054647,1.8015207159353668
0.002987150417459008,0.004614658505410215,0.9393868167741852
0.0013463673963913737,0.0035512776575385863,1.9096390039328053
0.005635891802013052,0.008882048846229774,1.948304154353341
0.00915069848376171,0.006875061608883919,0.8424886992701763
0.0031606336309781147,0.0011708430338009457,0.3382830450062938
0.0023956806001474273,0.0065079056652903216,0.7085060681900497
0.007480117504353138,0.002432893080545614,1.1897338062919853
0.0014592959549901863,0.0029738941428338163,0.6477332388382403
0.007835513159219131,4.3253906695404074e-05,0.6787195432871139
0.009176186865940912,0.0025341675149515843,1.848079094614379
0.00746591501160217,0.009275987070937543,1.2116143846689003
0.007494883836635482,0.007001895278097739,0.7731914900608259
0.006034045716979286,0.003933212949358345,1.2086974099693124
0.002713107554737686,0.0014297628406088258,1.98081671890301
0.0034214110679224707,0.005876628042860602,1.706133978223482
0.006990506639945565,0.0063781010921228265,1.9465307059689811
0.0021636657716998698,0.009915886353186472,0.22828558379758257
0.007211334519257234,0.0012306237437072042,0.5374429878024397
0.0033968108926760512,0.0022521358428434068,1.023785849367202
0.004866274884844242,0.009894815209801363,1.4438564304938815
0.0046685240771117,0.008652466506885883,0.06718498642657453
0.00797872351125887,0.007079912798750114,1.4364576719610045
0.006234011144584114,0.0019372208239294198,1.5610807216353093
0.00955452931012443,0.006641363712296815,2.022355224375006
0.0030945330471634893,0.0017726433558653688,0.43085428979566964
0.004441263251151508,0.002048466997598469,0.886943946350769
0.006006456153446261,0.001461892160303977,1.533054751033354
0.003763753127254872,0.007002337487197007,0.2906732373218097
0.008604952456320402,0.0053718049770633955,1.2755021902564658
0.0021221343136422345,0.009281417336611529,0.6617645743907559
0.009261165722788326,0.00044747511386461605,0.3997115328098577
0.009567466939146257,0.0014572314257346598,1.2216428520110176
0.0029387550158540277,0.008260430609343446,1.0822167155915186
0.000955995478625541,0.005357610881345393,0.49097310567958136
0.006774031055503246,0.0007551729984765854,0.45501997670325695
0.009990838942638445,0.006176447714882445,1.538957611576267
0.002181275996730232,0.007525335892273686,0.2603371478712652
0.006447736381938387,0.005653533811056837,1.6192255233691264
0.00732087173480044,0.0022301194408089853,0.40013422261053705
0.003554933517654535,0.006586080447594141,0.3353466482165385
0.000842299635672844,0.005257787418250108,0.04949847165405972
0.009005493384906057,0.005332237468005659,1.5162317420554967
0.0015290445031474198,0.004219119759855768,0.25767998324566654
0.00898768483770382,0.009099308046497683,1.1826780865082163
0.002964131150228703,0.0023408917703965503,0.8369202392750934
0.009355966235173593,0.0067474478125135184,0.34223639305634285
0.00886410398532156,0.003253213325405757,0.7655989977333596
0.0012657490223848768,0.005085950063915274,1.7353885615610953
0.0034429531249342503,0.009989866831498247,0.1909147857943183
0.0026714967919775337,0.0028889766612935188,0.6484736486748879
0.007672585135389292,0.0055512532021256234,1.8469580138390773
0.004990341035209863,0.0019398753779385947,0.8024372775759503
0.0006889161653214226,0.0022083063783092495,1.028095700567606
0.0040146498462372985,0.002123034751466745,0.542761794543334
0.003613636759141826,0.007853045395843297,0.06990357933802252
0.008133793334353111,0.008533376053055996,1.013212900126732
0.0017485256360338698,0.0027453808195921393,1.6397544862674542
0.0051204882344531135,0.007139630144231859,0.4959479433785044
0.006895988252424844,0.008197156513210293,0.9716080209682777
0.006400517914733385,0.0042393709390401236,2.01985704153761
0.005083296733147212,0.006111984277484289,1.0427392527581585
0.002684362891034521,0.0018358019543299154,1.473119154541908
0.00035524024840300703,0.0009874784549554593,0.9597096882738443
0.001561288842347529,0.002187074438079805,1.4043839196610386
0.004168110327532975,0.006985442961123618,0.6938153059523503
0.009665405542778832,0.0026791654980878187,1.6086796067562483
0.008546204743020232,0.0035795973460960207,0.8180399282297836
0.0033608501245797084,0.009089520517165283,0.397989472060065
0.006441050766437108,0.00044598562880951545,0.3040271504019603
0.006059485140507743,0.0016769203003310206,1.1901334575668667
0.004893144097956841,0.007750460388729973,2.0405184716221423
0.0014888289762315977,0.008147057695384095,1.6113389991201241
1.4197240852742432e-05,0.003632256235064321,1.8509176942562822
0.006800301976879149,0.008197907386864094,1.3551170331742726
0.003626627897614753,0.0006668912221860912,1.6565026192409935
0.0005235110427485634,0.009141383669083191,1.0754089763752661
5.658255575060278e-05,0.005968676915943717,0.32778122004682647
0.0062582875161822935,0.005208998070917998,1.8451427713900912
0.0017372182380011915,0.0010627275819408578,0.877931778943812
0.009206577758747682,0.008227981717805864,1.6624525174205693
0.006940925674713233,0.005101001044604999,1.3585452358546364
0.007961851464747635,0.002130640328085772,1.441572266882057
0.007998504974041153,0.004280234114014239,0.25648224640265427
0.009132260143302585,0.009708023431032827,1.3173256969771945
0.009375706618378898,0.007420175592242235,0.27035606525987343
0.0045261620045905305,0.0014387089010593546,0.6988284422535631
0.007765200689153867,0.0072286345032728065,1.5122391092038607
0.005624857385020158,0.001591412954273792,2.0359598699221375
0.003001213169147342,0.009595289491906899,1.205054144037062
0.004016624738456158,0.0005588651980467974,0.6678034043142469
0.006820629318090781,0.000455242062850324,1.872743194104113
0.007359453679684955,0.008620932561109452,1.2108925057579658
0.00383760620960554,0.008461703326069893,1.1167708370441203
0.0064742547222377475,0.0017859823019933975,0.5163208285778779
0.002866691286283961,0.0044282966286514425,1.7087896460498413
0.008209055125358468,0.009412913925634665,1.4399623097724257
0.005893659437368225,0.00587410424416902,0.13904044612837008
0.008336352873564875,0.0001770760506835445,1.5991115551365702
0.0023329278939186117,0.001852840646027889,1.0396397859157973
0.0040369425948509376,0.003165833164415831,1.6019547108133998
0.002730617367355517,0.009993740605073026,2.0494192063085643
0.003626492664902681,0.002807692254404264,0.18506955094531086
0.007595771499192022,0.005020533429228354,0.9566952995146133
0.003088075430052414,0.0011743129075725601,0.5429011798939881
0.006166539308432348,0.0008837023246171349,1.3734388110639688
0.006474445504699372,0.00928663466163945,1.8098793433702993
0.0031705898209045047,0.0014733186049233626,0.4071256284027964
0.00276056460307906,0.0037228010738721796,0.6848017331350305
0.00325073914274853,0.0035818897548001807,0.18306997564189442
0.009537571798305984,0.0098433239582125,1.6707176242514161
0.005966199167468366,0.004249750465773016,0.3911885635902731
0.004326660698929955,0.0022534858244145227,1.8451972121754807
0.003060807088915711,0.0038057005056618045,0.3288289861079366
0.0049036282823075395,0.0036237264900228928,1.3358792596922142
0.00115664409866861,0.0032310463846776495,1.6283084358448991
0.0007808166585775633,0.006354063784879932,1.3977878665057513
0.0001315749680920164,0.007630855350929714,0.14432300481032545
0.0071681643825481116,0.0002194959452869605,1.931488327227653
0.004813096661891082,0.0076196776544552895,1.7946154381490556
0.007553273305988696,0.008975974174078095,1.2306720101667208
0.0079881822343001,0.004747018354327425,0.7961038263705413
0.0025636934363394027,0.0004153019442276751,1.2720332633901825
0.006778639233672115,0.0072855060467224095,1.3163509165915535
0.0016277499172072296,0.00018510715311671923,0.7473232842899459
0.008903992014028651,0.0010250269927324263,0.027360380225157653
0.004169676085248116,0.001370243497666671,0.9059705354820583
0.004817335481655074,0.003322009846302687,0.4364155587747094
0.001152365922777976,0.004346807273232868,0.42114342488758894
0.009166901582485466,0.009607572718089093,0.8407613349146853
0.008893578630318843,0.0033948886621478313,0.941091743116776
0.002108938886358035,0.0070563534463973475,0.4757462537067624
0.006493220238486536,0.0018725469292063413,0.02996271702754533
0.00846465859873434,0.001706208039853837,1.241599118985879
0.0003978131671351981,0.005950679193876932,1.7446818453058865
0.0025051202802017503,0.007654202368365388,0.5674374673651693
0.002156768338857118,0.0028726591510272936,1.4394185544862892
0.0020332693626664033,0.008973969166278736,1.539052582178946
0.005748711126309637,0.00834891610029119,0.6998115745486566
0.009598238245093345,0.0017070567773122525,1.6419036358045525
0.004901470406381601,0.007867924509037892,1.4262655695339508
0.005427996915742175,0.0016425826179313962,1.3131642674292798
0.005847848174154855,0.0095007980080062,0.0336362846910141
0.008768576022690312,0.005161144077178052,1.118220366541731
0.004848032205032088,0.009098451411972536,0.5564806106147157
0.0024416719457595226,0.00870059364535665,1.0000478627868954
0.005985007129841869,0.008133606083834415,1.2850188024153257
0.0022440677958849866,0.008067126234225532,1.059340386870933
0.006165247719435998,0.007748181208884354,2.0197509730217367
0.005872485621284511,3.5001415833486594e-05,0.0003197389318258857
0.0013895446764753206,0.005623334410022259,0.8692913764516416
0.0074899549747023475,0.00905167324022976,1.910297684798376
0.0033750585926705114,1.487874351012386e-05,0.6867093290700096
0.0006606103723079837,0.00018082289945125506,1.236796352219608
0.008697702068253486,0.0007900902350909578,1.7041716906845272
0.00806545131722414,0.004387135371544917,1.5696498697334345
0.00614447269975453,0.0014878924487242617,0.4399019006674936
0.008634459408073752,0.004392897457972612,1.7241361107508588
0.0050466814400925986,0.0011032222869280916,1.8314532148583653
0.002852508565143314,0.0018841792206595565,2.0094478756288874
0.004592436478471931,0.002706756246382325,0.5562282835610776
0.006874802662153231,0.007386287480903486,0.6585098900884191
0.004063413272707201,0.0028288679639059578,1.4864759108005527
0.009510494697740186,0.00914869233444302,0.5815225932158729
0.0024608719290878946,0.0011887515042223718,1.651406197681421
0.0010335453096491254,0.005998332096706954,1.6798929347247307
0.001248236987623823,0.002881771515630732,1.8217665661308187
0.006409764423659245,0.00985956541477393,1.7209514710659002
0.009808997550631877,6.248971461001452e-05,0.45778980688372956
0.004898022811046157,0.009922313690930704,0.5373237217936514
0.007885801682058118,0.007004802712050049,0.7524639599310542
0.008265582927124836,0.007783716925073064,1.67570808565001
0.004747980612831049,0.00018152733108004916,0.472245042722091
0.0070580113610540255,0.006961942518407815,0.0108458393977944
0.0003485578760921304,0.004750614733158014,0.39919926873812706
0.009954885203381279,0.006017382796790857,0.1308027691959749
0.006143918684584113,0.00029063263714243504,0.7576064512972762
0.007552276252903855,0.0021141679514198354,1.507788615860103
0.0009262807967240294,0.001310279662313486,1.5363044469903733
0.009628789383859694,0.003582623177558011,0.0900388856533565
0.0014227910593343019,0.0028219127703647995,0.47498123350448085
0.005217950950167323,0.006667847985989033,0.3043232413747385
0.003900176773202194,0.0036207971133567275,1.764126221705504
0.009586735674717578,0.008476926220019096,0.3050357157182199
0.0016029269601814079,0.0074887707366996445,1.3989625603825155
0.0026379670429018975,0.0009223734691661945,1.1532475524033152
0.004629283129570714,0.0016757955156324678,1.0373344039495587
0.0028881695187787737,0.006911574981071221,1.6608626628224454
0.0037240653703032225,0.007484736864981487,1.1523160763315143
0.0022636435979912417,0.0012949169724256748,0.401083941560752
0.00021664336320817323,0.00278911884781926,1.965769691270442
0.007862321046547709,0.007311717579242273,2.0037628062495934
0.005315558973019933,0.006799340829993553,1.3076378514447171
0.0056001248949748466,0.007382946795294863,1.2375966893059511
0.006259639881874359,0.006383440502358806,1.7528805601523805
0.0014856935156082297,0.0054878127386643214,1.793972803895807
0.006087451282411463,0.0017222821151678526,2.004379932147938
0.008449524311464255,0.007599427554663608,1.7133828794532278
0.001714632789213687,0.008308058723323679,1.7829911664404452
0.0035528825230032256,0.0060250682207940625,1.026005367863735
0.006510792921171619,0.006146125219316254,1.6014360697349486
0.002622004159697954,0.0005160660207019807,0.8684398788116756
0.007470832942606447,0.002356110064109338,0.5520664554485849
0.001074748354974986,0.0052803936726626855,1.0576355350567077
0.0002936099796556202,0.006976465554525213,1.9301811866325278
0.004496370092667969,0.005530201416063796,0.2531847558662064
0.006602088556632038,0.009772513804574433,1.6629825727022
0.002010061706548504,0.0013971931060314002,0.38007855810973007
0.009597921633837906,0.004781879145578246,1.3600981394557363
0.003799302076282274,0.0005259819453136882,1.8758170545684536
0.001706592816096355,0.004914335947580171,1.0118195527370915
0.0017957135731068185,0.006836064578751679,0.5571859322177694
0.004487190427031272,0.005538654403592934,1.0983086443261767
0.0099298995371369,0.005315076879902023,0.7398871314924232
0.008280493589831609,0.0015167670528341783,0.8861759377812053
0.00368862755115726,0.004721140959586966,1.0633861364200525
0.002301575809235352,0.0039006377781282786,0.3401719141471393
0.009845774125421598,0.0054262890073988644,1.1005701976022073
0.008600737710542322,0.0023384813615994773,0.17291027109264112
0.009235101295874036,0.0041172372447462755,0.7841056615479202
0.002305377365001766,0.008346986747320366,1.292669702633311
0.007338545914859298,0.005560252375339564,1.5706307591209807
0.0017932444538932646,3.8813910429820186e-05,1.7697930060277505
0.0069208712833175754,0.009521663889650112,0.6003793054783945
0.006420724082516201,0.004959576404747636,0.6785316825920381
0.004083099457768656,0.0013931931358766236,1.7774729364363318
0.0028268885269619004,7.094605591861259e-05,1.555929677927364
0.004872050054729011,0.0017628105214862032,0.7164700729532506
0.004341782790594126,0.00032284341993846113,0.6014258093005298
0.0016703651614618455,0.005519975057632432,1.507212488509681
0.003531733725253431,0.00759390725663102,1.0293835205261035
0.0009075347829947222,0.001683249618708159,1.4926452316094465
0.004255727525805153,0.007880503285794824,0.23227359222306743
0.008611239121799459,0.002503129023320033,0.7429326883923849
0.005423924230041229,0.0044510512838242845,1.0899075578098987
0.009615986556823355,0.005573407694353415,1.7444402863688726
0.006939948520171332,0.009916551122401472,1.3749405799467742
0.002099238205810414,0.0099216139464246,1.7982805131822823
0.0019137166969326103,0.0037980525008652344,1.5983364348103162
0.0027572304779373493,0.0062847701768059105,1.5777293527864882
0.00844642757425996,0.004905977416884266,0.5347876447856214
0.0016636167051723438,0.005175665256044105,1.0069523255429753
0.003298294309333797,0.00701447974708111,0.6574855344446909
0.008481043705254234,7.911327952203173e-05,0.3455653347440497
0.00691493374701203,0.00033480888149843845,0.3336044146471854
0.009159936595887423,0.0002604492054078389,1.8798817270607253
0.0025965904502812964,0.0043240149609654775,0.2731352345198763
0.004988143334181081,0.005904254568042551,0.2308562932452328
0.0011246014758069345,0.009049449486573756,1.7492264651904577
0.006456709077257795,0.002371872715197955,0.9105603144389005
0.009609784314241823,0.003795090419981154,0.30276815040715355
0.009545993570068908,0.008373230628232288,1.322174058423289
0.004808512236899188,0.007418202769618924,0.5366338251709083
0.0048857727129368875,0.007470395563203427,1.8079742872800115
0.008763579036013748,0.0021788937131666975,1.1702044547089596
0.004589611785849651,0.00712659357841121,1.4886575291903839
0.003106743753277429,0.004245139054625793,0.6926572619034493
0.002828252010115,0.007467817359390079,0.6263934617372786
0.007674469251600904,0.003774098472460155,1.624261135239061
0.0025659524432215565,0.009870345947897947,1.6754951480420996
0.002673160468617033,0.006104937477079427,0.2708626843217898
0.007077309247496194,0.0018994439741077075,1.651147543610696
0.004867977973230685,0.00784540608820386,1.7301471301645825
0.003798043670990401,0.0036319769624632812,0.914674898259651
0.0029521448344056647,0.004244077972186159,1.1926279682065029
0.007501562715811736,0.006532998203512877,0.10904843492110985
0.0031718796158578255,0.006316555936684323,0.523921213714245
0.004905670352844151,0.008628344436118264,0.5661804375327152
0.008925049093087114,0.004247331475186533,1.4151591495323794
0.0035339918247125146,0.009560144408265258,1.9771720599902256
0.005791480652578871,0.0003331607123504465,1.029835138999914
0.00689874841870303,0.007996213915236774,0.8851668908266919
0.0010020551237926324,0.007397443179160745,1.029455280461333
0.008455884214293264,0.007110644243126443,1.8871454382268669
0.0026562150960006583,0.004310386767884965,1.5683039819788673
0.008112930146767934,0.006808991149473567,0.9792995547353015
0.006010095660682783,0.0012713320612119294,0.5249846716580852
0.00021719190858778936,0.0038548725663743455,0.204115733962352
0.0025496381924498424,0.0021000216495339397,0.29475238808269666
0.004800761109399369,0.0015758992376929926,1.4078614695761227
0.006183609768662217,0.004276293847604529,0.07496674479755132
0.002916640070168335,0.0006918930928644396,1.9028079710722519
0.007189281257334836,0.0032268662318920196,0.9326067861507763
0.00835868760564377,0.007722099917438727,0.511036181075276
0.006760809312379238,0.00704235507142172,0.2827621600236609
0.0033844794003398504,0.0030139780973134967,0.013802626796222172
0.007978984263975744,0.007980593695896735,0.5158426759985373
0.006524039105876471,0.0070561778871807935,1.9493042369201452
0.0022161498189262174,0.0021306916186880965,0.687407028734827
0.007801882986553409,0.002547329453348696,1.981271485464165
0.0045342953923024525,1.733663069769187e-05,1.193220213011114
0.008595945671042791,0.005188822909342951,1.3949077386525484
0.00018856051148820053,0.0016593556539727505,1.469127300248969
0.00963202509794147,0.0016741060969858701,1.0167868000598015
0.005591589498231869,0.0009285923267421447,1.2707839273988055
0.009338266749060254,0.003313146430790348,0.5449638235539349
0.0020172333929610498,0.008283942525525037,0.2240918837058277
0.00914830223076092,0.0030631593087517184,0.037241360248122655
0.00640886976547963,0.00029426547408572314,0.08593004870154425
0.0026410655545463847,0.009698290045184011,1.4588699918101344
0.001067121151244631,0.007319255681525131,0.10988767731990713
0.00310116892563962,0.0045768941048206615,1.9779915075625234
0.0024740588193372594,0.003256562387425107,1.8514629100406763
0.00760832327345462,0.006895585156552672,1.2927913520069205
0.00688274196668639,0.00045954996949363003,1.1177150702116467
0.0029874357357208515,0.0025841436948072405,0.7052110714204523
0.0008472188995214036,0.005610469064438337,1.2508690572945076
0.007395247634082672,0.005936187347370404,0.5857026364009307
0.009614343777994045,0.005722189379126393,0.2828194936201042
0.0030876008890892716,0.0052056475902885705,0.0026809698985375383
0.008982620151084779,0.007049283751054362,0.4063084913133193
0.001176443349302978,0.00602733724738614,1.7569764007335147
0.009583244629066255,0.000883097800231697,1.6529982888831818
0.006574741132606268,0.0021915361135953814,0.31166826280438514
0.00831349843693765,0.0031107043029673064,0.3991482930706129
0.008449469718125538,0.009576352405779805,0.6598496599926088
0.0076218812065864975,0.002472881770279509,1.5413411173716636
0.00039239431412164684,0.009614716088951245,1.1144760745847961
0.0034004795017993105,0.0004706409385612154,1.489217513855326
0.0006998113836273556,0.009328469733968694,0.8874710274723828
0.003746482390082384,0.005963565309225414,1.0200493599219522
0.00840176467154354,0.008743118303937349,1.9738683316551222
0.005499960993713296,0.0001751726408380716,1.630204929928456
0.004923714731250495,0.0012884570795653329,1.5609946286877128
0.003147477552402019,0.0036221030478916162,1.2178146938822783
0.007980073642550574,0.009390663599697906,0.24032352292830794
0.0024685239003159787,0.007796952910753031,1.792559258929035
0.007227843577971342,0.00752567645707268,1.990590647701842
0.0062401755981196,0.006414720335476554,0.8420920412794798
0.006240724819804271,0.00878565991405462,0.15067388045671049
0.002968650613998284,0.009402746507969217,1.6230420144533309
0.0020802014528469824,0.0029174686787028304,1.047337817174974
0.0016292126893031422,0.0008363012459682539,0.5609460148655019
0.007960201716343564,0.00850061110441502,1.9610172574786062
0.004003716088890273,0.006614765822552429,0.2522004390904067
0.0006805202344540107,0.001034172854822093,1.7419699758410125
0.0034461976353867252,0.005571613620806473,0.793200138887397
0.001648765485517555,0.0008950075827491644,1.896649945953148
0.004445796930446959,0.008260465923646508,0.1903434856968434
0.009568215703627323,0.008857606606529652,1.4724390485844479
0.002259442262459339,0.00798982790521918,0.5022015445609691
0.0057029459455578265,0.009373340801614389,1.884841046344138
0.00778791634568624,0.0013492332300082933,0.9243771030998054
0.006774387956820319,0.0002901980002445348,0.4369990999680623
0.0022463228149873617,0.009138456455082121,1.073252780074543
0.006746415558036653,0.0033932321121663955,1.8306793100443177
0.005761255255272371,0.006214173619144863,0.528086659936352
0.0020257057526066238,0.009190732087089197,0.4155609853993185
0.0017068397440890004,0.0024107064607109155,1.6934321951488458
0.002938525413509605,0.00247360214806608,1.8426658123016033
0.0049975734032712904,0.0056241304742027974,0.7836392905757228
0.007427570694337486,0.007316941059130352,0.9539935449756848
0.0035380246053856724,0.007877116475799712,0.7092773426731978
0.0010111248526727956,0.0022258961801996935,0.21779485879803517
0.002680659065488037,0.00039928341453643215,0.696739718285578
0.0017329365466406054,0.002918653855821648,0.581627128637658
0.002273486782551709,0.005562304416778993,0.6139943524479983
0.009896107979880105,0.00624279999284537,0.5107482620272855
0.005610885119534809,0.004486684679963176,0.18558043863573487
0.007058270477934262,0.0061696270699968005,1.7052077240406813
0.0036442577014795174,0.005442566140637064,1.6557992864609885
0.0011678833168062286,0.0025197472756454567,0.8541057438525513
0.0069110294625558556,0.008562322882133986,1.5819211962408926
0.006584838500045061,0.004954864612148609,1.9403780721481971
0.0075415108667008105,0.004607745094596958,0.4915388944529318
0.006805673763366556,0.005371561927647876,0.8905160522481652
0.0006841851321599734,0.0033900191087856846,0.8752589578175802
0.009066561281836557,0.0008768738662938425,1.7563223137369193
0.0004226320066698852,0.0003896218537232732,1.0566497811059796
0.005068309363785575,0.0017054538120872343,1.648462800233334
0.0011104617733481838,0.002705092046314096,0.05912211693065746
0.0038451570750012323,0.004873604574264254,1.2128359607215502
0.0055346176181552,0.002473226388142148,0.8485683874628038
0.0078040672277293515,0.005454212716145913,0.8023667225001992
0.0011247346539000303,0.002449064563926514,0.7257404956005586
0.006738627292775685,0.00594562868879043,1.3037795726440289
0.0016182294810116549,0.005344723359306888,0.4238931135809113
0.005029103130926851,0.006212719350540389,1.3628166719927297
0.004649516907327939,0.004801489853749305,0.7506720060230894
0.009897544287053531,0.00820981036306054,1.4054791111391738
0.003972672700878012,0.008640145107833647,1.8523509734379844
0.005573106281655327,0.0030001252185537586,1.8586361942607377
0.008602584269690823,0.006048848088609195,1.547056124429871
0.002053191399093348,0.00012106656998500331,1.1064686579664431
0.007473847223993007,0.004404011820892783,1.7463161467344055
0.00014705938389510508,0.008269341194177379,0.06373276043815176
0.006710014450970363,0.009298761826364483,1.9267889659792912
0.002998709050749776,0.006226566124676876,1.799745915276159
0.008791371579991141,0.005303872065865019,1.2324415348826583
0.00028799490992250434,0.003892536975845502,0.4805813746517202
0.004316053579835962,0.0027741804143124526,0.2812344352489055
0.009204462704732031,0.009155186962693828,0.39399628057796193
0.0011193240493963586,0.0016218444198239513,0.030868119810704822
0.002355969602299154,0.009925870361872745,0.09125903432529442
0.007420439930456987,0.0008009548059420724,0.16606533097433665
0.001005874760273483,0.0015089280711521158,0.9350655935008528
0.00019589044457210103,0.001980255261532329,0.4074850449375057
0.001809826397460682,0.002096918859001279,1.5991299415560805
0.007932231144009769,0.008044343038530563,0.7275589712927004
0.002549933274009767,0.005324449462210766,0.7648648157327074
0.0030722894286220027,0.00510360839312647,1.087161577121941
0.00629760213782742,0.004811162936883689,0.13718134329390824
0.0033733858234201476,0.0010426495557693516,0.4322815202947916
0.0006454159235079138,0.000314601461581423,1.0119944252174051
0.009382397227671205,0.006030666207116985,0.24548253484580582
0.002290200822912671,0.0017144668593625369,1.3712424818008522
0.003918405894740644,0.004680754999637817,1.1237246086100021
0.0009727216844325138,0.005469675373085411,0.2755447851911851
0.00457533626304812,0.00968624376125171,0.13743367034404497
0.00947009115067823,0.00901746340140179,1.913217241093419
0.008954330797828106,0.0017734744044140393,1.0116781666366363
0.001186704418523954,0.0016303404826014478,1.13787778343756
0.007933003655635505,0.005699326693656615,1.9168561803415085
0.009145618783877785,0.004844562870426012,1.4020879702048747
0.00975069498760303,0.0044842812047678334,1.9877022878423534
0.0008623012212452119,0.003164853093744222,0.7278511990255296
0.002878658592356941,0.003471124507493039,1.2767115743641664
0.0020873408631649003,0.009341033108876202,1.0649592023512569
0.008489065068074099,0.0007314260531702977,0.9651147916799675
0.0013156622953114517,0.006170988643936958,1.5695155037159303
0.008238070483314028,0.0058690443659376815,0.7527064150408734
0.003909017758970285,0.008725291011818431,1.4605393644895128
0.008598246378160519,0.00957722030605955,1.0865142355671422
0.004152903246467883,0.007408572574961674,1.493754396357527
0.0002061377277205978,0.008070330139330735,0.40567272138015953
0.002873147673069757,0.00949532554032268,0.7653032343586825
0.0045275777126186426,0.006653804455622874,0.6808188539821466
0.00849393752880626,0.008383229793426508,0.8298317079290289
0.0017838817190889778,0.00010268844747573835,1.970733713787596
0.004794470431825439,0.0020504719891758618,0.042436417590233456
0.005533053296872848,0.004348748461777955,1.0384453295778973
0.009194354489964755,0.008406424808940436,1.3319331508861405
0.008643871827304056,0.00781269232373196,1.141443290231939
0.002004899703809646,0.00490223250025895,0.5679635481077481
0.007102218240857426,0.0070209744514598505,1.0394470993224985
0.007913651950902214,0.008239744463138726,1.8727545999605815
0.005922619333841911,0.006258332718694358,0.3687968095276227
0.006221151011200146,0.004934655816595925,2.0120266939999074
0.009106201870680062,0.004804203864902623,1.1335951492562912
0.0064691870435599295,0.0037969673078270196,0.40114849301243377
0.0060363667610237705,0.009254793613092121,1.4901304811416343
0.002907022084203004,0.001640416442839262,1.6066491540779588
0.008936375127624735,0.008754200295597673,1.145565679707579
0.007183085632580324,0.008873486185445758,0.29763400441753185
0.006685804688437789,0.0029402306364548704,1.4802807478578626
0.005869593455471274,0.0006522915707712218,0.2638086373368067
0.004795080986362105,0.0020929922521279666,2.0109303055064425
0.006895454475456057,0.004913003503382385,0.7715050806073883
0.004728427537368852,0.009719529661570343,1.0597853025479649
0.009262450524771919,0.002469226552690973,0.7086609894633202
0.004760617653101461,0.009937694668917514,1.5328710667604135
0.0051204606687970874,0.006361082981363687,1.2696309707208535
0.006853557678899602,0.004566644961130806,0.7219617318407905
0.005041531804050091,0.004197864063319477,1.1121044257987367
0.008411621645962769,0.0009816007225230882,1.162379381145664
0.005981253425295797,0.0029969534972146207,0.8843769479885126
0.008686090814095292,2.5472582445537075e-05,1.7073147907600197
0.008823997020229086,0.002397450510826198,0.874032036703167
0.00047682429299545585,0.009042477896088662,0.8155426774050737
0.009446476126314931,0.0012399470320624806,1.6676353952309917
0.0027253501779570476,0.0067089277034631245,0.5021099151612498
0.009499907226480904,0.009791140859940352,0.9793311120706756
0.009862859744249919,0.008258481439874595,0.19304091053978867
0.006298484444412478,0.006400958203597366,1.167501710665666
0.0021100082343854265,0.00485842952376688,1.3230322954262184
0.008508797514129213,0.00860868429658898,0.3903118858945897
0.0018691650226627776,0.009783780403762283,0.05727292814187724
0.004253087011919243,0.004507907698716026,1.138353638477005
0.005334752457490059,0.009332464182393791,1.598068152440901
0.0047467468756193,0.004481850494924653,1.988781052915505
0.0012710923635681059,0.0063225722693959,0.5328496201279967
0.009384965229995745,0.0019080360667021535,1.9766646333089508
0.005687265444959271,0.005524892806832298,0.7721755893688064
0.005564415083027924,0.0012985191776996884,1.3434934582714269
0.005263372897403512,0.0051110262187298435,0.9703970611400544
0.0031372367411605685,0.0016391467177755293,0.5233781314205799
0.009702686743896273,0.009374524150009009,0.029422194152206774
0.008655183429084978,0.002056890120166811,1.4952937613752029
0.005819194602719239,0.0037966261541342483,1.347143715124973
0.009428855684607466,0.0023419442279630177,0.09974114963936156
0.004852834119303449,0.007901015054840135,1.2801876879181235
0.0006259843902674978,0.004392302609699276,0.1891578180691161
0.006178230677176088,0.008785750356608486,1.091630039302691
0.004965355893394863,0.007543449343696496,0.7693062595282608
0.007364770086938132,0.0003966618376083564,1.353283321592964
0.008626140652622108,0.007699005559297501,0.6176328060093925
0.0035418363984899915,0.001247991878642466,1.969798450192384
0.008412791250820175,0.003090290180572639,1.2431257148522907
0.0017153223312698295,0.0023082565249022357,1.8289443002947738
0.00012693825967110439,0.008409338012444164,0.26306656103066434
0.007590434024292094,0.009616971141171481,0.9791504672087157
0.002404486800799206,0.005747040149574972,1.2854534483930047
0.005213200797335905,0.0013059933476385888,0.14525453317902953
0.005941494828976703,0.00221010906136619,1.7199572930585934
0.0037111664328548844,0.008071100036604132,1.299445474583361
0.007001991346053479,0.007883785922409112,1.286477082489895
0.009912140526075155,0.0014172175475978444,0.6828010716827847
0.004998783774678665,0.0030921971113355706,0.11255693745923995
0.00864294899255661,0.00826154739541248,0.7894149051249962
0.005797375039400763,0.0010791838345078054,1.2554713627313048
0.006742749777987544,0.006166480178342433,0.529775734741288
0.004347019006059009,0.007823378232751633,1.726286154731124
0.009758207994312786,0.0019479743852656639,1.5796084710281235
0.008173726463779802,0.005909823589254297,0.16528353526538206
0.007005322642147672,0.000415716596427026,1.7593133774322705
0.007430765901316302,0.009600491207492299,1.7210305905649983
0.0031853986286692806,0.0003687710425229862,1.3130964670851224
0.0037792143404621827,0.009725790964689358,1.8402864496176643
5.767987251947826e-07,0.008450173750281929,0.6351770709013088
0.003899713552099331,0.0020580063216272017,0.8851330110511614
0.002008519361481305,0.0024769949838375207,0.7246385559039109
0.0054038169865937916,0.00778518055560542,1.1889017055029032
0.008428615236348339,0.006968077029302042,1.8361994465802685
0.004174504184815531,0.009716285735499436,1.6345936057662347
0.00848513153092606,0.004262944836477802,0.884133818729838
0.0026626675581711856,0.0017550013814701748,1.8545376152476143
0.009506002508159998,0.009944147448294355,0.21535584446794673
0.0012673517728120699,0.006492446206052691,0.4861396910273622
0.009420084119457594,0.005307712239803864,1.6668583581092604
0.005450018231281839,0.00859278135711135,1.1563293834309631
0.002545793430458487,0.008120308644293042,1.285076730890382
0.008377560189773583,0.006511255810831958,0.08740281220894673
0.0006041842519251694,0.007032448503413581,1.4292369721443643
0.00019249377407927538,0.006671391464393509,0.19721549728589197
0.0023079112677869607,0.0030159120367563297,1.018877189013649
0.0009197182523563307,0.007844181477251166,1.5185067143145783
0.0011340923350558918,0.004517441806754302,1.0860350027575738
0.007762760327416754,0.006079510895510405,0.3036740655607069
0.002156258457279975,0.004097302688285444,1.817507066513248
0.0005493135003597449,0.008690244377500935,1.409834249746659
0.008240809762165062,0.00782329748746451,0.8443788048456551
0.0008544984192472071,0.004580484517016544,0.8273536272613695
0.006820661556642177,0.0009862622650361863,1.2462223009359483
0.004451546890709307,0.005981000073032749,1.9373133190137923
0.008104294941111022,0.001697049996358333,1.6888630829108038
0.005948637749933597,0.009518675505213457,1.7060465450052016
0.0047193341752069275,0.0005114123356758848,0.5698320503684989
0.005155592274389314,0.0019423626027136676,1.2338762710324522
0.005368288933286946,0.0003402137911768266,0.011891390551524285
0.0034428741163376308,0.0006324169965638549,0.872765729799338
0.008736767943939098,0.00400521663952393,0.3333158069684382
0.009228823494817682,0.00043263422891818616,1.5756207986346824
0.00792915559525925,0.007372129244674821,1.5594404155156458
0.001584173364568523,0.006765839321002265,0.17722751759951808
0.008400299444535264,0.008926475013202697,0.8622747135756178
0.00439138520010861,0.0016038427509227282,0.12475833835451992
0.0036802195092125525,0.0006465363621510945,1.0027060003392645
0.004755558710279533,0.009706362556888016,1.5442939393808366
0.005749321067786376,0.009455867776477764,0.1348019962735843
0.0005751517937076578,0.00138689697795491,1.2997280555349515
0.007010850696405529,0.009093150805300963,1.7088789824324633
0.005343922190635516,0.0008820588967765341,1.268417601982207
0.004972679226424778,0.009651953858235408,1.7078498810623093
0.002126437240308107,0.004304872774654847,1.0408049166205113
0.006751083941201088,0.008018035288388084,1.0094878093598343
0.003814213607946725,0.0044670174662840975,1.2290293709381492
0.0010327345452015991,0.0075994929966160495,2.0424907016468437
0.007889413936629168,0.008151959842667396,1.5794031283454069
0.007353163324532953,0.005551413482337133,1.5492647076648096
0.00419028255834963,0.0032202828807207586,1.0580493632992996
0.0021854393406249674,0.0025180505059492707,1.6995342049092934
0.008710793182635524,0.004422917608237987,0.4032329284847717
0.008788948342160438,0.0042424325313596516,0.2692673344778481
0.008325965588065228,0.004879622978484387,1.8647175424047555
0.007717667092990072,0.008549394339939684,0.34794806271461753
0.004232956081273522,0.0024376885025686737,1.0767002354566781
0.005081157093436748,0.0020971651851426744,0.16796902955269996
0.0042842531148544515,0.005051125960791824,0.5016568458768096
0.005708784014940527,0.009779603045959432,0.7710367911939904
0.007750573182221315,0.005883693771264049,0.23771380247481882
0.00800866464693101,0.003394873491020023,1.8991933261235914
0.0027569424884310635,0.001269097392136712,1.872789577469139
0.005017189685283528,0.0008185668205485231,2.0492439911251235
0.0068017790726745365,0.009990345390063698,0.7623770025683703
0.006216297466365848,0.00656803064135493,1.1453437077162012
0.0027784451408260856,0.00909490504845234,1.9827349326292087
0.0031421220693072737,0.005108302752256269,0.005085487575643031
0.0054722893924147335,0.0016488532189417526,0.7730209739357021
0.0012338071108573324,0.0020688354250217532,0.4041212864854181
0.005499382495411129,0.005565587311357906,0.6989026125860082
0.004194387906943867,7.594221452422722e-07,1.679089000163662
0.0006264403052636158,0.00567625367950709,1.2911245348885811
0.002549147163927815,0.0017021848256705697,1.9337080321903881
0.006444518349636559,0.002234485668242903,0.9140841148640144
0.009777276305846521,0.007122334320849615,1.7117422618208313
0.009177277232420419,0.005646092214328149,1.3033744695990923
0.008313502978359486,0.006377711410101336,0.2040160441343357
0.006310842024368224,0.004069965169694874,1.0203416504738971
0.0034229750108461235,0.0055757906904403114,1.0159301593904115
0.0031924911258503588,0.005010197501040346,1.5141552707679173
0.007272825704951108,0.008447238275275812,2.0136013052476573
0.008054005533749223,0.0018720589766478457,1.9511316604552988
0.007953742920353822,0.001933588571249405,0.43369825520758676
0.00869184154600031,0.00029049121747205196,1.3972614582254828
0.002568474032112429,0.009012977303283551,1.461839983501451
0.001461894041254267,0.00380381828464305,1.378720289867132
0.002210671289009891,0.005784080746658864,1.1885484503238581
0.004012992902105798,0.0006882002996947123,1.735101365151693
0.0040676516478019235,0.007207328454702025,0.4456558145368783
0.007314457749457607,0.0031724922404145683,2.011909798719702
0.0013740377142471706,0.0012471078115366642,1.3055272845897743
0.007284087910443973,0.006662028201953798,0.02374488466992307
0.009889790045722371,0.007101602546970492,0.04396533476187577
0.004448040271685502,0.00398264338510163,1.2254810738488862
0.00037544163239789155,0.004964676503861048,0.9657653178613452
0.008643177420095577,0.004687736601644461,0.3767567904132089
0.005274275408491877,0.001575083844148274,1.0932172915984482
0.006323811814036201,0.007096312734919817,1.3503459749851492
0.005602761069067274,0.0053862649417541885,0.20383017934955275
0.0003820880890922074,0.007121407150688819,1.0220991694798525
0.005457607360055822,0.009686701385057646,1.8160123951637392
0.008652778615549724,0.0006412849157109602,0.7714765054789442
0.005495362153503676,0.002515792745915566,1.8053913904790433
0.005363034885877533,0.005381528818134428,1.011887130431712
0.0033574785957732503,0.0081806780457962,0.8608533158511062
0.005089921612780659,0.00782710839365342,1.7201416265772052
0.002439676168489805,0.005876828515410203,1.3764748477330144
0.005536981637862512,0.005405070633879321,1.650714399728488
0.006721378017647455,0.0009745598839310932,1.2211352263334645
0.00039526292967527634,0.0051869939196485925,0.709513042253658
0.0057947524404804605,0.0019112955435839308,0.008496674713373672
0.006422625421265701,0.0030718967367514382,0.8845447783011775
0.007655601255516602,0.007926494594604469,0.9551374593434402
0.001044377657408596,0.001147230540074432,0.07569514262647994
0.004778046344032821,0.0013694468880104994,1.6967729470684714
0.002562912711552141,0.00016331958527612933,1.728776394728039
0.009702262700345174,0.004562585563779979,1.3406710566106665
0.0015377430207520481,0.006207244736858068,1.4185148446012017
0.006945764299132712,0.005940394703692932,0.9870900073060475
0.004437113293014367,0.009559414789562562,1.4522629738983188
0.0030885164764281894,0.005439748020815024,2.050368806232891
0.007367444283357226,0.0039174915277474685,1.2172714277154677
0.0013319242000202026,0.007415997581017482,1.0874614757505139
8.937084520043048e-05,0.0007516801899819148,0.9850176955323519
0.00663970655090097,0.0006275152181905663,0.4695687494610947
0.003958387016377073,0.007739952798555042,1.6756122442854835
0.007525584616620937,0.004899908047446546,0.04640130556605881
0.0037841832171443446,0.003946204918918726,1.5710784368660635
0.0065737399485765015,0.009757727337288302,1.5830163413110603
0.003436323403464555,0.0016645643675187827,1.0094260174482852
0.0007995646088372099,0.008329577494414316,0.528236466909152
0.0036756272842151426,0.00016055825805589064,0.07075606790261053
0.007132270809693968,0.0033842418408388977,0.20736436390606358
0.007612681686433507,0.006021439697026687,1.8680616238773566
0.0021883965405864493,0.003871841327966157,0.6969945934323707
0.006469153488957565,0.009991835503638916,1.7998430764876736
9.655300344359463e-05,0.008493272892904816,1.7957053476256812
0.0033758281364654717,0.004763275599082192,1.1891527179257073
0.0025037616536490947,0.0005274827065625309,0.8309685481933742
0.004451007612967045,0.006840918213843472,0.39284521977505915
0.0005490664267898382,0.004282897801085213,0.980509593093811
0.008332468737039715,0.0030772303743847153,1.0482330866878369
0.00725635838453503,0.004441297270046986,1.4623347975182601
0.0069218463064422385,0.008106430098210963,0.07917323082327507
0.007630679293194388,0.0023498044952618502,0.4876720956283954
0.005184747831068966,0.007269242377359898,1.4090133664136915
0.006639647930177461,0.005524903037918827,1.518653092817395
0.0037248230027425145,0.001513428054590492,0.5707158954574433
0.006996579213461938,0.003273184932897577,0.10819281008596647
0.001348140289348464,0.0030877810790746864,1.4272555980689123
0.007746495342403259,0.003644798767849945,0.42148394524594085
0.0029983228351781735,0.009156074269358523,0.6643602181746339
0.0026121368450533512,0.0064264870501573226,1.9957783814549035
0.008785806472382788,0.004634429025749295,1.953464247110958
0.0026657081516694037,0.00678622872813211,1.5650962560221706
0.0011653799087078132,0.0012537982572967954,1.4063304264331642
0.00031990132983851895,0.008916796782151251,1.286193381624264
0.009147199474836823,0.007139139109367719,0.6500254046228853
0.007034101308305827,0.0035526812130105023,1.8286646059458795
0.006411193599121481,0.0023041763674718284,1.0333663300826497
0.006703180830586377,0.006552984018518758,1.4486668152841047
0.006463007760676602,0.009171340270159428,0.12705548700260916
0.00645407927950787,0.0041716844696303365,0.7666331996281598
0.003839358750758787,0.003039375580316668,0.8111362675775797
0.0008560315568171895,0.0031568495616437963,0.48607132824168436
0.0013834439114592566,0.0021809233879395385,1.989066208876882
0.008724729042433944,0.00507580362981837,1.2575588611650457
0.00879092644143538,0.008845653209141841,0.2806144795601541
0.006363104215334854,0.006291861130025447,0.366560188173229
0.007298698641876939,0.003404397825847979,1.86939602851158
0.0025448974624249455,0.005744291412481909,1.5192404837071818
0.005605468151801988,0.00411732377380031,0.8190746540663528
0.007149364350855098,0.0003494563018669694,1.1884889557553282
0.007051252121258694,0.0017371683614324429,1.7069554672297578
0.0038159242509997584,0.008837287667871048,1.4786600870492308
0.006490527176673739,0.0010392283819492488,1.930798944196902
0.0038921638984171125,0.00256660637545486,0.6668537816410894
0.0004936661352511717,0.00609766961126644,1.5921700223378183
0.0004212868270812054,0.0006321751463216074,0.8964202693397421
0.004992853142689589,0.009364294808526446,2.011049186990984
0.0026401795562013154,0.008119357401431633,1.3328721739715026
0.0004723636258547026,0.009690594286735516,2.017597017417968
0.004886974108329548,0.006214395818575888,0.5430409722739642
0.005285774209136357,0.007157638256009321,0.7543767590326573
0.0013724948190102992,0.0025761455943161204,1.1274830342188513
0.0035220039612636933,0.007395663339589174,1.2663321814644735
0.0025595280135737707,0.006329593605448907,1.4941494144091856
0.004109134450035411,0.0012230989200415156,0.8490828387502107
0.007396188913737709,0.003055259018865739,0.9923930216194679
0.007539829264443108,6.979568830475569e-05,1.350036209743919
0.0005546017783389346,0.008370764525217527,0.8907034974231789
0.0056299857544737,0.0015068922873317304,0.7996883309082988
0.0007557297808504216,0.0057118523021554915,0.1363503815000321
0.009894204978341724,0.007529269806244038,0.6086177717700931
0.001006901756059071,0.007007265516931078,2.0363774845520317
0.0027226656137771675,0.007528959110243954,0.12316934603356841
0.0025240779744617327,0.003330109580984341,1.7149571096427372
0.008775145047190527,0.001115677786922359,0.3065517880553213
0.007386255240525489,0.008080046900085744,1.515687586446087
0.0038813094660328108,0.004236425221779835,0.6900472988443621
0.003617779947125901,0.005374886386684511,1.4841964662211853
0.007426816945068776,0.001386283938101226,1.6817855786104126
0.004995415754484144,0.0019648923045986165,1.0703008926116022
0.009701217431939439,0.004730882706179487,1.1703206532355344
0.0045946635152613845,0.0024874035827192886,0.26278765597394943
0.009860850569081243,0.009429130092719118,2.0010179481614663
0.0010363190435684877,0.005842359565074359,0.582245120824387
0.004039397932353102,0.004145466123321637,0.18107097954260437
0.0032272943022769885,0.0055931495545795094,1.3979607172732524
0.008589299920279266,0.00977509792437557,0.9655978808433724
0.0014516903661244485,0.0027977457662844876,1.3991167597097685
0.004588607253890601,0.0004887813133593178,0.23036925387913873
0.0031897302696470885,0.005386960962156364,0.8025845615471182
0.005141627728554599,0.002173673520217615,0.6489813228780491
0.0015172023417297088,0.0022455997700122922,1.1726926205529262
0.007143717900963842,0.0073052123511365185,1.0858831832026041
0.006435861905466699,0.0035890708305087917,1.7861374010589885
0.00705406061018018,0.004509204985802655,0.9683216348809744
0.004558512566132096,0.009248809300016302,0.6488390344298827
0.008076595572703845,0.0044928780584133346,1.536364092206378
0.007497821488113561,0.00017547506524736466,1.2752808585459796
0.007413853571211077,0.005398644387079314,1.1621879849341992
0.006034155838344375,0.00904820362052032,1.5040639242115421
0.006388881858549344,0.0013706706329314445,0.3682841044506399
0.00864469215648414,0.0034046470137940412,0.8206428604873136
0.005110722287822905,0.008552766753250859,1.1996937839261195
0.002689069488477639,0.0006087240460937238,1.7308979160757871
0.0015234080097734338,0.007055530561491106,1.455453646957301
0.009668047059522266,0.00684166727106311,0.11290156691554627
0.003025316787330873,0.0035796264860522733,1.5019628272213246
0.0041674820361388264,0.0007587449616443731,1.4584549773893998
0.0035773209333059873,0.0015477603788169726,1.7303565962036658
0.00513500306100158,0.009144706215332744,0.30664600530585245
0.0016528484783505037,0.0063058071112005384,0.13518908360384216
0.009201590357989724,0.008858426225497165,0.7282808166135213
0.008144368910883684,0.0082522335224211,0.0829701247424596
0.0008715843587569172,0.009674560760430845,0.8617606410767212
0.007428707791193179,0.0007655963288666901,1.2630229297826003
0.003369070711880381,0.009084619286672075,0.5769898612773466
0.0006445943541947274,0.009622316203127796,1.2941152842363788
0.00668175104421416,0.002453446835689226,1.6112686451696574
0.004419483635494758,0.001034218058636035,0.3595650404553618
7.001544646485502e-05,0.003914848153809984,0.3338740514707879
0.0048465415082229344,0.004540513696181037,0.675752326561877
0.00616881840312878,0.003831875920357001,0.2261138231279961
0.002725720063286252,0.005770089742855961,1.3352811499836785
0.0035295196120343243,0.009385386426415114,0.6941734681812746
0.005230821242531969,0.00304009276786275,1.2335521523417157
0.0011031277467733957,0.003891165823526849,0.60002001171341
0.007250757952378311,0.004029692206393432,1.1420388229533427
0.008931783563790015,0.0032187146517285528,1.697329285008095
0.003112218686371212,0.006797170805266298,0.0575011175703521
0.004825530091186715,0.004749600023824987,1.1702197004654364
0.0028489321619432563,0.0016851146023827257,0.7599023051802526
0.0027551154799262613,0.0073118057214918665,1.912993685135074
0.003791868901267588,0.0012580972331499784,1.945134775227139
0.0042863658571253085,0.0027145393517034513,0.9483055556709319
0.0032331175135130344,0.00195658633818564,2.047461814213245
0.0008387277037972818,0.008277834315691795,0.7628702745406992
0.005271273187488056,0.0009719479358832262,1.7126705936517466
3.4093397043939434e-05,0.008696038800128807,0.9140663663022814
0.0007923687208196251,0.0019067700663645815,1.880954514742914
0.009197776038526626,0.007740652994346306,1.983501652717246
0.0038148101552825933,0.003998845270304252,1.0482508235692338
0.009705923806525166,0.007519106136224176,0.32881880326250046
0.0017216830637885306,0.0021817323125231025,0.4782620156361549
0.0015311587236556902,0.007270239407547993,0.6392316349639812
0.008178101846154306,0.009212634937086505,1.4037130265411706
0.005415928884536548,0.006948648675386598,1.2498393494841475
0.007696936730149707,0.0015182024467236754,1.6633460071336221
0.0074608123873228386,0.007978674606778572,1.7543433505532318
0.007983492858470522,0.007558650402524343,0.7148663751876773
0.002049686159105576,0.002873683349020846,1.022237161223403
0.0022426536083072833,0.00751212520196824,0.3350903846921085
0.006001609978615775,0.005664148120683862,1.4705834057572154
0.007123470451752438,0.006284650735980092,0.1057343134353163
0.001699347393887486,0.005987751553091264,0.28545636722474504
0.006863358725002315,0.004958056163353517,1.800757966397268
0.002268266437759373,0.00937908037978585,0.5042772933475517
0.0018289256388660724,0.001982901579380424,1.1587532675511678
0.00476446810747819,0.00889326033209939,0.9200498553278427
0.0019292861037838737,0.009580168851765726,1.7993727140745759
0.003059272373023063,0.0037456593417580742,1.174647372946527
0.001164658716201381,0.006251796723875206,0.07960656434206295
0.002734638260066238,0.0028442897556986246,1.074659267845193
0.009681437146523088,0.00835646980374928,1.7693888847721824
0.009655809891317379,0.00032634757320316733,0.1980020767647408
0.00864856916441496,0.006538084661390992,1.072527690217861
0.007570677638628156,0.0028596501245074135,1.4792719418185292
0.00877612094098306,0.007553199404164759,0.17772760347318298
0.007534845526541676,0.0016835168118510934,1.5820183434887802
0.00025867337244793844,0.002813002700031506,2.0347351710158925
0.009831766699022701,0.008708332383746777,0.7163626878722799
0.007750736402745871,0.0023394669049067473,0.2739769426456788
0.0011953558761529505,0.0037889553951271095,0.15413437057422227
0.0012116201612525413,0.009903919304035811,1.4674758907485173
0.007197766991125029,0.005217702476855966,0.8193245792502851
0.005305177634876495,0.008324841875196996,0.023575353103015294
0.008192336206143559,0.007174984933072102,1.6747576237026627
0.008840969121963025,0.005778259131929019,1.9758967368556484
0.0035786827324066728,0.007198670509372909,0.5445641162219422
0.002584776894288895,0.006618020849227073,1.062795420215146
0.007825577852922923,0.0011375501874397109,1.350094044332367
0.00045041273014786775,0.0076234968102889935,1.465388718086776
0.003021112143628694,0.009478038638016531,0.8197998219677609
0.0016068909172422107,0.005485421400526238,0.5437812424984607
0.006585629293265584,0.0030486086099356935,0.388673379638462
0.007468052231149315,0.009213397340079192,0.7546893713947818
0.005451001746549818,0.0003131959477548574,1.1089098551991161
0.007673841252250938,0.0033716173434623865,1.95840731269254
0.009055525705937248,0.009836791778544591,1.1508099981667126
0.0031286740265469228,0.0016632831811997251,2.0328320844931738
0.005729522958745522,0.000784373805950962,0.6908706122958811
0.005369063512535521,0.009046624463851263,1.7927127105763638
0.0006351723494071105,0.0008122171380343856,1.7544905329282054
0.006229948900580633,0.009212414153524152,0.72357937216445
0.0004972834359609257,0.007418045949667781,1.7922891640564909
0.0001697847463212121,0.0011820282546225569,0.8796464521689017
0.0062782348003273085,0.0069797306278196,1.602299632022277
0.005909572157983603,0.006532173527953004,0.8374285364896235
0.00751310346905159,0.007532591801967632,1.3920343673932836
0.0038587438099192185,0.0020092378755284424,0.49534118694151713
0.005238886913658526,0.008489148565758352,1.7797025807845437
0.00801747722136026,0.009844187438822889,1.9740373135970177
0.007557111325228929,0.004883741746786353,0.7514101332938342
0.0028590975350732163,0.0018373805866944315,0.5008916690595756
0.00414606476989116,0.0046232485132054945,1.3305916504449622
0.004815402145531194,0.003753215729166186,1.789804808035256
0.0036124029063739405,0.005113826011866915,0.9384490701130651
0.006837473236387437,0.00022160508462689576,1.4243251339564738
0.0011514373415373313,0.005928838423433516,0.7259572059441725
0.009710110759759335,0.009756066662670928,0.7867256141498028
0.008480457491285872,0.009816705863787712,0.6864045872257168
0.0005979083127513707,0.000711026202372157,1.8016712558180388
0.009327594777996242,0.009564193942723776,0.2757051620285902
0.004648490601295376,0.004678253119471834,0.9966280136251311
0.009462307190901553,0.005430208444296746,0.6819410598288613
0.00423527746976211,0.0013407853308068185,0.43490305908891674
0.0054286568550028025,0.008264043027591726,0.9886281492413805
0.0029305284517178753,0.0023157927128183422,1.2035222143528206
0.006281604048293309,0.000492445616562972,1.194264326684807
0.0035581145182445074,0.006605986810960488,1.2688056399070773
0.0098621321459559,0.0027499712514658047,0.060564433423836175
0.005091539966613612,0.0013315038160976844,1.7440928422842075
0.009929218675083014,0.005001004182480449,0.478038439351184
0.004326305007253199,0.005346114293967677,1.969724699509975
0.006009676668451857,0.009184579307102076,1.8474957105349412
0.00450007405448948,0.0035420713787308288,0.2850397345175507
0.006368186439472263,0.0013279229648712853,0.2615049075277529
0.002418503286659868,0.0029334447074478753,1.9756110010491887
0.004720896589796221,0.004456158115166511,0.9203013768033755
0.009200664390715001,0.007111339437241011,1.6904218946697807
0.006510852393742035,0.003229762312758172,1.1707759828881412
0.005154043529764785,0.004058812957267832,1.3603121819634787
0.00660869017686057,0.009694205306319446,1.1030824438344036
0.00023887025998358015,0.009784042201939392,1.525872006989883
0.004231506977071813,0.0012936140778632122,2.0132118031420374
0.005433372666582268,0.005609405582078921,1.4881897549953438
0.005499145982249843,0.0006875128409683074,1.3855448234062486
0.007361068507016444,0.008095641429622592,1.52326357358218
0.0059692796352414,0.006694678018022024,1.0071376873546733
0.0005452741987758625,0.005204152216862459,1.124754434907679
0.00957046113297633,0.0010980439727757275,1.4071784262032152
0.00302070650174059,0.008347869993644648,2.004972333542817
0.0013883930946753055,0.0011979960327608064,1.569020522827728
0.007037264567941991,0.00029449759980848647,1.0014016814272533
0.009176214963442677,0.0025830617808041147,1.7215702518005163
0.0021997245448242275,0.00638664229918213,1.7308198771773071
0.004937474369227796,0.008716060943879415,1.1198574542386956
0.005406870387707728,0.0047689788188984596,1.5626621009478998
0.004228252526874267,0.0009883278042435272,1.5363575539336034
0.008537531617727932,0.0014305350128965366,1.3164981199964436
0.0060297339173520596,0.0005457306149600816,0.05518465043749161
0.00045471199620901736,0.0018434553336764792,0.2463770004909227
0.006205095192015584,2.4855513109141027e-05,0.018177413500093175
0.005029100580315136,0.006676906950771924,1.6370741488220888
0.0007690064256011198,0.007346466596909308,0.7714949217423523
0.00744966823809859,0.0016952384135021437,1.283924758158085
0.006552634885828861,0.0008000434918058497,0.6763503211549169
0.006081354330490638,0.00891175298698026,0.692463680423825
0.006224284978357817,0.005137159532270401,0.8084489011492583
0.001057941263046579,0.007790280222079928,1.3349405686204845
0.0017266867297970167,0.0009757631264157141,1.7670853395181465
0.007172977819643521,0.003687226343026975,1.4727845952392877
0.004483086844053248,0.0024582334191120994,0.9127254720313257
0.0018718636614910823,0.0056889503861331184,0.4734144332393377
0.004172613451975467,0.007286984684003646,0.23001155203856014
0.004378162860324224,0.00794748256559302,1.9342724620640992
0.005108969979150009,0.006208273403418732,0.01592631874104076
0.0038131347461459763,0.0015077705448842628,0.9417251460407828
2.135639698195191e-05,0.00661671237863184,0.779270233090777
0.006320441993753197,0.0032584441822422682,0.7663088902392946
0.0001403999919155663,0.0020088407243183315,0.3884418004952569
0.006609809374313719,0.003445975947094734,1.9289923744663564
0.0068663714402475585,0.009351902490937017,2.0369613533852777
0.008046347488728695,0.007856518507343603,0.17204436516053925
0.0042817565779003156,0.003937122008656321,0.9048961225734954
0.004225737745825804,0.009198735764600261,0.6944827261651391
0.005609001872529954,0.0005495750349593931,0.7793664462651377
0.00717820713965265,0.0039214730378335765,1.6104724734467797
0.002852652698064695,0.00892117785668367,0.35091515519758004
0.004560214844795444,0.0035430458440893656,0.973213039440331
0.005724621833014107,0.0022718105847863157,1.0889726679913156
0.0028545202131739136,0.0030543875776310216,1.3107751264442937
0.008717522942831048,0.0028188411206369834,0.32214431496746543
0.007082481608703613,0.006570988598824696,1.362383938609912
0.006986829226044747,0.0061149155819952205,0.9411807493449488
0.0063975039795131266,0.009821056082487132,2.039676655493615
0.006858457790026647,0.008870045342388368,1.0149524500343714
0.003081214596160806,0.0072007918716994615,0.7499407602701632
0.00588397766867694,0.00591674846164735,0.5418135166139428
0.008182306990470263,0.00684238627952763,0.25002455469571455
0.0014181139467697712,0.008919157524454848,1.3031754972801344
0.009368770955288446,0.00025730975484883237,1.6783391571828157
0.004145003710170976,0.0002773921018927539,0.24199546544903713
0.007989915834492297,0.0029235509819657336,1.601428129181762
0.004423230650330755,0.008216040660295477,1.6760355628438162
0.003891050253446149,0.009666069469869396,1.5009952421307484
0.007938676609320404,0.004821249062763259,0.9430500131920602
0.006498628033924886,0.0077759373305694,0.9102367551802413
0.002105308788775977,0.008703736293251095,1.647017869977903
0.008594651667244135,0.004700136107572297,0.5536945708696307
0.004271061942366384,0.006815853588504952,1.9645668650596932
0.000631758566445686,0.001441458399883384,1.638883796637347
0.0063375902194272695,0.009708732517401772,0.9867861961961365
0.007468781782706511,0.009818958722354922,1.7244349686488614
0.006317920428972071,0.007128144877565813,1.2506430467741183
0.003663642919567155,0.0057317396786307805,1.3701240975873152
0.006853172500155943,0.007253437604381454,0.9878344683167116
0.007462856568384559,0.008403502739526584,1.3464848168790808
0.009520116869413668,0.006299082048269373,0.6994461022928343
0.004094846066488451,0.0033720196857604592,0.8315655998506015
0.0080876705474877,0.009264675814435077,1.8407277870164647
0.0038599892702335993,0.00950493426610312,0.3290507295173343
0.003948274675723489,0.001404410903600225,0.5786871369920781
0.001710850235792002,0.002491881571588673,1.9245377550057747
0.009781198831729145,0.007554915046543387,0.360120623667226
0.007855465658245648,0.0030506628614838317,1.5481343238878158
0.004760227518371966,0.0017851035030477858,0.6926708653171522
0.005412709381458609,0.002929835228914044,0.4557427137862228
0.009356976303388817,0.001694278180857064,1.9683999089854
0.0030149440720769684,0.003880946740887935,1.528797119657489
0.0007569190020357031,0.000734626809937955,0.8169894224096382
0.005941451847269359,0.005259058074597163,0.48741944096098616
0.003532528466508217,0.0005522340300824425,1.3342125038168424
0.007443879226732825,0.007832427151751814,1.135115817526957
0.008891018658998318,0.000573600279109634,1.074975714138448
0.0027961227754743825,0.008532501051115983,1.9812707643109637
0.0074398351445763376,0.005860530806659379,0.793118910092889
0.004199742535412533,0.005966929864162807,0.14958057515377157
0.004094077019952226,0.007715749367759205,0.13988815030347937
0.004851567549863425,0.0004947250011814719,0.8349319766912221
0.0021220293627646535,0.005130413073745685,1.5473213111296442
0.0026366055535389865,0.005948991332337954,0.27955300190366694
0.007840939814455139,0.007971399478463063,0.830881046811415
0.0016414354049374069,0.006743166437758804,1.3280252181678285
0.009478110018746452,0.004451467370426421,1.1293130950008852
0.004601820738833635,0.008943145265072025,1.915651890864964
0.009459789914995638,0.0017465820764035278,1.0778286706888356
0.0035137803275510082,0.0083720930661466,0.9125615744034754
0.0033967784465025407,0.0025558742621363795,0.08005655786706822
0.0007729879791392014,0.0014270041383991296,0.7380368264686121
0.0006628490707314727,0.0018020566094990066,0.21077342946624333
0.007163879673111775,0.006025381971080774,0.8692065781778997
0.0056058242834423015,0.008905777553150137,1.2649218600096586
0.0071915431789827886,0.002616239173274728,1.642991607214614
0.0008579599976676089,0.005214731407359082,1.68493512002481
0.004756031465831263,0.004805555976519934,0.7825993402511509
0.002270161361504038,0.00618968088896452,0.46430254925263326
0.0036082883858785278,0.009964362162201246,0.7996124654833616
0.0036893515669409126,0.008102072802219145,0.5632662496557433
0.0022965464425550365,0.0014761524857667464,1.0051790159003722
0.005186524293708346,0.005422047447263128,0.40180813352180966
0.008228533698391187,0.008027511059711384,1.9159077014280645
0.009164362331548643,0.006710566324208066,1.388611391468032
0.007217056467322173,0.006537028308205284,1.5847465615169973
0.007000065750927882,0.00578051440902903,1.8929381783199513
0.005304123717026924,0.007330749952254323,0.8152853430846005
0.009536565395797105,0.005795941376895597,0.42069748593635464
0.00033517804845434096,0.004057229069739286,1.7947939449415602
0.0028833081113710858,0.007136831665425074,1.6805506366851024
0.00437126800214107,0.009790504227546964,0.6627778308612453
0.0019368163377629212,0.0069529577239302014,0.30724859382510117
0.0012801512353231093,0.0021051666690522896,2.040510498839977
0.006736686635500786,0.009911947604419628,0.8953967256567167
0.0001061848617021055,0.005440601319057695,1.1945031971592817
0.003817975474408879,0.004324327596500465,1.5642453566154568
0.002791487643692504,0.005949022014505772,0.09831737496899624
0.0025386211871233433,9.021576133253162e-05,1.3530533988077038
0.00760814733542236,0.008556412702111526,0.16660606613100554
0.008246685463945377,0.008442704880128498,0.03063213782214906
0.009740713074594173,0.009274429605236471,0.5001685371501561
0.0046781963485322394,0.003951260730405589,0.287364446847974
0.00783921361933391,0.002089954575016584,0.9409590191318672
0.00838644959380801,0.008435469961967283,1.189469170181703
0.0017366487099701778,0.001574757826623514,0.8057981820957046
0.0088995606560865,0.004454956366509524,1.1384746744937355
0.00045767702297002446,0.0011147637721733539,0.7977466094056888
0.004523922455922168,0.007055851645069869,0.8246694350226023
0.0014092844645015679,0.0028360560338672224,1.5627723710736185
0.0018185486903161963,0.007261101494639619,0.92227194090123
0.0005935968192241237,0.006878738738131756,0.8891574096054878
0.0012705325668123312,0.0003647777051571788,0.15546841965554453
0.004621623046176117,0.0014345831493579742,0.979099918243589
0.009168561002169586,0.00741471315775082,1.0326103633934882
0.0003796883667035056,0.0022640833243636016,1.3877240348725213
0.008722550445062486,0.004521713938453233,2.000960611921062
0.004581881620618156,0.0019112508659548755,0.7357667257890741
0.006349666439915544,0.002734888879176419,1.8742562834599197
0.0016372727373447382,0.00154109916050305,1.4938088552933269
0.0009211517989544215,0.005024875420957597,0.8558263974654415
0.00036334725501733443,0.00011359865961203198,0.47701628364897797
0.009872072215373274,0.006194174187597355,0.36309652345143867
0.005707960642210639,0.009494426265081799,1.3496870573310242
0.00637439092769829,0.005337400296145301,0.709563835010962
0.0022764601189618084,0.009819481399688674,0.7702010572945023
0.003110574149530513,0.006755912136855089,1.6605134180564607
0.005140386060709773,0.007835089159151617,0.7150951597304875
0.0019171541393215264,0.006651448575075417,0.19482711854968085
0.00936426919173139,0.008547174008641202,0.1020840583694147
0.00645326221747638,0.0017033188945813028,0.3053466175929807
0.0012536365318447163,0.0007563379710094864,1.7184969516367616
0.005099186012753316,0.004973499212331194,1.3802296560579352
0.007116904193120878,0.006320815064248837,0.7933585905994642
0.006462953135522507,0.006948447465128395,1.5346466395074063
0.0028333160934733695,0.00333295112014829,1.8675476947445147
0.00043894743647929224,0.00803163308916116,0.5065185374387783
0.0043390781956764895,0.00047673482289156243,0.6033873677497327
0.006109856133980795,0.0019042733435669535,0.23985826067451918
0.0001507313498653784,0.00036537181798612764,0.6460634778642561
0.004995419382400184,0.003951007258463246,0.12749569632740781
0.008983081203568069,0.009645143752113705,1.0093378227778087
0.0033227911592310856,0.0005028488583649548,0.05692084042815816
0.004045619031787432,0.0029249127469233426,0.961433071613581
0.0036804346985918435,0.0005495444277257244,1.1490851437037666
0.0023865774120025354,0.00131370621754496,1.3933592340613077
0.0003037870553515465,0.0026231407271330854,1.081936251671145
0.004673473037993515,0.00908994758796463,1.3757396813230347
0.004709711273532805,0.008775955372642346,1.334281087383684
0.005606002607098778,0.009561721752855044,1.992121627673563
0.008866340104229516,0.002189327857874449,0.8374728383239896
0.0045782782931933705,0.0004599411356612393,0.777828318295797
0.004917917695357694,0.0043011500678275805,0.02380867658168563
0.003536599348740517,0.009210605061300293,0.04324682920585647
0.005003034191262599,0.005355356536732486,1.9885868490463248
0.0033046762909096773,0.004109234604481195,1.1683601160681398
0.009960344550831262,0.00335591611814964,1.8490498042446617
0.006039194335205063,0.0006418409467873543,1.7518446943613597
0.009156013730178996,0.007568248631531598,1.171362996019576
0.0011604894065965388,0.003029422898455839,0.3678869015315341
0.001853316623619794,0.009795441103317135,0.9112782232757506
0.007118864944577318,0.0004735727030834458,1.786901488440009
0.0003516794011595015,0.002754835461827864,1.4772978384791495
0.005059223931410251,0.002943484065169544,1.4159158815008794
0.000609968705995847,0.0008195108276170327,1.020993486785674
0.004077778727206945,0.0020791259878325686,1.285435318847716
0.0011627896277711326,0.008554823237052856,0.6782025277416981
0.004284467899274161,0.0030606071787647295,0.5834076119831909
0.009934246879723425,0.00699020673126181,0.6082235512477786
0.0013580477044556438,0.0006431541977153821,0.8697626993615221
0.005045252724268455,0.0010596975367090256,1.8595403222271523
0.005755479951253065,0.001073212792211029,0.3415367691435709
0.00041974803877225185,0.00401079028380208,0.17884438470523517
0.0011335983705117669,6.00160471643052e-05,1.1807345924088533
0.0063113227566022655,0.0023888452700614304,1.2034008657791155
0.00014224791031981489,0.008053601547686964,0.08238350758680231
0.0013857901992988463,0.006971432169040174,1.0592416014164734
0.0030003210784891477,0.007134612077235611,1.9223220907344745
0.00880842899851583,0.00748785149407563,0.18015019670643023
0.006362853339657227,0.008608650654448751,0.6011750530349874
0.007053683200533233,0.0009371057100373292,0.8351524125094295
0.004812112312366948,0.009868337436553451,0.6227584896615938
0.0062378245398020836,0.003277095299058729,0.6765457025194914
0.007782914523788354,0.0005276592389290257,1.373098594965123
0.0009546938929182625,0.008548942154696718,1.6680033632377067
0.001160341504777399,0.0030843678095236484,1.8257757696886192
0.0028008494238710656,0.002959458033692675,1.7110285994972152
0.0028146131382021998,0.005212707772081818,0.7513285025592965
0.0027988999393672733,0.004387044071026731,0.3003511781545441
0.005095827586418315,0.0030578204231271867,0.6428872878831356
3.1415711082256604e-05,0.004768165990046005,0.42808158436410415
0.009465067026187643,0.0030212867793384724,1.7859709412729556
0.002529438429984888,0.001581551888020466,1.7976967798079846
0.007568787807641322,0.00463127924337162,1.999912684959263
0.006905678749376511,0.009379478128321815,0.19773035235168399
6.950951056068355e-06,0.005435551120027943,0.6443324885902181
0.0006784982425750674,0.005985482006618476,0.04849276213085183
0.0018492941749455173,0.005437104392712533,0.4831587001909093
0.00947420847319917,0.006226269898147786,1.4918771232770953
0.009897886201176983,0.00829265758355525,1.9861135269725583
4.21575376152894e-05,0.0035604960939592247,1.9594723371823342
0.001339379807890534,0.008489381865921842,1.2599334403316114
0.008886163459087363,0.009489607869581534,1.98808349939412
0.00681908616408486,0.0013002151907909065,0.5843898672652705
0.0003424674945160322,0.002620085311237991,0.9461106417313896
6.46390584490808e-05,0.009489322438820433,1.5032533979684863
0.00011789311665087676,0.005824061696056201,1.494829662691653
0.004838586647787285,0.009169472181908379,0.8955794296129017
0.0011697898642008043,0.0013200353636638707,1.7415279198773148
0.004941585072021367,0.008101702574666355,1.4074665315608832
0.005678830983453378,0.001916451612407546,1.8856054707034575
0.005983342816966387,0.006442141740928624,0.9639372674062743
0.009802443211682962,5.4714593425123634e-05,1.8920117119479842
0.001148429646396436,0.0051632203057681725,0.42861533274451236
0.006927144673922021,0.009011008393949034,1.5753042590166964
0.005284837191382758,0.0038901737523669177,1.0023031296437293
0.004577772756194151,0.0063260956412735814,1.8756841809114067
0.00017089260923236038,0.003129457995085546,1.0045428772903828
0.008149053215886867,0.0011200794813245785,1.644366273401381
0.007629886889882673,0.0060266365221898635,1.4851852152239164
0.0019065928492357142,0.002291517603917631,1.2181319620378197
0.0004088116404501074,0.0012936364814481194,0.5356710963539265
0.008428141061770962,0.00987145456417114,1.534670576216875
0.0001814545561125236,0.000989439907581695,1.180563878820586
0.0007732610190237633,0.005501870018621215,0.029343504465484848
0.0029886582978434907,0.002264795467754125,1.557515543068453
0.001734964247001475,0.009599223571791477,0.2094305910533008
0.005773392873954325,0.004416940668677775,1.9387787183242624
0.00040008397555258535,0.0018340196873333125,0.4793950814899672
0.008223208209849708,0.005020855955554364,0.7762188673781045
0.0050224825911769555,0.000628849916857791,1.15106231919127
0.0033007609481078694,0.009351201375626209,1.7859055233779633
0.005254984581642562,0.0018333350862808372,1.8040864912981314
9.800550828081733e-05,0.0014182938670357715,2.036887579518057
0.0046384021434976086,0.009208103402910025,1.9201591064670989
0.006683570483326128,0.004816422912359603,1.3001674575561808
0.009555897213757124,0.004023096410250559,1.0720577463695706
0.0037842138713419294,0.003688848094956042,0.695901430518837
0.00984065825012346,0.008072810603663114,0.4891614610022385
0.0016831279960331182,0.007533964537123243,0.6546639956080986
0.0030563587223168586,0.0014207666251685458,1.0893679702066288
0.006859379790783056,0.004958587831201855,0.5963904272381696
0.0024078186657867096,0.008002979203980196,0.4412342697116305
0.002634292089870439,0.007038525069050461,0.7964105604876801
0.005912488797799023,0.009153566477687695,0.4325312749780761
0.006885792570886307,0.006760671626531527,1.0464810332854098
0.005348388098442076,0.004622680567449291,1.264986084927891
0.00600946022958214,0.003582184945307716,1.5786162939313804
0.0045529981937860895,0.007133036164436944,1.7434141287602491
0.009212345596529494,0.009349839226776674,0.9813827744916725
0.00960312768870231,0.0018385668345211948,0.0007342594670423746
0.00816270761722642,0.0073816386763189135,0.13442558596332288
0.0055810361432879485,0.0034687154022077582,1.807765273350644
0.008835962277472778,0.0001775724358961972,1.5410700043806922
0.005980143556125507,0.00941173058492944,0.9021257590838787
0.0011213633543508828,0.008960619992864658,1.979764377511995
0.006086995987516485,0.0029526717271625915,1.506879871919448
0.009164858332407686,0.005632944778181429,1.317280108271879
0.0032747154639253917,0.008047325252556466,1.343949501902588
4.889051744570549e-05,0.004801446026365879,2.050916430557037
0.006246795006502259,0.005441959913275781,0.8686175614937436
0.006401923722366247,0.009457196571102066,0.5851957682481586
0.004213797703218858,0.0015515799097411964,0.21702829206293464
0.003935274707032739,0.008877820814756214,1.914557501851567
0.00034634943620939665,0.006799405183664342,1.6580408235893662
0.004744409440678793,0.006721200529555251,1.92320814647758
0.003074844820213564,0.006181946064150965,1.669328074598267
0.009836371383362819,0.006740160159249789,1.4123781651625689
0.002731512363854093,0.0008656727625860406,1.5614723555847023
0.009840201453054863,0.00685090887061837,0.5541906789636609
0.0014426007853101986,0.005293191429589858,1.9201604932951872
0.009081761941140402,0.009430340465699853,1.7159666397650697
0.0029299113222212483,0.009281497570268008,1.3334387233206344
0.004957999500384198,0.0003655127794606672,0.18569098819667249
0.009301350454548529,0.001427465105359158,0.4961705450741664
0.006495196252135408,0.0041397419631434,0.6861107125792986
0.007023358048283956,0.0027146412567639233,0.18804675653302055
0.009253219529698433,0.004346215071350129,1.1132208110622894
0.005619260040941384,0.00635171615901893,0.9118112228691588
0.007512079940324834,0.009971941465091097,0.5822133192161363
0.007704951382826172,0.003705927126706712,0.98162334834939
0.0028563586425969225,0.008301190716975099,1.9799050137645364
0.0043304764516498995,0.00031889681166092146,0.7328101342094061
0.0008078464526185558,0.005344121956818674,1.3820746622862727
0.004224139612038301,0.0076069367884760665,0.07555037601196622
0.006355189000045177,0.004704215424132892,1.3411227254581133
0.005160614183307612,0.008230825702038745,1.692680403093432
0.007662157859064545,0.009446931092096,1.4363454610397264
0.00796249287061276,0.0073412639296986035,1.1846563865150113
0.003499780988947977,0.0021385286274422824,1.2588063208794937
0.006174446233802611,0.0008797702598364344,0.291207852591528
0.006988267936209226,0.0005114102462889037,0.9267411575465146
0.009558935414420915,0.008789188602906433,0.08516951862745074
0.006365568915810158,0.007536446799360298,0.9340473582691475
0.005035912585853193,0.0008816846469335526,0.12247568445626275
0.007791999746297428,0.002894768571327957,0.4174537287743339
0.005805083194426821,0.004674996569744078,0.9685901408147045
0.005125057193551874,0.004986765296658897,1.2740795684836248
0.004809183085072542,0.009558428240057879,1.256509800488012
0.00987334107047362,0.007107031611722239,1.8569277942427898
0.002676556792106769,0.0007873549887646303,1.6036678512754146
0.005945791942421293,0.0037701772312611925,0.6054534765323805
0.006837536589916799,0.00932876538311215,1.2065609028759077
0.006375110416547769,0.0016917936487814756,2.0071276195920675
0.005327004597070199,0.0028986831726646347,1.7361931436094495
0.004728194087528618,0.009626702364965111,1.694896706496714
0.008110958456304319,0.009995517196096827,1.455688401755984
0.0033296042984627973,0.007459102448060059,1.8084033611659305
0.0086293154963864,0.00712155096520366,1.4765608816756308
0.002181515301983286,0.006414200685051376,0.28318922936392654
0.004778392279097988,0.004177719587519542,1.2061820396006184
0.005854223607515044,0.009647137373393119,1.594937389948945
0.002587489864475192,0.0035815968703890857,1.7261557576503692
0.008406090839633663,0.006903217329610445,0.8038946781330414
0.003238226545843401,0.0032052783767530925,0.8658830858047758
0.0018040078053874243,0.009667658362976792,0.9251863862138234
0.0012600397823036647,0.001323616549603971,1.3627902942568273
0.000958350274721349,0.006907449493254594,0.8740762845100347
0.0006141651767262791,0.008025414095537508,0.12490035482145717
0.00767038900495331,0.0007573034281459157,0.8966040598561148
0.005719147711537611,0.007200777558058397,0.4995843055310157
0.008391782215227931,0.009893002003116266,1.070707207445972
0.008486047623342935,0.0033457122111055595,1.030681853951252
0.006604965447039566,0.003289057573282889,0.7206310380388374
0.008871501091473905,0.008759485547579347,0.8164693392494147
0.005746877234007147,0.009102238545750777,0.42116607521509325
0.004254504927891847,0.0020265265457433536,1.4177520766707419
0.007328261545890882,0.008843787090516218,1.8062506780179655
0.004008405272680022,0.005334949620560173,1.8988843089824026
0.003304964224709801,0.006168595471944213,0.843066491012685
0.0008064343378141325,0.001916388074462656,1.868792764138467
0.0037219190609922535,0.009232992820898038,1.9017115068298593
0.004281956526759012,0.0026024974135568537,0.48124182897687423
0.007707805784581582,0.0075202366169109325,0.8296753387441077
0.007976208384742632,0.008158763317896037,0.600087173754294
0.0007033705550168645,0.0003351865766437345,1.662137362832086
0.0041264760085324755,0.008537675119267691,0.35846450947460545
0.007321689817653845,0.009112163741470024,1.7759570843211665
0.004062987177116394,0.006471706167608503,0.567670884140265
0.0017023868397588794,0.0024279754598305336,0.1571662393343868
0.0025897625411409777,0.004405887093062952,0.2900337871148872
0.00850338490046132,0.009575049265090532,1.5178797717083412
0.0011453140945564932,0.003990473230436132,1.284055344992402
0.0032005051695111588,0.0010787953697130892,1.782109018153575
0.008577024549081281,0.008522107839544154,1.6736748109686879
0.004095326520934904,0.008425733186733063,1.4815544863099732
0.0028340343339202058,0.0075829466560085506,1.2666904142219837
0.0012502661226975742,0.0005672536343666934,0.3672726031989886
0.002459906903969712,0.004437403094801276,1.6662366488673854
0.0025466276826555958,0.0025058165125918133,0.016701685823439772
0.0024971888771352425,0.00515381388418365,1.0023137982286052
0.009823890082509749,1.258518522965879e-05,1.5456483122434819
0.0007007289776703829,0.0014149126714923087,1.7987427595346164
0.005607162306919933,0.006265077320259517,0.22124150220452823
0.006341703984073444,0.005196602302629956,0.6435193509693597
0.00838402374650885,0.005994942947659177,0.5995123037041502
0.005797139548646959,0.00604471362668358,1.170637540900191
0.006861941211264487,0.005182949131313124,1.1922960746177256
0.009600754896258638,0.009675223722576091,0.6636777870364191
0.0070199522880352765,0.009066404161438894,0.1753521360812606
0.007891845078352857,0.006681830109222345,0.2866490303606227
0.006123963758076057,0.004521827781581441,0.3103726444851357
0.0003863003318533931,0.005424502889324607,0.22522252577747987
0.008369510954403163,0.008228368015880139,0.5131730574139036
0.00434268507453861,0.009729755159208816,0.7735922979173263
0.00950010459851824,0.0007891331897425346,1.1757488134890115
0.000640211476886502,0.00271457072552853,1.2854584989342102
0.0043869533613105725,0.008904953730219529,1.605846570313456
0.009913484997516726,0.007604665283683901,0.6337369621340122
0.0030774881222368354,0.00201252117085588,1.8332551128900954
0.00837810195583275,0.0006453820952368494,0.29170719206524487
0.006482306283431403,0.005469032926249181,0.16356226510258173
0.009363630089399637,0.0026133092884113762,1.8023045639516888
0.004811306942576385,0.007341502277947327,0.4007069923004953
0.0005515940217144966,0.009399352874174031,1.4253633003950623
0.005553372187695442,9.868648537611935e-05,0.11246385538219401
0.009677312903673359,0.004217669116894918,0.4644947231825987
0.007995393686111246,0.00982344019777476,0.5393789025008061
0.005375490465536294,0.005266751723484397,0.6837826241490772
0.008061754617346263,0.001168683025469609,1.385846735562474
0.009106705247254916,0.0034195853930328968,1.4421687416270172
0.0007925885478609817,0.001634119156619218,1.8646846759913795
0.0033356910579796775,0.00520979796495354,1.0834933652196426
0.005795749478041021,0.0064047788044602925,1.0848001502180082
0.0061734372113655366,0.0017215186945881045,0.25306726196535234
0.0035479682461974416,0.0026990571644612926,1.416589989813953
0.0029816717140187933,0.008689519717610275,1.8294018076558713
0.00853486078870097,0.009855706449686634,0.870863405080459
0.0044005711524789095,0.008690973203818292,0.19550294279324346
0.00810065279385205,0.003752730278840185,0.3088034449458371
0.0021669959816787046,0.007618181814477133,1.130393486514794
0.002436293381553225,0.0004715106715153317,0.3078276822396531
0.0050540905113647715,0.009623245645118154,0.44961141787414854
0.003430403695033246,0.00829969807786307,0.5294625393939103
0.002188984883832652,0.004661133568850648,0.5436223061774161
0.0062249572806686295,0.004420819936711554,0.08664756836519216
0.0013262566253312614,0.0027905273525408738,1.0475434928216456
0.004482198527545768,0.007720598911742752,0.24897342337650397
0.008202875218894934,0.008828077488663292,0.4770754017725663
0.004970858328318968,0.0016611667996661028,2.0512693458574525
0.007353837013318274,0.004865269235873587,0.31998311123071815
0.003073655635622543,0.008291721650650211,0.7561161872168097
0.00745098483828652,0.007404131521758086,1.0435462819350014
0.0044606007333699476,0.009069493934278658,1.2197501416027041
0.009658864205591018,0.006822160625760401,0.8747559631278257
0.004305785034644793,0.003822253731429428,0.43162220446981825
0.0020686366604041584,0.004638958653908834,0.23885532199296325
0.008789677684950465,0.004229130102915856,0.5448189010552305
0.00639398665277404,0.006837683465552571,1.3081466075376396
0.008081115484284248,0.0011231606339612455,1.8604439855439632
0.005726183464604093,0.004138314592953895,2.0003844747503594
0.007747052464734616,0.008581729921719506,1.437696213539822
0.009638844640269834,0.0005218164867789354,0.3616200936475496
0.0008370867929898896,0.0015303120370480305,0.3610651916980283
0.006468499692877477,0.0035436689859009887,1.3815095722916697
2.608337412406292e-05,0.003962819731527635,0.7962036659643534
0.005336267147216511,0.005189001088920358,1.270481279644182
0.0094178331090367,0.007767290214984297,1.4746141797783807
0.0092291891576786,0.0004155405479746854,1.2867972900364704
0.0014153132609165963,0.00919357133064329,1.4607558816097657
0.009673785793739268,0.00738500246131807,1.530728083285954
0.0020360644673453033,0.0010966838498200993,0.43473070212466103
0.009795118719606,0.009375072074121048,1.6379766801961249
0.009109511027213222,0.002626472000141715,1.599417371119829
0.005596071003045817,0.004358486190285884,0.5973379820514952
0.0007251031767389026,0.0069426403173770915,1.2483496913034395
0.007615285453515577,0.008534442226406553,1.3297644933283672
0.006864927037446379,0.009740010215212378,0.5567477322695712
0.008027176606842304,0.0024291191018235214,1.830591092658552
0.0008534023951454906,0.0016616461815175565,0.30790057905554474
0.009207621284136533,0.006049933085496562,1.5856958151178138
0.0003832397478123395,0.001087215063027871,0.5008065959793817
0.006776380895032455,0.001722448663976055,0.2327217729743599
0.0036191706769526113,0.0017681904083379474,0.4554048626778751
4.619474182766981e-05,0.008123256482907291,1.240154612213051
0.005239228836356386,0.00391992269685586,0.9989656734823054
0.009988002412419619,0.0073119073320024545,0.7551760258698144
0.007612439686672998,0.0009676920046491522,0.23137696849862202
0.0067072497025629264,0.003964887826631023,0.9297026885488443
0.0007771804978442887,0.00596984554014037,1.8235796563613877
0.004659032816652655,0.00495287659679084,0.7971726219835535
0.003859412266782667,0.009152271613682879,0.650373589573122
0.009172100369179792,0.006666274350405082,1.3489270527759676
0.007548922502525289,0.003814986573159787,0.25635936254258135
0.005159660220253544,0.00829031438153722,1.3556549549585615
0.007705415581486313,0.006771483824419948,1.7729843039307422
0.007474388776555821,0.007903965779372298,0.037316309847252226
0.001959663059177713,0.006313026539737135,1.946609251086607
0.008651706818227243,0.001799218544992558,0.22601464548415323
0.00016410703127041516,0.0030582948496341014,0.5513271061403625
0.0003956465150678712,0.0016526880220617745,1.6690506235676807
0.003939423637639451,0.00556345153567906,0.2113591061284801
0.0011985263268091374,0.009890026066175303,1.3209532132832271
0.009166020073458984,0.003483989887211592,0.1316067057285507
0.008254435669744247,0.005302042303386164,1.021009707268374
0.00656790204191917,0.005095442144085861,0.7457802872878001
0.0033739132822876304,0.0006143469616334551,0.11083925235526505
0.006064614313414433,0.0019105072539787615,0.5945044337247425
0.005802603986769876,0.008001414195951812,1.2137608778142484
0.009301341146301488,0.00028282289765372285,0.10430727956039813
0.003919491994726816,0.007628394085806983,1.4644261810088373
0.0058747601562634715,0.0011758588434376104,1.8564718740718966
0.0014704865876683914,0.0030735325250229473,0.6612588798177799
0.006355638791595884,0.009837211102778588,2.014352985428212
0.004557007261931113,0.008375392288414257,1.9385268165968963
0.009280636717125793,0.004521034557751166,0.28520990927900564
0.002226396225399776,0.007047974012215711,1.9221104896141852
0.006820165113774697,0.00274865465870306,1.4500776122224472
0.004176383746417886,0.009484621760569044,1.4047129213280978
0.00398683884282587,0.0062343960104132715,0.08961411482193407
0.004117182143028305,0.0028375551609416093,2.004391691592877
0.00581574435278235,0.004427089459359431,0.8383872030789709
0.007598788404837752,0.008191510243453244,1.1684080096112217
0.00895663496633777,0.006097502182660205,0.8764722368539505
0.008618472688466602,0.006051457108450377,1.9026867022627645
0.001907092816254019,0.009561474414736188,1.3844536867386603
0.00899375570802167,0.008898097846735958,2.0404460372782554
0.007525520186017435,0.002432356734359423,0.3086283119980911
0.00714319930865277,0.0007827264259713407,1.3714366139257845
0.007558930199653902,0.003788069871833342,2.0182239552544954
0.0064740998912677815,0.005866906624010277,1.254730538056265
0.00520042432539387,0.008976515887106717,0.3825849158845942
0.007474881979290261,0.005726947525797066,1.5522952479728864
0.00958363840236492,0.004966299075206308,1.3886807444509686
0.007782841600108656,0.003971390113965516,1.3567318662314558
0.0016150166343741512,0.004103018539979967,1.171954641006113
0.000937703266948573,0.003650102515024515,0.8220461776548287
0.0013546431513487755,0.008018407342232426,0.028047736301790027
0.002422171922741744,0.0005216937093153051,0.6971247010001141
0.0011508228880321369,0.001606499228613646,0.8769536033767033
0.0015989158863075937,0.00566716530045003,0.33380751657593877
0.006421156543012351,0.0032138953877447565,0.4088989306667886
0.00934345539313247,0.0029597410681670823,1.618704311042247
0.008540353638987707,0.0016140389267006207,1.1372002648588608
0.004855858034882734,0.008228704437280434,0.36262331039774465
0.008671573022929353,0.008998904074451074,1.6770763643355913
0.0026696216973506695,0.0058349483052925755,0.8525344245028941
0.009590014115351693,0.0018749683550910523,0.3462738186590988
0.004050089820767368,0.009421391336562767,1.435920174158849
0.007251050041454359,0.006661652698179709,2.0366788959441804
0.0005697111132416777,0.002579097269140369,1.4630859959585658
0.004237304426363337,0.0001277340870116872,0.46791894118875044
0.006460098763428191,0.0010971541207680723,0.7913716788597025
0.008387480203374978,0.0003949173981070053,1.1861773297233293
0.007100885075374401,0.007409370361997795,1.3055003851761195
0.007264767924005685,0.0073789037046029515,1.1741529723061674
0.0005994444948916455,0.009979870303923203,0.4865855983478862
0.006979526588892671,0.009937811646640095,0.3060132190888707
0.0027607586674237906,0.0034282763393856685,1.1322902731996622
0.0030016825360141765,0.0016576154738640902,0.13977793657590518
0.009462380668245956,0.004667489971460702,1.9457437118839065
0.003973291797953558,0.005116368933720119,0.929183396174003
0.001944579615193095,0.006255493618705876,1.7650983566133627
0.009736926710152673,0.006768914669720415,0.8740640090049971
0.006031204934129047,0.009119790364898501,0.7756817842092942
0.0077572866590290565,0.008332835904078364,0.671086187688621
0.0013313826995634658,0.0015822587090761843,0.15378000209105172
0.006465570995567215,0.009997487368405021,0.5611718831107165
0.002344845306384119,0.007837350570831219,0.4522907057873263
0.004846950987753571,0.003478507298585527,0.36124490671321147
0.001038364579403117,0.008294188783261486,1.7883470239262442
0.006266790676399606,0.0032988569500712463,0.928766082745938
0.009045750661338512,0.0069952330146683,0.8241733975970199
0.001687546072207614,0.007844944380173002,2.026732890130062
0.003136667064911958,0.007555018006264532,0.9639170696544349
0.00032196272063021557,0.0046356988379052545,0.6882372316250012
0.008843643692168661,0.0004410867779250349,1.9929651379998172
0.009042535920306197,0.006582824037083546,0.1916316094916408
0.008558566652050568,0.007098407286252019,1.7868440167919444
0.000430104630550906,0.0003199256617727764,0.6979008426883682
0.0069822700916902045,0.00313064917750861,1.6409578362660802
0.009076808201361785,0.0029091120725737497,1.8308234156181682
0.004872269631512845,0.004207356312840321,1.898898168196152
0.008955818705169719,0.007208341998241586,1.5975133939651955
0.00855569929692902,0.007405032314515283,1.973644956944463
0.0025107452546717225,0.00936913124147622,0.8713342742597469
0.008589386250788382,0.006945686530894485,0.021704751250561972
0.009177340729883186,0.002912189433708503,1.9663280262737837
0.006441736039348853,0.0070509607327306515,1.6500000273243347
0.0053360982474631,0.0005785608555162458,0.3945781836588127
0.009502619834810168,0.009859757438570349,1.2262490575705771
0.009200568542757012,0.009680843299411167,0.19583574956346206
0.0047387756436629005,0.007377256531469185,0.1744823048272117
0.004468941792564929,0.006181393582850026,1.1828625719952903
0.005446684822642668,0.0073200016973365215,1.005622540534245
0.0054712134393609625,0.009585432249323504,1.8820222182958384
0.008112703091355174,0.0055771940312521456,1.2978361654530606
0.008239349000030458,0.005930735057351095,1.8429618475481098
0.002643342744315017,0.0033488637191767625,1.4224109814813322
0.0006941714217691942,0.006145125081982611,0.333590772249559
0.007320575659099156,0.0016676794178627685,0.0699457122025066
0.003465091137207157,0.007693647571777071,1.569953486085941
0.0010304405256778338,0.002069547866652627,2.0084149302284913
0.000540896807193405,0.003610787329789398,0.6800388446530483
0.0009299024527580912,0.008357996370701854,0.8692556333141772
0.007401803118929287,0.009806727525329063,1.0047478938072354
0.007291382975846262,0.005998254281043149,1.4909635454758368
0.0012597716531945501,0.009341263770482092,1.9935420547309963
0.008141665985658469,0.007836930593278023,1.4198179719146147
0.007447858320128295,0.00573055783565692,1.7020009757848933
0.007660731017291169,0.0016218680196965329,1.3874680212258703
0.00993400347050575,0.0057711322168553,0.5332724274994711
0.005057645890957659,0.00618393157128827,1.2634956042481646
0.004068748368284104,0.008560089543958576,0.02917096197285523
0.00533897650240549,0.0027477041080743135,2.023002855659328
0.0006367350684219475,0.0022516156103523487,0.39040168747369525
0.003615204203709137,0.0031807050783606294,1.268441216547119
0.006123617016933135,0.007867386633645624,1.0555566945278174
0.006370941114349733,0.0008728276354598685,1.7982517658803763
0.007753349140100946,0.0055284402063884505,1.031416724420339
0.00886994741537171,0.00650027589695601,0.10408347025715248
0.005032952157858558,0.00952165248296979,0.443145752939514
0.001964887730583993,0.009438716814664941,0.09231621816114896
0.0008928568740095189,0.0026792797349465126,1.171591445037524
0.003040889943352071,0.0037491744282132622,0.03422824401017853
0.0041998332871745194,0.009446290445640609,0.238934968581048
0.003375577146902977,0.00031336070209951996,0.22822951674972872
0.004507983514643877,0.001195639725171692,1.940306984991469
0.0004363783552161249,0.004365017662650063,0.6727726342816236
0.0017497939525263774,0.0013468735294121094,0.07338708968552074
0.008895953095535248,0.0023254686509694765,1.2144923152749947
0.006026210841994905,0.005175676043543961,1.6698496610072617
0.004075564540698825,0.0031265170130569332,1.3894193913808495
0.0067239394398312495,0.0016762148655062137,1.727935562108486
0.002057958075588221,0.0030900857237483115,0.4055269861089352
0.008200481447325138,2.5206245019040453e-05,1.2965933361504471
0.003796896197110964,0.0020698270468511824,1.7944592277956977
0.0074690241792063706,0.008238298433349322,1.7245067558004257
0.0059981615339743865,0.00821525935883616,0.6165615517192523
0.0014674378029078984,0.009532643138093029,1.175781921276916
0.0012426402133091407,0.0014703617396000835,1.8722550737951886
0.0094281953717456,0.009305493488708953,1.7945312656591315
0.0019454682113078858,0.005195340160852595,0.31964691518720195
0.002136016749600812,0.006900503917578352,0.8704698808087306
0.009164544568449116,0.001341295555519788,0.020989347813596432
0.008851663600999439,0.00020032530812741478,1.6691412686085105
0.0066558319917131995,0.006110738413007541,1.9854864706737583
0.009853613490843157,0.0066080394300562185,1.850442474014411
0.0036521561139398373,0.004630593880461958,0.25573534120086944
0.0017053220688799864,0.008539118044045233,1.4200067531070073
0.008054258840449883,0.0056484046797676225,0.9137030123539708
0.005547997782509639,0.0026480484826820385,1.22586651874443
0.008322426235055629,0.0045086940182136916,1.7821418760801426
0.0028427271453216906,0.005552845657432465,0.8572450865426869
0.0037437078310173146,0.008894655977571506,0.3672097631862488
0.007229014531884478,0.0022407783712656525,1.9577589207341732
0.009994548991152777,0.00793657750943578,1.1079498458314967
0.004063731320021842,0.008557886593988413,0.6855860665249031
0.005593643945647606,0.0047206563257541695,0.937301731662152
0.0050766181781065805,0.007794307373312645,1.0499735649245834
0.0007726019964802999,0.004096606649904862,1.689707619817838
0.004614575263630364,0.008549089027265531,0.8417292591248655
0.0007914298382215079,0.001534385012025098,0.8995619986491891
0.007650889288182771,0.007507621665401934,1.0049475373298187
0.00018637657676417896,0.006478155886205856,0.7732947933339881
0.007384399613246795,0.0018740421623499083,0.7934896431626887
0.0009269945928055834,0.0041843398582133585,0.7378905145627327
0.004130254017341366,0.00850724379705266,0.3360071758556368
0.0011683442871853256,0.0034764041510542487,1.2705817768148484
0.0030470144483079878,0.0004087164012036937,0.6458834361823051
0.004962827027006344,0.0072071711519042375,1.8788832976194207
0.0044302471919223495,0.003312190528286536,1.6859599461985644
0.00777933935638287,0.0003749841209548044,1.8653541823884339
0.008312573133513811,0.009040784905046206,0.9105631872333008
0.009640189181790696,0.00366411967471873,0.7801246216378998
3.2301608381092304e-05,0.004372479587198132,0.8102845843225773
0.0016950765377966503,0.00044943741505112044,1.4421470923333937
0.005043712771633375,0.001054753877808533,0.6414435194090206
0.007910422868914977,5.9594243685631155e-05,0.2043993672898933
0.001487140668708047,0.007425453355628188,0.564837384731731
0.009649654207719734,0.006922896951263801,1.8367157966605097
0.003487758991360306,0.008047286561044253,1.3151731897903562
0.005970196915051873,0.008288618703244741,1.2133298842632492
0.0037183637271512673,0.0031932298109143666,0.5525010683137658
0.002476879400220775,0.006812629487947971,0.14616862807336267
0.0014641919778208856,0.00474777184035303,1.2419285726626346
0.0011287786060267912,0.008238146766783002,0.3306370345908286
0.003583020337047608,0.00829633937537092,1.2107165391580814
0.0015587053054598888,0.009516462946697831,0.5662935435388395
0.005601169784043228,0.0033287918620472324,1.876941789719618
0.007242747213911547,0.002448294427279404,0.9330787425656284
0.0006149893534984941,0.003409500365874042,0.0828132213790826
0.009147155870825038,0.005649568041489751,0.8686037550304436
0.0039974850043433775,0.0007688467936233878,0.07916416975722222
0.007176510204312932,0.007578103774514121,1.282356709549433
0.000489311914918309,0.0005168501497130928,1.1704751612546116
0.001886145678971336,0.0027588285359391607,1.0960221877387482
0.0044899789125188525,0.009472717883328294,0.4239405005983974
0.0079374683827979,0.0067618138688662725,0.4667753759066672
0.0013365542187121604,0.008334638492651182,1.7780530542512079
0.0003667321572816418,0.0007894299605652733,0.4231765433204959
0.0011510799210705403,0.0004371066591843964,0.13409490780175112
0.002439511326126209,0.0004215303743109766,1.8876596166599031
0.009970478724069932,0.006958654603267082,1.809119183143346
0.003801643241635082,0.007793776025092272,0.10507471481209338
0.007735811298610138,0.0011192750882221846,0.3622672784334371
9.934731998286872e-05,0.009841623177830688,0.26029523914999736
0.008421685794384154,0.0010979566390029172,1.1378430610184245
0.00430025341995059,0.003330298264203607,1.263491384132815
0.005386599748472385,0.0017416993061478247,1.0533922716694915
0.0016464483789554263,0.0038457393813679888,0.2586978354046157
0.0080393417701104,0.009268952802681554,1.6404354800924477
0.004807627970561013,0.0047224234482668975,0.22637811129865443
0.0009114469076066311,0.002768783930814296,0.704997449128504
0.00737413164131848,0.008428465584836954,0.006742797270082064
0.005450455364084901,0.003307305979910704,0.8032740150130177
0.0020216687762483255,0.0015549340739808293,1.7605402871979483
0.0018783415771612656,0.0023367170297731977,1.6527720177531375
0.004174119239278511,0.0006964945256183963,1.0593606465046512
0.008999256221821642,0.004974621856183069,0.8237266328976511
0.00042264625855288786,0.009407044869338145,0.9762672445949433
0.0033601082660794945,0.0041252826023324175,0.9349089342653167
0.006880523651441839,0.0017205344313991878,1.0768384276245295
0.00043614686720000353,0.009829344461316397,1.797246816564361
0.0008310550740649581,0.008306877385706658,0.42954072612433103
0.0056724288844437155,0.009694652208848327,0.21137199041776034
0.006752010376220155,0.002893406325614257,0.09998241446042803
0.005167631752282473,0.009256658830809221,0.5604499419616483
0.006169087192384508,0.0029114887241190467,0.40715909586060334
0.008903078286748462,0.005320690532569996,1.8882976475801234
0.003282326530804345,0.003548269392447375,0.5829405476672732
0.007831772859540663,0.002972163317277156,1.202997710891351
0.0010189085825985256,0.004197241501633145,0.44758260489963475
0.0015375555581437562,0.004823614780337138,0.9869424458174721
0.00030123003264135526,0.001944861103364075,0.12744099305102274
0.00907925546923398,0.0096919161370513,2.0135023053708765
0.009431994882316986,0.0023166010029702167,0.08707239242858167
0.005875640960539948,0.008122636373877208,0.7300414227794327
0.00568213968402187,0.0002953978890248654,1.5728388499514285
0.0022575782839428693,0.0035729540898921277,1.0429600602950013
0.007161957177123826,0.003318419985227168,0.83179676086229
0.004116372103166919,0.005497716085336826,0.258054132314971
0.0004806354720695438,0.008789740940618384,0.8894470788833833
0.009708281232864591,0.001149590290556105,0.6493173097123094
0.005621345266409712,0.009431087653015967,0.18930658787884638
9.921162062405675e-05,0.007301740901298247,0.8046385943806464
0.004266925162667119,0.0012441391939587232,1.6320529029744009
0.00926566812090244,0.0021828012343601123,0.6985800134404464
0.00622950471465181,0.0008239270744064886,0.5431617404535002
0.007140482457129794,0.00932038124059576,0.9300230203204414
0.004607213729658797,0.007737780059036018,0.2594243019090846
0.00273470451407695,0.007104182957183284,1.6466922436814104
0.00018441515827177234,0.007329934369042277,1.2044954453276693
0.003739350178466615,0.007353027370339266,0.6677920874241671
0.009961951016852858,0.0074197086393477584,0.5064561750961368
0.001156275054403566,0.006125338503623539,1.8102954329778485
0.004740878804334776,0.0004044907631656236,0.4667194107495396
0.00921269826861151,0.008760750978763656,0.7813839626450738
0.007750046818487081,0.003983013607921138,0.6198929707146263
0.009600992169217034,0.0045116925778932475,1.4934305198675888
0.004957352518871129,0.00045236471908795316,1.190099363050374
0.0003982061937501658,0.008036602404879564,0.3636096349841952
0.009331184686503619,0.007849870075691998,1.7684384593588778
0.00507826584162384,0.008699920272963122,0.30563238376411456
0.005931887719158228,0.004632583850448684,0.635837043598776
0.009732099610102126,0.00011619272396991009,0.4577083305007385
0.007441568646786524,0.006689638232858665,1.1459169312542468
0.005837853697286395,0.00981104345628828,1.074758699265864
0.0015576031845338657,0.006271960295350447,1.3471799057449996
0.0003170489289194223,0.0018131587545669548,1.6195685148660686
0.0037730484412652468,0.000764892996202552,0.8293683052738093
0.0032595105871782402,0.00995815361270393,1.1918860442331567
0.008728249002385969,0.008972719238283293,0.2670083092593086
0.0036601990340563053,0.0006433214041767543,1.447834287951839
0.0007180931151324188,0.002499242487686317,1.6645705001838322
0.0008307781618687271,0.009906985184428592,0.2698677630710847
0.008230880945608058,0.006602313039316057,1.7328083909668652
0.0017657459758830263,0.00943181621985489,1.351314846568291
0.003100707058319995,0.004440201748433351,0.04343720045797378
0.005137408431560359,0.0035153960620783443,1.280761717669424
0.0003739144505928083,0.005722373747544678,1.4971462603323331
0.002409850523139855,0.002858235766672641,1.3390728546919897
0.008414300081978554,0.004329810487087085,1.1559546855516918
0.007968031740553123,0.002286675738424815,0.5817756656071306
0.002343758357271425,0.0053191425449883095,0.4196381997289538
0.0002489903483373812,0.0062877056229273445,0.859327629078824
0.002720463349773349,0.0022975872517873907,1.4251581827450366
0.0021313215956525466,0.004910385129047095,0.8211305752108776
0.002108077967416492,0.008709916066230772,0.8605275115417472
0.006718382394786289,0.0037458022435510442,1.0992412422367617
0.005290573195816226,0.0070800220642537074,0.6959336059704846
0.005404107624750939,0.0064847738294107225,0.6539691515895629
0.007915310377857606,0.0030022497041411844,1.1514402439072322
8.441032537550464e-05,0.0011140889662569432,1.5069223626898247
0.005866317078188056,0.004791495272175097,1.6141604047257312
0.007374426910291803,0.0068470436081186,1.355441438858765
0.005758312704611476,0.007345612406075987,0.6087426851991653
0.00037815284071885833,0.003431273122732751,0.790231550333448
0.0013283661124741564,0.008135724443383016,1.8951002871763791
0.003993060719323078,0.007274009733020615,0.8706723817568085
0.007744323247689623,0.009348732819516216,0.3248707283110863
0.008208707675655569,0.0049752379059756005,0.49314154750124467
0.005862513510680022,0.00012900907751189016,0.9527709055619803
0.005211011450126848,0.0007064093329931942,0.819756942056717
0.0004542879547585177,0.0050265332856874794,0.15437839156506986
0.0017743834826428018,0.001906842616311395,0.4150167506806367
0.007447495288548675,0.0010702789123543976,1.930386562608833
0.00027856750853228363,0.008411053614825392,0.23489462051202992
0.009356063300861795,0.008983422068582221,2.0044231039398213
0.004582244494699635,0.0014250857335326606,1.1962831421360338
0.004613150293960332,0.0008539334920413166,1.2211917938308041
0.0020530325725711816,0.00750577900553597,0.0873878774256398
0.0017070743112223307,0.009528016791132514,0.09157345647316857
0.006531167240020444,0.0074247260345028975,1.3804971613244965
0.008954743395873353,0.006942675627945847,0.02788884243960528
0.0017736361479646278,0.00699256872254184,1.6401129202352513
0.0007378300720904762,0.002183376870945063,0.6286202576547429
0.0017651341500405549,7.53617042892496e-05,0.6194492443499008
0.007436611666803247,0.007322407834798767,0.6926368910390842
0.0015527372429135267,0.0011408287879013513,1.9439115868267733
0.004005997716921514,0.007130074592748961,0.3214912681181911
0.008109169986216285,0.005446201395619784,0.14813917209384544
0.002723523751568453,0.0015587773338544553,0.43990366409105996
0.007089735501014627,0.004746609535780584,0.07300186983672077
0.006658525115080121,0.00619893172067328,1.173089216536195
0.005513598305194099,0.0004649658695167158,0.39908060260387135
0.009145520779215478,0.001928777151607357,0.5086202229679826
0.00498335588679042,0.004621374737929339,0.5993547574996005
0.007591357968861881,0.005122037473578054,1.426801171467867
0.006777898940650172,0.007477428378059163,1.2521882284752006
0.009030081027328874,0.004058347384446131,1.0658930178296087
0.00910432583963974,0.004759182048370192,1.2680431427338483
0.001189346058248536,0.006621967641144682,0.5741889668462589
0.007156399737941437,0.0072307739156332596,0.6238966179676313
0.009841581928971029,0.009520088412505503,1.955083056192783
0.005924180869746941,0.007234314309888022,1.9325602425588273
0.008769152605219259,0.0036906896478548635,1.4949083355902144
0.006317816349888174,0.004698956307707755,1.695899332008707
0.003508914965841523,0.009713279604447822,0.9938732436059883
0.007669023495220237,0.008734351085843335,0.26433941426996516
0.0024868276325545604,0.009514200809802928,1.5721391187926346
0.0069151346085105855,0.005357035633339784,1.3643694043640422
0.005309540285080323,0.00617864192133018,1.2764026547543328
0.0026796286748864916,0.0010832330545315061,2.0089824941189014
0.004427930713405268,0.00880184756836694,0.6979118419743596
0.005931342300871299,0.0019417415561255491,0.25796211151320514
0.004200471288559222,0.006248801020997938,1.572415330284594
0.008710012336377568,0.0036559046655924867,0.9448679644840158
0.001371399909837614,0.00573590044074965,0.9322677677447225
0.008920980055911198,0.0071167539745855615,1.0059608531244457
0.008980641502484682,0.0032502473692629353,0.4993686182041446
0.002165451784230643,0.0061481165479685615,0.9754177560763307
0.0015982626699895719,0.003843612313227912,0.34217273378668017
0.002527375551404697,0.0011697630562998152,0.08530818412939174
0.005399879020055858,0.005083135087841716,0.6631518663241296
0.0010631807014729966,0.009766278169056657,0.6383644576057527
0.004262757675052762,0.003146921850347244,1.9315942355830962
0.006038178797272799,8.520500520237118e-05,1.4456552341342517
0.005593650682720111,0.009823584643407246,1.7360396014383122
0.004341629311365816,0.006493008844147699,1.6917887594731085
0.00852181340171935,0.004109717231869804,0.10882888015676609
0.0026645066264729656,0.005055675584870155,1.6833486273914093
0.001101609578411419,0.005139541447261567,1.3256086641834102
0.0022840677524605625,0.0018215184729475976,0.5512195004389954
0.008987663750385708,0.00865083151991495,0.9502834337029987
0.0023321621300263005,0.00799144312685069,1.0547094742261631
0.00914302846315805,0.004969541728326197,0.4053868091531368
0.009766359417836748,0.002032795604664667,1.8989535243293465
0.009509026503833302,0.007563810862542604,1.5061788121480282
0.0072673410004195985,0.0006742702032174508,0.48851220287149405
0.007369931924375668,0.008111576621257619,1.7984454638624099
0.004023761477351144,0.004151348201035637,0.7641857276624857
0.0017687282424328633,0.004825799777834463,0.041112787969400655
0.008454515968373922,0.006834771456832961,1.3376490849201343
0.0019217604768357456,0.00981855565614612,1.1693164733211079
0.005667013008757242,0.009049307857001152,0.838368065620619
0.008099113587886134,0.008308898892996816,1.0330734949871496
0.009489276622268119,0.007082753715074952,0.5505599839621096
0.0018027088390730405,0.0036469870445633326,1.6809749716380187
0.004862598370646987,0.006718825017622281,0.54709859128523
0.001322928832987984,0.0010397708510589566,0.2161629426608394
0.0011434416723923623,0.003501985940269704,0.30389183604870273
0.0012477823493151064,0.009134479489529083,1.1527192551178729
0.0015853253898430964,0.009076866861421692,0.26448549548034567
0.0027063819296235404,0.005735979298121665,1.049037836276831
0.009951109612556394,0.006562645183200749,1.9920161639240626
0.008491083332506148,0.008942823634435035,0.475073183475332
0.009971105669462193,0.004553655310595356,0.9863036979528005
0.004371057995932577,0.008755194867188495,0.9231911459222397
0.004810458064325781,0.007559027752481081,0.06424626088074509
0.008340797658873753,0.007883851468443089,0.2585932181045477
0.007168687542270277,0.003561288673618386,0.19272749587030316
0.0007051673702347805,0.00645663850078506,0.9920824478013236
0.008090745699050163,0.004101573969896734,0.9704024767241554
0.005061058435694356,0.009378190477358382,2.014059074186128
0.008131371619435186,0.006464766211290896,0.5892378300035112
0.00041711873181329964,0.0013327666900251557,1.182904984414693
0.00471037110944708,0.008132448926169069,0.3448421733238279
0.006175328585334946,0.009063980822214053,0.5334777863165427
0.00043154220863624417,0.001960500293430106,1.2862328973931225
0.008037405043942725,0.0029239958488148023,0.6584148095992618
0.0017039021086182006,0.006033850176892294,0.6283633233511399
0.005477690273763734,0.00333177900288263,1.1739421066348066
0.000998586191417341,0.007160940931258417,0.8097157666032254
0.0019436839599344957,0.008520585017488454,0.1579054888371638
0.0008963777670698859,0.0029928359821936113,0.9909222509511717
0.004728706155996163,0.0020733736723337224,0.8391566720775279
0.00852402290504218,0.00496912466142269,0.5780192286485432
0.00533639500636478,0.0016467452525428684,0.41431582269888917
0.005435653976349637,0.002454207821879062,2.05153166082118
0.005088992213369585,0.008188409718074673,1.56427176085166
0.007242902757080648,0.00246758454849341,1.4402115221242473
0.0023200727806801423,0.005438536008711583,0.11910838487046448
0.006517916971253775,0.008272198064130801,1.8172488694997815
0.0018278374404652664,0.008298950035905422,0.5608829991299915
0.007950513346038367,0.008547791827538436,0.5840421612532034
0.003968999171664886,0.007567220820847063,1.590615881701741
0.0061898680695189065,0.0012007285369822762,0.9032415465311557
0.0012076094275298656,0.009167289743150776,0.9514610103716804
0.0030301939935945764,0.00453367629617135,1.7308310380771386
0.005026777076433154,0.004742820309762612,0.7006302977289841
0.0064549098445341796,0.002026643625080304,0.897084028708065
0.0010755037404581614,0.006934287652426405,0.6965749171588825
0.0023826004399694657,0.008686446786525246,0.378571678958595
0.002912856818460834,0.003679364905468796,0.9183022590561342
0.007827348903532353,0.008488945479659673,1.6056445742497127
0.004025117728316058,0.0037864054664887427,1.4577104098719738
0.005069942150285615,0.009608675801901596,0.1133843678126409
0.007940831989944086,0.007680113255064569,1.8396534319935585
0.00818681000833852,0.008408404291482435,0.5829092314222473
0.006531221277649732,0.00022591634991685262,1.6846919028150003
0.004046988030874036,0.008395355514654477,1.2154181303143263
0.000631039272669145,0.008044573715334978,0.33059571776427127
0.008972421441212715,0.001507316426865839,1.7743692261204742
0.0028036329697586062,0.009052613093807692,0.3414646837591322
0.007661550400979263,0.0032860389415443813,1.815522265142985
0.009587732138140832,0.005283792263346968,0.8279263072775136
0.007160847941080644,0.007543294049780974,1.9800628000102167
0.005285151925607664,0.001409256999916293,0.5608986049087167
0.008723918007491727,0.006858742309964151,0.45771482394025625
0.009064099698129123,0.009098662851180793,0.6379237312032345
0.0004044658406548629,0.0003844796202488654,0.03948078237577267
0.0051332528463271035,0.0036212335319603197,0.2819992924121455
0.0036169155792431886,0.0038098520129954527,0.7431721458164772
0.008695293875540992,0.007731452383927691,1.3607414237346276
0.007982697514885983,0.00443635923561712,0.4901077248510953
0.0012870184272435437,0.003088636997178236,1.0009790239943013
0.0002431293027544168,0.002675141536749093,1.6772194832738272
0.004933842587669927,0.00899477731996341,0.6478319153200099
0.008374789733833524,0.001609456416516809,1.1718727750038747
0.0025603511657309344,0.007111428573703274,0.8292385503117182
0.0032162736117179293,0.005975426443485361,1.9532184990527395
0.0067035473969750395,0.002778229398458453,0.6884553817097769
0.007952587856297249,0.006793944031519867,0.22555083460521685
0.007881016595458083,0.0009700514714335218,0.2568018445917702
0.005363679905049974,0.00047883166035662006,0.8830483644719304
0.004923951872389195,0.008312732747554586,0.08003914607183535
0.009001533450213975,0.002466966963123799,0.40646892486904873
0.0024707735553382913,0.002270416315421554,1.3130104530965614
0.001504381187030217,0.00810491731866288,0.49959350289212956
0.001156767162745297,0.0015616358069796888,0.41698696224800536
0.005437189903782483,0.007275013930578265,1.3822329732352938
0.0015384630767795993,0.0026020057067155013,0.05546074222317601
0.006568904784221714,0.007301421667647277,1.7589268602369097
0.0034259589447674468,0.002137385720464947,2.044926086931503
0.0006535056555430407,0.0007257679768872971,1.1449379431267097
0.006396460054697515,0.00714433683448078,0.5982984281280264
0.002054205547670048,0.003163564057407653,2.047547712835825
0.005764424379289541,0.009528587666377989,1.4194319003050453
0.008155462261718592,0.0063426011951415355,1.9554813506901205
0.0025954291333425508,0.00922710853303109,1.8428363766377591
0.004411808822727188,0.00316878439110699,1.9302575909111106
0.004782308019523654,0.008432359246774813,0.49287893811443084
0.00463217270118749,0.0026400531753650825,1.422600751973233
0.009998047966085643,0.00020502936988716746,2.0292262867381092
0.0038398066644622876,0.005141456994245817,1.9271988579465342
0.004520256054635189,0.009398027027780774,0.7778716317720679
0.0031677926505159493,0.0012524603665631684,0.6175341006115829
0.008570522658137856,5.042017563640089e-05,1.2969920330063587
0.0003475517002054551,0.0014298727834531543,1.6131124215705046
0.00797781304943428,0.0053434158967905826,0.8096547255513812
0.0044594898128911655,0.005697178120137598,0.9336152990438152
0.003574831854208549,0.002981408501349443,0.20478183927225946
0.005821874741362357,0.0028330041418349696,1.7490978464526465
0.002927460946838356,0.0013764976239031702,1.0499318331646812
0.00790790689920373,0.008793674006367925,1.3643951991081609
0.009353600656470857,0.00212987349375126,1.353815855582959
0.0017550317924094295,0.0019664631775762067,0.6601906716724869
0.0017014456850490045,0.006670413042093571,1.0242161251356263
0.004056335663415915,0.0059784992769129465,0.15521904953164692
0.005413779831708872,0.008009001147666372,1.3141613055253047
0.007234517461845942,0.00936313805094264,1.0650710035141902
0.0004645612980123615,0.0028033212849974155,0.1280592561992612
7.33466461568133e-06,0.002378122198918987,0.37844631145504437
0.0011021344352212148,0.004172600772943941,1.2155715973481538
0.0007246411442315027,0.007867344817256651,0.898527668540612
0.0027552169557186557,0.008193296662669968,0.7150514603681346
0.003783520933234943,0.0023234645364160534,1.4828322411848731
0.003309732727587199,0.0008597558454105225,1.9326052671268532
0.004470405252462419,0.0011327888030586986,1.687433526034308
0.008986394085362386,0.0007151421885503917,1.6203252698883026
0.0007140255636915494,0.0010117623940113208,1.4535267231932845
0.006434661149588547,0.0042048086075920366,1.1093481937079173
0.0041483002563860215,0.00728239915269377,0.4386189099015177
0.004120345344208586,0.007833999434369313,0.18680213455981598
0.005603910643162723,0.00719549238916406,0.09205543055475779
0.0003501576369627368,0.009909268793968489,1.5728251209065853
0.005300898403722649,0.008332971895687888,1.3617102240733425
0.0019383797892341926,0.009929769869732956,1.2088977102790663
0.005551209590307608,0.0011602546629800182,0.541317436994507
0.009022910961223554,0.002668328951301583,1.0642866802570345
0.0034505219532604717,0.005807457181538475,0.14102893156341106
0.006552703008794105,0.0038286734851466454,0.3784914520106821
0.0036112140634726175,0.007680437273424248,0.06930185303314189
0.005765456590076141,0.008733772457021758,1.5724047922949882
0.003932367740628492,0.006289002466219032,0.19708616710885626
0.004444930588677481,0.0009919454851105413,1.6687240530970888
0.0014941068437710947,0.009244272321430195,0.7172549852078643
0.00208366039968225,0.002811918707590094,0.5588492757628956
0.0004268058262523478,0.0020392580951860873,0.5767301877900365
0.00048652103396893857,0.0025112802759225217,0.6980444218886086
0.006198492062365183,0.005256278853244673,1.027005760208341
0.009752969276203652,0.009979665680026435,0.0641706849355563
0.008176747945931085,0.0075072892371316185,1.743021017328362
0.0027610807689485983,0.005095522494050227,0.090342063289118
0.00022616538308478317,0.007388611873642235,1.7098159318270412
0.00823638815419677,0.003891213731696369,0.7454015913011507
0.00025815957125461034,0.0026963830439663172,1.2461107893326324
0.0023089928268805247,0.007429445175976506,1.1579792607652846
0.0035092689201611017,0.0037749710330318245,0.3798644638403457
0.00040133459199375723,0.009606492194002912,1.5048714754640733
0.004623333488695437,0.007049160671872391,1.2318919922478768
0.0014540206345208862,0.0041332459447781505,0.7758647145289455
0.005121762354009568,0.009533262069364747,0.2705105359959932
0.0054685693395851165,0.005563651149684189,0.3887279988816058
0.004200199671242417,7.064616602015073e-05,0.07373692882475329
0.001074715661711484,0.005356347368734822,0.5618686605772446
0.008780896223337253,0.008799284465804823,0.12613931700502523
0.0023037723285156053,0.0037547100676732404,0.6544277794767283
0.0008620293254107314,0.005999584611905363,1.9641143352757395
0.0037717812839584896,0.007913613842935659,0.9487042016020467
0.008162839792173677,0.00011389138233011132,0.24848466679252226
0.006358022003405303,0.006053516146390995,0.93227862739555
0.002652500919897921,0.007211975020192019,0.8008744031509043
0.0017111862213574215,0.00839051138553711,1.2834031545402151
0.005071539643945189,0.009211747351985967,1.1891848534627256
0.007182962625083792,0.005463713361682923,0.1386109853339071
0.005158693575529082,0.005081814897338018,1.162725251022668
0.00018480085287851168,0.007552028131659329,1.249123091601522
0.007247772440980381,0.0005017313054740413,0.906777903375785
0.003661185812458322,0.008357726762981086,1.555550038277112
0.004868203731468019,0.007543344239417386,0.5689822808522492
0.0018003465022914745,0.0016346774368472218,0.6650880203911678
0.004610731161049177,0.005299671548009536,1.8715492696461746
0.009938480910385093,0.001907595213589096,1.5530144786108198
0.0034836153510661516,0.007966464785385876,2.012677553416375
0.003046883151603057,0.005998849202393781,0.768708441078104
0.00993024997294945,0.00023857412206085727,1.20976793765907
0.004483622293002415,0.005319767650476141,1.297751254504469
0.009064993933111238,0.0023144396776654842,1.0328885711165299
0.008226529680195206,0.0026695500642362345,0.9181650920731926
0.004480696569954062,0.0016641960886099227,0.5722768628229736
0.002782904208788003,0.0027544760466469177,1.242744557232474
0.000900701336318066,0.008095115074490747,0.7380309959468515
0.008754287679580681,0.00916011385518332,0.651455662704759
0.004065086923690539,0.005031517450329496,0.3803428503625934
0.0002959729398765476,0.0043242494353939575,1.6646678176016405
0.0005920479199646556,0.0075193454596764455,1.3879321284508814
0.004667503215675582,0.007642696702467617,0.8421449347099572
0.00011377821604883986,0.003449672413310286,0.6016817829628374
0.005609687501089136,0.005525861479939471,1.424517459657142
0.00029632348758814155,0.0030757499237956177,1.6774334572870635
0.005698527730682671,0.006386978046958615,1.9054721394026661
0.0006819704134152316,0.006277645417865412,0.20497639045372806
0.00733859580087847,0.005033467353680623,1.6363176847769896
0.009336965102840612,0.009785366778327271,1.2708027786249585
0.0027146291710290226,0.005933147176793931,1.7219141217818126
0.0010235595259895237,0.0070722636275227825,1.9049222109089305
0.004003146261548352,0.00592720488101124,1.1100000540269586
0.007522590424261646,0.009446126718741888,0.20304607106363204
0.0002476846726085158,0.006522048540006079,1.3919879708212137
0.006619024898773033,0.0006757524534024483,1.3235753222322608
0.0014608704816294438,0.005972904380871072,1.5765906331650343
0.002278207246710077,0.001196390376191101,1.5304998453303278
0.005275313943100826,0.002529618039433613,1.968081544469073
0.002207751694132314,0.00591421908110008,0.21244300779414654
0.008380652255759565,0.0006116208532588386,1.4629956086543343
0.008733525833109807,0.00017791522763408674,1.1557664215719146
0.008691443929053593,0.0005515549378110407,1.3516966409135605
0.004256461840191643,0.0030998015034997594,1.723550897061208
0.0049151427936110145,0.0012364501498411207,0.672745980808256
0.001784744024278816,0.008921315258925486,1.0480079549697874
0.008901271958452138,0.003475991913950981,0.45870885133092265
0.007547583821510046,0.008894000013926723,1.4611192698268876
0.007301353366942372,0.0009195983323267054,1.4784730757302718
0.004626048711574597,0.006688812006735201,1.9814715448690556
0.0022100101591930577,0.001778066015253218,0.02218777685425922
0.004561002796426874,0.005633435795944034,1.5041890707116234
0.008295466429706,0.00996754050781858,1.7345675524303912
0.0033679542714147993,0.009416703860789521,1.4310988085793706
0.005831717081950444,0.009012026444805069,0.02290961771222326
0.004086954108105682,0.0011786980917319878,1.1510336947705884
0.007769262238705799,0.0034587471749566133,0.008368558991264508
0.005931727653553251,0.008764914528131917,0.10662382241213378
0.0031460204529273218,0.0010955938790033727,1.3276173455992348
0.0043573257209731505,0.009348423150642911,0.06155764478099577
0.0073006711624879666,0.008232699610100475,1.6238316195995386
0.007568609358011964,0.005822898255606552,0.3098411011063735
0.006865685154788132,0.0017794943459294678,0.36380524645185647
0.003399660534987159,0.0028984797419415852,1.6961012636501245
0.005425296101519424,0.006280368929561988,1.5119237663825087
0.003285184772742131,0.0036039436876430008,0.24914364119327498
0.0039049541938166524,0.0009796365293353471,0.7923678340555651
0.005692698445169144,0.009632161331514753,1.773057061666887
0.009706543622527606,0.009165980656262025,1.4114383999031466
0.007469083477098864,0.009960527006444522,1.3359622051431088
0.009487156737050088,0.0026896779352004875,1.5622430578730702
0.00868968199706563,0.004456778621918066,0.7021363496350551
0.0059564456979275425,0.0047900081732534195,0.3370346781798296
0.0036183183946696743,0.004607287735709158,1.2145579569046705
0.002339305812330629,0.007466835803846529,0.20515129687659156
0.002517256940471476,0.003510002557898122,1.8731924163275695
0.008772869443364271,0.008609840819514518,0.3298795799038263
0.0021668749221733174,0.00936147014460584,1.5137959666855465
0.008381724956853468,0.0034935237224391516,1.597815494553126
0.002439233025831298,0.000668475596877487,0.12484796741821058
0.005115131094380671,0.0014543370105326904,0.8968471847142387
0.006835576477741218,2.5849210484574225e-06,1.1479576600687555
0.005318713028980302,0.0027170134425269043,0.17533723420880865
0.0008433870406641276,0.0013868064689104963,0.008843571482419788
0.0011228227202152031,0.0008039764289610873,0.9999986090182302
0.003758721825534577,0.003993610357254902,1.6521200640389202
0.001536508141865377,0.006241944592897265,1.9024286516175295
0.006774299002445959,0.0036510789315377214,0.7054750105423049
0.00288612604472248,0.003029160513288989,0.2018317541694229
0.009396472121710537,0.001328792243548319,1.5262645575218068
0.009160647282665538,0.005475633425258052,0.17205709403988473
0.003168705346711819,0.007836710594792238,0.4241576960953125
0.003969603077578859,0.002278643281286843,1.807280910340462
0.00877301552403323,0.008379083836422172,1.2812476260227106
0.0030987298147096697,0.002175494362699977,1.630896287941102
0.00902167788452818,0.0022629743332546015,1.6617930878937826
0.00484924819453634,0.0013681091325183305,0.6876518155751649
0.0015448337130789535,0.00963386372216737,0.7658250890545125
0.00853276974618538,0.0024265952962241465,1.9438512351341901
0.000402360881240591,0.008512511364375112,1.094624209397324
0.006597684920784162,0.006677513530297808,1.3067713650277837
0.0016177129725094275,0.00010425105888870134,0.20289606402824262
0.0004465976085913281,0.0024157254767468183,0.2019812592613308
0.003682472645908674,0.004903237638874138,0.8940767862746043
0.003866656263935068,0.0016483478087055015,1.9229789583736394
0.00241577566874533,0.0034306191673616503,0.5972842555374646
0.008600079603343832,0.005272375772711865,0.5757958825998143
0.0031709313406770925,0.0067418674255246185,0.6279087834296962
0.0023412980318857114,0.0074485334581809925,0.12487162334524324
0.006207533622786245,0.0019651727380281658,0.7325505942709456
0.000430153870821367,0.006879589952190931,0.23025563567004464
0.0009053276862197224,0.0008405245394327133,1.0639425366398845
0.002283260005726665,0.009500139351369489,1.752307291093297
0.0014867237015283219,0.003095573508026002,1.6353528001833666
0.0044877828195513956,0.009679514321240085,0.7565341425487851
0.00850474637682385,0.00026240091275974933,0.24264032013049508
0.005453798287745111,0.004299923399854759,1.894671984166085
0.009538457065181354,0.006148231322737234,0.9617662807891177
0.005831053187807709,0.007509328403050586,1.368269626687638
0.004860690951788972,0.0015761122242510296,1.1838050535876277
0.009724046215276557,0.0004713542356422262,1.6387188070917502
0.0022124180369499057,0.006865769227586884,1.1552230050086771
0.0026605615667222604,0.006746027025472771,1.7252082484982862
0.002772485607751959,0.008842231818180177,1.7250001472830039
0.00747095851891765,0.005681271190008591,0.5507938776926695
0.0015328772398021096,0.0035568086760750907,1.6492646150168564
0.006039061920582123,0.00469452308020268,0.34939948256613107
0.0016468077473303067,0.002958816221681625,1.1976727171140449
0.008979154416701851,0.007611414180343857,0.04498256345950588
0.002546528029074856,0.00373951339134707,0.6471860910949507
0.0001661868177844672,0.0006913051776672108,1.4242921372081225
0.0027825856154936237,0.009723597383305856,1.3039946461779521
0.004711679449333222,0.007071907541161553,1.8068974508020499
0.0013594351751564015,0.0014274465116404578,1.8217114780711556
0.004982590341369977,0.0020995303854827807,1.7140864216410254
0.006943132618250674,0.0071746529480329795,0.39367545020884986
0.0035983530203079405,0.009328501247824776,1.6088488465917985
0.006104685086561748,0.0026949711824043655,0.8559085197848313
0.005327388700153756,0.0018558022424609787,0.04756018987359653
0.004763768388405764,0.00012151286856665,1.3585713379593278
0.0024376643445818257,0.007109960219980547,1.3102978070129288
0.0001413394888628272,0.0043423041240553155,0.40966775240843595
0.006707621203051551,0.0027879729418336906,0.3519948862912602
0.0009023826988739359,0.0001279095804285202,0.9419512223427904
0.005471852944700357,0.0023113688725495273,1.0430544644485695
0.008772808425590183,0.0037328726169177785,0.12716107458465054
0.004108574871360777,0.0017179915494843333,0.07485069105658386
0.0015979029507076448,0.00420352962950523,0.6926743181627626
0.0014115706885979883,0.0047387818280394635,1.3224822706338666
0.000609751046222572,0.001379901097274231,0.4100655889484447
0.0008991311935185432,0.0037117693490884554,1.0466980591532464
0.00040962810498548443,0.005837557142201485,0.6175334587825693
0.0036317469555380223,0.009655388546007256,0.9010778641357159
0.00924870953830464,0.0052982937818450105,1.9738201227803758
0.008360805807493354,0.0015619304016677483,0.13352198844694999
0.005193385808342467,0.004185681446515067,1.937397779571415
0.006568302341642084,0.0009139118798289337,0.7499690897176907
0.002580085289290517,0.009699730265422509,0.010616643559442814
0.0012023301483286908,0.007584245927558865,0.5806860579256962
0.003995594705223326,0.008486997473655906,0.779747613834684
0.008142478753223928,0.002881775595989049,0.928220495683829
0.007509113766002882,2.3354212993226264e-05,0.7587687322502844
0.008783077124337428,0.006707229887686831,1.6032458148857835
0.006250591690971336,0.008051107427511462,1.5874083184883288
0.007710609861964912,0.007052982200765622,1.6298175417737708
0.0064423787653659316,0.0074903121019625945,0.0010044882243094636
0.0007107681418515066,0.00932740653300167,0.2357892033393218
0.0024625348015727623,0.0073699836746199485,1.743252024858689
0.005752438698081337,0.0026265899228182367,0.384960670125222
0.003278737960329662,0.003609836036445452,0.9679827954380301
0.0018465317171304564,0.00211103211531821,1.006028832262935
0.006255906735123052,0.00813613753130282,0.276534003727999
0.0016990844569450092,0.0033614079120221872,1.0680347000238004
0.003123600420906351,0.007852473341994704,1.7554407531587433
0.007770353588859862,0.0027778776745848765,0.5404534418639099
0.0007900582330953743,0.007277733566615978,2.049722299017156
0.002966097519836216,0.006365925456059716,1.9768930486828777
0.007016202832349709,0.008296853404713913,0.6219101892153213
0.008379933631837809,0.002959133836284348,1.1955323239987614
0.005443489371408391,0.005720479299016812,0.09589989453570129
0.0025385620877143023,0.002605790865696598,1.4814381614921472
0.00441735336050921,0.0007547516724997239,0.9542364886821079
0.004607554364213026,0.002990291226398486,0.4980045019781763
0.007107703057125322,0.006448699439404781,0.9125555632829722
0.009843246645843844,0.0018042021837059675,0.13319275871691746
0.004065329077416273,0.009973282432021467,1.936747544263524
0.0014680557882912981,0.009971890881874071,1.3469540707344942
0.0034375226130135997,0.008044656206547261,0.04988423594478975
0.0018351509757149787,0.0003086537181706095,1.0526949422426577
0.0059128428996034765,0.00646845024752721,0.7644422977999543
0.004273149260482706,0.001104130364179803,1.063108700034696
0.005094612023151991,0.0011179938260537626,1.2209874983203284
0.006228710518878228,0.006546867516531969,1.1683298378278135
0.00181263036285946,0.005955081620114267,0.4655002443379259
0.0016182973419214563,9.755553151514662e-05,1.1096825245433746
0.004917811977923585,0.003323004067874099,1.0204641298636719
0.004175118045612318,0.0016397460476218096,1.1639690082928553
0.006983425200169708,0.004895623707088422,1.089979297377516
0.0036366849608456056,0.0055677391515324545,1.490443798152053
0.0055816326931305464,0.008641348752166676,0.551898272374142
0.008918213534074437,0.003920280162723527,1.267250608318653
0.0027116499213259227,6.54799348236601e-05,1.5916114030726447
0.009663466784894607,0.00229362330058291,2.0239692454656426
0.0031035373540347867,0.00436629732426972,1.1048577711530643
0.0016365817754296986,0.008273244275070086,1.8009632433438796
0.0020926759961688367,0.006930478678155399,1.3106337747401207
0.0036498332506860465,0.0027275482981582635,1.831846924567959
0.007654623240895926,0.006795685003398102,1.1774458633648017
0.0016445010556902008,0.004650655303687734,1.0882064794742823
8.850892226745732e-05,0.004135382121642364,1.6095325046114712
0.007218653228908867,0.0033695749540079037,2.0115772386214594
0.0017294194637353466,0.004153663203740177,1.0726768788072978
0.004283546019148825,0.00535269257742633,1.743655132014425
0.002739984273907371,0.004524802514444191,1.717413306635191
0.000918642927622071,0.0017659214400556579,0.5884294572789736
0.005840750309785972,0.005928984688680304,1.328101079210567
0.00889063516322578,0.009035119234403942,1.794586799357462
0.006408175278806352,0.0031826973693669103,1.760559897810436
0.006548507835796142,0.008191540342531393,1.3507640535010028
0.009921616466598863,0.008049489955560582,0.4355278939327317
0.002950168961712827,0.005273085675295316,0.35663172668102644
0.009459345997972128,0.008134742777092554,1.5861068170991997
0.0034377754991346977,0.003583253634864704,0.33104624360085577
0.004313701703886162,0.003001886329900393,1.649501733296697
0.0029687589114029654,0.007687990663798057,0.3082595627624369
0.00988401772264942,0.0036502393370959163,0.7062957614163008
0.006039271382885772,0.006590747884683551,1.2355677890940306
0.009862001476364648,0.005665328228941288,0.4591128364422235
0.001995331316180271,0.005925291893386863,0.6370353608417122
0.004292297644654628,0.0008129198453369746,1.4765863373029429
0.003101652779865234,0.0019093493453659783,2.0437179705595563
0.007332066753347018,0.005594289029694075,0.5265315421751398
0.00986827760327645,0.008519833170810011,0.7868678576429708
1.211646480689832e-05,0.006317486249661864,0.6715844441544218
0.009708919597892296,0.0017688531988368928,0.4475787095629293
0.0006118202145616248,0.0025590291187083604,0.49050157662317023
0.0005067017674560437,0.007061560151190912,1.900772788028284
0.0050372572988052824,0.003639851196142566,1.1641023313919379
0.009553812151208619,0.0011898000497017858,0.5546224886666693
0.0061148371893867,0.006042341743340738,0.4179569718694028
0.0036048702338349684,0.007024201778830753,1.344861478714162
0.009437040310053832,0.00702500254077107,0.06578742990791843
0.0017888260997978766,0.009029436719905205,0.4281117386714204
0.006375519289667281,0.006046361975834825,0.5469257055020246
0.008537606697867208,0.00706694612892408,0.6441129159779242
0.0004819538803541801,0.007486839466028535,0.19311342489860858
0.009901152646152572,0.00011121229079102957,1.61396106699614
0.0013312971290715047,0.007556285105192058,1.5783688951536508
0.009982941660778158,0.0035342916058790884,0.41831974145562384
0.005658042495505852,0.006545849839043674,0.6335518427438587
0.0031516453925910914,0.007648701925968915,0.8114046147485124
0.004325640521688142,0.007618284923006316,1.378006082732099
0.0009290188891342832,0.00599823365063763,1.089270266889817
0.007191533162656291,0.008066774030595721,0.6917998534098302
0.005162227575641622,0.007595612681320001,0.4295159216026619
0.007285234962698316,0.006041985529447779,0.21736011274541361
0.008432214109256009,0.006710082543893028,1.9985741854004493
0.009500096699812263,0.004483771336639877,0.002469507175923587
0.0036272954552535397,0.001313314257840822,0.48248738360585824
0.008434325374072755,0.00824098452323753,1.3174123720489994
0.002137197437851481,0.006994478405736378,1.7865068410840301
0.003318303450937602,0.004387392953715771,0.9307395015464517
0.001361837271270917,0.009700459610218351,0.5382861840777559
0.0011948216547716583,0.005085030548286283,0.6065233443635452
0.0017327740582388418,0.006093268004534297,1.4025945617737978
0.0012027232286783885,0.0009415624106782129,1.114727573057032
0.0055233118770905655,0.001661018438905093,1.3648556051941845
0.006502773267010622,0.008110929681266237,0.27736365680643615
0.00722327006029652,0.000787919547340763,0.246239005153093
0.001185894262955428,0.008614984066963682,0.18967639785430415
0.004926525797809588,0.009465807687443177,0.369247654147826
0.0043584778004653445,0.006626219576779098,0.25112681815448273
0.0015689068954807517,0.00846918028203387,0.9938484838930264
0.007862007067913217,0.007546417529445856,1.0909456934529282
0.003718604182931454,0.007938774109226889,0.3022085202591554
0.0035515813817574007,0.0075075222382935194,1.618529668151722
0.005566032204851018,0.0023597855057837804,0.8924777816672806
0.002827406572347656,0.003503449908046502,0.7418335228875831
0.002399364873309945,0.0036344514734102107,0.09275003301994074
0.008434523253201097,0.008596322250939384,1.9627586012810663
0.009720666186540232,0.0025961271505359784,1.3763434925808617
3.672304400997972e-05,0.008810961545291816,0.5878977310667881
0.008764092879484538,0.003582082358666372,0.3000534114644716
0.0070965327122566,0.005501938935177547,0.06666800893989347
0.004174212361063379,0.0018563007193395586,0.6583405136034497
0.004090485407692156,0.003368479364942684,1.4911502603122684
0.008730508613868499,0.004489064748519315,1.597545366617802
0.004752127598991359,0.008133910607790337,1.5999928699428605
0.00025121867278501075,0.003270847672534334,0.44343461078540264
0.005039709494445084,0.0070040954030392445,0.8422582085053236
0.008590140032504242,0.009897232060623403,1.1340322387044208
0.006568054833784819,0.003234212766151987,0.8875372869771961
0.008035074284584295,0.0021767764253993495,1.658579282728456
0.006646009818051524,0.004195962833329026,1.4254762308267424
0.00898826486880705,0.006297287611284939,1.4055573778498174
0.007876733545785544,0.007651514865488162,1.0068477109269591
0.0037022294158208327,0.0069972784997267634,0.8661377262482699
0.009315485430565835,0.0071631537495854,1.6045371422499806
0.009244597466128025,0.002570701345643721,0.6133850417393011
0.008296000743802202,0.005663052313541791,1.9825646867386522
0.009873576237086476,0.0012198271984322107,1.8553589541926137
0.00755971838111003,0.008090834981482836,0.32977126255602723
0.009769743739098537,0.002856258777121714,1.772844490158039
0.0022525759609328855,0.0013998196522317697,0.22054949101913265
0.004530242488719793,0.007936818798964554,1.29369734995492
0.0033799051725745487,0.009414132041753271,0.39449084682201635
0.0018280956964326644,0.004730513872296155,0.357947787855663
0.008057563718204968,0.003685426792870432,0.572145864613467
0.007774180245851662,0.007678283630050683,1.9092619867638057
0.009290596388205296,0.0065340787387398605,1.700201812902267
0.003525548860647113,0.009114528531279063,1.5422975229565634
0.00682722482210104,0.007126156194377329,0.2799839403498487
0.004447812934193377,0.007653067018543358,1.5720325125789116
0.0032195491036587265,0.007881245197780672,1.7998779303817924
0.006843571369902989,0.009984156696117378,1.1200242097608666
0.009814394355021386,0.009302826635029208,0.2908403767927636
0.006155560038416698,0.0045218109775809956,0.39003815423048055
0.00372473059647397,0.006504618319324028,1.9536232605076325
0.00027709611768096274,0.003074075573633899,1.905992421983923
0.009314678469971494,0.0023717302964635736,0.9529791674741549
0.004789287821925754,0.008046168252563653,1.5499094004651053
0.005257012785543868,0.009782110319153407,1.3051405019445046
0.009044262832887166,0.00441545926657411,0.5528197611218879
0.005571075351156013,0.005524883809809573,0.8703860280201591
0.0029748079381286575,0.007320621540192883,1.2502638975090465
0.009393960930972221,0.0014252870675119488,1.2091084147778546
0.007200577063399314,0.00610791737964669,1.3296577802266454
0.008790844316694574,0.002253909043950657,0.46747995084969707
0.009554261247192355,0.004422979397449531,1.214154926540348
0.008480750291828919,0.0069217187928164335,1.833186984855587
0.009333855341858498,0.0006652313573277912,1.945253841533155
0.0024439580804504722,0.00850162296734908,1.391302301747951
0.002672996086096874,1.8813754267176242e-05,1.3504772615107978
0.004738106568121117,0.0045178218741468625,1.2164078294685754
0.00400840383749822,0.0025083130725443935,1.5107392390748693
0.00021125126344129553,0.0016271144986867714,0.042719903891614855
0.006183571257652829,0.008533233261964607,0.9831420463943832
0.0021676047005181032,0.00960145290381733,0.6179900704935578
0.009946002142399872,0.008963945026853111,1.4070059167267899
0.0056175626760583165,0.007284938728297087,1.5809120001071206
0.0013974213220439337,0.0006880783613904651,0.5851675795467414
0.0036873277868241508,0.005461876459341353,0.8883523267316514
0.0013449490243700403,0.0069493084978660405,1.4768448802712824
0.0026361211459290535,0.006182073201359264,0.46311957357135497
0.009015430637879063,0.008439882730330117,0.2709585957674045
0.007592533204465444,0.00016409667977120845,0.1848857925076176
0.004384251554601342,0.0028158385795542316,1.6492375568212063
0.006871745260589039,0.0014895010256264364,1.2432890578148972
0.0012486094983134143,0.004222258388655966,0.33155160811626
0.002158257034971507,0.001717778519951876,0.1367136657108204
0.0006516488182349522,0.005095845569919501,0.992988942220629
0.00879932909844111,0.005336468021827693,1.7813342076967789
0.0023682215296498446,0.003360245530238273,0.271140380699778
0.0038582802389192363,0.0063692924802378585,1.8145857595984984
0.008146571465114577,0.007778187931124888,1.6094660267941732
0.005754003100003239,0.0031752242408910458,0.3760284109134916
0.0065666168757770186,0.0032967193125513984,1.4237246710584877
0.005687308513059534,0.008100031886517745,1.193130569677028
0.006550607991869837,8.034046224386638e-06,1.6903706737509894
0.0025360162512187345,0.0076668259457973115,1.1192339097230968
0.0023333640853808314,0.006818065435074825,0.6296087251170832
0.0019517161682483719,0.0022649386401535775,1.0060700752961353
0.0012179903150029026,0.006488489633531617,0.08444754896386847
0.009634616557230333,0.007442951032138723,0.579755793711555
0.007778388394278694,0.007153412572530453,1.3161021239412887
0.0018281139660653322,0.006114383630070964,0.7696541331464748
0.005811613164450897,0.006898051992620681,1.2688237216825464
0.0018039116485942819,0.0013112563853144865,0.7074263355802272
0.0025599924176050513,0.008178299003406872,1.9269260923592921
0.00496973988291239,0.004118491237163377,0.6250988681804907
0.0014237902794583268,0.004753782898786378,1.9165174074832505
0.0029586638278452982,0.002961080312899743,0.9162770008270098
0.0039405033999082295,0.00020438327042375472,0.7747724755367346
0.0004917329223544653,0.009952397445592755,0.6016336472555863
0.008926675084477457,0.0093137729346326,1.1704784421716725
0.008120535869936853,0.008816801359754356,0.36592557069481685
0.00464824453803717,0.004220566568020215,1.6153421758262905
0.006858417901215196,0.004004745610147246,1.7981152293873714
0.0008996729697279904,0.008913519080596096,1.2572015832782097
0.0006447248396383409,0.0059596253466404625,1.8636998572401027
0.005135948059218686,0.0001622726291144805,1.5858994331373857
0.0022626241671352965,0.005300781002763376,0.8189158785383442
0.001673080788043595,0.004201521570579386,1.0398125513216734
0.0036781666380620716,0.004549805359116941,1.9363099794729968
0.006210382953743885,0.0049094801496112105,1.7105597193158786
0.003215903175465271,0.0019476356418074614,0.6290136095885311
0.0006141473539928577,0.0012994003732207393,0.9830976966647139
0.0006070328415898851,0.0075993298131224185,2.033505285689122
0.00650676743787347,0.007647019486366115,1.4589660304134964
0.0057067760666994,0.004664800207905786,0.2731873429595561
0.0013830014956333991,0.004524390777971623,1.9138164501397483
0.00884931362097438,0.00036145182190104765,1.120052955354192
0.002863583954580602,0.005222561967636209,0.5966004206529245
0.009483860132350697,0.008659173255069895,0.6512147880233008
0.003012032518249419,0.0036079254541481888,1.243082415880333
0.006542221788289757,0.00014190537526721282,0.07519777333966829
0.0067375887998739675,0.0049863825958959,0.25321858747437503
0.0074633590437123585,0.008799627801972914,0.8456820857232672
0.007569111748949542,0.008076293981913306,0.39146731613469404
0.003166094090927274,0.001465266636168817,1.139591936419917
0.0015406632914158147,0.008293878098598524,1.9326038367657465
0.007228324728973112,0.008122029887561734,0.39065704203516716
0.0008071558626317843,0.0031401703231025567,0.3375736299148096
0.00718743075709659,0.0025853857104190213,0.876448984138546
0.0031754858281302246,0.007631550684611772,1.8860327382528963
0.007932345824213647,0.008492335401829115,0.8136410750357217
0.0013061167619159808,0.007402079021847664,0.9792667669420353
0.00905538949412453,0.0031319627277803,1.3550497621025603
0.002865400692026967,0.005345803782547091,1.8397010706074377
0.005259944020531298,0.0031195644980921223,0.3809082284570122
0.006911607016925161,0.00673010148799207,0.9171443994320748
0.007312325595658026,0.008453809927377456,1.8880985389059832
0.004606957231888307,0.009080094686372102,1.3865247155147618
0.002576513686741723,0.005759667295395176,0.7890814261091751
0.003841525741320483,0.005345739817091561,1.515859389927112
0.008877800021471928,0.009213263266452238,0.8586141186966022
0.002599231668956974,0.002051312130018509,0.3953573661038668
0.009499860954372618,0.002561857709843569,1.8162557955885588
0.005863965775572977,0.009112416721207389,1.9336141168010432
0.008470395622872098,0.0008429712439083725,1.2014616856572733
0.0033873473826188105,0.0024729148223266153,1.0444614633942781
0.008909816296868212,0.008112990602478982,1.181162804564449
0.00418110274028549,0.002934935846839556,1.0338912534397648
0.0012488272889532236,0.001342682824949426,1.0962703500181148
0.004472356934156377,0.0006224839666451254,1.5695602684812795
0.005349609072518482,0.0006598053893838118,1.445847311128623
0.004202575536828822,0.00950108412978078,1.006407230890825
0.006478352150750449,0.0070892467704368675,1.7566051798867728
0.006806841800642414,0.006306199069036643,1.5228074392866218
0.005181355631383797,0.002153727539699114,1.562446212640427
0.004989581953406744,0.0010454433006662435,0.6501726803361706
0.009316169124406614,0.004682267440292283,1.3004032541336985
0.003995662894609249,0.0020162455892412732,0.3023025976422078
0.0017232295954954723,0.009582566684663457,1.1780928288681438
0.003526729752012423,0.0015804272423448674,1.3298500601976897
0.007827069172790928,0.005166529614163063,1.9608495863028121
0.0015386317220552536,0.004861231565181557,1.370278758189416
0.006173231047919553,0.004717419077183671,0.7572011440199724
0.000958810737738901,0.0012491429576061796,2.0519977627477397
0.007475703741460857,0.0012174492018635487,0.8365032353281452
0.009302865505009151,0.0015973953538270791,0.09404782728707983
0.0010942059987376885,0.0039862043459103534,1.9976118160698737
0.00043025505579082025,0.0008250873281684368,1.0745625881008367
0.0048376930272945986,0.0011720498912690957,1.385253757393016
0.009592063839815979,0.006160034183040725,0.8656045192543266
0.0005567661372454325,0.0013817105008248033,0.7717302869635231
0.0017176272091388857,0.00682862399185786,2.0163666796191264
0.009580780332053512,0.001748845260754751,1.6403428995110894
0.000601382475495581,0.00042514524818151547,1.183044472379101
0.005915390298893046,0.007783823554280575,0.13517543320747152
0.004086714007590672,0.0039508086725442496,0.9051174657197406
0.005148503103432187,0.00711892251340017,0.47879342767057054
0.0039099696997273725,0.002470397618043887,0.0979851606276609
0.005493174532843762,0.0039982658328878784,0.05936893658565352
0.0022826759094300786,0.0010027224395446888,1.225959115923666
0.008415954037176198,0.00023718071551339317,1.127009521917727
0.0005969859881728911,0.005598256400334782,1.3629487233487294
0.002163630598476651,0.007529013363615778,0.7880206470698949
0.006825487608348572,0.007835006635037549,0.35111977510089604
0.001104865275410134,0.0062818910706610364,0.8709486514043023
0.006062165391301662,0.004573414071629367,0.9585400949654885
0.0010413337277995149,0.0029152776607343023,1.4503868748725475
0.008313107959434483,0.0018982386306780408,0.9419354715375634
0.00208890642362752,0.0015073700336058204,1.9632251594608126
0.006392151291304418,0.0031657022662009973,0.5193740399984954
0.004534922078210268,0.008862932686074692,0.44759073698711616
0.007140485982543372,0.000968187830781283,0.2433808220296492
0.0013845520796645972,2.9405635208583636e-05,0.3340140436193741
0.0038484886598505255,0.0006571313958015779,1.5661251539990364
0.0020649220410146017,0.008938821137133736,1.7308397888812628
0.0005809483281145634,0.005133556059322332,0.11851287654898944
0.004850536188725467,0.009989738348464781,1.8031125391388751
0.006006491511452522,0.0011276702397758109,1.340819173184822
0.005012187001146781,0.0030785803142737113,0.38250843110125854
0.0072642414493117174,0.004005186804991794,0.8564958375623901
0.009447392558960672,0.008362030452779693,1.3129348501060296
0.0024472717949845326,0.009728184262512759,1.778038276131108
0.008521993870251019,0.005125467452586817,0.34288660766024187
0.003345367143011563,0.005820890484563477,2.0106651506445368
0.002664671135706089,0.00883156451982291,1.9836339498623379
0.00820003687629383,0.0031500632938168596,1.613336391306192
0.0005858288765520259,0.004757822013294879,0.5739739042410131
0.0014301599437010115,0.009200610943259902,0.7810028260518486
0.006580157625178022,0.002721238273091465,0.35279514127837897
0.0024029509215572975,0.009953067076724534,0.07912932546032335
0.005828254812192119,0.001697270842286144,1.8358930382035608
0.009170112003996604,0.0001252438040599435,0.06644920447188332
0.0002551307742000386,0.0025841213828675692,0.8624502474834164
0.004683426077649582,0.0024147627386765136,1.153690948156438
0.002695407719771553,0.007638414003557841,0.843095375111009
0.005121884404250229,0.009949575881231753,0.7862559477476666
0.004252924688666744,0.001782495437771583,1.89683207651679
0.008134829173870812,0.004463293949537919,1.0742402777236972
0.0006768902317393211,0.008239998773435741,1.5664123447590599
0.000158222413764314,0.003415872592828214,1.1075733751887227
8.672501865145676e-06,0.00318112787929001,0.7672363519967124
0.0023192362596097904,0.0005017628266142348,1.3100355990398385
0.0063604340423560725,0.003002648692316584,1.606835085958582
0.0005529654064634959,0.0009002713884249902,1.5205002283029239
0.007787974289962434,0.008694276649257201,0.5699333542727703
0.00035605370977309425,0.008952525673845553,1.210163066806804
0.0051306770335339405,0.0005645437476485193,0.834059229399553
0.007172457476339159,0.0030425016489739444,0.4727335658774
0.005341930840623609,0.0009987205208961602,0.6584646902543876
0.0017530321771843094,0.004534400779933664,1.8615442952237615
0.008104634375913392,0.0092273825181326,1.8325843716285668
0.0016363886446464837,0.005434988110093366,0.22759215315649414
0.0026869498998080676,0.00038701062075097604,1.9697090349523347
0.001077580686529316,0.002775084669892386,1.7462421173383325
0.007482656844362615,0.0030375708609689856,0.390180695861637
0.0074123963486522025,0.003991569533060608,1.0091189414015442
0.0010551585657336637,0.0008063906181605096,0.6456974986454806
0.006331596234765721,0.0013121740053204602,0.11576149707791747
0.008554385435647847,0.005334808392478717,0.18492646492682088
0.0008259990818725349,0.0034392693098507544,1.7471865689196313
0.008638169704694686,0.00897321629829829,1.8624845529898795
0.004254425127449005,0.004433271514961136,0.7769657451122733
0.0070066921062407195,0.006473133414047395,0.5664164054877991
0.0024119203239571798,0.0037738335274960454,1.0279779131628504
0.000902968207581677,0.00544195715096393,0.07632869151941761
0.004750794390037377,0.007824874465081365,0.6671539631231134
0.0039547501244242365,0.006320734316508557,1.263001056250133
0.0005568972827873375,0.00026378843601829297,1.8379658954296811
0.008451039790468831,0.005296925316999585,1.231732563490937
0.005136992629432557,0.0005411740236250617,1.980699315268163
0.00642834895150186,0.003149576242076171,1.3049622561967962
0.009440021971776685,0.005022051932539008,1.7283734654398144
0.004574652517140151,0.004645451402397164,0.8013661148180785
0.0002546638227004605,0.000991509726700932,0.5011918897489045
0.009191331351703167,0.0005490745083734938,1.3989759664852777
0.0009378206327029459,0.0010083072533410785,0.48299014058123535
0.004405043075404575,0.004965819616952607,1.360549364630162
0.004526221895342982,0.008546043290354535,0.775936519720013
0.004389172819353747,0.007886672765477368,1.983119654198438
0.00023799016612242264,0.0028157718459966264,1.0184701612106233
0.000775822273989788,0.0058704114361586915,0.6535115799077169
0.0074622579181911125,0.006115824711951934,0.4356871166312105
0.0032681516095538323,4.803594768184039e-05,0.7414261525034243
0.007551539062594253,0.002130038709784866,1.0983434632244573
0.0032535962295213204,0.0012932372066463917,0.6269119357064253
0.0068096201603080895,0.0015277036640142328,1.295728549627312
0.001663644210971903,0.007788240799128958,1.7672794215433862
0.00022104677950861794,0.002700159181925811,1.409301939648476
0.003784026799066721,0.007504247179874688,0.9472719958906614
0.006213115711655415,0.0020616112564736102,0.865185220417895
0.009904927297988815,0.0009054064295765285,1.9231706257018615
0.004657221856257188,0.0020543066401806087,1.022334537941261
0.001429590174666231,0.006945855915926033,1.7012448165157912
0.008057403302459392,0.006190886778945077,0.25837614416777127
0.006342748463721781,0.007616410114845098,0.3737495191291378
0.007708557544745756,0.0007685871102916386,0.40791608163658744
0.004312523194744703,0.002676496617024311,0.9865315055441288
0.0033586091270295174,0.003986810782981089,1.959451387296185
0.006106863527342029,0.0020745244021898156,1.850270240621337
0.00875524573971659,0.004022817115052595,1.9417697141138812
8.331222962449037e-05,0.0030812151352677198,0.07483557828067249
0.00860161983240257,0.004427300262307439,0.39321882553377524
0.004533641772115689,0.0012034621207889994,0.6808879101655508
0.0009945284635761876,0.0030701981237542066,1.2621212108033666
0.001645749212854507,0.0035290681436794327,0.40133735749844696
0.004852181760160329,0.0016418149324963095,0.5385961399549398
0.007376170525684811,0.0020891509989688106,0.2048113742377077
0.003072498420836337,0.007652574562045503,1.9258209686396728
0.006259278003620375,0.00203075192753984,0.8276539066175858
0.0009176276485439138,0.002390692334750991,2.016593573894719
0.007220768762172102,0.008227560547741717,1.027662608483473
0.002362031615466951,0.0005035912249863328,1.6565612512145447
0.007055262835298381,0.00965546137782263,0.45561382256162436
0.007460119143137251,0.005060040578223047,0.7717438883482557
0.008621783568896408,0.0021192335158240804,1.9674653924632266
0.009839808166437354,0.004167883814396303,0.547048420596628
0.00435070800622365,0.009559846402577274,1.1137993419111651
0.008269196257538478,0.00026982475538903317,0.48692352762971064
0.00508583551703836,0.009397409086285889,0.9461289051399082
0.009975797448157504,0.0015185796608175872,0.7955337386939636
0.005624088690653577,0.008178295826892997,0.8036868907028768
0.005843669204513547,0.001276894118589631,0.9255028773843663
0.005407354978010125,0.0016181101402900355,1.085799137630706
0.007263828717157072,0.0012885755881765272,1.3538313783796536
0.004107756258555758,0.007345556060747951,1.4728373183244865
0.009395310760709331,0.008802473546348857,0.2592179652914923
0.007207530465894743,0.00477546310880272,1.561010545360965
0.0013802314589852138,0.004300103891443469,0.8180252798881328
0.0014209481370669264,0.002969697638362723,1.8746626422731876
0.00022631544160022442,0.0012997815509401722,0.5761521245373251
0.005725887548455846,0.007584851215066552,1.6244993501549556
0.005765340722651418,0.003182467462688049,0.9122776346529267
0.006158217919802121,0.007151815835173401,0.4068626055226087
0.007138939759124302,0.0064177339356085265,0.39622362066012695
0.009823050903256534,0.0028927141093726284,2.034752427415747
0.004314630197039745,0.008945613513947286,0.5944078852796073
0.0025261191465024337,0.009316445145607349,0.605453908363103
0.0005146900754741301,0.0028186542984215924,0.7048704655117511
0.0025272038563072217,0.004683962560678588,1.061516354681366
0.008027625563754621,0.006831408125274331,0.23022418773873585
0.006174299097548771,0.004777712950600321,1.7037443728646207
0.006299249996983339,0.002388505465324453,0.5121063795667538
0.0009498760757753,0.0057451493281769975,1.98433088630936
0.008524380607688944,0.0020696302047972515,0.1982367604764432
0.002111309106515774,0.003997530420996003,1.705051461594358
0.003368438274917067,0.0007362190301121074,0.6445404766684613
0.008191539813547618,0.0006059488089086906,1.5616022933560951
0.002362015835769379,0.008107380419059725,1.5317226957724521
0.00929779654538879,0.009539382736783028,1.4281061792410512
0.001108193045892172,0.008295854887451298,1.603534616486318
0.009940130124634168,0.004977928131857845,1.112405907078648
0.003490535304476372,0.00015368148975248742,0.3020783715617439
0.008137535985439065,0.003773291109500728,0.384098307145406
0.008747526713142597,0.003113169417386883,1.738683309102828
0.0007158947564851093,0.006580877944261051,0.7717331843887919
0.004172745154853028,0.0015027694013886527,0.9612079822661985
0.0024344650890658214,0.0032356495326686073,1.7424040495578834
0.008625813397722499,0.007302982407938946,0.9762444353733515
0.003268417069826248,0.0049508202076725795,1.8815273146643006
0.00556484184758095,0.009424505343191761,0.9500834641305279
0.007798885394589608,0.007504114878437189,0.8662900401240531
0.004749631899349467,0.004290065498120144,0.7606251675553114
0.0010414247859111127,0.008689511636451229,1.4970152059120663
0.004234565974268304,0.009883039955151494,0.3657937270949013
0.0015124473197075062,0.0011054238186559795,1.8666423847195615
0.004694738462622845,0.0076934774018522925,0.9933207100694127
0.0057107555851522405,0.004268843574460187,0.6881786336414946
0.004848887269716675,0.00123781814722829,2.025040958469777
0.0034442675595627126,0.004922151775814101,1.286290707923338
0.0008981941058169008,0.004338706766831242,1.1422043229333878
0.009468427611061843,0.009922776012875929,1.2633588549963108
0.0013875493438713004,0.0022418079867666607,0.9215210049616022
0.009977922525737317,0.00734798206786064,1.8359167714178903
0.0013322275387384797,0.001114887509951361,0.8656311632711818
0.0023765226653633233,0.008503942825915408,0.3815821099561509
0.00018959783870317715,0.0014915757257824337,1.9488288340484297
0.00477118937959009,0.001145302968950299,1.6363664247796175
0.0062663777583090085,0.001913414816907917,0.23045286511223984
0.002094425798982531,0.0026235031018500064,1.0676730264735614
0.004064476588091264,0.0020082558582618917,1.4897904415127359
0.0048413415513716045,0.007733616952360911,1.0267458348252512
0.0026485484257962066,0.0037410291305388834,0.9262334914508099
0.009606245173756795,0.007548475815282982,1.0667152759687506
0.008536268943387975,0.0023312136716390542,1.0639103341002918
0.008029609463133474,0.000829279204794704,0.757830702569162
0.0008216192680356883,0.006183464676242961,0.37997407886326895
0.000774778262489938,0.0017805774318955215,0.18009312172906833
0.0019115897719891451,0.008797769602485751,0.9040235966210636
0.000685265397676802,0.004104430588928033,0.9046767500172871
0.00755622343278947,0.009870481692508546,1.3602634447800217
0.0023096790249490353,0.008724161900248726,1.3294909618952864
0.0019939630220001947,0.002124812234627126,0.11241176568092616
0.003879610442574005,0.008265581659242394,1.2247443036452987
0.007851722538007127,0.002470070584633731,1.5059158375119828
0.006915083700585551,0.006342386724794496,0.31130193838555353
0.005197203505766451,0.0009720001785441657,0.1782343725395631
0.003371268488505429,0.004249045147036989,1.4278703465321232
0.004675560426217271,0.008612945053153765,1.9212703701183929
0.0002791855356372974,3.8104561989826815e-07,1.2491879134618515
0.002231197985376714,0.0008264611353062157,1.1098178021182095
0.007207581622595569,0.007180199562028219,0.6970281448234105
0.001254315456050219,0.008628395803937369,0.5417784438636212
0.009344034459428023,0.0014119394142062581,0.043369076855075156
0.003431767877615691,0.007777507839420624,0.027259926791555762
0.004369979355781447,0.0014182104652549633,1.124828048928963
0.005918947765066996,0.001775845754632307,0.41247787518810064
0.0013886255737229237,0.004469483301071147,0.7457826102241889
0.00010895912933253426,0.005746654141034962,0.8347736111716928
0.0061826909466258986,0.006763167962927933,0.3291973029027502
0.004546318333738542,0.007085117816831674,0.5045171684604366
0.0045921845569071775,0.006649295018456467,1.508466048167858
0.0017689445774764457,0.008870875337781074,0.44526416058195323
0.00447224917850201,0.0014657647985525679,0.16544696121465527
0.008215364366440351,0.006088422708195531,1.4128985632374154
0.006983732605887708,0.007256493619817128,0.762237229182718
0.0051058811426635976,0.008929146813108245,0.2818628171180927
0.0036169403184239256,0.003873341590152363,0.3914243611583062
0.00010278200867679722,0.008381097888123154,1.7270810596841448
0.00151500280080217,0.0030715493218599166,1.983702801822642
0.005261697862704494,0.009415934473125658,1.7862703802385451
0.0020757906066549703,0.008132024678203328,2.0485232150484336
0.005544170282415209,0.00454046634021331,0.4405039609171338
0.009602071371072609,0.004256361645863587,0.40325642366111986
0.00024669250209177654,0.0030787268708157033,0.008643898502003632
0.0001451707370263866,0.0038105322646796425,0.8046626921184428
0.002928465112021238,5.753369634096783e-05,0.08767765438985511
0.004954757122005793,0.006853265890303799,0.38620630920428267
0.006318224219854916,0.003999912696324866,1.8896971510329605
0.0052269653819559435,0.005795933885701333,1.0824694203067833
0.009962420813516993,0.0073699068678326094,1.3509473268930798
0.009399067998189622,0.0009902899278717648,1.242499751120183
0.0074185638251659585,0.008725775801226974,0.9507701916814848
0.0065394617681321775,0.007580259207756665,0.15304208395982025
0.0018386437958430413,0.008570947561608491,1.199670114019633
0.005382386822694717,0.006526283558198009,0.04247725118355711
0.00340598905726184,0.001945121209642816,0.9860083936814477
0.00338431087813843,0.0027347653637045588,0.48112812514576625
0.008321624165238505,0.005347673655610114,1.2607030212357597
0.008369431948824753,0.006489887648958518,1.9818393296732222
0.008059762688125405,0.006601271931224766,1.5561389144955868
0.0012092455556816895,0.0005292661295260404,2.046494135443
0.007486164455025323,0.008722422136506624,0.2921464897586236
0.0073012354417951895,0.0006848093988784199,1.732932194818583
0.003816844424130861,0.0014735442500320927,1.531325941673001
0.005821763433574215,0.00713466902780419,0.4489852238996073
0.007258034371113173,0.006876426565752563,0.06232322251269489
0.009300517685849838,0.0017784822656187616,1.730941955768119
0.007241404817455636,0.003935156327614302,0.22481260737620176
0.0054045942871785895,0.008669546767159631,1.0048826882694968
0.00541633982155122,0.0001775310328741986,1.32985452527027
0.00024045287035592388,0.005019792813567977,1.9305921887441464
0.005856135279218258,0.002460189844523617,1.3402007372932914
0.0055524522652398624,0.009422504826476694,1.3397363684915262
0.001379134205523752,0.004148047782731198,1.9673005359537619
0.0036840950046671517,0.0012534182977901932,1.0031803273589481
0.007328749075791614,0.0012214224488202485,1.0500749054014489
0.0037580648774936743,0.009972065440927848,0.993836769546232
0.009795888481984425,0.00514254584377853,0.6776506638875913
0.006307491444489835,0.009473089036930409,0.1896734911148627
0.0009682433824676318,0.004482059986247204,1.4115784213251172
0.003925365065179442,0.0019290427369629615,1.8162699637161381
0.008895390385479941,0.006737736876353273,0.140190928331608
0.0062543721192269705,0.004828598572052384,1.289104195416001
0.0037178282463997524,0.004724086046190413,0.511728673932674
0.0025012247022310466,0.0039391636644685955,1.2061171919216263
0.008684404578148503,0.004984223782386039,1.2821238500762373
0.007186300127640293,0.0018676472354517348,0.7858710194787528
0.005531205733619279,0.007589041913526478,1.7278785383326725
0.009207273614056311,0.008496514859988953,0.8563272157921794
0.003194322467306502,0.009311481864609557,0.8871078484850171
6.258449457859915e-05,0.009174703669353542,0.07186148163211817
0.0023894036702001944,0.005699909913134714,2.0054273839642707
0.00729339277468002,0.001012814333772657,0.45725069390310646
0.005697619308381958,0.003957967084019258,0.12244360890129662
0.004813284569379051,0.007577195882129446,0.22892826710016415
0.009896210087593919,0.003166968865928894,0.9254746608351752
0.004014806522841548,0.0019003192037513705,0.4857515625606036
0.009122916692160442,0.002709265402478329,0.45780522493118525
0.005758600246718644,0.003591785990868822,1.6289849624843022
0.0018898661736368627,0.008311239081483771,0.9576611087363351
0.0047132481214671295,0.008092874514014527,1.1173094383955793
0.003049579574251704,0.0033045823245145714,1.391382291655423
0.004316855774103222,0.009427537923679384,0.7466990219033951
0.0018968007318712478,0.00026670890362330834,2.00442431628374
0.006818521459346365,0.008110713607814126,0.9930637437623316
0.002589181012358558,0.00855287413500593,0.3456748416644683
0.003780677702326103,0.002689890730882728,1.626342913845059
0.006988786853079544,0.007005027813450977,0.90469782954087
0.002138454934086861,0.005146722774143349,1.335137492282557
0.0012374582889486264,0.00891668681479313,0.49547567199568693
0.0007085595588710525,0.007972282038062274,1.033141742984207
0.007333509301442084,0.007867891473243141,1.4496131206694245
0.003141427128937422,0.0019389902834066075,1.5425538174289974
0.002462493562509256,0.0029184909812371073,0.2542447588401749
0.007993423952845795,0.005751143271434237,1.3228663892762436
0.004995262057429942,0.0008707315710338604,1.4637760160348854
0.0010558071215418263,0.006603239873018061,0.805606974960206
0.009807750728518418,0.0007054879555440219,1.7167665220360235
0.008294825366765637,0.00786841420673694,1.318692615028012
0.0033922935415315204,0.0034362505267655674,0.358745702990378
0.0007330779886953554,0.009980917199064283,0.7175158880996289
0.004580770698885139,0.008276133531446605,1.6671933114948791
0.005668617675645744,0.003780066264877192,1.1463661784177557
0.0047961432957943,0.008503554543619755,0.9171311553268462
0.00784610351453342,0.006903322142111519,1.8574007591940533
0.0001969074350282174,0.0017213291911657546,1.9302410546390338
0.005023375580565577,0.005688093216430283,0.4510695274248609
0.0065906288363417765,0.0039266778858424055,1.6121031026410717
0.009454121476510398,0.0069137196496063145,1.4426209252759195
0.008454529776252105,0.009889613004121497,0.5044098711046784
0.004988273718248929,0.00564551113103075,1.4118437230944825
0.004072462992663568,0.002089048980954177,0.2719309637592249
0.0038772005312133428,0.0008039049930305608,1.0286506298010283
0.0036711439575280603,0.00564600099221093,1.9186417768358826
0.0006770902808443268,0.00432921907708055,1.4179269249377866
0.005528777015472306,0.003214384919616715,0.5889989028194174
0.003770028659594392,0.0003258303377339189,0.7330009236498812
0.007231158563406508,0.008143144008023432,1.9968808535385754
0.0048651092286568125,0.008130677810214737,0.2280899927843188
0.008010216016871631,0.009660722835477625,1.1787935127229074
0.0005262763336408771,0.008613959546785349,1.701544378344741
0.007038666445588029,0.0026787552902828027,0.4561022368461788
0.0018566326009223188,0.001431160425273783,0.32194527571481996
0.005976355676965194,0.0072449157498674826,1.3229998934096245
0.00997506787989496,0.0026996145948642693,1.8576038568668258
0.0016095967162943648,0.001441651101961966,0.794467824741552
0.0025914996307314243,0.006236849902864215,0.2548803782926896
0.0004002446944511384,0.0035075874036094292,1.0851434742103394
0.00953792063800726,0.00514510158213985,0.5279227472250014
0.002952635555419483,0.00654291544924721,1.164331982115662
0.0057933505804252505,0.00218626007249644,0.7229910232517013
0.005890203204261092,0.008114018299855424,0.6612501315074717
0.002012724461032959,0.002141069111792917,0.33034350311778127
0.0008608250254384875,0.004724607230014512,0.4696277841904133
0.0012426804342188203,0.0030390986253358288,1.8917030807473392
0.008821206159713756,0.005268514417950328,1.6501681476765957
0.005812383733526439,0.006684378538724235,0.4771400037420735
0.001286793982873693,0.002977447330212548,0.18315882996812677
0.005498023594749589,0.005363887841227984,1.6536584018280136
0.006282898925777014,0.004396169873128032,0.6394204595872379
0.00417685845171418,0.009185045856258775,0.07000158691229985
0.006170766573562889,0.0013582852781349243,0.31260600324092197
0.006746408749538639,0.00486145343732066,0.3910008429035064
0.0028881760936728487,0.00911571675791445,0.18671353148345532
0.001679758870296948,0.005525740345667706,1.5292282691758166
0.0022776428110978264,0.0038486047522129554,1.8328899516887558
0.0034816565376853247,0.009253374408305396,0.690386603966425
0.007554752012816227,0.00938373766247341,1.9139112884300462
0.0022377634204441134,0.008051673421732013,1.8877498156197665
0.001461420035123875,0.006288771528634667,1.0474108518330139
0.008962361330236117,0.002570357541018923,0.0003841360257426652
0.009056535008983353,0.0019659639362984947,0.683890020755645
0.00614928914139345,0.008221529847105403,1.413683043871486
0.0045365168064899096,0.007655628686540649,1.824833166585785
0.0009436139295289381,0.004903774884995771,0.7846558652669581
0.008697950342810304,0.00444757595160598,0.2968320732249676
0.008456643120036548,0.0004932659541052209,1.2418230706981424
0.0005933086713863201,0.006564396419381768,0.5253792469547997
0.008485621410004298,0.006254376982940703,0.5256117896661973
0.006604180415283383,0.0016350196421966346,1.1607647231604057
0.006686340476890362,0.003793686567321938,0.0951981333242422
0.0014095881471581362,0.008828216202590144,1.2868889942543023
0.0012026042613649491,0.006220776203284704,0.5183246459374825
0.0047580459026625175,0.002457193695924089,1.4999493063008245
0.001974580156250462,0.0033219821873843457,0.38860171859380105
0.006551355885967903,0.00907204343073712,1.0802607803185238
0.0012252821220847432,0.0009944554614900315,1.8628376859833375
0.0010031652817257776,0.004886102713303537,0.9984363033994544
0.006865415110361984,0.006590668304245717,0.7541629580671867
0.0019006254176370241,0.006392517220050007,1.181747009942039
0.008048771177318595,0.007551032510483266,0.05672774045100871
0.006695571355654912,0.001837672921044622,1.6678990981893456
0.0001882138469436212,0.005441032373590683,0.8332347061976176
0.0008004751753285456,0.002622174122301565,1.641336637821478
0.009427325839670458,0.00666761143965502,1.9572978211433052
0.0012300965439038147,0.009969771448647928,1.031133473578579
0.008837155082684872,0.0016232050527329267,1.779856339203257
0.00016257963580129875,0.005471767879878718,1.7312144547622665
0.00543432337422603,0.004845520863961362,0.08799495116204814
0.00915209316107904,0.0004311265337984671,1.23121479754503
0.008894537434798896,0.00804979648107895,1.2267735329062757
0.004502974852840462,0.0022836120651142343,1.7311563760142352
0.003476109705325652,0.006140585223418622,1.7808291562081857
0.009865734288001927,0.0015628686672701576,0.9768253375766631
0.00989863568819163,0.007722382649172036,0.38773385743762434
0.001319248328447179,0.005030995238559865,1.0309368730378867
0.002171000751499018,0.007214321236565997,1.4358095192579148
0.001524422166628906,0.002160988648196729,0.024503076920038367
0.002959321472845632,0.008293240866778535,1.229527689880915
0.009920527800768813,0.004395049740034252,1.0205306994419985
0.004362553183692464,0.006981770636193854,0.8214843398273083
0.0035647660952776985,0.005536598550029998,0.7784186185429749
0.0033945087958824273,0.001877039987185254,1.587111954284953
0.0011551135529627842,0.00594055146520587,0.8762092139385967
0.0034839519240076047,0.00084704219078938,0.1743107441279207
0.009973805043075951,0.0015465017659712277,1.6878514950096208
0.009339964780152534,0.005241515283377605,1.2911141721659927
0.0040955943048131705,0.002997784843414243,1.747551853758901
0.0011708365559650058,0.004949035343520265,0.21349565516241414
0.009386673807676122,0.0007817542838110337,0.7956609606187025
0.00015012944601751623,0.001369574949227803,1.498819551052857
0.006686459010520974,0.009920372704599755,0.9214926617966208
0.008901530538493487,0.0017241051635758075,0.7610571452765963
0.0014996257444920226,0.009923566293983282,1.200933449507185
0.007600053652998182,0.004781290213568112,1.0735902732072833
0.008892272184280778,0.009823919431384373,0.6476447344577324
0.002428741989508885,0.007950327062688894,0.02089326712072758
0.0010786864315829347,0.0053634072024280185,0.46715896457563894
0.0063863496884603455,0.0019040731318808923,0.9441226310214292
0.001682019987492499,0.005373553139794609,0.388659344926716
0.006816677976849601,0.0019857365662550707,1.9879153084562708
0.006762204323435118,0.00883393888250459,1.8361887749659054
0.005412173794715445,0.000672357294956556,1.444492370130845
0.0031823896248113683,0.004831030131411361,1.2358857173200435
0.0014348702867878927,0.002652896760004854,1.6715755287505187
0.005144992763528107,0.004468998185665163,0.9565701911596786
0.008692991003804513,0.003259113354525113,1.9818079000051991
0.006102105356133504,0.007065201945490009,0.36615898293036875
0.006399795825622525,0.00705044678011936,0.25794529679132583
0.0031157241917667278,0.0010418383676426646,1.5467477899101583
0.0059385573389701156,0.009971946585758382,0.9896280221863385
0.005277474708275236,0.008760473115050868,0.3147700667959319
0.006472793497138382,0.00017038662295738472,1.5411424733870713
0.004491618968506173,0.009369998693234498,1.2239076915823819
0.009149714510398001,0.007632586130288056,0.3358700227833336
0.006596018291387359,0.0041987141257220605,0.49648241998114734
0.0009506078137811169,0.008539105139418525,0.77483970080214
0.00343648796164741,0.008896265542263408,1.8392946546208095
0.002301445165174324,0.007591222419249048,0.38777594810767707
0.0051298253820589515,0.004547185713963155,0.9537753939721441
0.008786560966099935,5.462552353338701e-05,0.9931859530206817
0.004681798747063362,0.003135912731681264,1.7818545725998411
0.0028965342767862112,0.007989781344595603,0.9288008504719584
0.006735977858094179,0.005688989289215578,0.9107818630904474
0.0005953089211162788,0.0031491364492609543,1.1383471248715913
0.001998085020262378,0.0031881229755984066,1.3511675681164346
0.005965319321601942,0.0002599909513409593,1.2592602990254234
0.007174037733580452,0.0028625943602072945,0.5001600240902571
0.00474594162904192,0.004338298286797561,1.1338475391601777
0.0020631793572736933,0.007867040629287354,1.964736457809094
0.005951331830031074,0.00894391966963359,1.008472318462185
0.005827353191841493,0.0031927796152007824,1.1271647997966334
0.00026472208302409596,0.0026054794980360806,1.666279001565971
0.009121771902548953,0.0008302568509533592,1.386908211080249
0.0068537674190193585,0.008335513205826303,0.5279065178152239
0.005909061371168217,0.00873422420871368,1.8707211840814466
0.0009783715143114546,0.0018699605657783614,1.6489823439451314
0.002874491470509477,0.00942967664000171,1.7628913942766027
0.006955098349465369,0.00043484890140783384,1.7476665961624198
0.004270184496095824,0.004504716667939373,0.6370995908374144
0.0024381810895201085,0.005898981826842695,2.002455245702068
8.294145478338844e-05,0.008621974741415843,1.6215058726561369
0.008116771012899584,0.008414423737020485,1.4318638587338894
0.007047071354218932,0.004616905499065855,1.54125006954537
0.005118648641027455,0.002602714270539993,0.23936595572219752
0.0029876442825513584,0.006352898125665435,1.2395111235486769
0.002751204113292486,0.00757233401910079,0.37860720767178685
0.008808769651283818,0.007824649429673954,0.499028779325373
0.00937065589328142,0.004547263573178886,1.7282456758354254
0.003555027892083047,0.0014056602508087336,1.9195690812195172
0.00485921166552763,0.004829461442218882,0.08754079475805268
0.009607757811566286,0.006528824990385429,1.0292870349941075
0.007920400797484625,0.008601949916891127,1.7707153231139923
0.001261919716601524,0.007863050851816045,0.8674219808816601
0.0021729716997228097,0.0056874428585516725,0.08687031832512225
0.0006620940007291477,0.0009934730919779844,0.21788609847312276
0.007355214966673017,0.008731148807213663,1.987980953360891
0.0007480787316150817,0.004222046191730437,0.2973305167589448
0.005200967380394692,0.00878604837012826,0.47611750052763735
0.003682501289983562,0.0021480891953623983,1.9155852171512158
0.0016830255069122313,0.0069148302571191665,1.1675090979653695
0.0032873914101651447,0.009374300143084508,0.18311180729122736
0.008946266438442,0.0009278599991793602,1.8641341744774915
0.00881237749062867,0.0033230153888743974,0.909091299697897
0.007742945780995383,0.004055124442277284,0.21456446326729517
0.006061341417271158,0.0070394233798775595,0.39418165853069953
0.0034112877648662665,0.0092306022476991,0.9917730463791722
0.004447506893146969,0.0011166588912708132,0.5918797202329873
0.007345962810057119,0.001045785911443744,1.1244486989035316
0.00011754449880625906,0.007832257837469141,0.88725101912321
0.002438435839275841,0.004580366121262343,0.12318119262971713
0.006871918469294904,0.0010095871149696323,0.7400424016883375
0.007705620834361377,0.00997403971846243,0.9960462636240275
0.001262570496751876,0.00402281915245262,1.054567542165164
0.005168692598234503,0.004400361064980798,1.5281898920942798
0.0063751254728221666,0.005129790841195128,1.0350563340128554
0.0066004183010533995,0.0045435142813696795,2.0045802281005956
0.009442351770211863,0.002572479534950114,0.7700427891450659
0.0037946896802991538,0.00444176848826393,0.41319711438001694
0.003964395934057538,0.005347739241684804,0.5940393606598847
0.009238501388309733,0.0012181317989863939,2.0158199168312483
0.007930506206212608,0.0088919849725277,0.7787650602179561
0.0026100433810227496,0.0044395162692860025,1.9915239579965016
0.0070699466466099285,0.009927730139738907,0.5033506813082443
0.0014343931743689932,0.008742422802204167,0.40683571705717503
0.007442192155041474,0.007323633352231661,0.49552217092100104
0.005545910409782758,0.0007996934267398726,0.34217663753832384
0.007598197544207882,0.0016402000489891177,1.955573403201698
0.006210272220023991,0.0029801602147775607,0.13780450189525006
0.009911752270733279,0.002872404819116936,1.0720833152908118
0.0011492276369992583,0.005039781512557818,0.44527079982247675
0.00048750807287309183,0.005012836056274255,1.6894023862660545
0.00829536771312727,0.0028095579624848356,0.0067841296791856355
0.002478070939904112,0.0035168940200875375,0.6627609725852931
0.0022433272236281466,0.006168246882759984,0.3296234529731085
0.0007200984041627634,0.008767734962663537,0.12357620270047855
0.006586668739016402,0.002923730306789446,1.8219778775651583
0.0028230395461293725,0.0024405985743033132,1.0575751400052569
0.002693724018090793,0.009008139436189954,2.0139438290473066
0.007449830434874302,0.0076492195455994455,0.7078651725630853
0.0035731631787259167,0.0009109355319935619,1.197941739956626
0.0006357249681964117,0.004740196322965409,1.8785215269679156
0.005884475613604622,0.00038294599968467184,1.1626916259149962
0.005660636883044236,0.0030744864770607663,0.01718204079209423
0.0013495189180989043,0.0013654918642774516,0.49243167041493774
0.006013468501245597,0.003409888027109965,0.44169156700138823
0.006785213574802565,0.0026700683909853706,0.9925066178226218
0.00962518936077212,0.001744471290970293,0.6628963895701087
0.005787455968768293,0.008388534120729934,0.0940731657961107
0.0007374882924784287,0.008718612124075797,0.4992601502495506
0.0016548241603292536,0.009879007117026082,1.7992846982147819
0.0005168552147552074,0.00769272619603271,1.12998989356993
0.002382620975203402,0.006715731891295899,0.9444520062440067
0.008515436831468267,0.00985970282186392,2.0191887185653083
0.0010818905564668468,0.008640822944332322,1.0352830316456183
0.005027148913314462,0.00794926413721984,0.5124180968148574
0.001771187017089777,0.00013741847900068828,1.5119262385676058
0.004486684575993846,0.0007250604694424145,0.7987133162197043
0.007531563316152237,0.007469541046832013,1.7302592555505258
0.005066877262399842,0.0013651034704890597,1.099146645392987
0.0012095067190401021,0.005521339917988319,0.3623521519371438
0.00714850126049988,0.008229057703020418,1.948662556655901
0.0029967174504138263,0.008137774041330209,1.297392547281166
0.0007787460938639601,0.0032397678851516024,0.39362124216850886
0.0006160471111347299,0.005642855817844232,0.9848431284914576
0.006236927589673499,0.0069267159129663336,1.4175423885328595
0.008017410035071061,0.006142155656961161,1.6348418727708
0.004203847451225109,0.009521049922603159,0.18975816296756032
0.005300893917422069,0.00410649928981463,0.7195447378410892
0.008894651099454224,0.0011851987310084612,1.9502644394527942
0.0026764891682296544,0.00414786497981504,0.43813694684370763
9.79367587171387e-05,0.006612783717632976,0.4275753819206134
0.0081141938675615,0.009905906121019771,0.09989125308460577
0.006788175725217768,0.006698106545181448,1.8218989504274505
0.0010324422538226198,0.003264457335670754,1.1200473953993817
0.008680093689526302,0.006701496515756795,1.9757332515823043
0.004745608863263198,0.0016290283965576203,1.3511692523201198
0.009523660203869445,0.008484259616958463,1.0718213359310949
0.008780512838149509,0.008452860288454477,1.5887075912039084
0.008264710304905292,0.003820915153834541,1.998803049662322
0.002114543552945761,0.007949090259254998,1.459221277588224
0.006494168299963174,0.004850668934804116,0.9699138810862797
0.00033520831890881177,0.008341298913048748,1.4892808249464078
0.007688115256088132,0.002785055442224692,0.41883975954619085
0.0071034814747059,0.00912625239399193,1.9421360302788722
0.0034557561260594293,0.0013613198603297373,0.6074267603362666
0.007483889597361839,0.004194092244264499,0.6604992223901011
0.0077044701669150804,0.001121810385963924,0.6384767715378086
0.002555526256003402,0.009806837648678532,1.7555938392020831
0.002807164519693991,0.002831046548160149,2.0029814865358526
0.008480778584928673,0.009719968232776108,1.3970627959218935
0.000756212514041209,0.0063960334156957736,0.2695669122300016
0.0010191783038952385,0.007726888520896448,1.187478157819094
0.005725503764530996,0.0008479461569069047,1.6169526899127111
0.0063508331606111365,0.008554922115546234,1.9849113661326219
0.007337526875886421,0.00030840152720957524,0.2557043238003571
0.009450238316335074,0.0029502992960802,0.4378826668830497
0.006146784903675281,0.005372475693150614,1.6544416616885382
0.009244592454391819,0.006640174328185652,0.5020441909887475
0.0025925062011107193,0.0006252191321258061,1.8921732833782736
0.008493623800652033,0.001059385236981073,1.485141381453653
0.003332323848093706,0.009553280250079234,1.9702762325596201
0.002634254051551882,0.0043896741215812655,1.0938406349371828
0.007474324856770983,0.004700099981228539,1.8434751331636172
0.005430378392940262,0.008486360215482089,1.903952196721314
0.002853316500865659,0.007380861628183201,1.8728478330490903
0.0014935830692293173,0.006684624791707708,1.7653173367497885
0.005533492526348774,0.0024761469594414822,0.5880182702650383
0.0016133406041434829,0.0060113889084043295,0.951618074172897
0.009692347695514246,0.009739401979287668,1.2935587675800402
0.00017385523182074868,0.002323430689648118,0.5152729117734147
0.006991405308839254,0.0016418494896554725,1.3539824008286798
0.005633709923994898,0.004847845236022507,1.2601754884947747
0.008121141082563923,0.006314408553207601,0.21126276795860144
0.008454811097569657,0.004489004459543389,0.25274464065573893
0.0063337123939306616,0.0012231698437155092,0.1990422826930145
0.0021385761262778637,0.0080529216026765,0.044354872260052955
0.005390041678296931,0.009582976341974874,1.0412407394939143
0.007790751090044337,0.004101138606453573,1.9239906633606891
0.002982025002860197,0.0029348946907712613,0.9658461594209462
0.006820042925466775,0.005624125514837393,0.11363322824024673
0.0020280358476043826,0.0094030870503041,0.19342869701699492
0.0059310689165267836,0.004233311490751491,1.561281994743751
0.009846466383982472,0.006624622794669929,1.0413153621746192
0.005204392564138726,0.0024077799487214435,0.12182236112248672
0.002748551003222601,0.002549660867007324,1.3274071608489377
0.001030838009204914,0.007441887566921831,1.5412188538943454
0.007959475695286237,0.0013107978425798228,1.4808919111687722
0.0031931724490086243,0.009556847948296907,1.4493262809119418
0.008622574101075002,0.005034405596640293,0.6192116910885619
0.0072606724830273405,0.004377886637311753,0.4856204095447341
0.007365497740683874,0.009085742764845774,1.368703527730634
0.00504323597244605,0.008522111267446508,0.22458407791023613
0.0006795782658463867,0.00028000427989131383,0.024999695771727358
0.0037525399951785798,0.0003469303796908796,1.6899401738010666
0.0058056081399915195,0.004360795810079685,1.0006938512673509
0.007801912168325744,1.3818663862147363e-05,0.1493103731882549
0.008280877954452866,0.005786037542392053,0.7777143591545443
0.0026016310480784254,0.006445034137387067,1.486493509106844
0.0070915703110015615,0.0030476614942385907,1.7951821157652244
0.007972665978793063,0.006385677234264845,0.970090995054285
0.0005104074751013055,0.0014534587354888473,0.5520545420933956
0.0016842140884681634,0.006903072581867299,0.9547878813691989
0.00011046131694221973,0.0019055289335224523,1.070592025501133
0.0013295529189954526,0.006423657573015783,1.9402367628408514
0.0029469432341743197,0.003642257701186258,1.989143255982831
0.002713403252656209,0.008452602312904877,0.4843146250785829
0.0018414591830506132,0.009450400229382008,1.6989789821770123
0.0020822304905522204,0.007773488642238274,1.9484671562590556
0.0016330135050750382,0.009693893127453711,0.6389598524120385
0.0014495385765089996,0.005300076975578592,1.8537402403764682
0.0023256042416569156,4.053845505533671e-05,0.9608394736448219
0.004167934338703902,0.003432874302932211,1.0851440558234569
0.008684163083775565,0.007611824199476346,1.8430597628342773
0.0006963849795357802,0.0016249094879712612,1.1949744152651278
0.0027289188074550307,0.007307638220463386,1.8705536556714275
0.0008511263536632463,0.008758880699130117,1.4201298333172228
0.000879555400426637,0.006116129293084478,1.9885744066731776
8.69301174668713e-05,0.005361023131866416,0.027987447428267056
0.002023431282305195,0.007112229955509339,1.7373586957898752
0.0025887086495104406,0.008009655124302333,0.5174565126885794
0.005367924675434493,0.002198669331264118,0.7171153602498156
0.0029602470568340544,0.006001443479421738,1.1621746771182915
0.0036508830690753823,0.008582996082589616,0.3002375933855593
0.00469409370650739,0.004341630610732814,1.016398132734591
0.006697167325418228,0.0024545222070921093,1.184629920348989
0.006025520728120974,0.002356898515982412,1.2828047485903418
0.009179410328303451,0.00475330276713138,0.9551490654094785
0.00016439774161650211,0.0021842238098662326,1.115124551693583
0.0041461078597014225,0.004149030434068415,1.8822789631316221
0.00906073215567886,0.007171761687121498,1.13598094820086
0.009817492608711995,0.005320731836756984,0.7637358373649105
0.003817574063550455,0.0023157239064762235,0.30067117007550226
0.007435816747411257,0.00047194572743810225,0.9087322303997138
0.00896843847317937,0.0019145204154112595,0.5069762618751991
0.00716921119811803,0.006792753339521093,1.922766686168094
0.008616626051411138,0.0013070493973090648,0.0799425352378548
0.00012497355087191632,0.00921890186621123,1.670169454964386
0.004121532571705135,0.008149593447022468,1.404108068131513
0.0077828813497464976,0.0009442444820633444,0.4244078614442832
0.009980672670051795,0.008657072266634522,0.7095548716291458
0.0021908475989269372,0.006251848272407704,0.4573211591305772
0.006437123763599161,0.0008830571549630828,1.4409283549191063
0.005263609836598035,0.008728784334623638,1.0352657205817986
0.009369039104396886,0.0029367853382294196,0.4116233169776231
0.006001241422097861,0.0015290777933978838,0.2718902578779325
0.005804689875765524,0.0034084257414591867,0.2645444561699029
0.0015134357494190932,0.00024020860212699337,1.8688807177210154
0.0007014052793292836,0.004876978918316315,0.3936788048275607
0.009149684699812602,0.007697644889035363,1.1802253336442694
0.007166137470863119,0.004621843788651736,1.835902027968156
0.006734774433934005,0.0021777010272542798,0.6942320420749473
0.004376897833100516,0.003500843757999903,0.7699330945001939
0.006226976427221026,0.0019579478289719087,1.170382057421865
0.002727144871563124,0.0024943900320270242,1.6238263229526537
0.0020847254820347393,0.00018305810386157195,0.18576166630720686
0.00830922447243551,0.0026158849441439945,0.7008799105138317
0.002248007029269944,0.001158577633628951,0.07714660846056916
0.0013463649829946246,0.005558617879301346,0.9186119800078231
0.00014743396071969283,0.009523404327731202,0.7565500211548383
0.00812902424956686,0.008827309570572135,1.1114055752813663
0.0065104919617685175,0.007132740601294242,0.0825880748235764
0.007411420013771312,0.0013175996317323225,1.4280503397709072
0.0008997300154668064,0.0015388990014713645,1.07933794675661
0.005821219257001575,0.001695418386741544,1.4973884017890438
0.008418761989909459,0.007043434899141886,0.8981794818790527
0.007830726207361532,0.0001312117804738533,0.07927371784540203
0.006996165280945893,0.0045922033388202735,2.037223577511799
0.0032514075161061973,0.00030830914876079583,0.9329170204879418
0.00814264694096514,0.002423322356483539,1.1439172360440337
0.00223204630719987,0.004315162208714291,1.9395856001250198
0.002013040686031673,0.005356669128382627,1.343753166629024
0.008528113229658796,0.007697580282710086,0.3694953928279354
0.009421688065298429,0.008308891427800062,1.12142303432059
0.002608597535117637,0.004727984468541546,0.26316964517428404
0.0022535381735953154,0.0080585089587132,0.5373529861743807
0.008794339633990846,0.0023096550600477596,1.1087099119536872
0.0022724202759600042,0.006758023915967635,2.043896079398413
0.006047708381488568,0.0021881350865531513,1.5712767499745974
0.00909017207514087,0.009368731149304315,0.5360177794139197
0.003812742443745869,0.006228519007758611,0.63929476565615
0.0013877714462634883,0.0036901502567930587,1.4188535151587855
0.005456093713245056,0.003594564327732779,1.1563994917013167
0.002608893212036593,0.009392045326885234,0.11471866757704505
0.007262975301023712,0.005278495349684875,0.4816470768959009
0.006907512473268864,0.00469029573417217,0.060072395267908286
0.001252785415649156,0.00302717327070844,1.1869037173422794
0.009142122128432108,0.0068295185491813425,0.4032750621038757
0.006794831400667175,0.003072765804754435,0.4066260499969278
0.008304760317518128,0.002211203854520758,1.4038757070323953
0.0022545344368927857,0.005172717346889189,0.1592926111131039
0.007951756436431244,0.00725873824896171,0.08572843733981728
0.005892847075924482,0.004370953424579936,0.12856148498262274
0.005533993397119553,0.007285066898430508,0.8547613617887652
0.005182527990049177,0.006956584168590364,0.5012247249760382
0.0035234966883914733,0.004074301725742861,1.7718884925538894
0.009642097475744444,0.00861120437119237,1.3122393776574328
0.0051882156265331825,0.004202031177716252,1.407334464945082
0.0023540853694086904,0.007100828956159631,1.9397045772131283
0.008898093480968849,0.009970139393473732,0.45191932013436037
0.0035999244980686974,0.004701519867578437,0.4044545039931478
0.006526102568098103,0.0011108160433853998,1.3159153591313635
0.0029699402003641974,0.0007715879064567754,0.6632263372977578
0.00040396506852389934,0.008400167665639913,0.39200448501731955
0.007659765481112516,0.008757490803165248,0.06164490804063456
0.008003615496270357,0.001502463251320413,1.9771118198892974
0.005559127099693705,0.0074418048136973645,1.3197111134954176
0.006420550591010492,0.009361377233923572,0.7279443334413875
0.0062583424620646115,0.00983853220035988,1.466438461217652
0.006103645536223437,0.004988022602202261,0.38786044122878777
0.009949844139198952,0.009055694784063326,0.5405176713183076
0.007310719142793097,0.003675173703241389,1.5922560061577629
0.007825833037136071,0.0013594267290318307,1.4109236258186646
0.0022193230329349677,0.0028495440533538308,1.9647036301273508
0.003695851738363031,0.0004987676071956326,1.9512883902908165
0.0020447604674463694,0.007107329375318066,0.779055361754495
0.0014727631989066615,0.0073656244405841485,0.03383974733213437
0.0006574692833868102,0.002713170062444096,1.9417036870957125
0.00825318945815737,0.00419574834566067,0.2854716133956355
0.008547597601867348,0.0023921174879366113,1.3487530889403372
0.008514228939867844,0.006577594558974046,0.8458481856527583
0.007063904383683466,0.00998614493214069,1.9954742703824817
0.008594273065747645,0.0042587146284682985,1.8917051103828864
0.009821872266788968,0.00392838858861899,0.23832068591344963
0.004186806627674934,0.004145972747161287,0.9164847257409153
0.0020897406930148045,0.00033586085488577334,1.6242463077632565
0.004297139977957544,0.0022499502948285445,1.5782475952402755
0.003902773384522076,0.005426645862299806,1.3277466129769535
0.006532604763575893,0.007090643539549414,1.576010872334183
0.007376859547325606,0.0013837594495881922,0.3702786629906079
0.008223867880969033,0.004432414525480967,0.31541062784642754
0.005293696125931336,0.007304369723620295,1.5069063556487454
0.009718514888318095,0.00043825432016248003,0.7012542596989066
0.006396994966195441,0.0029525502799154545,0.2898421556280582
0.00891365935692142,0.003563628898760127,1.1403139073948731
0.00010472600008526011,0.003998474382086786,1.0872476494890286
0.0013658778491314838,0.004495309638211014,0.450619348052183
0.0020144863223184616,0.0023525208541158426,0.04677738473690251
0.0019870357144584306,0.0005974304874618119,0.9235863409260539
0.005775625642725029,0.0017690748672577706,1.9331908979874266
0.003593480340803955,0.0022344543946603867,1.1174114054840558
0.0014734041824347854,0.00476143331061137,1.3278563126025524
0.0010033627049920147,0.0012844340308984536,1.6753782066784044
0.006045020449367868,0.0097432770403294,0.3875735062853504
0.0018074959043772266,0.008908100126184768,1.5818091998182597
0.00873424899204494,0.006429137120663635,1.8033002933672353
0.0045156611674018274,0.004662930529644072,1.2005125944627655
0.005320318888681071,0.0002327782942338208,0.4298585955272588
0.0014870006480691646,0.004738624395599795,1.1142217042836189
0.004065887690317173,0.007403918746597776,1.0367137294399533
0.0005419187766243295,0.008708094943305525,0.10473313959748713
0.006110089474601442,0.006627399186737784,0.8488290503520307
0.008993905009221818,0.007231231717680335,1.0921314241804136
0.005209709242923847,0.008463666777641217,1.6711370395288294
0.0011968229931402375,0.006979916409170046,0.8485036584194005
0.0014974904224576936,0.007714755498788176,1.1008873506329968
0.0026529945101202213,0.005397531233693206,0.6291939453408789
0.005745908859394582,0.003942843008322074,0.3905140989250372
0.0006914202099435219,0.003135011306413258,1.027303173344308
0.002144446978146062,0.004767744410672999,0.24108111480441127
0.004061404487139774,0.001040929941726646,0.29193123050579173
0.008076440348040713,0.0037493496828152873,0.9550873299988615
0.0004585810489497932,0.0009829919615314976,0.462159056448269
0.006380531509303557,0.0021693035890050626,1.1202934287202737
0.006369472494910648,0.009866852141536812,0.6601866217272095
0.004009291524843948,0.009302742860220186,0.4093256406910764
0.006733153711264884,0.008306891387581174,1.7366101843825603
0.003485109739484588,0.002068859109922373,0.6295321464102794
0.009033744934764646,0.005596262829915857,0.26479285878521963
0.00042769594116850995,0.008756301214934314,1.1334183754508735
0.0046028529852880085,0.007552423637290826,0.8829049932114059
0.0020954909554393407,3.415687749834806e-06,1.984775794485575
0.007882092901333687,0.0038077788658455037,1.7280190852742194
0.0007068710263352696,0.0019378123139144798,0.9165693417011626
0.005462267392687173,0.002940593824355008,1.2542426166490839
0.008777132953174366,0.007814962640835836,1.1626364278413799
0.006497362047754101,0.005638410456473212,0.24147012190203676
0.005067681032298376,0.009792789757761874,1.3562468643686119
0.008392924996175652,0.0054591755976707715,1.1096662435629605
0.009832929310723514,0.006931535265197447,0.9009166565673403
0.0006630194838299986,0.004659473859814202,1.132834801105619
0.0031743392308635878,0.0007116879660058162,0.11702086415454094
0.009188645411492868,0.0024034063612123446,0.3028128251755394
0.004269164975321482,0.006168726830075885,0.21884390633636214
0.009120146118063256,0.0013522826870915239,0.1947848128525989
0.00047262612587807286,0.008329726236300756,0.3958021394969052
0.002789180893735622,0.002229990700646074,0.33585584200045715
0.008755506239719999,0.0033706385879014467,1.5742109536010875
0.006828577173177169,0.0033591966730803116,1.651904269457307
0.0028640711002509,0.00647268776455517,0.08964715076265425
0.007951200918579912,0.0005572034783480573,1.605194517995867
0.0009230892392160451,0.004510317356756153,0.8076032147265627
0.009914139621756113,0.0034056805252542723,1.6333789070987919
0.0015292236812898096,0.0008114966202227303,0.6060727886968563
0.00814444619097106,0.0003636460987249579,1.5470608105350474
0.0007737615886506522,8.891827623552784e-05,1.454502160737454
0.0065235350807224405,0.006275293495747526,1.5270128539511905
0.0035203796884238194,0.0023351244714612117,1.8449052932845027
0.009473281372521798,0.0029898794065130897,0.9306161825876572
0.0038857975730016824,0.0018500172866424192,1.7923760100456512
0.0044963924945153775,0.0028036343518844866,1.4290062731495183
0.0013432403081251876,0.004430578589720248,1.025804179734073
0.00473950590624927,0.009417367466725238,0.0022855212782007315
0.009601196314620152,0.005504962921820004,1.7951151637456781
0.004743186750478314,0.003295556317509474,0.9854644049195141
0.007078402207261076,0.0034027723141738897,0.8148237192389954
0.008987840394055455,0.001872856637474244,0.4030064912954366
0.0031401421876722756,0.0003020478292886153,1.1945675243501412
0.009905613264770612,0.0017205019836081426,0.3603163373378468
0.004766721728576688,0.007622200238737869,1.920815767284031
0.008544385975699134,0.0020840685000074544,1.8880529531416435
0.008557822549991356,0.0003558122179861889,1.3139211124993226
0.003479095155529364,0.007212190985765393,1.1093802513775755
0.00697207035273561,0.0036748270730974785,0.7727245834958758
0.007596400808169451,0.008110442614521589,1.2774137508688888
0.00624489222511574,0.004585051880904014,1.8295314881785492
0.0006208359103052552,0.009987968420992433,0.6455513341680924
0.0004985283513985339,0.008017375109566379,1.8835634613873296
0.002988225467820076,0.007451334633478309,1.7659953235977495
0.0037386169287478488,0.009188773127233022,1.4396667393914573
0.0019187795174716383,0.004013086699108948,0.29557030938793
0.005053949040421687,0.002256669386998148,0.9713136046607572
0.0017062554874268444,0.001871904263036136,1.071758139929171
0.005677812150613913,0.009844001609758105,0.30445649287739796
0.0012317931789821213,0.009409271073419781,1.8972714524320236
0.005002111920267048,0.0078117080943966265,0.21944331189332586
0.007487966388022441,0.004766721702663945,0.5143336442307367
0.0008304439832052624,0.004982292325637864,0.5749991540027336
0.008074445770428217,0.0006291837061583217,0.6318020144735579
0.006422059368307573,0.004374515477821447,0.9603511571257836
0.009907532718116395,0.002624673709758696,1.7371181570281935
0.008234381324605317,0.00841787102015559,0.1593141534512978
0.006514468993115858,0.0033069480003057173,1.593728768290292
0.0074818030617062325,0.0003344215199934186,0.8199739300518789
0.0009900114858414377,0.00617647660244638,1.9864116475395834
0.0053766364840233324,0.005806395726922284,1.5694920877052805
0.00860963755566292,0.006935516088977238,1.128170651357749
0.005107082785452599,0.007287163962708934,0.46454038662859554
0.007356373012780457,0.001355982355718497,0.7641228618149754
0.0034449850139172977,0.00929934866643805,1.4731024338533454
0.00673119450733457,0.0013322280386136,1.5272417443083788
0.0012718258842258025,0.004369571037546095,0.5081223455971754
0.006523060709569639,0.008597768007030382,0.8645473490937005
0.004007472444724094,0.008715591746311981,0.3271710319174537
0.002274338035268937,0.004970361005839634,1.5107761386003005
0.0019336810684894969,0.005012336711635137,1.5893359214034137
0.0012248179443528151,0.0017532356734955557,0.6567317234977426
0.0020974424831090555,0.007294198702588655,1.5442548407870738
0.0052527815770590245,0.008004641126040156,0.6336806298215676
0.009265615453081013,0.00826673044533405,0.09620250773377431
0.0005186160517962445,0.0014021297746005124,1.8772707664820865
0.008134189624066226,0.004878049156202378,1.6546671132966042
0.000572271408989784,0.006108789802219695,0.2964257847052906
0.008596484867741911,0.006478021707919604,1.2587721608991838
0.00392711017063097,0.0002051249241380093,0.0960219122785609
0.007265111343554846,0.0037390174398716646,2.01867602528682
0.0016872191910688639,0.0009597283678019786,0.18099154326479755
0.0010406593896144078,0.007904276188716556,1.2916677831665877
0.0065085359786500275,0.004349075892370928,0.5604054869570988
0.004470396819291884,0.004014080310712609,0.3277737976809945
0.0048213235452387515,0.00715605519988093,1.2756876897867124
0.00945546510954777,0.0014579928651102002,0.09331242876362404
0.0004786290531667881,0.0030271027844312494,1.7513991543587846
0.005951240623403914,0.007150177143944169,1.8038265194933825
0.007251468975916551,0.0021378521241535286,0.7068333491420963
0.0034521301752784596,0.00819614496990888,1.2436933003724002
0.0013299135529189975,0.008078506581441281,1.9498100456550547
0.004309470116496551,0.003142210774796407,1.2083578856637391
0.0017732457806156087,0.008722258294142233,0.8305925103396673
0.002933714291594923,0.008263181533027103,0.8721766368305627
0.0044682892602528924,0.008717933521757966,0.6496385502095293
0.005377663254387499,0.007815169504859115,1.4526813443140745
0.005858990250249613,0.0035719426110987084,1.0790221780854685
0.0026188838155925542,0.006038846827360314,0.5294617244163278
0.004576585829388931,6.651275491749375e-05,1.7643570451641613
0.002865238384633402,0.008506161726909234,0.38010061599168793
0.007470073470751831,0.00367771323814185,0.777640982667467
0.009473773087404897,0.0030541752458825345,0.279782682665231
0.00501633438479715,0.0028438006797582393,0.21744816602354677
0.0025029318144504597,0.001963188109095216,1.0934900349499173
0.007730837539861585,0.0068468181289754945,1.5537512876020352
0.00017702137611382728,0.004605829951608738,0.8788918206656514
0.0033380743595199515,0.005915740685308958,0.6046384079075147
0.00818213939320045,0.0027045378371245475,1.1636519550240847
0.001448596986095314,0.005496151604971352,2.034360248601975
0.009595314087588947,0.009912655721958648,1.412497665330792
0.006163456922167378,0.003286009974641485,0.9179474358043526
0.00969239459106949,0.006326426772280669,1.712527312846003
0.007006299898415977,0.006441174190812527,0.19573866582724142
0.008594942872850708,0.0011251459254919649,1.284571647563945
0.0050565434644559626,0.004177034843137856,0.10082764538174872
0.0013615262430250097,0.007391431521049711,0.8073543804806842
0.0014175428572527748,0.007426668773579796,1.1793853740266966
0.002298447169497595,0.00031696395193106964,0.9619971897818665
0.006762671705967234,0.0020339964605534267,0.6227133198185766
0.002320915185655262,0.006374069048273439,1.5282609330487895
0.00364211737499294,0.005159830200075784,1.5078409834413664
0.0047328151952191,0.004791696264571871,0.652604912597897
0.0027273645944590353,0.009401039908626762,1.391261978759761
0.0013000238626333482,0.005143568775537132,0.36016600398787924
0.005502110494321024,0.004353147625579873,0.6730487999482582
0.00297604718865185,0.007981140042779136,1.739705000211096
0.004643049891518423,0.0017073442202125443,2.0246939550748753
0.0005227620822199785,0.007227218827742326,0.35118244469489535
0.00586098856164231,0.0027393676221600573,0.4565720749751909
0.003315397260517813,0.000101022848738751,1.23477030193645
0.0013286963677967413,0.007188486422362797,1.0544423755872734
0.0025977283445702405,0.008550396756642929,0.6830681917847066
0.009773623928069472,0.0005697309153035802,0.7855193847492294
0.00839356036152512,0.0008011053231542798,0.316776441342515
0.0034739522310796556,0.006547626525949289,1.3338564223263272
0.009452718156748018,0.004254808696022927,1.5152198240752572
0.008098782420905644,0.008685603733982803,1.6171065223167356
0.0014822011266301582,0.0022146337220275082,0.40198550696061125
0.00731288408819957,0.007157989461633437,0.44277677759827155
0.0028425592883360297,0.006012253907928242,0.012945085020602015
0.007217991744127917,0.004112435847156917,0.2934505233999917
0.004448477325938311,0.005903302326261898,1.0359657120274977
0.00976496238852688,0.008613841490877816,0.6061341424870436
0.005531681975091445,0.0081102397800244,0.5649195137635462
0.003797038062746868,0.004561015158241956,1.6374474279871472
0.0018904221256434528,0.00010904434376550865,0.909891939996444
0.006162267000071033,0.008834255344303373,1.8405245088552726
0.006709022668205665,0.003152996143036253,1.7478504213340533
0.0030366094295081105,0.001330178784508994,0.29544462274310695
0.007933385922858877,0.0047877459765483,1.1041815452637715
0.0025717395956333755,0.007803364628110171,1.161623755689027
0.004434470158813241,0.00626321604738897,0.2722508250802985
0.008131802366120046,0.007079968909577519,1.9919267613080307
0.005264379675424598,0.0033354397432364836,1.785180501258009
0.0004761852389853039,0.000782127003594787,0.5062506289884072
0.003938448632111989,0.001774556426350966,1.853526486202648
0.001270707016444248,0.007196772882087919,0.9095933309690478
0.008258010689359127,0.009089861604357773,0.00895225018599126
0.009599913287823421,0.0022010493631547177,0.47194431494808053
0.003175066022473856,0.004068290590950354,1.378714138745891
0.00362411093802849,0.00321355725641036,0.7461588114147997
0.001985843669988359,0.007607162422129522,2.0470257847459603
5.284368227268521e-05,0.006880599258937822,0.8948629643216003
0.009644683984293148,0.005095560628373295,0.7494960584704138
0.0025815495995517167,0.008326163702622753,0.940277109607043
0.0023735129359709582,0.0039367392682348335,0.8858741001049748
0.006094325674380524,0.0037613006624393932,1.1323388413792592
0.0013926619813192198,0.009864515633044902,1.1951760835228973
0.006739165019250349,0.005945943186475751,0.8061250762865889
0.006864830498269819,0.0018791997105260993,1.5812127359463377
0.00318829209699644,0.002969216193891626,1.5236689771621323
0.006021654755298501,0.002087055517133567,0.2719569009836084
0.005496065141822884,0.008004218338623609,0.06276087987885623
0.006613745958953854,0.002836115208254598,0.041244267566727215
0.005204424540355409,0.006400862572116668,0.6967598480539356
0.004334672845496149,0.006846132142027081,1.4711952968974995
0.0077148565628215975,0.004404844463401321,0.48472913754754215
0.005202423253939818,0.009031009665576639,0.27577094231933325
0.006904425522417137,0.0023425725527997454,1.294458701134301
0.007057733073732478,0.0074203534749207704,0.5595050039294385
0.001936477910187675,0.007247911016041337,0.24292245654004846
0.0026493987661963636,0.008822876132663948,1.0194452059843695
0.0068029881594971146,0.0003824794491724093,1.071254162672504
0.004985384696833749,0.00470869350249902,0.12408956409869125
0.008192887053633791,0.007462438048424289,0.3564764186010107
0.005336385871645635,0.007181667430262846,1.6427273060840204
0.00984609205211305,0.0029157197779049794,0.7253602242907333
0.004394687453028469,0.0038183070576236467,0.12561658087766966
0.008781565935729893,0.007409321455434202,0.9187798751416489
7.637512530693335e-05,0.002600907801378558,0.2506818494466123
0.004872489656095662,0.002171596346416702,0.3927274259848371
0.008459801991893067,0.009932326566696658,0.12310706245934444
0.007240784847916945,0.007593763281730728,1.3514435619033247
0.0018147262810322062,0.007337225789972864,1.1720611912034073
0.0033042642763952555,0.007189985283193764,0.25893941031895906
0.002845042691242654,0.005395570070074895,0.9451371234263535
0.008640014891040878,0.0033723995582978796,1.1619576299731778
0.004519376953350174,0.0002959318671078537,1.1144672261029098
0.008011087762789708,0.006849917244284837,1.4080957663777647
0.0018726037833588828,0.007500871129165273,0.9890801131448604
0.005551407627517279,0.0056256851114690155,0.009476952192509009
0.0020369609926165566,0.009163512785658242,0.0406312394719762
0.00989528053519839,0.0030552902487699252,1.1204578928359903
0.0024425501909765145,0.0010654445378129906,1.8284899543688187
0.0014750715592035614,0.008802538386099722,1.2260174791113716
0.0010182788288055323,0.001949797699909498,0.8165082855646834
0.0033896101186375836,0.008518712259362984,1.4398632550608919
0.0044373813024969466,0.003062444118314167,0.0017795253697760387
0.000923251703129262,0.009746236033890673,0.4226718507968259
0.003303014552193545,0.007086622245346284,1.692452119660674
0.0024908478415068816,0.007367931440399083,0.26591768070496674
0.004746540494414672,0.006445449508876767,0.12355489659287824
0.00017635338737150287,0.0061358501262144495,1.4012787722034206
0.0034621305326708275,0.0018166358327552313,0.9146516428171234
0.005569171639361385,0.0029209125324140793,1.7381894703293161
0.005780307856629796,0.004742389774318829,0.543357219800083
0.00350240620087959,0.00810446071785514,1.3332784478749808
0.0048757503019351955,0.007646281572787552,0.05639255609602015
0.0071906603592431315,0.004833892839627,0.26289235346809603
0.005365448710904253,0.005310143408134279,1.8154903142857974
0.007945054520357799,0.007755795499152727,1.9095671217160473
0.0035018843568080473,0.00874167069193217,1.8212718161035946
0.0012022189120119975,0.00045435074232723306,0.1060282394429033
0.00026324208599516895,0.006608613027565363,0.1675154571059749
0.004290826172175223,0.0007096580926638973,0.5399309741285139
0.009426793838745045,0.0009961531795851263,0.9258732295795786
0.007348818642425083,0.005448898081910557,0.949409789338259
0.0002806782297169541,0.0012364207280615713,1.0902741247833447
0.0004330822523414135,0.005382080681730624,1.8371848809421607
0.0014023936906545431,0.0003377723395028931,0.3667615893305237
0.0044813034835388425,0.004613072509730899,0.7987165836836165
0.0016990615064266857,0.009720511283209636,1.3810895144214408
0.0029970545273718197,0.006058953066839401,1.900308233499972
0.006357390904429855,0.0038752192060610637,1.699784019653146
0.00913417091174787,0.0033274154355836206,1.8584716222662534
0.0059719819668835675,0.004936259230604471,0.7578239044820343
0.000795558366341147,0.002147850467362914,0.95978977154122
0.008465144826396787,0.005076282391114853,0.02660645607131826
0.005621632069951758,0.003177839859553171,0.9483016410471594
0.008498510845690586,0.003274750922856662,0.22144951245305758
0.006264522441971177,0.003967797378761514,0.10074916902343124
0.007109887659964363,0.008773892635491503,0.26919653274897093
0.009295005248428476,0.009287239746582245,0.6765643640564297
0.004250748022668035,0.004581698691588984,1.9376065764480026
0.0005192178688835935,0.0007026190029489788,1.1640441588686
0.00048643073267457985,0.0024719120920423786,1.7842490941054678
0.0013617659359073154,0.005131021967117601,0.8833269376611769
0.0023983530513629783,0.0005137393035829996,0.6752743216329078
0.009695144493376643,0.0006002515983140633,0.011590568894719325
0.006111222314432696,0.0028922548389123314,0.015079989300229324
0.001564933210557742,0.005391333460816986,0.013379871500892548
0.004900259106285804,0.001557040591520049,0.11838869027177182
0.009022295647181556,0.003732823181437779,0.6524748411794834
0.004925168062906627,0.009351421563425505,1.0000010440481777
0.001755294576498072,0.00616441509047869,0.3487235969564441
0.00226648736912488,0.0047445271958188075,2.0457520130957847
0.008662440519062986,0.005750192862807571,0.11130274643990905
0.004863195594054312,0.00839550735442504,0.7047208770590689
0.009601813470266774,0.004804158463988032,1.7083136154431142
0.00818339943313099,0.002279932592926527,0.9757057105779801
0.0041608417093294235,0.005413459132517521,0.61650277797459
0.008616868652893775,0.000497979616048544,1.3536518079017699
0.009496057721743665,0.001987085262178162,0.6657472658372279
0.006443621174656229,0.008875643672446722,1.207532581008765
0.006746616085946499,0.005535461297280129,0.6239356377712093
0.00785853807004893,0.0020341646677103577,1.4509664461292078
0.002666307823586985,0.004772779978463942,0.9207794647965514
0.008425583014823821,0.007043938623672745,0.3219279165152555
0.0035537833411840303,0.007370021876419507,0.40328695006834503
0.003990597450890624,0.0029009988064054425,1.367282051430614
0.002201537897853201,0.005653736054047599,0.9434301376659258
0.002762910724398524,0.007538080622907453,1.4041010875988273
0.0030464553265049,0.002282402169705925,1.752131714170916
0.0013602365750214674,0.009119574779535913,1.907698668949504
0.004593391041680745,0.003743556385236958,1.079568697189763
0.002743638207284613,0.007618075408518269,0.6611593973768102
0.0004129565009557201,0.0009699161783375954,1.2900121097257566
0.0038613652479605855,0.005390256477304415,0.3133157755504644
0.0068024967032459405,0.0035103130141107743,1.1356048859607593
0.008962515793415431,0.007500880831306866,1.5958432597555101
0.009964468597147915,0.009766621642812374,0.7864330988031267
0.0024657933946629663,0.005245752811945691,0.4205098088643174
0.008535604488124167,0.0050740565877407115,0.35608769146737534
0.0006884597457913655,0.004775018325899528,1.3184965776759174
0.0026001038475782843,0.00831767175056276,1.6382513507688494
0.006096785402092066,0.0007948117447984227,1.3050666753286337
0.005054525391768315,0.007839687448573582,0.45428958164509003
0.004333906632131477,0.004338591086198757,1.7378772133751925
0.004487147246121146,0.001107256398331039,1.861395226744026
0.008364412081405337,0.0011286199153953736,1.3935686793166362
0.009649224919735503,0.004827920124596406,0.008225481197263155
0.0006746218529861092,0.008644774585603573,1.8131206648580838
0.0089561764223781,0.009120406717880496,0.618284342824021
0.001303788946861839,0.0041971936500384355,1.3265043210621135
0.00990089508203347,0.009308663986425344,1.491221701867028
0.0029855378214143236,0.008236223365027629,0.5568576590790932
0.0011182531484117565,0.0044694422527384115,1.642237223224359
0.007297409636112156,0.00860699606429704,1.527958734761753
0.001146096286031716,0.008929515116115236,0.25011208393822726
0.006353647270770471,0.003321746291929052,0.16320956028608513
0.0011451317032987996,0.005144204703513189,1.6178087309534206
0.0031197590057081425,0.009702738132883014,0.24753999333786508
0.007090927355953152,0.00019110390222101703,1.5482125426214912
0.0043860852829466935,0.0020947542715481385,1.6606235738731894
0.0072046290672345,0.004162694866409339,1.7213210390320033
0.0010045990333982524,0.0005392322843288467,1.0659264966041293
0.007233281881903364,0.002788883928890559,0.5768341725529367
0.007423495278536244,0.003912856996145116,0.6238761675306299
0.0065474201764292314,0.0016230358513034948,1.7168436675137568
0.004333373529072064,0.0031196600580759336,1.4852437147651596
0.0057743329152810515,0.009872394432959408,1.3662164115084767
0.009292672285228015,0.008624738983057779,0.5494446875839942
0.0013203739393711168,0.007301856263538515,1.4672272344731885
0.007924082156543104,0.0012011838495955861,1.6009544494178731
0.006970405880339146,0.005162674468902544,1.2534836524115756
0.008901643056470792,0.005423835533780976,0.3943016174818535
0.006035740569000986,0.007980639859580762,1.577410588828122
0.009145484719640596,0.00818786214598403,1.9284740881164801
0.005104782379104102,0.00593386852650597,0.5000111345082798
0.008435295424372416,0.003934457645475663,1.461085527718794
0.00935034034587724,0.00802311878815324,0.11130587751439658
0.005783438477501688,0.003993828005436766,1.779633562331862
0.007065821935276953,0.0049921534447593275,0.4138217517999385
0.0040934066115143495,0.00556531422172299,1.6224584730417009
0.004993845203186652,0.007257933881307323,1.2827913220756078
0.003156128366991061,0.0044107275146340165,1.5130795867668378
0.003893368338995913,0.001950443620532546,0.608187902305692
0.007423350174879735,0.007709424864288105,1.4026739665058245
0.008398045297657803,0.0065001173207822685,0.47408487677542654
0.0010848974849415915,0.000824644890829862,1.4215697049416207
0.0034247874743981222,0.0022432291426874775,0.6163412078289194
0.009733875812112311,0.0010954429383404063,1.6086612906300133
0.009133568797457995,0.004862615413507708,0.6599913639336286
0.007145081989858287,0.004780282725686183,0.9413924806410653
0.004756894870779567,0.005035287207049082,0.009982824303388363
0.009639716434568216,0.004360323597995618,1.5272117251342523
0.0030675399769709033,0.0022453820611696043,1.5125895211898783
0.003436636515086435,0.004579646745883376,1.3316715169450148
0.003425181796374519,0.006594512295184043,1.0053786448161497
0.0027477288960012524,0.002781443767433631,1.8068305778035443
0.0015176190012193668,0.007754118211597496,1.1628681808738583
0.008410836713750066,0.009544776703878132,1.949087144796238
0.006593970771237656,0.0007666981848419796,0.8368859022543262
0.004537973741899911,0.002249983923443355,1.556431029888911
0.0018376119776196355,0.003415326892870012,0.31180878245909405
0.004631277671595158,0.0030846259943787535,1.72029513412661
0.006067373102833132,0.002732255711932543,0.1669916806175314
0.004929789766551972,0.0009177842059381758,0.675904777551681
0.0008309024040943557,0.009728764740322905,1.3956699300204873
0.0040920263351798825,0.008531869581831525,0.302411265273546
0.006335475997112629,9.27993378336467e-05,1.5345247239752642
8.21322591352791e-05,0.006509008824959162,1.1993696077585514
0.00016811914244576397,0.003926891306929807,0.883829741729089
0.0026833372511997455,0.005929141879509666,1.9690599454422995
0.005014491629157802,0.00028486677843957977,0.5480348085044775
0.004044920513312942,0.007341312266902739,1.1147239745143118
0.0038740735374376513,0.006236871392914408,0.7596697560471296
0.006381918749356289,0.008009316407208849,1.4147840952566686
0.006831314158186351,0.008106910500740375,1.8992702165487823
0.008207742761041019,0.007913666524293874,1.011188864749782
0.004859687185206177,0.0017391720026090664,1.9148415234446794
0.004974678088149671,0.000985815987049815,0.3363130821187456
0.004340456559361363,0.0030036915333249616,0.17709030523232375
0.0029761744569896955,0.001701699384036619,0.5719375031781377
0.000651545106734751,0.0048853994692217755,1.9971748206796522
0.0024711042737383337,0.0022685872853635512,0.45352479597476497
0.007741809846696553,0.00100418639344669,0.25985911511770016
0.009590902007832143,0.006871276571052786,0.712805120885451
0.00998566181122343,0.009002906876153802,0.8477797743620455
0.002826724116886987,0.004273486119287288,1.1487170877182469
0.0018899990334716376,0.0021245002277745385,0.4882227449306113
0.004179619971998691,0.0066670852929040575,0.16096920804656875
0.0064038623735771065,0.006262903352520118,0.5471320206136076
0.0038596935411436707,0.005767942404059645,1.4800187381167627
0.003382429091118968,0.006715852086539639,0.903324691683677
0.009881920289271026,0.0036972674830623555,1.0903270413854194
0.009145281045351755,0.005490457783872176,0.621664138356342
0.008198520847289337,0.004103885460110955,1.565161386112865
0.0026843417430944573,0.003934865436755301,1.7464440093689992
0.005836404013164963,0.009797069301726231,0.37220241389674413
0.007169280752775326,0.001170049771278111,1.2628903704439878
0.003610099445813926,0.008914135620363339,0.6535884109036295
0.006589080573528916,0.009263210043560009,1.3589559150433608
0.0065953197263974896,0.003000332261101543,1.6411657243742626
0.004588526054984999,0.0011407327158138047,0.004422577029454951
0.009520946126222915,0.009137014644304262,0.8737655079347675
0.009492487373444098,0.0012638777947704017,0.9669628349192043
0.006949714915240358,0.008096354199527303,1.9463545585550541
0.0006793218558461911,0.003082831218714884,1.9385110612784318
0.0047929011501108435,0.0023056983812033984,0.5222380121664194
0.00654995028048608,0.0016069587235931493,1.5329572967873866
0.006050941254486268,0.006571456322086583,0.4880738668649791
0.009832052894304413,0.0013922818081947108,1.8941785455562457
0.0034583410505379508,0.0015408821549270468,0.37199186703706094
0.0075814898399482605,0.000795883160825589,1.7037937852445157
0.008602535666240125,0.006088500648392332,1.2853353108906362
0.008063212258796831,0.004528070763195392,0.37933417212350184
0.004782272439636282,0.0005554569846677538,0.15638382464362005
0.009807350287272943,0.0020240737312041245,2.05224044494207
0.00378684029313457,0.0041291445625820525,0.9661509243798024
0.001054778791555584,0.006429155599177391,0.38112165541410076
0.009349373044089719,0.005100214149591569,0.8598702523369196
0.005174126040918186,0.004157394188599244,0.641513445211368
0.0009398077596260146,0.0015016388112382895,0.5055598984261703
0.007354507938376843,0.008537358935405108,0.9261815146617617
0.004633859512651538,0.007455773285635503,1.1980382587590426
0.005449993562469795,0.006557768621695917,0.36207359229586583
0.009992443203746874,0.0030447936812028186,1.017832466776634
0.00944560144540832,0.003989965637479775,0.5300809960836503
0.0006521628994008443,0.009535834382317419,1.5147286083204996
0.004718765142650817,0.008218209136529783,1.178076804447036
0.007503820164199857,0.007674433317040976,1.1750110507757794
0.005778080557137242,0.0014478393461360595,0.5110915269867238
0.00916538949335311,0.008419284396090665,0.7173683346241995
0.008315208825158144,0.0031730352166558706,0.01925993582841712
0.006946780728985527,0.005056621080649767,1.7350433850472275
0.008885593228023831,0.005965935976946545,1.5769340044813758
0.004993178667494459,0.006696767585603078,0.9433784874693205
0.005192781285242278,0.0076155207350378645,1.982512185303023
0.0056469253720942735,0.00905344181225924,1.0042377392354425
0.007956511471295225,0.00699771782156922,0.6991053272484647
0.00786396465876914,0.0023899447587662393,1.6276075893657411
0.007978531310384795,0.009652009991994876,1.3194238690224622
0.0030517869334497926,0.009749957726881675,0.01841145731513175
0.004191379837276191,0.009058616436496487,1.7768790670493422
0.007044742707556763,0.006195177252455937,0.07078745012192861
0.0013028929943903612,0.009100168199307063,0.06327857164279042
0.009587059329087039,0.005734382671165537,1.9416855764237522
0.001768048940479524,0.003952701119559413,0.3780614888482829
0.002784022601032421,0.0017487435070500702,0.8736639860460561
0.00864023404956715,0.0018361541075637233,0.7998760123908637
0.0035401098239294993,0.009639131479965408,1.7171823948903604
0.008930144145758363,0.006455611397195779,1.8408427875213198
0.0018493038729947432,0.00893179419663363,1.5033057370208294
0.0002315205128582243,0.006911966217440145,0.4686944158248482
0.007090124958233748,0.0072487029405310655,0.5379577491284823
0.009417191587080232,0.008046367257995898,0.23266068517561503
0.007541111893295045,0.005719800788996432,1.191755668837916
0.0031813117461617813,0.0008180440734844396,1.368657049290623
0.0015245145713912145,0.009900733018976897,1.6351266670169828
0.005607288083398955,0.002409263459396851,1.5362330829981568
0.00309215580858809,0.0031654380159773445,0.1426159079676044
0.0016895069194113289,0.0015186172552116562,0.6091141762129396
0.0020794300660362274,0.0029707332911393623,0.17540660838480637
0.0045328155774469,0.003349501729264027,1.2343183587120472
0.009309930230261252,0.007726197814175635,1.112025547624637
0.006713273598461045,0.007070569574843521,0.8641109461869801
0.008946950599916318,0.005628358146834609,1.2481965832316062
0.005605675657410594,0.007960152340617739,0.9917502868127358
0.00031810104015848607,0.001125618575463425,0.27462489307061827
0.006167060285281488,0.006742975406533651,2.047152008585146
0.004127019433991146,0.001588953089523546,1.135918154883199
0.006235798438199616,0.004121524766005611,1.8485903205123302
0.009412847672870235,0.007313137058504649,0.6296509833891268
0.0055712564618983955,0.0013048977380636262,0.7573765708002365
0.0032537896187246817,0.00157737903303955,0.78040279195587
0.005269578325335148,0.002952602237164874,1.5527400799831192
0.001219450081701189,0.009389196304282966,1.789948724484894
0.008330373880504179,0.009569847189711383,1.0581245436289224
0.00882789173280783,0.006145713018613717,1.5983160006435704
0.005662317117705841,0.0004666723480009971,1.7342671006878243
0.008142552902805635,0.005433947723824942,1.068792144664045
0.0017173603351880807,0.005716452802105495,0.1684176716622648
0.00975061540761061,0.001894710861511727,0.04758489372028738
0.0045538689413852675,0.009840909936033945,1.9225009232740626
0.008870484266785064,0.0034487872046848477,1.3756026304226379
0.007346453098352991,0.007799000495619699,1.7310056384996835
0.006918501883388021,0.00010647106421583396,1.9223718135635255
0.001873552082412704,0.002663422154607589,0.333079851972159
0.0038304881352313413,0.006851961289827527,1.8251348677440948
0.0008375121765031968,0.003570530021759132,0.7982147765166594
0.002177964672632645,0.006776333493446987,0.4266517315096254
0.003669478495819254,0.007079882039115455,0.8750575255258961
0.0019673719698303917,0.003718692572730595,1.0663774999512259
0.006025094772781306,0.000605969391499871,1.4033968942343344
0.009201751009691526,0.0010552666450858584,1.6361330320279164
0.0027006211331629636,0.009738795120341589,0.9779432011195575
0.004014863514339845,0.0003583325048104591,0.5357561348125823
0.003498685293846393,0.0002930390348730061,1.8506217422530888
0.0028036700301578735,0.004851398876005224,1.5230238897427728
0.0031863422600680114,0.006217018266470677,0.6846163623847514
0.000920583152303871,0.002071655655630704,1.285274389457851
0.0033090182886869567,0.0070860236168759465,1.1991657649340906
0.003014025265622361,0.006950540058174576,0.198766892611928
0.006599973557969894,0.005572590661343767,0.6086336280565723
0.006156793431964204,0.001177681951077535,0.19446291045595207
0.004448543990145719,0.0034188913893130413,1.3256088186303723
0.0074751739365538595,0.000886299845944718,1.1230157588650662
0.009352115147143665,0.007577296303340279,0.6994304317000495
0.006566102945826271,0.001153426455550306,1.9420681900681076
0.0026592853983721256,0.0010282744260073117,0.44377270575578714
0.009648002649622615,0.0004689167927265214,0.24407619692200275
0.001956718784331828,0.0071270299641017125,1.9033793641875105
0.006992279165068388,0.003047225041883076,1.8135745549227718
0.0036291110143824735,0.003207627812678112,0.5289372709125276
0.009759138443417376,0.002285998898861955,0.17342250289786748
1.3950627957706186e-05,0.005475327533235882,0.42669293612203213
0.008567973586091245,0.003928088768123984,0.2214522502922142
0.009522069530285409,0.0030144202330020064,1.408096210970738
0.009761908888470592,0.0021281495695208074,1.1157810004430533
0.004329132963534014,0.004553954489957213,1.7362931233424472
0.004730101614027172,0.0021062205654986035,1.5348387509326926
0.0007203567503814712,0.002327279105591916,1.2196116205690313
0.00454908586784786,0.0056069749661745525,0.8558916231677841
0.00755130898848388,0.001130914078025317,1.6517050178152728
0.006142839486157109,0.0016252212170877057,1.4474545600466617
0.006318455872504466,0.00442792260262303,1.4185533317918062
0.0019255184190798157,0.000602538422363279,0.5560851983933629
0.005327591228156931,0.002304410765881422,1.6739230158082563
0.001605452260513921,0.00954217718894442,1.7580203704924624
0.003641532962890933,0.004866091080771429,1.5458344469048015
0.003922530493548805,0.007350262943919986,1.1942225817443821
0.006348441179883987,0.0020847825650025056,0.1456148683135442
0.00030599563658368137,0.0004919827959769052,0.1431222347074288
0.0027138253601895813,0.0035567524031066347,1.9395424520909144
0.004020496718929588,0.003909064212781642,1.0213835736092947
0.002378266574491724,0.0021718904764057613,0.36314446990798
0.0024102287367479716,0.006091056400637619,0.07672270837909274
0.0006090834060319961,0.004986310301287781,0.9437051911641265
0.008364570649641382,0.004849799960900732,0.6798894452465597
0.00891309243122086,0.007136181424872623,1.0923705751725492
0.009447407092008307,0.006696699461753658,1.6190177032669466
0.008059592504725358,0.00481656038839688,1.866228321747633
0.001281375682046816,0.0015021082176778357,2.0387334640405825
0.008680982889094215,0.007397010809468271,0.9169196062751387
0.001312506066571436,0.004037634595886502,1.5630187265713262
8.82606711241074e-06,0.009379787056259846,1.3022375558718138
0.0031146232400230114,0.0008897963075242011,0.27191112099766757
0.0033636559960899606,0.009908100624740363,0.5516620354618593
0.008566268224877795,0.008618924275208422,0.9217243150477429
0.0023036432182644098,0.0015751251868507267,1.6759211262439382
0.008389043344899361,0.009901087334315084,0.8970728488818027
0.00280955512118798,0.009311239090995821,1.0604718707496796
0.003333436667726086,0.0061217340188142975,1.5711784864931977
0.008647898495816396,0.0054336278773513816,0.9511044260803947
0.0032723321695426444,0.00335248620518635,0.2702464246913472
0.009910966944105449,0.0041525235583991385,0.5048274166846937
0.006598451109041681,0.00766023356895397,1.2414925166134614
0.002969777928660984,0.00976478040224548,0.5689631598679591
0.004946239527239829,0.0019705796375798267,0.8506256798890853
0.007074004112817285,0.004646936232365019,1.8104016711279953
0.0006592705361158713,0.004306704805922013,0.22395474283948494
0.006467600770849223,0.006147593778455823,1.56202533343059
0.005286785736263098,0.004197535216082741,0.9096484969997773
0.006961908045470806,0.0037850901564934424,1.1509085855899472
0.008917372731816952,0.006116148838397703,1.2105525375928714
0.0015076146889340591,0.009249151810014367,0.630045124366019
0.008959039755297988,0.003575111041945631,1.2031751700431805
0.007550956007323701,0.009266214049579155,1.3291554910375845
0.006360896093317869,0.0017023747722331973,1.82132402860917
0.008525615074484431,0.00868496608054625,1.2720675004289494
0.00957440511922627,0.008354596977656887,1.993158851776299
0.006645484862836272,2.7774312680557413e-05,0.9926631880279255
0.0026657006121706874,0.0041022257004997235,0.7517747667349696
0.0057930527415720875,0.009085570566171517,0.7537697666441501
0.0039847801503680004,0.006877833435472365,0.8307719319903293
0.00250126091558163,0.008176139985200547,0.46252045602864067
0.0014309266719911928,0.006206302249297424,0.4858690343591938
0.0026950041483870847,0.0040677363171495486,0.879223168292742
0.005841977105734168,0.00015025642605037803,0.15541699704664388
9.425564023004873e-05,0.0011933216576184757,0.4611952400083229
0.0037182708675390663,8.03788739426281e-05,0.8447404662947376
0.008227193607020976,0.0063697243318297635,1.4337806015648684
0.004953752574958516,0.006425483372960596,0.2428142819203584
0.008327077017834545,0.005154636267820097,0.7848323755263577
0.0011154820587714576,0.007197158816142719,1.2776973837532504
0.002230131889741124,0.006859429710515175,1.9838405674321697
0.008563807392772304,0.003759443673193772,1.89718015993096
0.002730189732750392,0.004796103001791662,0.0808795693495705
0.003932587613259173,0.007481871648068374,1.3258859466706463
0.004898946253398412,0.009949700597915454,1.1735517948968963
0.004819045777674586,0.003888372558054656,1.8599019322968957
0.004779268467661181,0.00399290680098626,0.9878809916305288
0.0025536608449495102,0.0017722338193057762,1.9617644554704203
0.008948070829529064,0.0023531428448436854,0.8723516201763016
0.00012117924227179499,0.009828417602027916,1.224495101387043
0.009107078542021368,0.008642205845847127,0.050637315080395345
0.0030435833825453564,0.006338716176842118,0.4012720876735366
0.009215680812372921,0.008888237164546007,0.46790992788174524
0.006637673838970163,0.009670990668558596,1.615259370556098
0.003880283188129026,0.008119403634538402,1.456113633938223
0.009919740311661693,0.005780797857945898,0.6365316648792106
0.009783375864691597,0.009733263590242278,1.1198521251089457
0.0032379533740211864,0.0035207076785954785,1.047378388658862
0.002842739506243449,0.0018751119591491196,0.5649912854083916
0.0008707010042412733,0.0007034577724238844,0.02439291693557862
0.004812845367250841,0.007732200883817101,0.08681325419444119
0.004179466291455293,0.0052587340080488335,1.2240745452315052
0.009225960614304248,0.009567838845406382,0.002624077578829407
0.0017644533212439629,0.007892065844172288,1.2774669159862972
0.0021383891832246348,0.008214810635760697,0.6134534022166371
0.0023438110766429323,0.0011346770838999787,0.27127223642162124
0.009347412963934378,0.005653111544871233,0.5135345485117623
0.005649229469893669,0.0004897927966610072,0.34130375450711925
0.004871507602872192,0.0038286817459645727,1.9536059400669032
0.008038207387689898,0.009570465903679331,1.14343725639778
0.0036761276302476344,0.0035289848674678794,0.6049207287742224
0.0013509202257798703,0.00537676514783328,1.9168397510070723
0.006371712639552376,0.0067043905644504935,0.7079390953604581
0.0026910903401406593,0.00918027865091521,0.15105571029748074
0.005829475610189539,0.0023156857615787506,1.0401419557011242
0.0043875640199872576,0.00762099273479032,0.49743528204995585
0.0051377988673831955,0.00220408794231055,0.9773136407045572
0.0039903084104758995,0.0005802604797311006,1.0125360015841693
0.001676247022912455,0.005757354251171961,2.0237183322851213
0.008675638755360083,0.000597274268151522,0.07957574586306625
0.00450664830342008,0.0074740012987973385,1.4923097797972462
0.003986660457679104,0.00820147847307984,0.007137299991957785
0.006418837670686552,0.0031216028861339685,0.6881352472576128
0.009122801481415801,0.004715041165988217,2.0318643761768738
0.00935815484476188,0.006484547861503029,0.3692392235874717
0.00913644828670108,0.0032557962903652137,1.8149934934097478
0.001591667749563981,0.002628422801103888,0.3809076459513603
0.009599917820930635,0.0018480015385580406,1.268250773521888
0.00011682192713915463,0.001874012776836367,0.5754248314330409
0.001331691871484013,0.007009953196544232,1.548413785700663
0.0038570389669461305,0.0011663761278431417,0.11726982537282374
0.00871770644012383,0.005062758167239658,1.6033781671746716
0.0013679950077491421,0.0016016358629621563,0.17516580583779534
0.008154728866657654,0.004378050561259072,0.33978836787839667
0.00428255677291519,0.005382355164870038,1.531024429457556
0.004367539441208352,0.003404887386478376,1.4647562466828992
0.00017793550444119232,0.009514608970819783,0.7375318195230758
0.0059709053191659206,0.0009130901224019806,0.03499258781477387
0.001095459557551034,0.009361620763038543,1.670445908199005
0.0091920737941056,0.008831341909300263,0.6925558863768421
0.0018956814247483723,0.0012722164803845603,0.8382222697239592
0.009356859778409667,0.007801578433686213,1.030075176947155
0.0010131042815056247,0.0016684068925904728,0.11347185935418846
0.0006935727432549832,0.004266089156286635,2.0246140243388364
0.0026128233638803102,0.00170961110347576,0.03961324146414693
0.0064891333414468415,0.0077815632809993505,1.5996444238316938
0.00809945759247123,0.0009444572634268944,1.8115956613724167
0.0012292923017345803,0.009275427480561342,1.7883992036449996
0.002168100702130763,0.00629526698718896,1.2043917365038035
0.0010894592853314912,0.009111111891935258,1.816314344389667
0.008262635481193738,0.006061795032319644,0.029557840295265987
0.005739417813997242,0.004709382608112607,0.2581853902637858
0.003432478655669249,0.007442544167591698,1.6267227723967987
6.257790580783684e-05,0.0016798868865462314,1.85903304171833
0.005740049789209009,0.0004957209361094461,0.19663974700056275
0.006188434717711203,0.008471524936603067,0.39503346542651846
0.00592050763544347,0.005021788225024335,1.5618941430785858
0.008182148984360985,0.00900407009768969,1.3652412568041796
0.009646184278575885,0.006145931802891203,0.058705690125003096
0.008567216594911217,0.007835753032503784,0.43064224945477164
0.002091544611150272,0.002256923273780538,1.187718185230502
0.0058198145951326285,0.0063125015571735546,1.8607786529062689
0.0038443510649307146,0.008487946677234627,1.869250473152568
0.0023982048565948945,0.000603233002357918,0.17418571733250754
0.0010205869870008632,0.0058360750533114495,0.42696331827897505
0.0020621978635980186,0.002106826986194992,0.897571002538886
0.009916652098443765,0.006416257711288758,0.4657923001133644
0.0049607556998853145,0.002734511625452151,1.3049269978058085
0.00037970275946585977,0.0012553545434558168,0.36243387189643594
0.005701608054899669,0.0036702474981358357,0.839102252746238
0.0022576926881018545,0.0038926451535872997,0.9466227126480597
0.0014033705698948495,0.0048390933974995585,0.0481074435182083
0.003287267739262749,0.007478870415313689,1.230221105398395
0.003271686899263968,0.008611651641091627,0.7993887200226609
0.008397816931513868,0.007036442262596116,0.8726779333520771
0.006036846580630722,0.00041122351613711363,0.991604983950635
0.008213144815413354,0.0096935299241356,0.9875294901690889
0.00925467159447413,0.008117722068021959,0.39814770585147985
0.0036680333829740655,0.006525663872476065,1.8615586454700026
0.004007815497131589,0.006618354519849463,1.211323045075248
0.00090988120281007,0.003309287622055809,1.7846195401055494
0.009472373811228686,0.0019376158347239548,1.2750448653534823
0.004635959153814928,0.0015250015842540143,0.5958960033583756
0.007870247213309348,0.009213837668268433,0.6881363661104493
0.0001238832925368971,0.00903308153620377,1.656668336039055
0.0021248887479263013,0.006469258563802465,1.2953562591374927
0.008759219933641062,0.004100993338686032,0.5876360212568327
0.0007834380229167981,0.008732354305674725,0.29255495486286465
0.0066664433228973965,0.0011240015812196747,1.0254382312941934
0.003459097712184409,0.008472916357220207,1.0641764033668926
0.0012793967726682154,0.007171662742519913,1.0971181928566438
0.004748052997008616,0.008511725548028424,0.2646575310389954
0.009355255912846762,0.0004958018570575662,0.9014298842272651
0.0022541086709376747,0.0015060775924506209,1.3530183508909097
0.0031684713365391593,0.008880697149272629,1.504679687344815
0.006533789521247253,0.0009377933291491081,0.6334333178498764
0.00758398350999484,0.0029172570165037193,1.260152167813515
0.006572783020426426,0.005046466288694026,1.443523297198151
0.004886236208371756,0.006634874581275643,0.4416656920278113
0.0027366306674797658,0.0021526387917608202,0.9128730692402398
0.0038428709295249067,0.0008418913786811122,0.08561171437493444
0.005382340901853435,0.004431946601885093,0.4765762052414743
0.008116250595573363,0.008138469143241822,1.8393747472395734
0.0017581237660944805,0.00034544850758478685,1.0105232089442733
0.005965416469918303,0.0014280902890987546,0.774294753328436
0.003719539124934388,0.00882675758051527,0.8536319224511815
0.009524911919949974,0.0055602347937738494,0.11648851459285273
0.004996069646098748,0.004893793889815066,0.9655987255283102
0.007258902161631565,0.004744992466308619,1.9564289399536723
0.009043372662849184,0.007462702679154057,1.2746311621582955
0.00272717685961657,0.0055004617782993094,1.2533338626648007
0.008583314923340498,0.0019112504881622838,0.019379061143149016
0.0032338901400329814,0.009854504439528258,0.96461162646824
0.004312754835085564,0.009608090244698778,1.6922151841094222
0.0009233513031648666,0.007130083667194678,0.3045471126647539
0.009103835682758736,0.0004098422513056932,0.8383616605655065
0.009921017928467054,0.009871880161173597,1.9391291711493934
0.0005956481441948502,0.0054790883616159195,1.5637880295912991
0.0026394989191313735,0.004442621599804982,1.8875127299022934
0.0007756950288091735,0.0005553265734132617,0.891651705447706
0.009910764448832822,0.0007906100134901883,0.2952918898572805
0.0038550545318843687,0.0009910854114262102,2.0426444917425073
0.001926108373409622,0.0047193114052040035,1.9600769850504056
0.0017505883219874297,0.008164373366572665,1.6205022397727677
0.0031583895279702744,0.00900920116879439,1.3717550166132384
0.0036736611817702537,0.006378742290112458,0.30809732674311885
0.0019602566021689792,0.007597034958611705,1.087300022812409
0.0010559613646541931,0.004301997894625788,0.4030312364854956
0.009153985065827347,0.002586166353050252,1.9007155302075127
0.007570392248293189,0.005775430664313795,1.9338667190442689
0.008260072077836285,0.0032332732035460767,0.74072228560733
0.0007243126300852754,0.004250756970862845,0.46246466924923957
0.007240434688413846,0.004539954939759349,1.4771622549315844
0.008852671148851292,0.002632354273306069,0.08810450134996425
0.005197056966653367,0.001530928485481946,0.7484221211140915
0.007558176245106078,0.0068376504052814644,0.7820949686224529
0.0032655083640177906,0.004663427290242479,0.027433899272551746
0.0037906609488189726,0.0002198950668820765,1.7619083137660858
0.0022474482760863747,0.003524810260238579,0.5776609900101671
0.008825948477231465,0.007739342912382471,1.7591625327401292
0.0013066919791840592,0.0015097641645289617,1.6521848401953674
0.000783889146794613,0.0072713634058648195,1.1549038358822787
0.0026470220736461115,0.002574481148448957,0.9020417948676294
0.00899885466100732,0.004869899357648102,0.6517774175115024
0.005101886015923457,0.003230390610532188,1.024396614832803
0.004688615996215017,0.0034649556581373185,1.4490625563148951
0.004205733860960197,0.003323311753760835,0.2416029689740209
0.0009221932468991812,0.004425251128762493,0.4794740174659293
0.0022233776642232683,0.006554934295969549,0.8519110150527757
0.001104569255844432,0.0002859108502717311,1.3110284425998402
0.009621266567301353,0.004736241052059215,0.6748203668322512
0.007746390566157271,0.0037903103066625654,1.2323111624400436
0.0061030428212237135,0.003795885576202559,1.412021073168586
0.009563634132743656,0.0023209596735876592,1.8064855894778884
0.005396455480217769,0.0019238294969093584,0.077577617201908
0.001841417929431478,0.002972880875163185,0.5171739776442256
0.0061397434936011006,0.0032590423412114456,0.22452942580752713
0.006043054724023023,0.009547323909139113,1.2435656571930085
0.0010215874750460908,0.0023481521575671196,0.6007002117972183
0.0040156717659279775,0.003083033361779607,1.0833446707130856
0.004693972364338321,0.005729421215296302,1.2124012115614833
0.003776563877387027,0.007069118741904876,0.06081091726674249
0.008267969741629909,0.0035029856295823005,0.5153820522391894
0.0022123681351659454,0.006313893817275844,1.725708673114298
0.005858009365850775,0.009896907608703846,0.8082934034753511
0.007765760417528992,0.006789176149846491,1.580342015872223
0.006070343398129506,0.0035969962110424347,0.687824008722589
0.002797485323270139,0.009885664829109792,0.3715448221080781
0.005361392829592293,0.00815871164413957,1.4114073140019088
0.009532636269828984,0.002411167996318745,1.819518100498538
0.009943763817047924,0.004779367637644726,0.8962837720116889
0.0014055590544488805,0.002450845701106045,0.36740569307288157
0.007662039059732901,0.006093471775334748,0.8825487121461703
0.007655279180563565,0.004649824196134457,1.9859770387446884
0.008076095901288565,0.003617650113226677,0.6038504597271649
0.005689718998816563,0.00804170288554068,1.4979931814206582
0.004272105281382376,0.009623183168924845,1.3807090751758846
0.005585496720378404,0.008012128287375448,0.7511550923255267
0.0054610035156947255,0.007013015435044849,0.11538815103925135
0.00920128488351173,0.008352870852160845,0.3004694671656325
0.0018407236431599793,0.001312478310038937,1.0984139589534716
0.009744944237449269,0.0012928109302011582,1.533748379390871
0.007448322502659801,0.0034272624210297444,0.5298325919659778
0.0015234974513610223,0.0037921889198228344,1.7216959521651485
0.006167400983773781,0.008587206045889442,0.5600458197412319
0.0016555494390958015,0.0005817773596704612,1.5865630972842892
0.0030613652056457564,0.0034780457145694977,0.17769439383995478
0.008590452329930096,0.004878972566004447,2.051372611413229
0.0072458558308738374,0.009300032746961971,1.868505434810124
0.000668201029028076,0.00780747180148204,0.7525137563501277
0.005037785699871367,0.008041856478940755,0.7350131738050891
0.008469159993408202,0.008805050864172685,2.036111903844314
0.006981035921962444,0.009817995867743758,0.79353650950344
0.0001235802771829897,0.002251732709030234,0.9969263530978965
0.005083594938358505,0.002505832769248615,1.2966353838577211
0.009029477662712821,0.005626726580799657,0.13508374323710717
0.0014550798174518122,0.008610543271230833,1.2958800570209752
0.005006820646506717,0.005451278723576973,0.4658064262484169
0.005506162149319057,0.004675835695789903,0.4436475371776887
0.003926228441096868,0.0065419366854858165,0.8613014710837456
0.0022015051699895726,0.006733973443324245,1.6256396781327422
0.0015996146518729782,0.0019730022281818603,2.0393229457850626
0.006185380927848363,0.007728796750140006,0.06973038601821932
0.008039564937712103,0.00632651381721563,0.9934111505061807
0.007163228691852755,0.0061995605319642355,0.6746496394833464
0.003928160079320742,0.0020250366119803744,0.044342711570717445
0.008384615294538447,0.001258190150847992,1.5725396959871194
9.810345462621606e-05,0.006620494988909506,0.25217553499325074
0.006141261238714419,0.000615620771784533,1.4689603445164372
0.005527962016331576,0.0033750546482105713,1.8778846545633683
0.0013278582980594145,0.0003077473487925364,1.1396575458790794
0.008903362325772072,0.006782143737667022,1.6632475667895585
0.0019428473104162304,0.000192755108885323,0.8284684839140622
0.0024350037852933293,0.0021772461956630898,0.8674558291387637
0.0021307422089439023,0.0032591199081922484,1.9865542614604434
0.00419913067178201,0.009361973061815911,1.1244652144608906
0.004115613892074562,0.0054464519633070085,1.470216326608782
0.0091513898229699,0.0025990270023326556,1.2735031278161482
0.008092042755447601,0.0010707124012055004,1.469825908475413
0.008540263594987574,0.0006473878260041333,0.15848840220857782
0.0045380494367272504,0.009995157948981094,0.7306106056072973
0.0041424826729008855,0.0035618690150212816,1.5332000541083133
0.00905744928875349,0.0010258246064204723,1.0940043417328063
0.0002587657851040426,0.009515497638118884,0.789292351677188
0.002902177067230457,0.00016078625155884873,0.5075488663308861
0.00572040887195675,0.00846095734661387,1.656500211846077
0.005476740196164212,0.0024312031144266234,0.21229397156841906
0.0030459907028774604,0.0016400254153758577,0.9261729322328942
0.0049800560475376,0.007649463488672814,0.7481721172445811
0.0009010267754243007,0.00912889036001091,1.729585497931255
0.0017440256768398632,0.007624671538454173,1.1285365272551846
0.008535738851368848,0.0009399489034236053,0.6548490558973167
8.060165688103749e-05,0.00642265632058735,1.88339955300038
0.001253147305303387,0.003048278718877181,0.7116108949103589
0.009744059901993805,0.0030947693022309497,1.0812690747556435
0.004624322745507444,0.005775167518141756,1.2189175101548697
0.0011971291353584967,0.005239438362122391,1.4416485379081097
0.005465850558016681,0.0022331584143869777,1.215023657045774
0.0007144483521003286,0.006515264769915573,1.4330621451910364
0.0001694267464491417,0.0014991537224266383,1.6991867877512215
0.0034620551297155832,0.007420618189365894,0.05363523515512463
0.006468910763108297,0.009299864853745904,0.9129944087231208
0.00021244983455057987,0.005135667846344672,1.3814620350054672
6.0920198386649196e-05,0.00828894134531166,0.1369378578307258
0.0050354037366900145,0.007743906166244362,0.17571572320273585
0.003843958374164578,0.008014723150617317,0.5140416660270719
0.0034540205943062586,0.002627023355852052,1.015424110913072
8.291710031131383e-05,0.00984552587334555,0.9392654051255378
0.0033337738948986564,0.0006114081549993189,1.2649034105392312
0.0036702706133901575,0.009179673659229984,1.3910882098188462
0.009779044129883214,0.005360959375435081,0.8701675392104392
0.0028758605611855182,0.0040597516478639364,1.2179697317647833
0.00779426036993065,0.0049414569924966425,2.0361149425334366
0.004749369099341245,0.009279815854439934,1.8035211372846356
0.005211260085738455,0.005270892086681565,2.0450759237901788
0.0027854800001379056,0.0063292857998989305,0.3433771328741825
0.005115976264839552,0.009065545281809898,0.46104361570592667
0.00011214493687503713,0.007081128891237133,1.185622979216631
0.006077718600533703,0.004714772887701423,0.09773360396119342
0.005494811721282289,0.0031780557569128652,1.9284878609629659
0.009293892262486971,0.005448142657041093,0.5912947761124192
0.0023804929878445324,0.009860653580144148,0.1190540802627212
0.002153990526826737,0.0006920960033892199,1.7118804208739498
0.002558172165067605,0.009215557616355159,0.8052506832551085
0.003293334860723142,0.009617277252288956,0.23415977017068004
0.0013467625208823475,0.0026570358260497506,2.0216853410601576
0.00013788613739698307,0.0009054894552925108,1.5948471604790095
0.009589687895355966,0.000944134139495324,0.003955848153801628
0.005759053295394479,0.004336275268829591,1.1976089592427421
0.004763740887224682,0.005501846307799261,1.1192917047668745
0.007251008063286097,0.0014656034442429057,1.382296316405969
0.008483782861965567,0.0002380333263198209,0.5352043746134847
0.009625960442080292,0.008468072777839366,0.13572038540039857
0.007630291387263458,0.0026237108720051226,1.8537419853653563
0.009506904423751102,0.003608059252783146,1.4013702503663803
0.004109428429408687,0.00716189395620921,0.8614629636519285
0.005062262576349447,0.003592292147514209,0.48343310140245055
0.007490912018423391,0.0038125569458237387,0.9138691217150288
0.007028282834312942,0.0017459902103710468,1.5309332720922437
0.0015216696769438632,0.00841971014773275,0.4875750778929213
0.00798981317533264,0.009444254247663096,1.4722361035844915
0.009349199430341619,0.00503711220206214,0.3116975490517809
0.008024110627474804,0.0004642317442058253,0.6581023251822413
0.0023180343943557937,0.0014923960302836937,1.7275704180148188
0.0020470654580021044,0.007404323091406587,1.6974142535563765
0.005019115260347782,0.003276708355696312,1.0174840971635917
0.00591023091949439,0.008029120859410582,0.45987838991462965
0.0032421312011842287,0.009272550297000848,0.6681580350163053
0.0023661434540934467,0.00018842352695706333,0.44420804761414745
0.006633348344818759,0.008921203708583512,1.846676204250407
0.002017748299155706,0.005741818824804384,0.706658692199316
0.007924955426781842,0.002036684736471217,0.2732310425630844
0.002382483734811981,0.0015714729460159006,0.7355144483879562
0.008889014886646453,0.007034532159888227,0.5250613073393554
0.007776960086604713,0.0025218654534288534,0.5457725805952561
0.0032518306109538876,0.008928646325552781,1.831033333416938
0.006862106088628751,0.007052468649446598,0.728527263060181
0.006576864270976523,0.0044678156995091025,1.3856813672330985
0.001518434403804664,0.0069548296482091695,0.7469528223682733
0.00578026722041597,0.003911015882485377,0.8998358407064309
0.008616175324790268,0.0013892602627487694,0.6887726574340461
0.007693051678928202,0.007461429481116343,1.0669262226870422
0.005128340924054369,0.008977725437899825,0.24735753655602816
0.00913139415392701,0.0023697597920340385,1.1617129921932923
0.0044010276011983065,0.0018137729417344772,1.0551610223611816
0.0036820294393597143,0.008616236463506595,1.6457210267392615
0.001061231731492427,0.004975877833997289,1.1285030440509056
0.006044596379308002,0.00391192536956962,0.6099956795229562
0.006743339455015418,0.0051080866811494706,1.3801705233904462
0.002917067644496123,0.009869470935801844,0.9074260447646934
0.00946701440108102,0.005947771604039401,1.4369372701352683
0.00553994744213709,0.008362140464697312,0.8913767979289031
0.00482563973170262,0.008638638062567969,1.3606060604084824
0.008432307881783532,0.005334439557870801,0.02025893608682602
0.0037181948080891613,0.006404762659544093,0.48593842405377224
0.009697443709134447,0.006192830947362788,0.1250189730467568
0.008956253324002657,0.0004049643074499887,1.2080486208122232
0.008023096376897026,0.005495546382852643,0.41968134853983696
0.0076483502153022725,0.009866983486835443,0.42070809335626175
0.009202292339359722,0.0005328895956147351,0.8223489582736335
0.007040033036993204,0.007251432488407791,1.3574699890474873
0.0008636316328225202,0.005866949190722671,0.7233063161859798
0.009203036875080553,0.009370075516334711,1.02403573140919
0.009565076529419387,0.00736165440053907,1.214701890492498
0.004912210671310923,0.005404548954025154,1.1323009145422895
0.004665217332193833,0.0031902124612205075,1.2213142917619186
0.0011719228543037464,0.0029550404738462976,1.2186920326149258
0.002397789612899035,0.009942513147618013,0.23970928350492746
0.004304999019662294,0.00943251246698774,1.4398903276798756
0.009131621274804458,0.008089070645667069,1.7952466549791672
0.0030319944364363472,0.004436791202919787,1.2892969820921956
0.003648874225149693,0.004478271515041512,1.9521963214249753
0.003801949185566669,0.00990770412928378,1.0247663803186773
0.003214409948536944,0.008471367237223172,2.009568326045035
0.008371463213037188,0.004310122743888624,1.6260439067486157
0.0060625816494166915,0.0004336101845338647,1.5650722418300926
0.0003323992129312825,0.0005777469082123588,1.972272484459681
0.005638467971322176,0.00837408259450063,1.7848999098171914
0.008767252868372715,0.008869992897535529,0.5549286631604036
0.0005941074635537846,0.004496336493299989,0.7122771799803532
0.002449784260808732,0.006279326346386644,1.0219709880249115
0.0021065236196107164,0.009456613839574513,1.1278630078232401
0.0035100976723712873,0.005714325445944197,0.42318614455472814
0.0031463607266989223,0.0044884567220007466,0.3032745539372092
0.008646742942970976,0.0018859240527104382,0.1979154125442333
0.004251320050321935,0.006459310562438759,0.7819393230041329
0.0003651146245629067,0.008426656499501918,0.5465991460130915
0.004648597115975981,0.006934705101559614,1.523368333999629
0.001202452555333422,0.0037998713400436567,1.394826106312274
0.00877472472458572,0.0024927675794457573,0.11310007953844964
0.008632987029067373,0.007637930313993663,1.507459973933538
0.0030331737138014035,0.0066398819839665535,0.2881680944957492
0.005529190618725434,0.0008149413601128131,0.6126544159938855
0.004303444497587612,0.00954928668245345,1.2620255668342315
0.007421422693849694,0.0004434635341153437,1.5898143570485788
0.004730399708657864,0.003066160300194234,1.402060223711977
0.00787084243172143,0.006002642629679582,0.9209918668293687
0.0008562642718523639,0.006605667573784948,0.6865153965186355
0.0018980566948541679,0.00688699189275839,0.7367748035631569
0.005157477389133857,0.007665602822004568,0.5546983018889536
0.007397252725849717,0.00015159141412215193,0.6519636010140991
0.0013212206116645908,0.00253161020475274,1.3895761252610173
0.004325447233824077,4.191968644282618e-06,0.8268721203425785
0.0014644164206145472,0.002278887056719331,2.003179855883099
0.009676006846415034,0.0038736923848686133,1.2678054483145882
0.00023770461234072783,0.007422215061058246,1.4091769354180224
0.0061121158574347105,0.008900538142401918,0.6789899184646858
0.007140621764208037,0.009242442321579374,1.2679188355246203
0.0009774920014106192,0.00513827230680272,0.25417888494658014
0.007616455105063368,0.0037801642057220574,1.851123987907449
0.007252189597237101,0.0035061478705177705,0.6616746589144606
0.0026759938989863296,0.0060271681384353225,2.0142968612010184
0.004708955531972146,0.003546839366836375,0.44567125635293847
0.0012407290691275152,0.0035607863149177943,0.7180490566142116
0.005243763847932241,0.0016825786750114646,1.9520845303611376
0.0038033437774647873,0.00157493655242966,1.1701258991342267
0.002472781801678061,0.0023100516892575907,1.6157119928618424
0.009605449520164231,0.00812049277304403,1.2306118774054133
0.003836183663591115,0.0033344341383545117,1.6078858818332165
0.009891204962541419,0.0006788299389659081,1.9625737936927952
0.0010653040588996165,0.006678175013781721,0.7954700438675582
0.007179743812743864,0.005512934243075419,1.1069883646513268
0.0007333807113421143,0.004301767209106043,1.625446351476142
0.0018833450665600383,0.0036051656608765705,1.9257724808582064
0.008134309045922324,0.008744751422777955,1.9320263161532598
0.008791376631897708,0.0010563993570636143,0.8859750766069948
0.008862184666291016,0.007692249966019288,0.8261890560833394
0.006371477874458715,0.002249737488553976,0.19390985579622827
0.007839690602558411,0.0033302250560706083,1.7573725489669978
0.0054924079324949636,0.007831458506577398,1.151619887693931
0.008887821055390977,0.0029218953361205215,0.26551889860652816
0.00603465423498521,0.003911475009015244,1.268728393386017
0.0037169337057715523,0.0064726949766401465,0.7268658126798329
0.006689195185847442,0.0031757919993266226,0.4849382946939329
0.0011645784476393716,0.00463031402485893,0.43582502062258915
0.009595779259213373,0.0013568257570341102,0.7743384000403642
0.009306996672777287,0.008619347938420905,0.669321105722077
0.00848734612955126,0.00717232222041968,1.058716588498174
0.004360153068352136,0.002950102798286486,1.0741215507349826
0.004131668357755259,0.0007852054180160329,0.06914057559247767
0.004401592094216809,0.006875134300015862,0.9286190878885288
0.0012483100573822891,0.004608685187399766,1.0660679578107592
0.0015579078209519992,0.0030061397185589768,0.5841341469869236
0.0028854204141760286,0.008699214785504368,0.2261668400009561
0.0005215359412708442,0.0014775005867992863,1.5733902379509257
0.008354537452009942,0.00025099690376701676,0.0005749315443286046
0.00015340216414662546,0.0008659568995266276,0.15996614737797038
0.0013026358777430969,0.007744600419781946,0.7540152872759076
0.008863292147019579,0.000415399284154655,0.5592508084715796
0.005943943925482376,0.0015400839663258727,0.06133779889183393
0.003976837959494554,0.003760333724530828,1.1752863515323568
0.0071441192571571,0.0054202420616980065,1.0910142761443338
0.003677001463524864,0.002820955848564163,0.21950218114043515
0.0065900958255399305,0.004448826884912207,1.1566079963832354
0.007902184676021873,0.0034659610094673345,1.324777314389506
0.008858419614411125,0.002273584979478366,1.3232067805179821
0.001055574891396589,0.006805171529499903,0.9722071067877606
0.005491776642304823,0.006109344030131465,1.7509179608808336
0.0014149501842049728,0.005522806389791147,0.08686115753376838
0.005065371745901826,0.006586658253434131,0.24718415402338653
0.00286296251249759,0.005306660395104794,0.5428407317579742
0.0007195311896340306,0.0036191852608832586,0.1580636955896153
0.00663823263862865,0.005403229185623938,1.0721577898909775
0.008372539481471377,0.0037912534055941894,1.5318181841522365
0.0006945768543251119,0.006927481723639243,1.8366646757796188
0.00025150919414472896,0.006740556747221551,1.9181117840150803
0.007364446808748889,0.0067851547982503415,0.6117093515131254
0.0075130007931884695,0.0089864743069035,0.8828341359568602
0.0029833833920504473,0.0017293219263599402,1.963588941375966
0.006929159353000751,0.003898039741270537,1.7910059647471601
0.0002172809254069963,0.0009144593352868335,1.8258610132746855
0.008570626510215083,0.007228321796385277,0.5949809112167194
0.005770037768667781,0.0020299400853602536,1.9607125322514205
0.001754399725552711,0.004433122310771943,0.03562899037245204
0.0016153641668543706,0.006079018913477092,0.9241096973563478
0.004195408502410778,0.006765024923468245,0.9188274391933711
0.0038178779515787055,0.0031767224811882224,1.8443425425374722
0.0037078580121212004,0.0034885507283713346,0.6969749360580475
0.0005546618900782386,0.00484692286315262,0.47212873026539454
0.004496053682752835,0.009585426399842108,1.0506822995866747
0.005899251207008024,0.007030426808887204,0.5790171606042167
0.008120285551301811,0.002093948590367234,0.8990019758428283
0.0021343805028150088,0.007806670155974789,0.9170438775447931
0.0032159829468670353,0.00010198563266406336,0.5853885813030066
0.004789982564211397,0.005984675849816088,0.8989752998977979
0.0020473417331270073,0.0063038222958676435,1.612653686717127
0.002486210290898228,0.003393120294075368,0.9127267350498667
0.00741387650570888,0.0018019357331686603,0.373306211618609
0.0032490532524076968,0.008519756491415752,1.8128083279513398
0.0037443704335575157,0.0021596685150844087,1.875328411158934
0.009423478916063968,0.0036095735326007994,1.0532911735489756
0.00682944624041168,0.001351536887643232,0.3691361728687351
0.0036912713599472425,0.00047006613671651045,0.22633692225084884
0.0030886759391427023,0.007677970715022436,2.0459868495556774
0.0014156385974987528,0.0064069977951516505,1.5614457333718925
0.007541285122488499,0.008461034006459419,2.0135000708158057
0.007628500722096818,0.0013826527834247925,1.9659248081904874
0.005804444274388485,0.001148227536074743,0.1818184335228748
0.0010281030107228706,0.0057652573571933576,0.8788477442566848
0.002132739719708483,0.007211376457827656,1.160547982394988
0.006371058954344687,0.0025680147118287413,1.7406382750814613
0.008563808707248913,0.0061749396225202705,1.7531242749454443
0.005582578305001434,0.005638468185240445,0.866882944229803
0.0004734561685812744,0.009260542211802012,1.2394107776301981
0.006575652741379249,0.005474697186333412,0.3578898467706936
0.008188963568237362,0.004996010282050177,1.2440421340120982
0.006572598495248568,0.007464254704632862,1.6843080552114629
0.0009193794203490413,0.009950280702578657,0.30045182394517594
0.005399026270128396,0.007666507577273913,0.491175846889896
0.00323821192818785,0.008190308280346783,1.6917463567871263
0.005504486787012743,0.005601895465649416,0.6981512806331417
0.009351715094429322,0.008399019658037942,1.803342959785641
0.0005890842221406867,0.0017574668513566482,1.528691426421484
0.0058996478246182696,0.006655396673011313,1.1901567906442279
0.007351775543717267,0.00383422385486927,0.44061633205333367
0.001474740903499423,0.004443275248483816,1.737136399285001
0.0010801120560231148,0.0071400021272903106,0.8940482430692946
0.003898665214914995,0.0023447766799583715,1.7599205484099962
0.004600663537766249,0.0012842707174005664,1.0934653791167948
0.0070441079553772235,0.0027644344662676712,1.488377883780991
0.004402313965954996,0.0035782512627903617,0.14489329866137446
0.006585029501512002,0.0035035153913103335,1.029722999217526
0.00034422077268745466,0.00417690889868746,1.0714967138620195
0.004470231907577263,0.009967219528510573,0.1127452410677757
0.0031206668076939393,0.0018212248311793788,1.668105188506699
0.00019068161508055571,0.003964097483174996,1.1181815099815064
0.0011252322004411642,0.006393884113212094,1.409116440547346
0.004103089677084766,0.004908283038975533,1.497992739884393
0.0012157230769971096,0.008429201452409031,1.9516292649398697
0.007585948358289478,0.000347557534433669,1.9473821568690526
0.002957787331700438,0.000945200804069678,0.10133743179818196
0.0029958338226249337,0.007661457006517667,1.2380140801108603
0.006513234152993504,0.0007439580628711318,0.04689261512343628
0.0018946173149978962,0.002278574454797909,0.8061332198950896
0.002277267304336522,0.009039018464135126,0.0003753444494657391
0.002573118642826826,0.001075935778409526,1.4330315950061658
0.0008648250427570181,0.005591515255839645,1.948547955906737
0.008783500162512342,0.008885220933074006,1.1968609620452888
0.006357956892627537,0.009691564364039893,1.0972544902692214
0.002906168637181034,0.004149333404994456,1.596793869252709
0.006238044384474575,0.0089939373041487,0.7097593627517716
0.009733975968326892,0.009096194823460375,1.3883032530139718
0.005764938835031537,0.007725536057421261,1.0388386204350584
0.001186435232615567,0.004031684689829796,0.0490957588355958
0.006127626606095089,0.0028983949440055303,1.5386639884287063
0.009918687496164834,0.005160129791477388,0.46374418456668465
0.008044622755964029,0.007577134329278118,1.1480702714162445
0.0010380074111932635,0.0009354597832429957,1.7203241910336555
0.009735462155740685,0.0002258716097120006,1.1239194208130068
0.0008210436989521541,0.009156805103862636,1.773489752351234
0.0047656390005871956,0.0073731360655088715,1.6072536838233022
0.0011387014677018026,0.007999611461032806,1.47953694258693
0.0029014435992193543,0.007013233639945072,1.8169844439170422
0.006473736397783673,0.004765782954124766,0.8740987931326498
0.009012284006912527,0.0019405482953238184,0.7906529545154064
0.0025505685738017835,0.004998502929097101,0.29248454092118564
0.003023185483518277,0.0008633854341748615,1.5173075287967865
0.007937044501757015,0.0013316301591159362,1.7961579437937891
0.004086362528037123,0.008914793582784566,1.0261910488019523
0.008240751533075151,1.0718862968418507e-05,1.5746672254011795
0.0017805199974047425,0.005373218181029474,0.01735002185253067
0.000786728898921184,0.006149297171174862,1.3577155743047418
0.005644037403962429,0.0020381664761100447,2.0362301656768906
0.0010491509922530928,0.008631601086907003,0.28834800322588566
5.318088953733202e-05,0.005317487968147567,0.9222407920389607
0.008720065351733135,0.005528550576913415,1.0546422541557285
0.0012427031585543348,0.004897064062156908,1.7848374410224677
0.0013790183827482527,0.005824837883266804,1.5270473105574862
0.0011185784067776938,0.00995352548715817,0.5011322054116463
0.0011193141713246103,0.00837780665002722,1.3529250781394209
0.0026813820922988872,0.0013424126024942863,0.2719370141004848
0.008554067335577578,0.0048452976576577435,1.1742330753073646
0.009847355106266968,0.009295201667437634,0.09356715221165995
0.003657875338121932,0.00550790928212448,0.1769924128403354
0.0013149667038582548,0.0045349260176290075,0.5227183720643556
0.006681786074687254,0.0008935865931276433,1.9187269504806284
0.0073247571466562005,0.0064427256248664935,1.3654397394368025
0.005216936392673448,0.005464300628836889,0.39268477749306635
0.008242724720907417,0.0034666465039604666,1.6877171164874738
0.004953615765795694,0.002313118552610559,1.341619710807409
0.009493444264190144,0.004574187488317781,1.9251118232936628
0.007558034735101458,0.007217979566929464,0.2582125339896943
0.009454061460125864,0.000782153062745995,0.0772551139008079
0.0027452876261619273,0.008235920667257113,0.5089754472109974
0.0033683234850701415,0.001437726372392717,1.6838704124747002
0.0056184771699668125,0.0016740423310253971,0.9248039668475997
0.0011634893867859164,0.007416405219503917,1.2075759424012968
0.007963612610749227,0.004730772373634784,0.7477907925214394
0.005048934346714967,0.009142575914327648,1.4923492731367383
0.008317780738523737,0.006413837692912089,0.5900977805969728
0.000962452187240468,0.006131493362862136,0.9771467560994166
0.000546047458070702,0.007875746637672942,1.2995760836976704
0.003990561092456384,0.00700654518080455,1.3621777422012116
0.005433670997137437,0.0053561200174044934,1.2303426347007906
0.0025767167977993545,0.00044825358421179853,0.8485928095399851
0.0011320227846348596,0.0073650708140043835,1.8484405664917303
0.0048478522406223655,0.009476092716251642,1.0212546755703533
0.009966449814522268,0.002886374984145431,0.43608738222548954
0.007124160974722181,0.004207563446811565,0.6957896455307412
0.00715990473376747,0.008454257395425588,1.267164738458657
0.0007791384866434692,0.0033968753875622195,0.6910097005192777
0.009967744339380838,0.006469746789223149,0.6377299065885497
0.009015503923009654,0.006529757105154211,2.040978387421871
0.003584531116293842,0.0017707549577979397,0.18675402866485488
0.0034720422845312383,0.009106989201799205,1.9935334574682149
0.007473193831618378,0.007045825071159525,1.2568922554286077
0.003952980541825996,0.0003380827287880983,1.6723740088488208
0.008634309643660926,0.0027580204172759017,0.9088455599307951
0.002529027471045469,0.007999054506055618,1.4854207418469219
0.004707852870000555,0.00830016643489146,1.643521771575012
0.008435565961987659,0.002488688780896896,1.9577939550906622
0.006399667758066778,0.004008474565235205,1.0839329500303985
0.009829305066118609,0.004433971287641155,1.1157196404676994
0.00368427211193489,0.007737742966860045,0.24560229489735338
0.007613598758262541,0.0003043331980095776,1.0813774427908909
0.004579658171185524,0.003947967945793345,1.8484028168192468
0.006082539616445878,0.002295458381467135,0.9181334049997473
0.004988052655521189,0.00709611584179557,0.33984354357101837
0.0008737507156688851,0.004188022259636096,0.682531846923767
0.0007869867285697718,0.00812376971935058,1.3435303959737814
0.0020171680807844327,0.009939273202408708,1.3667537591449659
0.007058904334618341,0.004923533945956876,1.23528856626764
0.003609508974585465,0.006403324610529733,1.7520940193202625
0.001811641924351388,0.0036147082382771657,1.1505096571518414
0.0019005609527239476,0.008649936264725476,1.0820079048692122
0.0063993828940408105,0.004394718077963883,1.0170320855206063
0.008711129991266296,0.007755732094496897,1.4204008613416346
6.083554827280957e-05,0.0025997598648415665,0.1926649861409068
0.0018461798501100113,0.006996345516887341,1.6622290849831218
0.008580522691104861,0.008734898369634533,0.28031737496434694
0.00781428917234104,0.005616820267237878,0.7566513791149014
0.006411919634848729,0.00912414209972646,1.7109867682562618
0.00261905407211564,0.003620713983719012,1.5773408772144641
0.007772624179778499,0.005957819259444052,1.8849454265291004
0.0013954343524197055,0.00242211372021791,1.3766101369388322
0.003965299223778283,0.002757767939898236,0.42102170795851757
0.009479969028264394,0.0014181132132566677,1.6828875340000282
0.0021106499396657276,0.0006336127354250854,0.05781870733275947
0.007948576800815474,0.009671692472126408,1.2554400258661895
0.005506485561536318,0.0073124233548141114,0.5966316465607883
0.002248261845458145,0.00562204398368253,0.3194989103901227
0.007801324567751618,0.008540432026540215,1.3632837252722838
0.0068417909364027795,0.0009328028507134634,1.1080431875869052
0.008139651858144204,0.0060777370879661246,0.818290336944215
0.008544638678815296,0.008660444267604638,1.0424776145427823
0.0008470393899328388,0.004909316795566386,1.6913248580753777
0.002374647224759643,0.007544461641396196,2.0371750609447346
0.00032310116034617976,0.006383440276774818,0.40850402925912194
0.006753212839844973,0.0027537534854617895,0.5868005222943293
0.008977746130764977,0.001703765374928281,1.5057530896611766
0.00443192542629675,0.003155871645565509,1.4055014634437755
0.00010319793713330472,0.006416192099389547,0.12360136129961477
0.008851658757371433,0.009752402709684175,1.4623290679655905
0.004564718226698639,0.007418331496922756,0.8053321415891459
0.00892396774347003,0.0031831198433190013,1.1866521578779854
0.00490416857870172,0.0019238678533250232,0.3442713900498904
0.0044425946710430035,0.006419433264758574,1.2000046416977221
0.005144854585274872,0.00672218676416732,0.8568405572084438
0.0003415430934280306,0.00440038674687611,0.6549309809585178
0.004569357936966249,0.003393735913847231,0.3297260149822895
0.00976612813846534,0.004989079322709367,1.2049457290320114
0.004180539229202921,0.0025165690059928236,0.9114454554465017
0.007794631335440014,0.007553242384011728,2.0528927589819057
0.0019206387564027095,0.0021867607162661617,0.8125020750194507
0.0014813211364778855,0.005684353016860792,0.4967736896008779
0.0009524895139547407,0.00843874183070681,0.30069154273899296
0.004964860949118632,0.00823270995873029,0.604154670259718
0.0068400561394227925,0.004979008592694323,1.646810886715645
0.0093702713877223,0.0027437241298959325,1.4812741567379328
0.00041306667630144233,0.008215667807872074,1.9961753611613273
0.0019827652596614287,0.006699286659247721,1.3386320964732967
0.0011069534203676647,0.008049809865761487,1.4828300165202024
0.003941041488600735,0.005836627762519907,0.5652314385676476
0.006873319303707005,0.008740858313255197,0.6203899517929444
0.009613683352404865,0.004912239645448438,0.04966006373885787
0.0009592567493719628,0.008615461382108437,1.0436358256105438
0.008029237560889085,0.00043609109963645864,0.2309293418507019
0.0038857092384436864,0.0015389266199048546,1.6429206577132303
0.004342158435734234,0.0068451850780531336,0.05906918199509228
0.005295533668150897,0.0009634871439089277,1.506214690840783
0.00630396300021068,0.008968435228150787,1.7432977727621102
0.00294637727091691,0.005512113679815844,0.7818996585696366
0.007732665989875869,0.0018286034241378312,0.06436453671072476
0.005674577965636089,0.0029248762604381297,0.6185387807545738
0.005253261423395966,0.005679779185852584,1.8582981259737998
0.005061010187651253,0.0034758822066099627,0.5614457260082012
0.0019444945492623834,0.004622775123600545,1.2151406269993241
0.009119375054263515,0.0041852976945556475,1.5139364188470767
0.0014324538098570028,0.0013464325525889952,1.5617516399417768
0.0040407848534357235,0.005893734456078582,1.2946816241484838
0.0005390718834463915,0.002664158256168675,0.018153336017371458
0.005952149395787306,0.00884030661342722,0.7572328606702309
0.008836028554611176,0.0035393217959819355,1.4970125437203987
0.00336547134623685,0.0004377268081887975,0.9496839355659034
0.0006586937234853107,0.002601730767025836,0.016978454368247936
0.00023492110126779541,0.00887627504189363,0.3073553948040548
0.006106248374965072,0.0048841734234494885,0.035106946546487675
0.009767048884123955,0.003136135405028624,1.9960931709064722
0.001590348152914146,0.0005546350665999189,1.3886858918412648
0.005843816740624428,0.0019191219142089579,1.1644858701203158
0.00012029305902709786,0.009474550430375164,1.84885194763182
0.0065522843472946525,0.005251504118680069,0.06122532321791173
0.007935063169319658,0.008450551197600482,0.7842530851351766
0.0027200226845741004,0.007151017531704714,0.002138370003700539
0.004604305531427806,0.004490285335819405,1.4057931528118022
0.00041303597768275747,0.0017862181062534754,0.40524761536196824
5.9764501771084615e-05,0.007336709412366545,1.1196943346452786
0.0054205129600624945,0.004791202489969052,0.4903539919309481
0.0017199597200117146,0.009972958698111194,0.3875374613864322
0.000925505847193433,0.006844008838440623,0.9269804343522602
0.005945473678377036,0.0013810031153933255,1.5633915375485992
0.0085729340602648,0.007921813779733253,1.298761860080744
0.002531813797103363,0.009246818843192338,0.6722160032572568
0.0021929366462458745,0.0051509201678066555,1.634964300784642
0.0031582825053669116,0.004396414715631665,0.09769558466025868
0.005006171387035281,0.00016351012000106357,0.8954773779255097
0.007830790108153778,0.009737011215510969,0.17172137699854187
0.006018747588971033,0.0037096670628123853,1.0921241415691565
0.005967336299112659,0.0033378215013870737,1.8430663587787601
0.004232339773827916,0.0016195628314633359,1.8549871353930165
0.008440332360302815,0.009493832139460824,0.7038557610758115
0.00318089747593468,0.0014783858257760986,1.0142824761872005
0.007917383018828633,0.006521507637125766,1.7801862375737088
0.004670310224287471,0.002233976736743416,1.9055583938703995
0.008549402434837627,0.0064079035561134924,0.5465788443177471
0.004665670587711842,0.002313538673407094,1.3037646641903669
0.0002473672258701554,0.00992184651854495,0.49207972386035004
0.0029641963899534707,0.008166327253369018,0.570997835614451
0.008562425093984968,0.003183234075285578,1.6172221371472248
0.00971121955166708,0.003221209462438178,0.4202683051794269
0.0053462903118714575,0.0015070719933577615,1.0557915416808095
0.0015735138310516207,0.00917047176296148,0.1483675227291973
0.0017240175278226033,0.006086513797126983,1.0356313554287007
0.005607017406959974,0.00030955571195381615,0.3770290696077352
0.0059040033124052585,0.0021226905344673185,0.630004961159781
0.003580479350679866,0.007795731449950001,1.5355443017976016
0.004128802392688551,0.009888755759308128,1.646150565802556
0.0026260527138422494,0.003795373538912016,0.16620501780009875
0.004104338569086365,0.009224037011181074,0.38325759144572863
0.004380237359116709,0.002740267082347879,0.7918825651591836
0.0007559693719925465,0.001147560463630909,0.941231332015235
0.0034839102699952295,0.0068204362797725316,1.7672169257339678
0.001217647409601259,0.000930584724479352,1.3568604181589308
0.006093745427716282,0.005721986575236183,0.8529044482661502
0.009640137167168931,0.004712988578711217,0.8883729951169871
0.00019648618965228292,0.004192716631086504,1.6777500217478603
0.00571479824887577,0.0015898851567080065,0.11012761980379089
0.007129437582768481,0.002082237652065826,0.7377699142149406
0.0030028287720633364,0.006060024419584697,1.893609457749754
0.0002992466942070027,0.00609113212764799,1.4088413910716862
0.0037025413837829635,0.007313778786003767,1.2916023633983693
0.0037675351355605834,0.00787257923773606,1.6195928240537332
0.00016267158862283583,0.0018763751053638568,1.5179787847134496
0.004703226422457635,0.0038138686132255595,1.5570911025402578
0.0012787739928211783,0.004452670637582636,1.0190584304824608
0.004898537548156904,0.0061164297189591,1.9567992594389176
0.009684045995655415,0.0030588870564813454,1.112234511855566
0.006987067049378983,0.003993350314368676,0.47994614753101833
0.004023399385140837,0.0024062124328184586,0.9546450678437628
0.007423895359633629,0.004702408953542443,0.4279035524453863
0.0069797103859355605,0.006068344746632104,1.1786184960208888
0.004821360307090328,0.0072526336274909365,1.6659325023152782
0.0016626116930812363,0.006334446064172023,1.4425491419871384
0.006377609494241599,0.008487022396629504,0.40892194345820215
0.009707469818493806,0.0018699867842903095,0.5516272328444456
0.0021980811952278224,0.003603665364282319,1.5493778915912784
0.00699734589342904,0.0044489838525994104,0.3736419827773904
0.008727346091538295,0.005828251749304796,0.15613325933818348
0.006661578490987438,0.005246440430666826,1.134386008133014
0.009350913498136436,0.001957182937818247,0.6346760744992803
0.001680585763504615,0.0027893305065782937,0.22863856941069713
0.00961954084605677,0.009909654770725801,1.2879836654741605
0.007176618862241636,0.001936723823646097,1.5600174515650747
0.006805265102066881,0.0018261410548978197,0.4506244252380181
0.005296846268680738,0.005505921977213073,0.7149504307720326
0.0015636773728021835,0.008191946108990858,0.22484363412444858
0.0027471178286211885,0.00398409278093463,1.6025392396094726
0.0011427719356061573,0.0049681288478116295,0.32686845911567414
0.0015687248706240254,0.009977589750023939,0.7113218464519013
0.0034218142279478026,0.002136788611122974,1.1837870228262586
0.0022542364688476046,0.0055518524285640925,0.5813043197865079
0.00412927895187717,0.0028990199656568796,1.6169603746885997
0.00769580626649977,0.0050055376220619965,0.5516379560446903
0.0013499107813705368,0.0038637912428367504,0.8315718423422301
0.004618703466069954,0.006159664792929064,0.9943675107351327
0.005197250606264073,0.0012470939238799362,0.7813740145273859
0.007901310719911837,0.0013729444527714584,0.19395777466787856
0.0034073672816993797,0.003459706344428123,0.2511632209570657
0.009221087810396095,0.0012723794945232291,2.007807108369916
0.00822265831010108,0.009009532554496413,0.9163170579106001
0.006150839508781111,0.007426788982258446,1.5311067403663228
0.0025331926626844447,0.006779079103129922,1.8598084663174743
0.002918296498046258,0.0024979586509314288,1.8266410382156697
0.005120595971121153,0.002734173950957185,0.48346221034462417
0.003945653692842063,0.007910837478947925,1.9955556548922142
0.004831569394877072,0.005527491041532004,1.6697321096958126
0.003434966193468776,0.0035079471644307546,1.2677687131287474
0.00929066800644018,0.008433097386459658,1.2173966605132995
0.005014938136710223,0.0006480893871306559,0.7864491730908806
0.007941798916033426,0.00020930225167453464,0.36369747953561715
0.006901920698518321,0.007188030887158831,0.42739669453631324
0.005452254720644236,0.001978735451968766,2.040164009149453
0.0009499196975687852,0.0012250750739455775,0.6463258449364359
0.0013872329263823202,0.003006135718623494,0.2801029818896577
0.0014146884782008473,0.005174428455001758,0.8899499749388156
0.0029835677878872193,0.0031539025017433254,1.7501569599464135
0.00836599065264418,0.004684183804338975,0.03932164132823657
0.008838199797736835,0.0020342043054118685,0.5971621321541453
0.0004905381262650743,0.009431767411679145,1.958612933921211
0.009052694013081862,0.006189011433523679,1.8610636235444737
0.005963846358094085,0.008499197015984391,1.7244269664079908
0.0013226015590636264,0.002271396967588583,0.28973027358177383
0.009406305018434353,0.002001754639792026,0.5807123639436346
0.005505236442882517,0.0057709252327454354,0.6712332981402895
0.00350701989850259,0.003837926029312435,0.8928152795488458
0.0005655119936285525,0.0028275212534759455,0.07413143565677471
0.008770181407559639,0.0076784899150362735,1.6139550009204784
0.009634812212344008,0.005138100474040344,1.1491961244579472
0.008679288624220557,0.006819208799255598,1.1215689212269822
0.009418490109408782,0.00041534211991986817,0.6656585288320181
0.00047667712879174263,0.0023434649837644496,0.3637614761046685
0.002155694761930688,0.008466548649524229,0.02607391583132915
0.008297554386906004,0.0007050978888647875,1.7443385266154499
0.008772286140249792,0.0074258986601853086,0.10938626141854599
0.004761780054639313,0.003868785107894367,0.047799205887872204
0.00037156086852101476,0.0015741491150497956,1.135251545466147
0.0025476175890027253,0.0017258412700985116,1.3967784690356948
0.00039893661519120436,0.0018094537042558445,1.6740965972565394
0.0037924954576600777,0.006169187177440915,0.962558198767464
0.005978575126471417,0.0018171049953802387,0.5830544768560416
0.005446701103495764,0.0012241966240596081,1.9471394219507188
0.002649877999267395,0.0038269608235759066,0.8814381748235847
0.009302633744038844,0.009892507360768493,0.9349165340268486
0.006180132836713318,0.0014703628580580387,1.4267099053529508
0.006819210229754086,0.002123957486156868,0.6166836065844381
0.0072678830220405536,0.006442127750102229,1.7634802410329373
0.004583021235902525,0.0017461731539045067,0.432471668900799
0.0027749520123061134,0.006286425966106512,1.0708071684127347
0.0013330514710286345,0.0005445759929628403,1.3895529691868687
0.0038785504346179845,0.004123847933415434,1.9972735313601102
0.004733430287487135,0.0037861317072354363,0.3035004281187882
0.001017774018462918,0.006012398933344003,0.19229046193340943
0.005306595372288726,0.008773516747140234,0.13079027558567435
0.007609039631079081,0.0017691281417906192,1.5151902403775304
0.00021363510305755896,0.0016066854746836434,1.918156335495913
0.00032438664932304295,0.0010426287265022582,0.9422285301082334
0.00254061987126907,0.003893809306244327,1.3658584436646313
0.00740994312103201,0.0051945499330593925,0.20678723945726848
0.003085069164369639,0.0058378926440428944,0.5862608730275912
0.004075307521597904,0.0026179599356168193,0.31053608692485946
0.001411941808234145,0.0072818502437828145,1.0858522710712712
0.005046558866047835,0.004672609860059322,0.0864546388714212
0.004697391124715478,0.009951347334674256,1.060576050672714
0.005415411306748643,0.00028732634941825986,0.6810131597031084
0.008395046555934638,0.007887209630297256,0.1251985536618338
0.007915555501211525,0.0065464991029694705,1.1174053102655717
0.009015283659285719,0.0039066189537252435,0.2877735731508236
0.001978729302134481,0.0012412119359353102,1.0940573536114873
0.00549680209795405,0.006799268246244466,1.9267430736377362
0.009923575825748175,0.0070628932002260204,0.53949490732868
0.002327945655149345,0.007794642768833308,0.25976220161499725
0.0009633273543102039,0.008882798390388344,0.38987678525143826
0.009424892296263606,0.00841548654112414,0.11045556966815413
0.009770714414341037,0.0029812063175498928,1.4675013604473666
0.0067587329974772075,0.008779843283322531,1.2089821720903673
0.00837740850361304,0.006166241464160555,1.5706605917190666
0.009182121956371482,0.0023302564843724304,1.6172105905218241
0.008711100502589107,0.0038578775493250564,1.74946074212837
0.0005127808692929703,0.002252091053715328,0.30258963401508354
0.007267720948854267,0.0060353715154074115,0.4065566284566615
2.7204509578719894e-05,0.008907744361696541,0.15132985529845133
0.002718290324363274,0.001432259814138448,0.4960532772319514
0.0021859351872919263,0.0005172912746539471,1.004400526174175
0.0036634580967150623,0.00785361108279187,0.5637098472023252
0.0068613414360608575,0.005747987887019675,1.834146180461454
0.008061563914422223,0.005271643144952982,1.4213968104099488
0.0004804918941676617,0.005719119792594987,0.2379284187567171
0.007054958691887213,0.005915921025778091,1.9677572020877594
0.00586362611989378,0.003272156214569555,0.18997505959073124
0.008932294276502226,0.008692620212413751,0.7139066247456579
0.00796152489787166,0.006437277345389076,0.2205244967003177
0.000535854098493298,0.0014757870857436829,0.779562012054281
0.00750284762991793,0.009053789095277936,1.1517830300452006
0.008638748737012739,0.0072451199512406405,1.2122982289339672
0.009096873014866702,0.008959633549230257,2.0333974013144376
0.0068388769119223855,0.0021379056920581485,1.2026693166351454
0.0010007715363664726,0.002646614178433513,1.1456247005015587
0.0047946929998252084,0.006426610832103782,0.6641952039957751
0.0003888491134460981,0.008002665405977504,0.9436052559221042
0.009490629294890697,0.009508820579196721,1.670118511306755
0.009170650907931009,0.005202054949507385,0.6218022487481732
0.003325612462520822,0.00843682215473957,1.3055453569229105
0.007166544567002139,0.006771265629960884,0.6670337137122573
0.006008563215893828,0.007871004035729864,1.2186710787031825
0.009448812610582781,0.0019066122416816766,1.3524594559316536
0.00318670386569189,0.006288633431992993,0.6564438565647982
0.0009988296566727773,0.008774970888290382,1.6149017907416479
0.007544402389046673,0.001200701629666171,1.2475532761459063
0.009631656289974033,0.008983702946291965,1.1070383014698824
0.002461243504925884,0.004654741377001204,1.6549416243496753
0.009130855480627777,0.009540385869204167,1.727954681648435
0.0006898967233093855,0.001427533434622601,1.2599197035947263
0.005803519465436945,0.003668419430377272,0.28100616937175027
0.005248915531526406,0.007845106273867582,1.3607392570879604
0.0033974945778888544,0.006524688855828358,0.9731093214530523
0.006087518727581643,0.002155475360810848,0.13186710337352234
0.009362643928527451,0.00578640103723918,0.33252174064763235
0.0005395732475045412,0.0022541130616681895,1.8726991597049385
0.0065593639016758055,0.003219752578744798,1.7752969525213298
0.001029714729091471,0.0013810913395476798,1.0216551200805746
0.002525574233816632,0.006051105893892238,0.9537251688741283
0.0095413356005639,0.009809881567149011,0.01318064773174804
0.006473819039296764,0.0061461048723699275,1.7062172686816242
0.000661923372656864,0.006773231367013835,0.7280837610482852
0.0019596641877753364,0.008235552876061099,1.8653101799654421
0.008638711054796732,0.009109573785771076,1.8159823444379277
0.001773603898824533,0.005589264187438044,1.758712400124504
0.0003587110951031569,0.005611854770039231,1.7830185365456608
0.00824276730162247,0.002889150777747206,1.6045751376717203
0.002568629069852908,0.0031393695209306995,1.2297231558716388
0.0013758936392116016,0.009857211340072362,1.495875545067322
0.00910935953399619,0.009986540832528437,0.7356161992776469
7.045538842345156e-06,0.0045546934335804765,0.8900806011565235
0.0032724453381353215,0.0027552060241786904,1.3916249988160243
0.009381297030749384,0.003738316931833895,0.9863868773225932
0.003730017074789942,0.0018789155583165207,0.5115064305698696
0.0015200552430033143,0.001657472165940912,1.8070457450057265
0.001203407410354106,0.0002408401356410317,0.23210884584104866
0.006757386889578668,0.009307240361907028,0.7543992146536053
0.0011003745884380744,0.009019196699308297,0.30843580222340417
0.0028502364352534526,0.003546855037719511,1.3869232893816414
0.00032541519666203335,0.006312108231036505,1.6663640914807514
0.005725439811731418,0.0012438280947947346,1.5937649933788767
0.005432149212899807,0.006550082285125543,0.21347669690160193
0.0007615998552567549,0.004719264930355915,1.1789922133910804
0.003982895914259606,0.0008256106756038728,1.677867993797412
0.005826711693754166,0.005821453084896251,1.9138469980709778
0.005460087760233238,0.0047852554994062555,1.7305115488091716
0.0017064794666166528,0.003147440710918721,1.0441777010006716
0.001429523938290338,0.008127229069220383,0.5944802306214833
0.002901671296801185,0.009208441914075279,0.07503985967951009
0.006492285181635371,0.0038140261161051683,1.2070711599142119
0.006098556917778793,0.0002314043723771564,0.37652611500890937
0.006170786001690559,0.008199928403207152,0.09423278907797092
0.007229069738892206,0.005468236141238052,1.4608044768695636
0.0033439877140295548,0.007466195451728949,1.1575809366732739
0.00984746374122877,0.003261613503459979,0.018974845131047535
0.0052127807277168115,0.007723232389004917,1.7182476691489126
0.002431241071422061,0.004718107994387366,1.2293120005415834
0.0026147418909511213,0.0009474721399401187,0.8156006598364112
0.0033600780642233986,0.003734306434567526,0.047685020836086243
0.0012033640436669268,0.006007647270465525,1.4291431891026
0.001449416892297486,0.004484828877402231,1.502081644381847
0.009960648763915456,0.0007024109714250837,0.22612377916956725
0.00023831922460586076,0.008595224129967122,0.06068322859851246
0.005472839643722626,2.14700482767749e-05,0.3762152980527378
0.0057461992763362755,0.008339536592633706,0.5551539856712238
0.0009165435482702678,0.006057998784632066,1.8849223735644673
0.0026276005036230056,0.0006164871184121668,0.21465822566173262
0.003299414480470194,0.003123246752466863,1.0807071012048364
0.004667278268029896,0.005708336542175409,0.03944840544560065
0.0037483289780347396,0.007912166246917875,1.1257639646307802
0.0007160375570485489,0.009196056232382118,1.0526268069962361
0.004611187929937171,0.004743999337676509,2.02393585773731
0.003065276402071435,0.0009364700162170814,0.37215038136642575
0.008176335717445953,0.005028782366320006,2.0045840362237133
0.0005250566264665601,0.003375026925902982,0.7520131791443785
0.007238519352060775,0.007265503592275804,1.4579663991636804
0.0071200832271374635,0.006179643078702879,1.8208510650404923
0.0011188444680385323,2.0354514675154924e-05,0.5538226277348233
0.008696685757427115,0.009498856453006759,1.3543655255569695
0.0069356088712003855,0.001088038890489641,0.4831227097475374
0.0093573113967363,0.005507368585185215,0.9422299155294551
0.008698554761473028,0.003777811308318291,0.022555457811087084
0.0008805423682444657,0.006421255362557653,0.20561695021852644
0.0029830950191812324,0.0034233024701889416,1.0222507338588316
0.000679663920197211,0.006450439122523757,1.4061164455979842
0.006814931786988589,0.0034086101977760376,1.4642874570505646
0.0020838602464514546,0.0008781028377163702,1.300693743080277
0.007253561955039776,0.005114093328133819,1.8180121057261975
0.008031831324438559,0.001233593387679075,1.15828704437942
0.0023001639852120036,0.0026338582734417317,1.6690859260619308
0.004916532010756095,0.005927450536340031,0.5205628404490614
0.00750582073548839,0.0015189681695308667,0.0737476250512583
0.0007238768861780731,0.008022349452148938,0.5162653690573307
0.007268803226044275,0.006844237962364202,1.7400622368686895
0.0066359093329670426,0.00045931040734144334,0.45571159355794366
0.002405351994703633,0.003656769878986378,1.4019300195672635
0.007685040602897209,0.0045388729241692,0.6306144150271534
0.007487692427229246,0.00995348851413432,1.3791894857023717
0.004151513882810502,0.0005960917604353167,1.4858805288420955
0.009142881594179754,0.003719567367317842,1.4484314165039
0.008811605842319667,0.0001397072190381976,1.884909929313035
0.002622096057649165,0.004775744047883743,1.6554398691810623
0.009235098794794871,0.007929252244643274,0.16692518720895635
0.007916196006602443,0.007719484307900195,1.4511893786988368
0.004488235493076147,0.0022529098493405666,0.8197890265513211
9.511697423699062e-05,0.0017893201539165948,0.705566500767314
0.007204751014293802,0.007509025371192053,1.9268173794206767
0.0019556350433266056,0.009660829374790547,1.3237730645253751
0.009833817840705339,0.0016928061942749672,0.9691236527726803
0.001891545044128089,0.007273016323721492,2.0192138251109957
0.005236410289337246,0.005842076902076342,0.2666453954607461
0.0021176480751102247,0.003531569528409315,1.3848346270765357
0.005649089048779652,0.0009622859492566194,1.1479127616953766
0.006710702411071805,0.00019856958060578413,1.556536976843243
0.00023498390085233134,0.0018963411095653583,1.6070989665670183
0.0019614797237710547,8.214334905571885e-06,1.8673513089772775
0.0019109196124491967,0.008394193990869584,1.8675552764282113
0.008610122099798608,0.009691179764799449,0.1752618566964146
0.003064460094468995,0.00747221108310729,1.478034692042871
0.002266595749445002,0.005070591807908047,0.24820655648256268
0.001326511796203006,0.008161158307038814,1.0130690688207427
0.008889243097980325,0.0032774047932890493,1.157413128549558
0.009632051894711785,0.0032821885808611674,0.9079271213774717
0.005288573598628165,0.008762506714648897,1.2803449647112466
0.00029457478726728216,0.005244673377384368,1.849810873160204
0.0067272183979679425,0.004976875256350971,0.5884177093225361
0.0053284693298266865,0.006774945103699787,0.44742830799891836
2.129617677275375e-05,0.0036818258119692094,0.828680862957972
0.0007770851396488021,0.001219057886028897,0.11745514103451904
0.00910062683336508,0.0018829781198608287,1.4561583987643736
0.004528825446040892,0.00015308041760193848,0.35889038981490623
0.0005955287930092901,0.001484010379257177,1.9360693325247236
0.008865340997319844,0.0023567951450282378,1.4413679326693678
0.009439206211755969,0.00138560107697696,1.604185711216426
0.005344911475844456,0.008735118350883914,1.1149627089107874
0.004989074930508586,0.003975969706221371,1.311592138379959
0.006202527466720029,0.007626852545155418,0.29097040838604765
0.0027354050824154263,0.0022415578068126717,2.0160873465343974
0.003999224733710757,0.0018124640552815707,0.6586304614685993
0.002043709858816647,0.0013249351204068461,1.4440925647311253
0.0014841774645831041,0.007825023561133643,1.2217082908053805
0.0026744002203244167,0.008655498592368131,0.5814964012874997
0.0007166908363423286,0.0006438848029698007,1.4802971660475233
0.0029166700662964676,0.007573993369418327,0.4553044697712573
0.007457596207552098,0.0031816263121171775,0.6555912560693281
0.005890242313223223,0.003038583149423022,0.37906662948587067
0.004329935744650507,0.0003098154858773772,1.3151859614445593
0.003460488555402579,0.0030985578538057414,1.4686190244112565
0.004214248801622486,0.00023417461229413683,0.8122187933285986
0.006829661007299313,0.0007305850429553518,0.3010082628174752
0.00923100700627618,0.004543272090279588,0.29191625221286316
0.009441568786272636,0.0031344714003817397,0.03385057174354128
0.0063948721114535,0.005943550775382202,0.4964856784097491
0.008073224137969577,0.001649896096709893,1.3438969083184276
0.0014931474635843823,0.004109960723451355,1.4507650531023288
0.008885330106908444,0.0005302358194476231,0.30352935279839127
0.001982563807997305,0.009454642480601093,0.3175985827137486
0.0025302626829410537,0.004982970167795292,1.720188226939378
0.008870080594005743,0.008097082024442205,0.853172629553588
0.0024842173910039934,0.008721807602803694,1.221762956690175
0.006267350869216544,0.006321080189704985,0.039522373702113194
0.00969609064761954,0.0007443325356632091,0.39327034504126335
0.0024249996367156613,0.001187975577949071,1.0960041285057787
0.0020326036528541557,0.0062421557131495595,1.7245630205774294
0.009826617723935772,0.0004778341063720881,1.5446181312789427
0.009352981209762861,0.0041014954153332705,1.2346021948850858
0.009907544320289037,0.0006563042584956924,1.4885288833448869
0.005245539127490273,0.008018273846710085,0.6877968525907084
0.009514048625760912,0.0011922750660191784,0.11848023752901171
0.008526501611575756,0.009094762860564322,0.7049416577479781
0.0069793850308723674,0.0009646151408001924,0.40031341324961073
0.009110065795295788,0.005492378164629564,0.4589161722783318
0.003949425910406666,0.006379886966241136,0.7220228070962844
0.004916920980373921,0.0017672117163933855,0.0987086460035661
0.005632807884958675,0.008695932351285693,1.018522858636317
0.0029890773591271327,0.009283646209404996,1.49566323400778
0.007316824630707723,0.0011535341694906055,0.7464229256116115
0.006260206938315276,0.0031730840736703503,1.3772411017849426
0.005797854775081457,0.001268803480721743,0.4113429182735788
0.0009009655192932197,0.0026184136218386144,1.8481362452728194
0.00894272368938282,0.003589183701346842,0.6651691011381436
0.003894787353662068,0.0007631500571649108,1.6281812793604762
0.008127586352953685,0.005384581960113154,0.7534122246173341
0.006322687367335478,0.007924763331330496,0.07601213443981147
0.004837729271019664,0.008150630985799705,1.985914556328502
0.007008846961451082,0.0033032232379527696,0.09360424132886247
0.004205620798142145,0.0052876643154543415,0.5750671374124183
0.005240004233421697,0.0021596943838228678,0.045714752231884384
0.002547070868261905,0.004385532489139772,1.6336704555561385
0.009898230843054164,0.009454414695586569,1.3942304005277744
0.0006383245368369506,0.00012978746792342678,1.537943603473151
0.0006773299337874183,0.008102040219859892,2.039328333011394
0.005742128402940313,0.00041819182916717936,1.9646335368406633
0.0059913708609024945,0.006823806322803986,1.1462356424691635
0.0017796267610942229,0.007122283561050221,0.7514700165964279
0.009840874526669895,0.005757686741482585,0.8279887010515494
0.0019308303304792108,0.0030556188509163586,0.03682720661073952
0.0004167189483917455,0.007508339173967859,0.8882201622578524
0.007215874719511001,0.003926758323134061,1.4091190136555185
0.008758478575647214,0.006444493663267461,1.6489801721910162
0.007377926074185561,0.007889474139174216,1.4178270093428795
0.005302364724088944,0.00579596332089843,0.866231331858606
0.009547677176922965,0.00346503260844806,0.649763126630026
0.008697062622809745,0.003309318281798409,1.9367010745057476
0.008352303509403039,0.0068383580045920656,1.9639771711379483
0.005785113655322792,0.0030200585537902003,0.18185713149971922
0.00658839223680966,0.006476810904024356,1.7688981369387935
0.007787225000069956,0.009575264580296084,0.5823741525600047
0.0008802073985221548,0.004582587398622119,0.1615550816323382
0.005654625708714071,0.0004796018889256859,1.8147521158383728
0.002086145553102121,0.008882966171718116,0.12780453546172196
0.00812293268757493,0.0014708508425083843,1.3442497785666663
0.0019418600867228254,0.003888269667457789,1.9093598242122256
0.009799843703286909,0.001589999839735239,0.8323342122478155
0.008793116975215278,0.0045992284514957404,1.2066205994610064
0.0050963773636585686,0.009082129218545999,1.113342403665967
0.00954614933454697,0.0064037427155788605,1.5173511137623097
0.00782779593919028,0.002911102549696273,1.8006204962289534
0.009897242639700307,0.0017731921945765838,1.138810916096356
0.00678634642160928,0.008591584930684905,1.9104863063561965
0.0013961292538931947,0.0065091562158718684,0.8308460940147491
0.001521241990767287,0.009213252036070667,1.4317569249198605
0.005749814128668809,0.0053924550867369215,1.9098996510009465
0.006759389392937676,0.006063969011662828,0.7127310696718809
0.008335764162079656,0.004542438963708076,0.22153132375424606
0.00246355606319828,0.006292944973546667,0.12052209079824518
0.008530312056780207,0.008513964568585313,0.6149053527137005
0.00510029536529635,0.0025193651643322934,2.0507463599973974
0.0007762783057232936,0.0016187831011024833,1.6872800186482146
0.0013964622584299658,0.0004377148318994073,1.7954108448654353
0.007293090149289584,0.007623956784881131,1.0562658798020808
0.005921384553542708,0.005523799408501802,1.2592673055249457
0.008622819958306546,0.009749959935429806,1.670493943391482
0.0007461784503465429,0.008551056643743025,0.7555751179842494
0.004698000371627022,0.006712625673929534,0.424791425927441
0.0025126588400667983,0.0040713293917446535,1.189312551208293
0.000941141139249917,0.003459039053827835,1.4014170905029413
0.0021937043956385726,0.004091249230974025,1.0622297367386102
0.005974541385938878,0.003589439719181825,0.09082177555051109
0.001041771761848892,0.007997558900010136,0.13432430244650254
0.004649400200254228,0.009564761040202572,0.39495927137289755
0.004893697053402161,0.0014663904051153776,1.1913788934536373
0.0030607836097295204,0.0046311182739574965,1.9014916055829216
0.009987096398847428,0.00876371127897592,0.803042753946094
0.004589557237792771,0.009080965270015975,1.4446554144874515
0.0042993829485597065,0.007541803270721493,0.031051146663955045
0.004707015073809868,0.0005009144127327259,1.8215800358430578
0.008761878090971486,0.0029447788429684675,0.7478488497260372
0.009073408242074425,0.0005662113228445609,0.07527628535119169
0.0054446524873982315,0.009121867693420129,1.3955207250325983
0.008581910990965823,0.004775818900352601,1.85065647675073
0.0005945446683213329,0.002678727985592728,0.3478731739082854
0.004777449808469983,0.0008171141680111693,0.0020381333141625923
0.0020512154868596957,0.0033834018007449875,0.9184175856004946
0.0031587401451945683,0.008539713114779092,0.4336313197938152
0.002475907985148913,0.009351120933139587,1.1909982944768196
0.006060004477702527,0.001434731194133786,0.6971754046596188
0.003414345514026196,0.0018675957195025362,0.7895216016746716
0.006624496013548843,0.0014980774317257318,1.0478170781482752
0.0015649710456462006,0.0009690801430365436,1.8852479323744855
0.003074424176139067,0.006806223184503687,0.8257838981022116
0.00828287021104885,0.008141468579107344,0.5747160645084393
0.0008070720473165405,0.0066548350807234605,0.020890953388078806
0.009076997609381165,0.0010910078941323155,1.0910480696079352
0.00462729327569545,0.004304891301381696,1.8664549061469535
0.007607731733968123,0.008848139555245434,0.0015441708417252326
0.005423119787308949,0.006893335237618583,1.213169655322914
0.006445873425196841,0.0032872342298854054,0.4056478671606101
0.006416741356451622,0.009745690306406644,0.4251671020327339
0.009959188731711215,0.0007249623205864997,1.2466681181763306
0.0015585267004547643,0.009617726322224133,1.5007899172884658
0.0045863755483860095,0.004086621971771421,0.7886206385734278
0.00901563357573173,0.0005058196986628916,1.0126311933490895
0.003831502437770642,0.003392981864514344,1.4525780502708858
0.006561797958257573,0.0017444595541835418,1.5692208746855503
0.0038782955839163293,0.005476547018439778,0.4152793928126385
0.004385297627307188,0.004747422358380137,1.1010446773873075
0.0071622437470655435,0.004154754583266125,1.5826876377663637
0.004292134754324491,0.007598029960330701,0.0718143761716206
0.008409537291967287,0.0021568268585227548,0.2753478311450075
0.006980877535569758,0.00754672171604371,1.2989237354946441
0.00417092388803559,0.004072911487254684,2.0010942653212767
0.001207760031899049,0.005478450081792604,0.321838143875583
0.002752403483623763,0.0017668860830104705,1.4329978331074893
0.007487041080999044,0.0049463526776178345,2.04060576526105
0.006241037049524709,0.0030899932582839906,1.5578212658774695
0.006480282447228201,0.00642892799435929,1.262676532508387
0.008156216848268396,0.0008362604305874988,1.0701881421343076
0.007917883874121548,0.0029388398396619077,0.18873327688094196
0.005221383183483289,0.007076893451777922,1.720523223263234
0.007398502296050422,0.0039200568730226116,0.032218430612985044
0.004160314792327292,0.0045560872716021725,1.0004645510591774
0.0034488295824883497,0.009301742957513503,0.9367332958902433
0.0020366120106887486,0.008730434850152785,2.0416060948768133
0.004745280698905393,0.008168827430767642,1.3627308839038261
0.00925736257168041,0.0001497546213848322,0.34652353024116206
0.007515512661984378,0.009376907640998713,0.31121565580577126
0.0037645227664601768,0.008997783900125676,0.5540377719766014
0.007264272731445341,0.00047627635714757365,0.6018827219957266
0.0012122952286662781,0.005576424056741295,1.083394022572598
0.006568030954864028,0.00472158215598857,1.5169442055491886
0.008522005356574248,0.004122717722172847,1.0923832067513
0.001158840322466531,0.007105345734730722,0.7770022538855381
0.0042283911466176735,0.003803563170632438,1.5506640867950894
0.005057217230169105,0.005068631004981909,1.0873339156693778
0.009993286057160771,0.006392497495229971,0.6488837829701677
0.003873093157133606,0.0005297814913583354,1.0749230828622889
0.003721728182112838,0.009506165261886745,0.29658141586983805
0.0015377752856021653,0.006191942866303276,1.8069775866661735
0.00626183582720115,0.004520157288213256,0.7134053136768564
0.004936662085644624,0.005809978999892281,1.3316350543457716
0.00168435773972632,0.004321041044140856,1.2752904108025929
0.005967810858167437,0.005228968228058793,1.4797161498858187
0.009373412190395404,0.007130768422318331,1.676038240650215
0.006063145645728021,0.007506568159317696,1.3792314314568623
0.005261755765860331,0.0011285516218578118,0.6443957059114716
0.007343776252533567,0.004287239625855152,1.3579550074962725
0.0013839604308169906,0.009543017570944706,0.5269529595559143
0.0005106402310126645,0.0005706336528357447,1.6755783024749378
0.008710087505925107,0.009900395773094635,1.5169130887393576
0.0066734601939749515,0.006308000913730403,0.6833741397694546
0.006143088501390369,0.005542610284766074,1.9311411113595776
0.0011651884022677462,0.0013064098790779555,0.6666173329741191
0.003286840515686016,0.007249443325819999,0.029913138401181278
0.0077809497644287596,0.0005892549393909586,1.7047632590941428
0.006466453264799447,0.0043683668742579874,0.2998055154424301
0.007553127131589089,0.008744219104467139,1.3641794368081066
0.0065781507600587395,0.0041707493672947325,1.3966444654030363
0.009818868039585114,0.002418861197047523,1.6745707402219903
0.0031917518875757733,0.000721562350235463,1.9013776064374517
0.005224825021402206,0.002550197684078133,1.2710435448010635
0.0008875106687635093,0.007131340975466805,0.5712149368703947
0.009355057189383372,0.002672048841212571,1.2752273509009122
0.005527286888388715,0.0035905068480142077,0.6299094363095759
0.0026098829472650754,0.006861214590417568,1.7514889262818532
0.0021511803558890807,0.002771558678631906,0.03444248533060496
0.009473012124911282,0.005265321538415876,0.02806853336200043
0.0024060591654570017,0.004432850953018108,0.7219658369758153
0.008359065956051558,0.007571885757331242,2.0390568048241278
0.002299270001771642,0.004532171482731849,0.6117240713419914
0.0019071445894070227,0.005417937315401733,1.6931721691966362
0.005000326615448576,0.009863546299581397,1.2421626892959965
0.004706347688674858,0.00030722628415328913,1.531105589088762
0.000312692473370636,0.0037195889125605473,1.0114761780876689
0.00043263332877836237,0.002273406307752295,0.6686277434070348
0.005862470365030895,0.003790130300255835,1.565802482296663
0.004243636989206707,0.005366420271146659,1.5250413012790265
0.008685651574236394,0.008725200974075592,1.5400919103059107
0.0007245702561312984,0.0017081666690489127,1.3741742871347997
0.002350629980575514,0.0019425387521599092,1.8406693660423958
0.0009119094226674373,0.009253382491814175,0.9359720941097646
0.000150007418277025,0.003593327306984513,0.3091658352842717
0.008694314175752603,0.005342249729152981,2.014303272478223
0.004441424433955315,0.00401340445890762,1.9891022592947685
0.009227377928890999,0.0068287969588465905,1.2641751681267535
0.0024677575095229678,0.0044144172158452535,1.2428779635431406
0.0020615933511373375,0.006235317750502511,1.3184378921787865
0.0063415901670880095,0.002103007742584244,2.0476328997745252
0.00013798016713083562,0.008877091425370996,1.0879105785153698
0.0010778787615540332,0.003844634423641482,0.9043990599830782
0.0049688781837251795,0.005355967165510508,1.6824880245386897
0.0025355172577060927,0.0030344659359869486,1.1071089288013531
0.005453771340384021,0.0020774149854252567,0.7025448436533488
0.005961025798263011,0.004897069360275713,0.27369553980450007
0.006391469397371138,0.003266052218463851,0.5921809154431632
0.003275021960209349,0.0035117840291304524,0.36288809795780935
0.0099812089775155,0.0028625179756699183,1.9213220068958143
0.009238527913898046,0.0018921649151464827,0.823743587078581
0.006155930438094786,0.008942319234498577,0.6973840273656243
0.001619263428378226,0.0017334621440558895,1.5786280700476107
0.005701569246004852,0.007617725059860054,1.6910540049016756
0.007407796695035495,0.0033839966372709654,1.8944644662084156
0.008224105705288762,0.0030456357215890586,2.049864681378826
0.0005649339722431957,0.0027152933294548797,1.2997501863483392
0.004482014087694327,0.0032035932152778,0.8322465610286397
0.0043514537910998696,0.004732600555295493,1.1360741441691804
0.00901525718748155,0.005966112148818293,0.4153111043277455
0.00730954602337922,0.004142894657247933,1.436453794261696
0.005267483038295355,0.0007649335552428993,1.1622130818381802
0.0030742426693399615,0.00038458743737786573,1.9897454986419962
0.00875929709288056,0.008773102714112843,1.2201849039663637
0.00250049154087327,0.004103398105877318,1.9403827775950013
0.004039253718700722,0.005927976734700297,0.06763908506365143
0.0038865654665662087,0.005969309433416329,0.7928246305275717
0.0009677407467040044,0.00651596773518516,0.4792794849494705
0.007298741167505482,0.005982735332931664,1.8174006568470296
0.006691974542853624,0.008125301052512378,0.180665671862935
0.005980264709324892,0.002618506041578914,0.883349105485136
0.00330192175421656,0.003477906665917684,0.9991127349489531
0.0007978027760567341,0.0061585798864067795,1.2034531267048814
0.005088326416112961,0.0037432164664452606,2.0357545873185616
0.0006655289499160089,0.003980341470954767,1.3652484905445235
0.0048160090826476236,0.004059628287593899,0.4096111643940252
0.004615349456009646,0.008966003020169073,0.7442696249013596
0.005592476192421663,0.0044587581358017745,0.953001166770994
0.008429705610279064,0.005045389059687483,0.46954482038699674
0.004329471998279915,0.007192765159980265,1.3085128805777255
0.0088512292030848,0.005683665324307845,1.157528758830841
0.0034895312017203394,0.0032935652115364555,1.8204644783166468
0.008494470884792816,0.008758318836525017,0.10263482735017823
0.006783798389256385,0.002153654639421475,1.5519008151205322
0.0011140394695912492,0.004788519077781479,0.7773249761396651
0.004051583198888169,0.004086512514967472,0.8002954202154221
0.007823508455657777,0.006301230407466316,1.794298628318677
0.0033736456149860406,0.0005179859399533515,1.0890315858706057
0.005343213726580234,0.0003673809814319251,1.2060517971975022
0.0015058112291894154,0.005097371412886678,0.6618848552611474
0.009161599833044575,0.0007205348455981375,0.061223298926112515
0.008026305748058378,0.008097889169513806,1.060472705509934
0.008816476098674654,0.0012825187603926825,1.3983566814113066
0.006167989188914136,0.005957867626078127,1.698037404025242
0.0026588565252122186,0.0063013076573431425,1.7241738634945838
0.002425138945959693,0.009268069984620618,0.708032398856416
0.009020771199122223,0.00990884317902476,1.2019053749241597
0.007542090349308226,0.007356318913893185,0.38647142945977436
0.0023985052060324576,0.006681832670762899,1.0643917938228116
0.006974051020166698,0.0011150363314038048,0.07537401397978795
0.007892263691871192,0.002852003232037668,1.2893533710524652
0.009432205618152273,0.0013789167501082977,2.0526743927947932
0.004939966098235658,0.003275650766105319,0.4257158269463268
0.007712947732463524,0.009313380632832552,0.7603479259153028
0.0016342627062422234,0.0007510116052107019,0.8403382690797958
0.008486123448435032,0.003962220175172198,1.2917529797309464
0.009334436458097985,0.0023985568265490055,1.0837891909676332
0.0016808311546361665,0.0069326320085970885,1.6784500130451254
0.002013605776314014,0.00360192760174743,0.46102921362490334
0.0047803377524745635,0.004466913193587255,1.0920299115315035
0.0011256631899625048,0.0026942270110593904,0.9262386414299459
0.005567680614563947,0.002720952751445159,1.625676639020937
0.005293867515982258,0.0011270010961776078,1.5234093398134343
0.0029210997473533107,0.0028987732638032426,0.030875397760012833
0.007914683525706347,0.0017401257466292642,0.4963351893387662
0.004974147011870945,0.005405723023797088,0.2445918401269877
0.004205648262982293,0.008250136873075539,0.06301206401084154
0.0002618745592298799,0.002953496187235073,0.05523272589796457
0.008505737104030459,0.00713020568182968,1.9084585266089298
0.0029616051993526815,0.006627782353553503,1.5776186995477481
0.007245008784749235,0.002919396294656407,1.4974001193368731
0.00719542316532322,0.003701622356982477,1.0067182561980197
0.0035231678798927526,0.0007165373360560012,0.39962978274761674
0.0015679112310256326,0.0030720704664939026,1.3955171573404108
0.002549845556172008,0.00935791956091575,1.7605897508087276
0.009461537409654188,0.004709269683880199,0.4203932126963404
0.00848717261584151,0.005532231047720383,1.3700336087989216
0.0012630026470615452,0.001845830137782958,1.3808510830149987
0.0069712249302870555,0.005812992140836705,1.6355958071153567
0.009193681659945913,0.006423158018945796,1.683932914124638
0.0036719488071389416,0.00896484140367136,0.48335813765727725
0.0018356688513164487,0.005075060724121706,0.5917325649524465
0.004389871288690849,0.006343811686499936,0.14624127205856224
0.0014802575652066853,0.002773162087720288,1.0201177026975838
0.004425487172660495,0.006449701118536896,0.6884855374817883
0.005018170854492616,0.00821133536303404,1.1997267872728756
0.005901665744066663,0.007709032561574584,0.3516183174113223
0.006886253508693167,0.009334959702763575,0.5780579498573846
0.0032861813596381964,0.0031559035929563006,0.38488865247249016
0.003480886517495965,0.007863479799266332,1.9288626452946933
0.0034275023907957202,0.009313987184909698,1.7096897064558652
0.007194490714614198,0.00658133866497917,0.7178339236511774
0.005977016823264278,0.009984953585248037,1.3835009548943886
0.007519042115001939,0.0065868856186109236,1.5931277849989292
0.00017760753688431108,0.0037547075316183565,0.175371154169799
0.0037702562820801735,0.0016611037162521925,0.5133831008956278
0.007902699359270545,0.003520541065051719,0.31726547125682997
0.0039226426968267634,0.0009820634394644633,0.31555727891448565
0.005311222422682576,0.008749471123864518,0.9554483304572214
0.007680039626175052,0.007836378348311211,0.4231309542325814
0.0029078189007004187,0.008153671844075101,0.7879858819052503
0.00441097583000341,0.007455639722405828,1.0706656189129706
0.0008467952072062702,0.0025817303682845426,0.6473533890017014
0.0027766706156740263,0.008577291142564671,0.33429432155491257
0.002762826081255427,0.008502410180377113,0.5038456858119985
0.008683264833110755,0.00481458331169294,1.708599317343811
0.005000282733380705,0.0026184419771459835,0.6168951080235726
0.0038408267508754615,0.0037046129421138417,1.5750954378433237
0.006754554595114938,4.180595430321232e-05,0.4063786358280122
0.0039016650864831105,0.00871753280710203,0.9160973810977633
0.0042719606885724334,0.002426557534609919,1.5554766781698697
0.006341764676895853,0.005616943238409186,0.7019476227172481
0.0009058619019158155,0.0069471505333976715,1.7353491878927458
0.0077800405214466595,0.003548726034558877,0.7957688106950703
0.006134174465575125,0.005162516376476022,0.8102696640644663
0.009653186621711397,0.0010218791367649293,1.9781751622847483
0.009962557133323613,0.005326163382375767,0.41365735711086554
0.004636868822125825,0.0055395175202909265,0.38073468109266634
0.009574247885530369,0.005002589648034572,1.307440784510448
0.008421654206431258,0.0077452640936400445,0.7573481518529377
0.0006695860735351733,8.648572592450776e-05,0.9911865675940346
0.007141500128766985,0.006999793391024715,0.2115721277325485
0.00026850989799626855,0.005434564785365216,1.8789148816524892
0.0015480278734790864,0.003446428987439013,0.16077200622913526
0.0014513051779552145,0.0030243698739101112,0.05803987472884779
0.009676805479274795,0.004483993585570749,1.7471125914496033
0.009884824018716825,0.004252035394372154,0.11407034362812492
0.004808259587478718,0.0028535050559416065,0.6936644582296829
0.009979303075868534,0.006516432743688198,0.1611753438655383
0.007728166358882209,0.0005490879954455519,0.5487997105227902
0.004063338254522423,0.0030577503449311185,0.31314278778726423
0.008002070536608815,0.005374628236319213,0.5775122224986737
0.004015779582723205,0.001195604246202242,1.4309410720578204
0.008086041787306358,0.008424016432290909,0.5822403731510495
0.008206224370720869,0.004988036889639995,0.3295774065444855
0.002965906678954343,0.006251872699202159,0.6132376339237832
0.007866347742155841,0.006855062663010161,1.2016972300714703
0.004807093367600372,0.0015993166964596017,0.9974777103015415
0.008076733798250853,0.0013264309011619246,1.7610294993660183
0.0014374076743438836,0.004823311413045998,1.8401527348053575
0.00598951684529234,0.005675919655973966,1.9791919593153429
0.002756476203970981,0.00017439124153756258,0.6289861999593501
0.009684961016949772,0.009145805117223805,0.7914666494162806
0.0018692837324116873,0.005234976635420356,1.1524477879196364
4.2845853786253055e-05,0.0068514819301847985,1.2288338124171936
0.006970740266027283,0.008581981955795936,0.5908625403977301
0.004363292873631285,0.0003424120648419993,0.4984429450796657
0.0013899245464820266,0.008001216532317943,0.48346743140630843
0.0032385927061082333,0.003939618233405066,0.9793085703834
0.004624308948353521,0.009833722812681465,1.9227356096335777
0.004641293053350136,0.007420503994502481,1.7410043559253254
0.004226208352809844,0.009762573793221346,0.740869594939951
0.0024156507150281193,0.004425200455412313,1.1721342930487457
0.0017661800988144816,0.007373098808257495,0.3109765497883977
0.0027682017339453837,0.006069647226285641,1.6962087475351932
0.0010376087437336567,0.006408156670473909,1.9908606395023192
0.009557756027006228,0.004048871791675951,0.19479918967446264
0.008071135807999284,0.0014642167956761866,0.2928464007682094
0.003011291402662919,0.005938448881023263,1.159467443937148
0.005009108422527787,0.0029560130093043316,1.4987944969669833
0.00027303538018795813,0.008704664486303259,0.8788664746114949
0.0044398969888917155,0.0013981369395254662,0.1887267364202403
0.002630017916822569,0.00844580544608771,0.37983147989225957
0.0070242283398692104,0.006472903929850864,0.20446282584321668
0.007816162778939347,0.0035685998206611337,0.25491398179622404
0.004957267884914703,0.0013108767779335883,1.0714636119270884
0.0036408720792892404,0.008047961055432437,1.9704958726123716
0.0009295890997729395,0.005027779185966574,0.15135010674886507
0.006405947732279261,0.003913137013209242,1.965815292102966
0.0021652362691593186,0.0010886405673329591,0.7260097070510514
0.005969905850672841,0.007594389231260368,1.6098992077204286
0.006054202988148575,0.003917810527438044,0.13118291360645723
0.007102394494800729,0.0010111309214218068,0.45865127042733767
0.0036090102223099376,0.004998122323400993,1.4676352716690528
0.0005486158874286507,0.003052522689677767,0.9522782868304918
0.006719064538688513,0.006667874186541917,1.878717156733947
0.002755546444356821,0.0011949642473055345,1.2058202490547365
0.0010411594791103428,0.0060713506107684355,1.2431988839908001
0.008071616408634835,0.0026573279151500353,1.2921775815946492
0.007254225364343481,0.0020784327751200505,1.516939277838094
0.005624973196607604,0.006845828515579739,1.9918056943304843
0.00888667554301715,0.008546689160894034,0.9962358486033065
0.003695239488776244,0.0006813984972794396,1.6676789943787598
0.005199931836089177,0.007610742504936739,1.9428926033759157
0.002019854327114111,0.002057517167684032,1.9167870666240416
0.002482387251293687,0.005812922789906678,0.08387440650215133
0.008428701191374406,0.0029961399091518737,1.7243185193514605
0.009365389052678448,0.0019624764050953105,0.021877697984061206
0.006860294919808281,0.0001649838846679208,1.2073713111013535
0.0016192261975922007,0.0021946948292770343,1.3151400860140994
0.009808891196569197,0.003168267968850915,1.7054032895742857
0.004471365922276249,0.00934587849708994,2.048984395105133
0.004924295305240026,0.004814559395768046,0.5708897510158706
0.0007380970325697123,0.00031295274650999794,1.5627934214523367
0.008349420520153283,0.0020016095879943786,0.1753616093605697
0.009770977774385108,0.0009900754554283053,0.3682183354353125
0.008435561210873988,0.009748964135103807,0.05263539919865992
0.008897434614952153,0.0032082826822650203,1.7493277216421257
0.0020271470621899047,0.0017131886995024638,1.6441302963452382
0.007527406693631865,0.0022981376011764676,0.7063267519034524
0.006936905910512715,0.003908479811495764,0.9710265296513456
0.004285839483252851,0.008149995686659823,1.1755852264230653
0.005071754049986737,0.009925125420546046,0.9751021525399054
0.008017557873093044,0.006433903329914503,0.3672421592178873
0.00837573551583767,0.006582310479794233,0.04808599103407423
0.005909822070406269,0.002940524976225396,1.3838816370034175
0.008094742921964755,0.0015141164767489945,2.038760680547729
0.009676384616236247,0.0035547865631389165,1.1262667554467152
0.006591506632166146,0.001072770634127893,1.1919657902419143
0.0067384883931273,0.0008607039373171799,1.9610651190126207
0.002252531693756038,0.004557726438864525,0.9272847849370197
0.0017271022423689998,0.008107828651123635,0.2462232043514038
0.0037134194967053304,0.005332761306054537,1.402520353822169
0.0023183107271127724,0.006440761803309495,1.9761541096728799
0.0028237505276356247,0.007521807728405906,0.5401950793719696
0.007717910193723816,0.0054426761405419926,1.612273661974663
0.004198099899870457,0.003411185319665231,1.0741322746471085
0.004379236958626068,0.006351517931823995,1.3240255558017051
0.001503896489241713,0.0035353460099701904,1.4432686733276265
0.0010533466830494986,0.006545056029517516,0.24944542672487305
0.006903879734065624,0.0013042583988374823,0.7938140897354244
0.0062507203363450815,0.007101650295424325,1.4519832458964381
0.0014812359041019752,0.0034377708497793725,0.947534566631347
0.0017630160182001608,0.008236433881112457,1.3342442263973502
0.0076347828886700045,0.004628086700887268,0.603394693180746
0.006265625703777819,0.0018662567297945964,1.547802560918439
0.005149312908862224,0.00779322821548983,0.24106567457275246
0.007466082994239347,0.0011398570659070873,1.0500137951090323
0.00994565031125044,0.009741708974710358,0.782060682875145
0.0007605285183798627,0.00843741949577534,0.25123792796594324
0.005651061027800371,0.009954516307160585,1.1848470017383517
0.0055821672021121975,0.009214702409980367,0.39804784937086013
0.007826080776469641,0.005155267672443711,0.42051902755814485
0.0023046869547200433,0.0034157502155616128,0.3381741662034842
0.0025432833936311163,0.008445550711099432,1.1677362851553637
0.008314760756950656,0.00835200351009699,1.8564437015192703
0.002234530607810712,0.00942547736269796,1.789597692243317
0.0026823255143837333,0.002000913604126413,1.4315351521385058
0.0019429255509218703,0.0012518736769187278,0.3349206519040761
0.0042712127811334885,0.0016405237784455707,1.0002665907164512
0.002735620169848384,0.004928581150637628,1.8870247177756632
0.006319879187708174,0.0016572521602617896,0.8444230342926601
5.8954441498415557e-05,0.005302310237485702,1.0373622284022048
0.0024368687980481207,0.007961632748322726,0.047966936401619156
0.005663982896735281,0.0015228105188675666,1.3597807223476572
0.0029198696605148835,0.007439286632367581,1.6460785215502538
0.003940790028366524,0.006772301561634596,1.9542078769706144
0.0035805081131749837,0.006159711180275052,0.9107849396913963
0.007585461936449387,0.009146486840362506,1.2050791827354774
0.006905708740199138,0.007136112262582626,1.6745269808749919
0.007224110560799786,0.005073398482931364,0.692501048123304
0.004875950586343857,0.005510559460773412,1.4194285891257705
0.006144650316715231,0.008826065670985704,0.44954666984118413
0.0013160005730515167,0.0033303474726234417,0.6888760082910713
0.00895287036519943,0.002444872569513915,0.5400063526552149
0.006142515588902056,0.002433037610687693,1.0013895497927983
0.008084104589429535,0.0033624036116801106,0.539575304404787
0.001246075596329115,0.008307635159160302,1.413991122237197
0.0005311726738106548,0.0041438756506273,0.13741222528134445
0.0029946980663569014,0.00043116822309159365,1.0979848482411672
0.009753035091449168,0.00047008414545008596,1.3563384583511693
0.005775571419119669,0.00978066948248858,1.63278485192452
0.005577845136768229,0.003499663734710855,1.9536931999390716
0.0008201945046066594,0.00590298741449364,2.0263299010354223
0.0006676514751137319,0.0010386023534077315,0.5308235768896159
0.005232414610919721,0.003601179843841014,1.1917802642940607
0.0015767610252598874,0.0017727286302978563,1.92527952123881
0.003958382005495863,0.0037347650034864565,1.0694806882782113
0.00417476275116626,0.005640494081043417,0.2341063394071815
0.002646864037720794,0.008553755328533265,1.7085282528113186
0.00473505172446223,0.009652833340204663,1.216249196909341
0.002800920267802092,0.0016253618105261868,0.06669300421702058
0.007018779349346076,0.005617659702840488,1.2797132432025422
0.0006164572507261513,0.00461617270727449,1.027246865562036
0.00476279043456045,0.008555669237566364,0.12526578163508142
0.00980644970053535,0.006653289648368021,1.3264140778003752
0.0038651991381921003,0.000917557212439647,2.0456941449264363
0.005923417179341392,0.00212991135851472,1.402647293835013
0.007513152280221583,0.007567764669169137,2.051999041010061
0.001453275165133414,0.004535981254294551,0.06863117527887883
0.0008303152086571397,0.008867791286984629,0.6893621615206681
0.005413615767626305,0.008824922234812212,1.5786103088718348
0.009652192332711385,0.008144445889872903,1.6390590280411832
0.007691560834880485,0.006161837047425258,1.1034562033784565
0.0025613461305046947,0.0030932238842556435,0.05697649722237511
0.00628721048220577,0.0018476560284288567,1.428922324138509
0.002303714320870364,0.007344896679026833,1.1830987260766652
0.009721987681092803,0.0005587362003186803,1.2082837142497813
0.004187380307678384,0.007880642093401545,0.8984046475012741
0.0012802468434170444,0.007000620590322401,1.4342732551656021
0.00944930747519394,0.001463606109023473,1.5186923005000554
0.0016010795828769432,0.0050832095042455516,1.353250985282858
0.005726988133086087,0.006016545315624775,1.6143860538917325
0.007164225570325738,0.006521352961580269,0.8787467473784241
0.00045633400630319286,0.005673293209900181,0.49299070206523893
0.003930291080827938,0.00838443556242464,0.9762977170254252
0.005614364527645366,0.0060638964848505365,0.8836361226104565
0.005770184911832544,0.0003508668610940202,0.38684074128050155
0.002822055263976878,0.0017190858071469317,0.49077886836586954
0.008646993262394164,0.00261871359303957,1.2860657907995237
0.008980937855757728,0.006887106566117074,0.04974185529439795
0.007931060316356384,0.004649627937821655,0.9926687885909464
0.0068921870913107655,0.00834730572966909,0.47812037754858633
0.0023837444209167534,0.002417613300360665,1.5568713917443198
0.0004293034202097179,0.0033886868373364664,0.8284540811406763
0.0031239873520419914,0.009147199487966535,2.038309254432283
0.00956783849838345,0.006965288580436494,1.1097064213211847
0.0022014657110323277,0.0070787549636601175,0.9024554704387204
0.005136211860974829,0.0045879354972839315,0.3620650708248563
0.0021202300841428544,0.005445058682707101,1.7782527887382553
0.006850244374948187,0.006714188917646288,1.0231251820041802
0.00782135411706476,0.0022573989630252935,1.9085582305550746
0.008788734362434589,0.008234383379095479,1.6866255352416304
0.00029369370158144337,0.0007461317682841407,1.5559777170445208
0.001769169049092796,0.004823418303532449,1.618771288423691
0.0007481925677160916,0.0042910590297159205,0.8124338954815263
0.003683550481302479,0.008525736900079968,1.1581963745930348
0.007011193925320259,0.0037845541769879532,1.7730964804157203
0.008874764959311032,0.00276070107138803,0.2774716421469368
0.004580278418849286,0.006450841262448057,0.880390693547242
0.00715704358483904,0.0020977216368936215,1.8759231929022673
0.007000796234307068,0.0018525294734147613,0.5313125629743067
0.004500373356345193,0.0017383198946785085,1.1969056018126534
0.00977590669443264,0.0044073772850114915,0.035701756555215354
0.0004071647220769592,0.003705242141209014,1.7862553573038387
0.0029051781776967844,0.0018490540950324142,0.5526363243015735
0.004483985879142882,0.0075322194054984306,1.6636735118357624
0.009896420202931779,0.0008623389801963399,1.8748954704558825
0.005407864841916556,0.00034205954819617744,1.6979513125131622
0.0018519018104494257,0.0070365103059527,1.3353040140475112
0.0001355748618624597,0.004091796622129421,0.15753034383576234
0.00021385323606347596,0.009679078103414585,0.8341897233205998
0.005651408096301928,0.0005334999679897834,0.04550455554346418
0.002592161182972369,0.005889496438308957,0.030000075523474102
0.00743751815994189,0.006481263081653248,1.0036653059626324
8.797192851703662e-05,0.0035618143887761323,0.9488994616875199
0.005974515974945147,0.007566392796808991,0.6816698920175382
0.00805036802705024,0.009446823723016624,0.3400576508949339
0.006172883883050646,0.006357582869207834,1.9841875638933002
0.008679894321019444,0.0037496115979562205,1.657756420062186
0.0008577312878230492,0.0026673752617899717,1.3041584541830475
0.007975591279469322,0.0034509590925744372,2.021253538106664
0.008423927882326506,0.009397296616391038,1.921286982501732
0.002449015211293144,0.005322528342413388,0.33797302639551335
0.0015834180575560798,0.0036866457358893036,0.2544053520165197
0.007382297069487909,0.00030926563113894636,0.8279227800369323
0.008629946033212413,0.0013346721942869377,0.6182599288551894
0.008725038371005888,0.009733278528851757,1.394282740581401
0.008944687125536196,0.002642366333205759,0.9132734441026309
0.006155755257289726,0.004558992628139959,1.4453306303023077
0.004498010201560726,0.008057386689599958,1.4866501990665977
0.005708549213915798,0.00025357526671105355,1.791081908356238
4.747641857715257e-05,0.0038888519243501308,0.14952475702631968
0.00671294872110941,0.0040170013061823695,0.010841094413732334
0.002792058214207768,0.008062059910719111,2.026091704371698
0.0035933625400661464,0.0016765721619004148,1.2496224010598787
0.007115356761227117,0.00426459701740048,1.8330151470248848
0.009005271110645512,0.009921190150157785,0.8346014431448795
0.005879677242827796,0.0029422448548425406,0.7567085199395412
0.008309745826207731,0.007122477362730073,1.176117856249289
0.0044660705106745816,0.005635190380928634,1.4139033756273316
0.009376844135631817,0.0070266765128739195,0.9206483459540367
0.00873377106681394,0.008999655232424384,1.0044280777270038
0.0041708243843672065,0.0051497341780421466,0.07907617646912594
0.003230667696289251,0.005151791389950301,1.2538301573006176
0.0010538402108735622,0.00016705423708004985,0.3145638551095909
0.00970336724544173,0.006354018837478959,1.2471376553226043
0.005134258973680535,0.0034954741192615036,0.11233583806593436
0.008380857116472896,0.003536696093532341,0.020860591524254655
0.002977239922526559,0.007568315423599798,0.8371442394301193
0.0008304041592916145,0.0034968409169751457,0.8894591442440035
0.001478424822035146,0.00628093503671507,1.778095569788091
0.005671408785067723,0.0001842689981218615,1.3991350704080467
0.004185176631073936,0.00933556224074712,2.0174322604399726
0.008139426050164846,0.002159889962032927,0.8955702962164049
0.007488241461336431,0.008694616215648788,1.490569756494705
0.006826673495344991,0.00917829533952529,0.8531157380477706
0.0036980068533235167,0.008783662686472972,1.9302674787197904
0.009795545634687774,0.005523658773561326,1.6328744117773695
0.009895358858283632,0.008423407484367313,1.9998494438566377
0.0009006694817447781,0.0009904636255251332,0.05468389439565112
0.0017870913828139413,0.004906184699630688,2.0167253276479986
0.0008590761641785172,0.005485331792235715,1.0038998803436323
0.009889461756445042,0.001965220668487915,1.8637575559033965
0.001720964228649421,0.0031953403557850213,1.650606186884034
0.006374162767859538,0.006326016432125889,1.1171578851289048
0.0034777479725211723,0.0044483166945348445,0.08763159918495096
0.00935100121150114,0.001461570326507804,0.09125413634594103
0.005282633086007108,0.007718310544184188,1.2484349017200822
0.009719673589056467,0.005431291088894638,0.40082031018556885
0.006116093315669031,0.00305480365799214,1.9854378735195788
0.00935075300658458,0.009117242607091762,0.7009693981556883
0.0027789216282498386,0.001588023963519487,1.1868495588521057
0.00801574484665721,0.007887538311188378,0.029603782563491183
0.0013959669081349535,0.0004273062172034581,1.6715745881620583
0.0008848365326242203,0.007197474847397605,0.34426313023917227
0.0029683513794067397,0.0021928170061982066,1.1324583494698286
0.005855143528485267,0.0065670491528866184,1.8976569075466774
0.004797866643554967,0.0033675849000074243,0.08410177387680944
0.0047739244713351885,0.008002970771987267,0.2781968132114686
0.005099261032935268,0.008905857050188027,1.8426156641130178
0.0036663213714007714,0.009430443227315344,1.5462575851548295
0.005966405589867172,0.008216981081138502,0.816184410033615
0.008946030096991789,0.0055165025062874394,1.5691619753954444
0.009744237390488835,0.008174839490791383,1.632104086769916
0.001867331217840066,0.006229367962120261,0.11714319783848973
0.0075119297630313435,0.003155847319128482,0.45442155616830376
0.007003363823763364,0.0035093391646576167,1.432100400110455
0.005375163667733224,0.005012241798429355,0.24638916185339463
0.0013471519015883838,0.009839725756824928,1.811063165653429
0.0005384398201224006,0.00495475678911582,0.1369865535745762
0.003180252406813107,0.001297710953921396,0.9095679775141758
0.0025315706589677423,0.006651610840964015,0.63127851222224
0.002392735884479469,0.0013307184505893554,1.553321744572038
0.0036250641566830423,0.00951265978278998,1.606425156668562
1.5474047182111318e-05,0.000625086704344402,0.24212050054082165
0.004073228294345031,0.005381582750870362,0.6662062146275124
0.00935646274166599,0.009446006320054353,0.494547694636501
0.0035237097809176577,0.0006024364452309228,1.0832797087710264
0.009801939306142623,0.009658774883592139,0.025884671740123114
0.0007344520124455145,0.009525451592269576,0.9171108381740619
0.002471384907088786,0.008808536117281322,0.2767770255631231
0.00887291908957434,0.0012655162839725741,0.20718152789557862
0.008715973207966079,0.007785906557022195,0.05491878589637976
0.0013319136845239676,0.0077799490517460185,1.5555289739316294
0.0026170739248323692,0.008249209143591209,0.6605382134390092
0.00019840247412225676,0.006943877725657044,0.7011334655644222
0.008337683823290748,0.0018261253785204158,0.37411787183136713
0.006026315701660291,0.00229662222065667,1.4232060426990292
0.004644598640620781,0.004823329029291807,1.49276631543133
0.007848762422719249,0.008219202069989233,1.0450622687935132
0.0005753937820724342,0.00750228602444536,1.9661693554124362
0.008416081842249252,0.0029624926701545184,0.4841853364289311
0.006013787203010347,0.0039047320082021696,1.6881821681252502
0.005406103786723297,0.0014806608477263817,0.7880237508250822
0.0027587440345135284,0.006253349999916358,1.5108537797820047
0.006097882684437569,0.009486341009110623,1.6658275190623524
0.008278167650930444,0.009673764489548776,0.4189907517981425
0.006330040142471548,0.0024042713068286735,1.446856689904356
0.0025465412883016415,0.006576822573809489,1.8450433096122436
0.0021549166978813883,0.005495701402113192,0.6635076613775855
0.003132294496466076,0.009496702814899562,0.35614206870986376
8.255913560788364e-05,0.0019132770005306544,0.3827945820072944
0.0006793891888352476,0.009668301393336404,1.7963642554021293
0.006215123791157457,0.00738664487443928,0.015096530569822481
0.0007765067252783897,0.008528465738268995,0.3065312351690566
0.002171996233938852,0.002845522020029575,0.3623643996948761
0.005294512404144603,0.006258301677092023,0.9259866104340784
0.002073905253487054,0.008794507216185334,0.2127642389780762
0.00043324270909432804,0.0025649980563427544,1.4085150653466154
0.0049802919860358645,0.002818494222438086,1.089754800544367
0.008676414442661085,0.00045310066629151047,0.6307752445290339
0.008885618535995756,0.008360755886986706,0.6428519279694176
0.0009939639358325792,0.00832019487099712,0.23224780040733548
0.005874387959784544,0.008572877522491149,0.9114505249995225
0.0034759935925645,0.009431197705051754,0.6688609631312067
0.005672507595112872,0.00012929880013327178,1.937949224584097
0.0050078626074464075,0.007315347228825867,1.8745222149067193
0.0010350513088811853,0.009322943846547305,1.211329947371493
0.0010225216828857887,0.005748662006213381,0.39513540029337546
0.0008514131236886335,0.0003342255422748941,0.16902542134318224
0.00703390065964074,0.007058268002844492,0.3267635541949431
0.007967430180468353,0.006688067200390605,1.7900470655122924
0.007543598574754487,0.003618408150083288,0.8553693212533746
0.0073709358719143935,0.006249757436699346,1.732589230855613
0.006638841385646667,0.0012592053135344816,0.8668339197613187
0.0012067584355549387,0.007481726545766143,0.5202717275438093
0.0066402468039209106,0.004105494250638182,1.9876777963166108
0.005444942199259395,0.00820843963269487,0.03509950078228649
0.0089852039723466,0.002943529378499088,1.428883061411828
0.004680589476748614,0.004704462216008066,1.550661395010781
0.007666305160253518,0.006076678729496715,1.1386034557159848
0.002668540404617239,0.009001308087177126,0.07803251906034792
0.009832334409437577,0.00018592069921352427,0.9872647711488418
0.0041945166599852216,0.002200644321686829,0.312049098563559
0.0007590798061462256,0.008098217958781793,0.9211475366923378
0.008407678241351524,0.0019568390873381325,0.13551402658082792
0.009670222117379359,0.009287320195376718,0.6981894837651466
0.006613262469793982,0.0023125823896336375,0.659155612092687
0.004919722678280894,0.004111596031408051,0.039173500530757646
0.0034316695105312866,0.009374391076605386,1.3943020552720229
0.003357111272183553,0.0067919902295115,0.1963228277287949
0.007943942310003853,0.001331572947821179,0.448784109335454
0.008944384571766622,0.008536950888643624,1.5593002803690887
0.008456956686402627,0.00015623512202874611,1.3310798362978333
0.007943737025591969,0.0031542460504227175,0.33517214161414494
0.008836383425668304,0.005017690291818022,0.042697576873502355
0.001816042512248086,0.0018956226245100615,0.9127119101276685
0.004184329000059531,0.004285073820564667,1.872014715914954
0.0005626985972224175,0.0031100591125082034,0.46530854392119264
0.008591369040169076,0.008373555872902299,1.3642187830957395
0.00484488104902846,0.006675741488669474,1.1389995704375724
0.004922489523070259,0.0020220098595686176,1.8242189996365066
0.00689541334460464,0.008344243776842519,0.7227849421358152
0.00760347799424723,0.0027651238841120518,1.3146655003400265
0.007876918819369985,0.006460013104646144,1.9948141868065237
0.0018371208642396608,0.001146784281684724,1.0534989117268296
0.006274324171515181,0.005216851702410272,0.2727726727943805
0.00032134418980359514,0.007411196358000558,0.34241586593834755
3.141718492466361e-05,0.0008819350999856878,1.3153421698552639
0.00951450930705466,0.0010571449974661196,1.0666121988046187
0.005880078442879101,0.008434866014364944,0.7890645429737645
0.002831734483956546,0.009111171555068845,1.8463579399297567
0.008680655264316687,0.000956343252155224,1.031817828317856
0.008188835128451909,0.003249830601147401,1.0661803444611155
0.0075161617021345896,0.005246387489091567,0.13356013765853667
0.00896054438150403,0.004280869037609744,0.27257672851935555
0.008315541067888406,0.006709562730506573,0.9331734831936244
0.0043219189820042185,0.00330457617580486,1.3338765637778918
0.002138553173372462,0.009426782230964001,1.6728322826337598
0.009414455064714708,0.008550710613537857,1.5696038703702193
0.0010900763519329738,0.004756102625158347,0.12151591075929759
0.009551460999271736,0.006569966444637627,1.0219866330925769
0.006115232798987136,0.0025467461284178995,1.3536703246406174
0.002414578159140074,0.002500859688896494,0.41458938067809564
0.007320954797029821,0.002909755806121218,1.6630733405319624
0.0045300366693446625,0.006035376479139336,2.018842258969163
0.0017327207581823323,0.006787013058838592,0.12792522987193142
0.0029460383558814265,0.008213923815836133,0.24535956801821432
0.001556745792508004,0.009863240289562617,0.5497267219799089
0.00099134608662804,0.003979422071060623,0.2456412157791998
0.008132539595607356,0.0025409745171651042,1.9908965786007853
0.0073846054032881,0.003677368253012309,1.1467212445301376
0.00019919455050680602,0.002534408714242243,0.44721262338646417
0.002895511402243466,0.002780809476075876,0.5472073829080285
0.0009471187417076155,0.007985899187324787,0.4492573413661685
0.004385958784216402,0.001519358148860537,1.5220237833925314
0.0015297464550999861,0.005589882353695415,0.6440145731958007
0.007909996640249021,0.0030121720497651985,0.2449601628352237
0.0018390821514762967,0.0030155447367840016,0.8223363980577415
0.005902891331644089,0.001397022908250416,1.8600890317943053
0.002779409295597559,0.006667105807691708,0.3819181595958191
0.005517582267344817,0.006485107887679835,0.5453123343294514
0.0033436347762442653,0.008762244149199181,0.48854184867078654
0.005833627653298656,0.0027974564997024767,0.8678840124634526
0.0021381064337559685,0.002556528002262163,0.36614252504864514
0.006085979422469705,0.004642546236704832,0.27968686940421406
0.0017801924995973762,0.0037303802855659786,0.5068970524237795
0.009647506800962257,0.0005428024726172731,1.841900627883811
0.005712127659268817,0.005939795412065876,0.37819210651675556
0.0036276823516761636,0.006642019698751153,1.5185774713724938
0.004231012847247975,0.002316116469203783,1.6784754394086514
0.0008877113823897964,0.00470600827003058,1.4326536112779955
0.001122773783884652,0.0015840158877403199,0.4067463687980641
0.0042184326640245995,0.004589815468724926,0.7442176933256
0.004819980929672496,0.0007439905562987847,1.1167935733478647
0.00023827225734870283,0.004642022334444136,1.2218361388821157
0.005741691323343401,0.0029396421435751788,2.052061055399769
0.0012302244672229656,0.0029500133035388443,1.3412795409304112
0.001286340813325727,0.0013174187142504146,0.40924789351578617
0.007736792484250979,0.008791707829973149,1.9705239680893467
0.001948302531280236,0.0005001341787891423,1.2813776917934339
0.006552344942121979,0.005891519648909024,0.8471411880162
0.009311877947794154,0.0013739761542712347,0.8573891717959081
0.002508104202543332,4.290991606815453e-05,1.2327912963121175
0.005625331754308504,0.0006457485952546105,1.3077653289166054
0.008530014582892808,0.0006506331813229327,1.2237470027047876
0.008459083029798375,0.006272408770318672,1.9762149062709602
0.0030186549510361096,0.0027902160949847578,0.7932638208777488
0.008806406568143908,0.008539976735083207,1.805101356680176
0.006812841032170815,0.007700910513886661,1.390336308646125
0.007294292060817546,0.00047017492698844587,0.9064752089129966
0.002398604220825794,0.008917651622827424,1.1828196944603464
0.0013997309574094751,0.002660342837927473,1.6985325838356438
0.004833360129353536,0.008605561810271901,1.9735193487541975
0.0058058702056235905,0.0038687871068844573,0.6204314111086233
0.009383893195521777,0.004336442772385777,1.8734588293934595
0.0015943154316357723,0.006188787355773415,1.7434436300192588
0.0076058494538844305,0.00845489399757333,1.2612621337934302
0.001612001015467708,0.006843675376190305,0.2981316815306626
0.0027830774251407344,0.008490769509152889,0.13998287824678812
0.009504045522211249,0.004552681683743137,0.005667182632455912
0.0031523452978848977,0.005399476236874299,0.6726672385866133
0.0010853882900839652,0.0042386542264572155,0.8509060504216495
0.0012567380947844941,0.004372055380730927,0.6496780518075862
0.006359138975604869,0.004188259931413441,0.04458264331532087
0.004135619319238888,0.006571282898239186,0.6678955476016746
0.009401564297105565,0.005577258674544795,0.634443659867797
0.00908017481885445,0.004867338044178688,1.791038847103579
0.004952567238286338,0.002901666621801271,1.977051952889786
0.004286429319454742,0.0017830090228486651,1.1772404033161534
0.003604025947157655,0.006966815228234564,0.1927975249724915
0.00490789810072612,6.57179578285294e-05,1.7255346578733934
0.00029308239613696997,0.005633260241698012,0.18525722513076576
0.007013197591817524,0.008898314175536739,1.9147820894643663
0.005753968062319311,0.007929129136506358,0.009670198287640423
0.009575170230014241,0.001071492100082474,0.7478019183147518
0.008483060397953088,0.007263800007121228,0.011767307592513257
0.008459620606475536,0.0037144732195626374,1.216634947884583
0.005789173960561752,0.0008455969467436508,0.9469060236275038
0.008996297016383038,0.004668159848342651,0.01782857098363468
0.005998499760046886,0.007072381891149084,0.48497324621911986
0.002218086242440012,0.006786324621207729,0.1650095227496378
0.0012277614670980774,0.0026297280449392836,0.24169854062090734
0.001084241282165751,0.0017389803760728395,1.1304995603196166
0.00961550233285956,0.0003970328089223896,1.6362352153562654
0.0006431043320450758,0.009916176797229866,1.5933891715667363
0.003887590508266069,0.004205196825380475,1.3632920088430995
0.0057044010297830385,0.0027537019731293565,0.5982243920587061
0.003454435959880179,0.0005817872971531967,0.6976108806748402
0.008560631294237777,0.002087950218388084,0.5585208037291732
0.00868714474896615,0.0011276984284883363,1.9048479954937447
0.0069091116897421045,0.006664584756893664,1.010459633964689
0.008985595958677662,0.003148163650676801,1.3931487530885116
0.00410808569496064,0.0018288563628045063,1.6321673031107804
0.004024132929220873,0.006127985892784467,0.20970908731268248
0.005546260931408193,0.0022096805487502903,1.4322523952365354
0.005108435607026241,0.00982340115137843,0.35495966720242467
0.009565646451703772,0.0026554086433451573,0.3550145048009477
0.008492853721145801,0.004718840442728253,0.48861459756410874
0.0012775988466079925,0.008834871219087975,1.1673966696243538
0.003404924915253561,0.0001077194356852984,1.3377956801419062
0.005297738654775304,0.0044903145142458105,1.5050544486068507
0.004998450070669957,0.001079122315819857,0.848632795618469
0.0010942134710555918,0.00956849533053212,1.8203287078736514
0.0055666262778756815,0.001044762001860049,1.4558569835119102
0.0024442492972437603,0.009067988135062715,1.912701396121185
0.008272306910458738,0.003593082915791652,2.0531404633284547
0.0005160020611423022,0.0014682916518812983,0.3058557450560653
0.004719822418964747,0.0050843992689547845,0.84782171030087
0.007798670713577229,0.0002499803683885715,1.2669152744300052
0.0016866178722484304,0.0007138676382042353,0.27051892245396886
0.0017052667346156437,0.0022155490941698597,0.25459042050250114
0.006457953887816936,0.0011555081024903246,0.36463722968826
0.0005901691461172265,0.0032841863505931592,1.5982610912099575
0.0007611983150405011,0.0018086703129268644,1.978003765380303
0.008146043619672732,0.0032148087833237093,1.2625444919949231
0.004068747129607268,0.003679291699756112,0.8208934815752515
5.34857858928095e-05,0.008206714542564999,0.4686451390653433
0.0030299065254286886,0.004511877472604187,0.7544303869031052
0.0003885705090024072,0.008649093167810965,0.7326718036137695
0.005794325028842168,0.006389833245518108,0.30005997094744163
0.00971312868762737,0.008174476940705656,1.1441321321823095
0.008051544207433304,0.009222633567807894,0.6900863985761047
0.0046809275745519074,0.002385865431792854,1.1781313697891695
0.006551565799405197,0.0030044886620901115,0.25360535345656676
0.001752522391064655,0.0031092558593364228,1.28917876514957
0.0009883661311078829,0.0030394570343194216,1.612433653445029
0.0020822461494987153,0.0006888416590779467,1.950760158407442
0.008629136835687145,0.0035241762495072516,1.7999448523241552
0.004586220925974529,0.005986502481186984,0.7576175359028235
0.0011331947318011482,0.0073687907970965095,0.8342721725969688
0.00855890997929766,0.009918306598881196,1.6441895176824501
0.005170739477707939,0.007222828231251983,1.4075744416816571
0.00949024706849139,0.005766183782552676,1.965160262172812
0.008339994648535333,0.005401559572439313,1.4617195626237416
0.005930073673521313,0.003803956759713243,1.1581626595930055
0.002171401072983955,0.002737862717241335,0.21231859691186405
0.0028908006647701922,0.003811993942411749,0.47973760730263915
0.002185647388204223,0.00691388672801073,1.9891725690601332
0.008172645683370058,0.009631572855965463,0.8135667047011667
0.003248862087103761,0.004754328684287064,0.850064973088758
0.0012834837053796466,0.0009206975850706545,1.137779211544594
0.0052821742203752785,0.005743099286294246,1.8608818302477743
0.0025759885287520755,0.004620742378643556,1.4644743130686286
0.00021824722465294322,0.0028933712257713795,1.2177734043258144
0.002588064677512799,0.003521831928068725,1.993669359574915
0.0021691961863894815,0.0015964868251505037,0.10870737670108947
0.0003378488463259777,0.0033091825574784873,1.8044927746727253
0.004821699304038347,0.0009622791169290912,0.9955333877481097
0.005217644387018652,0.008522004182497794,1.6703608985197071
0.004960538158087512,0.00565565742939038,0.8307187543588225
0.0022384518816627474,0.006968805327152359,0.8818810160809931
0.0033079631617503012,0.0027240496587982855,0.1937687451941225
0.0013570867843195656,0.0012713640253566394,1.6949808836815317
0.003402097038419958,0.0073055078710629814,0.42729151215802147
0.0037979675153915183,0.00865549126888778,0.9314023122032761
0.003310623854842196,0.009288407496519,2.002261365973791
0.0013630726678248006,0.0015525098531895243,0.362920150395196
0.0009321362025419034,0.00809449570553817,0.008089898359889524
0.007997157839915134,0.0011984598930231238,0.4759860574891473
0.009799066763038657,0.004476083127074759,0.04379496589090231
0.009042746891089042,0.0025991455699486245,0.9838093869784159
0.004212267913609841,0.004838733833778961,0.313858165254038
0.00927269630587555,0.0036561324839289957,1.6294635437791911
0.005973293137465631,0.0015992012030368297,0.9217225664474058
0.002745238522976441,0.0010359454728589134,1.0380059825098698
0.0008338255859419508,0.003432687189519267,1.783183721954271
0.0008774805284974496,0.0032879532225646548,0.039997129540643016
0.007652758176769623,0.0021208960095385554,1.9489488305195444
0.0034383005090131667,0.005733720776308084,0.624964273152301
0.0020835541084111542,0.005119037797114535,1.5939650681024264
0.00803930778194405,0.0017548863767607714,1.3316961576046773
0.006557908714219782,0.001406087164892762,0.7748693438224905
0.0006684330380090331,0.0038042896478812085,1.6422275114130738
0.00615287928469342,0.0011363105541514794,1.7912710454985872
0.003370611950637308,0.0021548449598019727,0.859388648962317
0.005822249975764708,0.003521210614628713,0.09917616726108842
0.0018156216989288754,0.0019894894322857602,0.4121732778865046
0.004273894074211814,0.003804995075550046,0.37604785422244286
0.006532373195622719,0.006188227565852169,1.0807317299698882
0.0011926027958608066,0.009262141211355634,1.7149583946297764
0.004822413878063559,0.00919736021365848,0.6173837527537308
0.0007651675705605943,0.008566259372108897,1.678332342614123
0.005632282737077638,0.0014353783496801665,0.38919385301448467
0.002601052425233936,0.0010916983216715194,1.2643110632730457
0.00975632092622501,0.0008521138472090417,0.008347593226107905
0.00736383393003759,0.0033339736157336586,1.265054119208308
0.0004579817753454074,0.007807332653200926,1.2111439710806262
0.007567352784484548,0.006420029751331436,0.7226585282118712
0.007910415324113679,0.0027737278191401673,0.5598417384559504
0.00349655187667256,0.0016518390045405019,0.8787384545640217
0.000782418682637005,0.006739169761922343,0.17766059659033118
0.0021065826368480943,0.009033326244141156,0.7148335492073924
0.009396712181906575,0.005706493466415468,0.0947113568568017
0.007406532564949933,0.008649825553277575,0.4507714118437478
0.003660928698875191,0.000802279377441587,1.2295052958769466
0.005094245980337171,0.0006862248568822194,1.6315055869341115
0.008116486378059565,0.0035235592419342954,0.9175867710430926
0.008534090357391569,0.004657817942216634,1.8665349567509375
0.004102729960301592,0.0034888798350398297,1.3799067740157236
0.005240657552162027,0.00914008934093638,0.761921169866968
0.0011020540869005801,0.007443289699376207,1.647849774235526
0.00995807190342501,0.007652139726207448,1.555613127271419
0.00842030142468174,0.007578124113828143,1.0094437491169215
0.005675692760992267,0.006382657199541075,0.47044429734730875
0.005022050411236263,0.00040130298471806157,0.7873888207737915
0.008995619751158786,0.0030170489897541762,1.0486755234427003
0.004868325922162381,0.001684381733894641,0.6110834957332346
0.0004911983157972411,0.003522354996145244,1.6900031085484843
0.0026529817740339945,0.00057947934293756,0.6544691606458499
0.0057109789922227166,0.009900121650442578,1.8950928144060533
0.007948856498339683,0.009384547357502245,1.1591293627693575
0.003047902369534904,0.00024825755643746673,0.11577447445935182
0.00728530815174614,0.0012463159662053525,0.26510823342692136
0.0017069128742567285,0.009378134522385468,0.43564991582784207
0.0025194694900488226,0.00524786934670039,1.952163937868958
0.0015915786162581825,0.004644528962199765,0.4694040586278521
0.009872572101381507,0.00033338252426700965,0.9570129349049273
0.0018882254069277093,0.00429006694492729,2.031130472740319
0.006331780255624914,0.007745896536821201,1.574863462490832
0.006657762239005116,0.003725387706015203,1.3422285204258169
0.0016501715681375827,0.005036891191339686,1.932921146584837
0.003599349806885466,0.0035582730669194776,0.38605944704320766
0.0005072869184217932,0.007449765965966547,0.08631226601102666
0.006934845431638328,0.009464916574258457,1.1531379367589785
0.0091572375544915,0.0014159970408440348,1.521559947031582
0.006561363551673437,0.009293590844954007,0.1821746359339871
0.004575192550839239,0.007684704911700928,1.629753522104801
0.0022017171780905455,0.002317721409870018,1.3559844104941243
0.00970527802528289,0.0020745387363758096,0.9719774643640873
0.004659290250368441,0.009509023864867596,0.3616853170104457
0.0003768059368205967,0.008813195092934805,1.8750651927865973
0.009156691664248743,0.004694638858734486,0.8268895547395795
0.008844729194501598,0.005252415401488094,1.7083156412470897
0.002109972207488514,0.007703524790257658,1.5494962451558665
0.007160213282559847,0.0019641132469887866,0.9675183788502192
0.0001075135500790736,0.007582467314869254,0.35518807718452144
0.0069488730647478715,0.002731038287430687,0.4438248746528156
0.006327337757130762,0.0010872778465011313,1.6615213378615812
0.0004512618534739987,0.0007410624264950039,0.6849659358723865
0.009233321155262713,0.004541449890388005,0.5079699213797159
0.0013902017560593672,0.007773489489237675,0.49608339805009594
0.0036479489724966954,0.00908619029658436,0.7795342332457004
0.0016930192198532812,0.008844469642715229,1.769997991373266
0.005592626164807953,0.005764604406907644,1.081459104465789
0.005936264651872876,0.003470991244299331,1.1247117599892347
0.0021531805151064442,0.0009857562313636736,1.0838243389139415
0.00024732110940440475,0.0038164103030355768,0.054942985969277
0.009196750619699197,0.0038529928648616874,0.7889113315515409
0.0043064029448066235,0.0026117960633771165,1.467173634130591
0.002258156626937271,0.005487749208463396,1.0910054301497654
0.0012810173505524592,0.0049111369768431255,1.269402337856562
0.0018360890183598767,0.001463987243461492,0.8280074837590455
0.0003505687791414425,0.003969823813791642,0.6320768582944047
0.0004134138760373396,0.0011453285985320483,0.9037468494596759
0.0046562534305198645,0.004380490559068215,1.7234061599880648
0.007111459726672352,0.006462237688913607,0.5415579399935243
0.0014571581124873856,0.008460122746355735,0.38341826454890177
0.0061595322040902106,0.002739405851643083,1.4974596854276685
0.004649788927616284,0.005079320880896059,0.7216754262349881
0.0055186524095837,0.0030334023526513688,1.2600295720846455
0.0036733504411517893,0.008449411307284634,1.8072885208681877
0.002945324692671243,0.0037414031829227047,1.614953732859432
0.005853922853351804,0.008510156248118931,1.0578779687927407
0.006321977101658996,0.007080975976805963,1.579675037675235
0.009458402690258293,0.00636583819749699,0.27066897015039226
0.003654464770113596,0.0021794826184866347,0.46840360097632533
0.0076151966770842015,0.006259743808027007,0.5174389649192082
0.0004246797797768687,0.00983324883660585,1.0640155000031097
0.003103900287023745,0.0017475708225759591,1.5668796360813102
0.002571432260603818,0.005443053819621077,0.8240036718903212
0.0005179354007619174,0.005208170668912833,1.1247439431250896
0.001005553736978161,0.0037758356607034784,0.42406293248617477
0.006613090897918021,0.008894790100072315,1.4924714455234154
0.0028296071636478614,0.009703291366616141,1.638486051234232
0.007707652444238977,0.00964399607209959,1.0205417795416953
0.008991867865897485,0.004137853839527619,0.30852637002872907
0.0042326713759044485,0.0023668624841581033,0.44208329689308357
0.002525571903686642,0.009567129576290596,1.9786192231439057
0.009190940277468676,0.0012736682176885882,0.15004537383943414
0.008532448787504258,0.0056407548646976845,0.48952144746598875
0.004332086043303303,0.007150430657524513,0.4918432656110083
0.00806369501971707,0.0030703185963047008,0.954820578159823
0.003110647123741874,0.00727281592847982,1.39858952176809
0.0020812761586231476,0.008963201787132861,0.9752783111334967
0.0026897052591911587,0.002643161199914801,0.11182197957029114
0.009206956283679466,0.007110838134849322,0.5707093383169091
0.0005749653369646002,0.0017751262613267937,1.9438238746652055
0.009674697023621167,0.009861839965964849,0.6983710543670875
0.009004855076048637,0.007273209193678124,2.0350248197260767
0.007089002942156792,0.008626586485105467,0.6390809741366608
0.008588283504192131,0.0038833192690931073,0.46171145961647836
0.003383308196770449,0.004394314878424077,1.8284345351203604
0.004670004538385952,0.007134968443751451,1.4571974924542574
0.0010999293982090796,0.003268927768029412,1.5437952332728757
0.0062524705295656895,0.0010260320313768246,0.23524506819151625
0.007972116398904334,0.0012189296606297197,0.16959730899270636
0.006599678632819667,0.0010212491755169318,1.4043026198086608
0.0035328162609480586,0.005905948216388665,0.4254218680454929
0.0025777632663218,0.001167813632522653,1.9792565829862894
0.003003101037228316,0.0036370202265187147,1.8062112825576662
0.0017982208220740405,0.0064840085853460575,0.24205100302139104
0.005612030087816199,0.007638745785684435,0.9175410479741727
0.0023110715111021307,0.00347332284764555,1.9858634161917645
0.0024164910601158097,0.002469600173091734,1.2511001879703965
0.003516828867789411,0.003754682222980841,1.7142077763622712
0.007212754809473746,0.005933911965646153,1.3523694344866657
0.007134760960346653,0.005779576267052615,1.6024445582262146
0.0006036056709258275,0.0010993516394921677,2.005533734798218
0.0005804868642385019,0.009839725525887941,0.2536521983343672
0.008180419315651997,0.0016672894838820906,1.9284682304672967
0.0037872754229741515,0.00921903911605219,0.4119873174445746
0.00239214287094911,0.005282907875684599,1.9658322621115782
0.00971522012760832,0.0011610070539065077,1.3630143753994775
0.00042911308622790465,0.0015005460612998612,1.3742459038741632
0.001985554364842197,0.004534731841945491,1.7393464050839758
0.004739669266406576,0.006164129567164453,1.9180993197732616
0.008495121051642464,0.0036966180007390703,0.02512131382888788
0.006933563187657368,0.0042205152758318714,2.0502293003684553
0.00885827583549708,0.001901244854180979,0.6886344175555433
0.0031563426618617385,0.006762881284963333,0.5869128204658096
0.003005984613377649,0.00449361760979636,1.0541593390301482
0.003987519578130383,0.0005444364289676063,1.5132651823409284
0.002168112611810503,0.0009969451157394848,1.7377410065181886
0.008571248378388885,0.009811742690417229,1.0805085138093744
0.0027101382970121934,0.0052140198055384305,1.1578580950353576
0.006481535952671802,0.0022929298560229383,1.8807258705917913
0.0020328531234389837,0.009962986418928978,1.0072030299205421
0.00038597380520476675,0.004992998719392872,0.31527890771559686
0.0012812167444616108,0.00485350919580788,0.9765647227590012
0.0028555560958261573,0.0072874179339137484,0.8063706373220189
0.005518850297606546,0.003700006688108718,1.5961089197189124
0.0013358837478224539,0.005742113921562526,1.0860047453336874
0.0008116286963645614,0.002489561454416581,0.8057180127460439
0.008944188634821777,0.0052093188906931175,1.290345077298641
0.005466408768442296,0.005007601396889987,1.64399488983251
0.005077866357291434,0.009697254868907318,1.1151240620995595
0.005556851667858539,0.006231058229367564,0.8338970544051473
0.006524263032861534,0.0055665389401379104,0.7426855187591354
0.0022793086416499986,0.00663790016439736,1.785155499432279
0.001895251788147816,0.00865780850528029,0.7250940330423548
0.002575477145382661,0.0075511940179827965,0.7511423734678845
0.0012996395475946643,0.0020308460142173545,0.9923410446587495
0.00440100039131579,0.004481633891567732,0.2912780141722259
0.00232691458414372,0.009049955984610262,1.0268837079365831
0.00954279419542236,0.0040700846783416145,1.7981418805041507
0.004036692155193605,0.004831138813492421,0.844048857603073
0.0036580145819684828,0.0013083992828461122,0.6654042253851299
0.0037232712721706573,0.0033362901873568887,1.332315502519576
0.005987066693922893,0.008396024485489517,1.6321108841224188
0.005720222313289414,0.004456032430933925,1.1470586072712043
0.0030025283300161645,0.00435483783342708,0.8980059431438914
0.0043797605750886225,0.003936303862631909,0.5136162629657657
0.008810832571358552,0.009936095344440697,0.645474988988006
0.0007040070459684367,0.002753354238896517,0.09309978991331976
0.0022301511595528333,0.008663651767620099,1.7812559361886628
0.00490561471484139,0.009504663657824462,1.6649915605782917
0.005528889424438764,0.00885415826318005,1.1309599777913637
0.0028746611292179225,0.004510567819127702,0.5096367839805112
0.005352140231808185,0.0008982130937769361,0.7156715161893259
0.0024972430322287996,0.006894610199638078,1.6859216839206128
0.00893080186526197,0.004202544234680637,1.8807631885177434
0.007746080805021692,0.007448617225296384,0.41414800473927466
0.0018538629890313507,0.006879522253487487,1.269069524564247
0.004232694844110957,0.008973435723968469,1.7418523059644864
0.0007617498003306866,0.00775605863608148,1.6795114249106973
0.0031595276732306376,0.002044391718450167,1.9418852243078248
0.005751966818142983,0.000689132997600721,2.041297750568626
0.002852011740870545,0.0007172404214895611,0.326846688796961
0.005867610665590514,0.004907142387889263,0.06687682836069841
0.005196126479398315,0.0022174125189399706,1.3436171776083126
0.00890555143189303,0.006019094463155096,1.5470010229455602
0.005642584267865387,0.0077559040582662235,1.647089680874212
0.0001309821311493664,0.004593835151100448,0.31415418876655676
0.00031658442345156246,0.006064871675721394,1.6378392690913173
0.0032787307178277327,0.00733866310105262,0.8202868836966594
0.005010749421189186,0.008625508948970682,0.19655241868588433
0.0008832749203895818,0.006752223129132038,0.28170294709907107
0.005192714190077357,0.006067919775303762,1.7927151579810374
0.004582569868006662,0.003461776945865622,1.918722998514238
0.0074659512275400035,0.002056919669767141,0.07889777176306387
0.004434712414661257,0.007575000017046037,1.7213021693388684
0.002680473810687174,0.003620959654368552,1.4445912393216809
0.0038729487044981492,0.006948417551138877,0.35399567137614374
0.0018273860763090366,0.0037656811916870346,1.583090097558238
0.00811188583188936,0.005757339648507201,0.11945862470212833
0.0024671888230627294,0.005972442120466679,0.39474603983065576
0.009400531219304535,0.005745293395578765,0.9333464510835634
0.007379303107831193,0.008408035549697813,0.29851374597419217
0.0013366863655180472,0.0027869714065910855,0.6179331170951625
0.009486058129472105,0.0019017855619125736,0.6233153550700942
0.001313791526796231,0.0020230858831487186,0.6309799663202448
0.005810156698100418,0.001261993168452238,0.681440196750723
0.003145184101167512,0.007965639717343381,0.4243765083553062
0.005354363507629832,0.005556720435973122,0.2466789865116838
0.0014694669246879044,0.0034062117127835623,0.09556989091817804
0.00470143584867043,0.002523474374333243,0.13789921331503385
0.0027412481416263434,0.005644522414682568,1.4014127659589724
0.0036142974688559548,0.0038563449536010387,1.6230189835589983
0.0023881093370781603,0.005177942438405629,1.734371604789958
0.0025249547992193247,0.002977431817244356,1.2955217811738509
0.0015081981810491686,0.008331741751968089,1.8735211813858705
0.008956963294803857,0.0005388130407402548,0.1694122938461151
0.0032091798037770583,0.00039378772145737376,0.8916835004069718
0.009381329463111125,0.0008988892305953544,0.5032735807867211
0.006109674888303491,0.0012465571658402286,1.2520247225256418
0.0030888622195776793,0.00917142595343508,1.590215012120076
0.003215478360659788,0.0012353163247903333,0.510027155424845
0.009290165528899021,0.0060177891594622715,1.8527597519483903
0.006510380941308454,0.007630304439683781,2.0108726170665037
0.0041082687116797915,0.009369587413009863,1.5111487771146521
0.008994026763859247,0.008201523301789297,0.663484213183868
0.003950883789761772,0.005184203860515688,0.23551828824122295
0.0015446761372453232,0.0065394854125738556,1.9627633343640214
0.009557108090587985,0.0020996878472764793,0.0821601890018789
0.0010889495707672692,0.007792223946450606,0.8724276695171512
0.004166312840431369,0.001967278346446876,1.6077912927430649
2.6409855033255882e-05,0.005263113460735401,1.5277585091864527
0.0011322466649451835,0.004450790378516922,1.197180262153989
0.006360108436708512,0.00429192801956916,1.5082431805120002
0.004801460015157447,0.00690414971971411,1.5067704695567252
0.0038470674853127084,0.0032117711427132145,0.21376696051665137
0.009653772788549737,0.0011546204810667581,1.340701717365996
0.009749609408902632,0.004916577273444126,1.3923087704524486
0.008800241779843274,0.00468034105467846,0.05537010373337501
0.005592025483950926,0.008839317008653022,0.7824567291679942
0.007079605638381821,0.00801208812661952,1.0756492982190298
0.009087904301552428,0.008825411178521208,1.582315844672651
0.007474472691711582,0.0002539566307481322,1.8022618266768569
0.000893616889095934,0.0035281515433511004,1.3623931421523898
0.009160307776238727,0.002906727600523442,0.23906757816852142
0.003332433240153314,0.008067289405229923,0.06482632859193238
0.0029528398708176863,0.001865242229707138,0.10281880223257829
0.003056387651543118,0.007207969429821191,1.1135771459082988
0.0034040877218130695,0.008383487532251564,0.37659700009784486
0.004339118235127136,0.0032236306124210855,1.9857211782611124
0.005695937980199242,0.006223867409879545,1.081575333843673
0.00850438475832693,0.006030423885249186,1.8840038841320903
0.0006423003295869023,0.0017613020763766662,0.8057770642499129
0.003986633839787003,0.0023918950704486497,1.4940984304348703
0.00021925903026969064,0.005211575355566018,1.1581677758154607
0.007453941035158366,0.0008827372906995201,2.0512461930558787
0.002137866776330758,0.009179994392125945,1.6162928985566571
0.002367588036543675,0.002974447734394109,0.2068931592009569
0.0036780380430203917,0.002592880512419855,1.1534822910632225
0.004176717876495275,0.008071807578513309,1.5001476008390873
0.008873493977654055,0.00819337117449623,0.19701198319124943
0.0005489795570386246,0.009357088561644774,1.2346110128128776
0.0073360484318808,0.003486539128133791,1.713700675884983
0.006704553494989252,0.006806956543762145,1.637529386656214
0.003717345626252451,0.008903001704443322,1.0130803630708711
0.002376721129997501,0.002836864504408234,1.6107972392785346
0.00798727299810145,0.009729501298302943,1.76085706956207
0.0023889172050019546,0.004160937134977163,1.7643508335397895
0.008698887210976282,0.0053342647675157576,1.1437869866241603
0.004669013454144256,0.0001136195307098209,1.7599530675551325
0.009507416144176812,0.00030125677962514197,1.3160218384972078
0.00733608323718565,0.005464363997971299,1.3246860104457983
0.004856422607220547,0.009170851892297858,0.1562150699101399
0.009822398113338666,0.001249095723687208,1.816773359552085
0.0005860952354477978,0.009630616758036793,2.031142528648239
0.0025729389033682672,0.007872947914123202,1.9902508638013332
0.007312580384402945,0.006960384652123202,1.8480554671128184
0.0012047041525174995,0.00711340261821468,1.952016509858685
0.00486693346968406,0.005149311289096319,1.4375322351456887
0.00783825269902133,0.0003201415235290006,0.6385416862790769
0.00492682193292381,0.009849008616438316,1.2141241033818302
0.007863140919635928,0.0060013663755199955,1.9420206161047797
0.002557653710472534,0.002378802990313873,0.5855742749495956
0.0006782872646404514,0.00809776929807207,0.8567660103518966
0.006473735718758492,0.0020106582482530668,1.0168525369094366
0.004829972321990389,0.0006465903005470975,1.591999455575118
0.007207920906027066,0.008077762787621854,1.5477739476037122
0.008791742419757703,0.005593153689094841,1.8604766961949348
0.0020432564320816238,0.0036983274541849344,0.7134471968395056
0.008174701267144504,0.0003936389724686418,0.9472127774037865
0.008095457268428322,0.0002866795921564525,1.7147208532801876
0.00975074245810304,0.006448757690978829,1.1094682423189728
0.00423541404319982,0.0027886124150140134,1.0803167555734048
0.003981588053231586,0.0011306081976261617,0.10071786589829841
0.0036963259732138366,0.003487854321947217,0.4720941393447317
0.008885142540966512,0.002712052557978941,1.0687585029424236
0.002302741639808207,0.0020941277712212447,1.0283992426401567
0.00430642897228795,0.005066407731198754,1.392088651484742
0.002215573542098961,0.0025800935718587794,0.2237137129649181
0.008236523328803442,0.003434021923025613,0.8359359556607187
0.008273069025207065,0.0013844239062781683,0.15587326868410867
0.0001468165085562856,0.005782032658108955,0.7101616811879369
0.0061749330659853045,0.007952205680829893,1.3721493648638066
0.0013145051759441107,0.009377535815192677,0.3399621970942088
0.009745073064112146,0.006266271483774458,1.1210150961642646
0.006454349735105344,0.009028565444088905,1.5867701870826816
0.0021226985426103695,0.007349600589006918,1.80827274697836
0.008699455663466417,0.004076495568535651,0.12961468504221105
0.001862185469926726,0.002815795030092153,1.4634225728763626
0.0011009701979039267,0.0042811536815501,0.6342790322816554
0.003045236882107837,0.008956762598620122,1.4199053638166936
0.006624145993385355,0.004711164938292468,2.029072910529125
0.002570403379203552,0.006343810767767342,1.5779915790877674
0.0027511796580088677,0.00421542815051077,1.6117204521060682
0.007028907593640014,0.0007356909387248889,1.95293026926069
0.003612064092484805,0.008694864324585147,0.27333392951244845
0.007449778125335326,0.005727453129529959,1.8543261650951655
0.007896881731530863,0.0014548355113212187,1.2590831326909002
0.00011469381684129254,0.002617909678297745,0.06455843728543895
0.003407063084527169,0.004712728503975114,0.05030351815697842
0.007071863479508503,0.006875883305811034,0.4477816552289204
0.007820928475977878,0.004816308353341561,0.05170209529289168
0.0014495916819811095,0.008955050286292801,0.9384040395265927
0.007910920164093156,0.00343628818397575,0.1807057897131475
0.0020589708032900922,0.009017654721357515,0.5189389498934526
0.002778350522125559,0.009109031138671004,0.1375023881302072
0.005280586363124728,0.002399633403257787,0.5629066976410712
0.0025399047559562815,0.006010432075440381,1.469070699379147
0.0025236440588728972,0.0036126814833259127,1.9419121231622598
0.006556527839545382,0.002399865355195996,1.9539340902941704
0.00997539800915284,0.0023179935676514007,0.6873106151320688
0.002365374655861603,0.009686375206558195,0.1526245250990254
0.004081025456933742,0.006400773795463772,0.8069252956886708
0.0077461630715142055,0.0034620131817385304,0.3750031534703952
0.00996993672109958,0.005101413462765988,0.6014842016650719
0.0020493862602507283,0.009484543825932348,0.8782400228810543
0.0050426625827042874,0.00966144797458822,1.6245816876248336
0.004466058607611147,0.0012383429104499656,0.5934856037142733
0.0008429619647111941,0.009328738985564258,1.4438066130432397
0.009710946329780095,0.005771463823934751,1.7475176404960353
0.0008308295074170435,0.00861803771344872,1.574439828996081
0.0017817543912464452,0.002260746330398744,0.4078240425416446
0.0004694464499092055,0.004785400499542875,0.20749023124313654
0.007144070339961453,0.007626116041484576,0.27949361381174864
0.0029131135721630263,0.001240902607225286,0.02632794979809149
0.0013372422018808018,0.0035658438112976987,1.25238513317878
0.006122608288966399,0.004785772376228465,1.0909623695531265
0.0003900397736794725,0.004414260422204136,0.6292265124106082
0.006543457483994034,0.000776774128267499,0.43341640578357754
0.0038156120511417826,0.0006154320661864909,0.2383664762019273
0.0010211957271658734,0.006148271853472863,1.793781203138122
0.003417572822771071,0.0019323451923875822,0.9861559125383309
0.0010780308618670187,0.0010799840427729113,0.8589048595690992
0.0017133681416000358,0.006651852321359687,0.06989718459127807
0.0017100455166599905,0.009068056707054946,0.5839744980077259
0.004638618155345068,0.0017143509170093262,0.6504874612786915
0.006282823907721433,0.0026835681414218516,0.3585823877796625
0.005278922292061484,0.006509934415347099,1.8545159418153108
0.004448567904117586,0.000997486012509029,0.5576843993984136
0.007104756979314082,0.00030225715928341334,1.828447715288919
0.003117077611407101,0.008550839995598867,0.5154958722687745
0.00829403109891705,0.00409306959916523,1.1931329382851188
0.004850458048022846,0.003120202701805903,0.5932009943608693
0.0007057037980958702,0.0027791499282904496,0.7681486506438646
0.0005370106758637716,0.00794443161847207,0.5828150015146717
0.0034290153349460363,0.0009003726141501711,1.0277377652700528
0.009650402420949817,0.009213271043206621,1.9523359074295021
0.008162525131412529,0.00037932667907822126,1.3888927029962506
0.0033961095511988284,0.009200122004579068,0.8920578216443121
0.00847592659910772,0.009279555641410956,1.837656871626422
0.0001965337027060854,0.006596227769256139,1.0778955624515372
0.005550729962607911,0.004645559744410551,1.7521726247929803
0.009604717420408793,0.003159063202880763,1.9639997357054408
0.0019145500356573676,0.009794502419664319,0.6822757601824381
0.000220308946965867,0.0065745786190708234,0.3843638328769832
0.0014112386029178038,0.008206206312391528,0.7370022401845532
0.0020922298844588596,0.00029999727721373936,1.9021963140737699
0.006856918291817392,0.009849306524898826,1.5548255973823697
0.008354158680483234,0.00794319044875061,1.5093543951821191
0.0022369006093098066,0.006277116305994378,1.4851339466958644
0.005792617054737957,0.004559795505635682,1.6879686188074852
0.004990812550022813,0.004361284239455393,1.8187895276347594
0.009775756417652255,0.0003475391534358863,0.27892013816786976
0.006582488683297764,0.0053357361554728705,1.7028151886013416
0.007068606947395849,0.009002735769605195,0.23553738303033195
0.0016373868866134322,0.009465672347658821,1.0987125240383946
0.007065079447864761,0.001837963290599658,0.9518845568408913
0.006894404217973421,0.006973641950699906,0.962890179454511
0.00519898098215821,0.006481838100173373,1.3904507529982735
0.0017491921525872557,0.0024183368836950547,1.8807165683883726
0.005868073268506083,0.00602908904926878,1.2364910959624094
0.0007031027980870076,0.004727156360727547,1.8975537779317722
0.004920462674627821,0.0022642036600560088,2.0032863014021056
0.009100312716990362,0.004769684017913074,0.3507699165866397
0.008063811021451553,0.0007105929527057997,0.9630312809725
0.0063185911778934865,0.008465937421177938,0.15445437814520585
0.0007757975954014273,0.0021087026108430828,1.63565044111727
0.0009366842743155768,0.00522909887923965,1.441485915389535
0.006713374280465744,0.006183808376477406,0.9187585192016027
0.006958819623019311,0.0014281304537235207,0.7092455172075849
0.0025782261002584915,0.0049633958565323604,0.7846762389291881
0.0010287964601361022,0.004419744990276895,1.9251700625367874
0.007726991846479371,0.00989493784320524,0.25374036752179213
0.008334343205916653,0.00619371716760874,0.5462129192135916
0.005124591043956823,0.007223740199510298,0.7671066474472618
0.009267674859975058,0.006960576380304998,1.8431529990906723
0.0037066887628425995,0.006461568625839665,1.680344818196831
0.008321300770807246,0.0044461955868325695,1.1079730658860354
0.006195549692160907,0.00944223278441528,0.18473345936674632
0.00015318204141244297,0.0038369824764997507,0.5239988320076295
0.0071580980086939396,0.009679431628095697,0.23816599373315664
0.0010521379889497041,0.005591990916684252,1.1878192646292993
0.0068606970016414125,0.0022950030529671505,1.007989431321491
0.008246215074681597,0.007458402241371982,0.5224187625472826
0.005286117434673832,0.0003518463082726786,1.5931982731494616
0.006793621809934312,0.009527450638345827,1.7631626511650036
0.009845241658609732,0.001043093104215146,0.4564464235480408
0.0010944293804735006,0.0035018016994479663,1.1726624883049495
0.006525543892202197,0.006279326800099812,0.39845397871210125
0.005459308647869266,0.0024099572412415162,0.3554609550391245
0.0008419224292846017,0.0037730003468628482,0.29235667079733896
0.00704715029551488,0.0026556384514340183,0.3216869351560759
0.00617483636513063,0.0016688369262250879,0.7462376402190922
0.0070252145219564625,0.007426047991560326,1.4647472147538985
0.002232111531118507,0.0038715496202215184,1.1655191937775757
0.004749186035275732,0.0035354307074614744,0.450770098442452
0.007418398281567293,0.008392227486007696,0.572978108141166
0.001311239531457259,0.0009721162487218393,0.4012121893917232
0.0010645532542528091,0.0028777526338860725,2.050049914641534
0.003512457481289211,0.006035715542722281,0.10839574603591921
0.00046447066725720297,0.006985197951232649,0.42773611348279195
0.00747847509065667,0.004778998534120282,0.25149683052936833
0.002669107481617159,0.0014160890630282453,0.22390915698176614
0.009999266473764045,0.00231188112719506,1.3155763900587154
0.003839704020587832,0.005912455647559668,1.481616200831764
0.0034572938418812003,0.004934190403255543,1.1035336710866994
0.0037333304896731245,0.0017689295545036676,0.7749552576817731
0.006337653118094687,0.0025361134228195437,1.0644719838588164
0.0025725510882580595,0.005301909735175952,1.1477744730102049
0.0072573093257083075,0.00013330016498159126,1.8200819467167226
0.004836644655269094,0.00196574389311829,1.780409746039461
0.0036389386919854286,0.008538891682688425,1.5140879398357832
0.005793941363492641,0.0003889141732310342,0.6968108056203164
0.00843793637603946,0.00963431645153891,1.955011049242316
0.004644573914770204,0.004335134334295898,0.6108837041322018
0.0046534771268300626,0.005703713803885423,1.0108303063402173
0.00864485141824804,0.007398341141599647,1.5184241364029345
0.006319235658884095,0.0056357708880450256,1.4184830568058318
0.004351550679301893,0.009509891647810118,1.9388224717774107
0.009316580997760865,0.0023691319111222298,1.1839801525318916
0.006740844048462932,0.0042834253171783075,0.6182463119936754
0.0021508753449054397,0.009549963771047618,1.3967937512626785
0.002636693074208214,0.002448935059275955,1.3931834358878972
0.005195168737821342,0.0077851549873710225,0.18327949436901447
0.004914238490965394,0.0071328098664350395,0.470690620933345
0.002873730807958801,0.0058818058116640185,1.3806252073978686
0.006134273176911433,0.0010590546297227054,1.2365932133692565
0.0038086332887335584,0.0006516823082865086,1.1024545062078988
0.004067567884620446,0.00720697906476862,0.8842276377138355
0.0034340426673730795,0.0023157596719016425,0.26520763904991335
0.004661858221164523,0.001220061564689229,1.207400052600195
0.0013951426362814423,0.009741183233948607,0.10405625171308931
0.007993434013829076,0.0011311205751559383,0.6438503653759964
0.009274957975765743,0.0015518479339357593,1.7154855000653362
0.004924463738814083,0.002326999314763483,1.7417040829831913
0.0011366994028280974,0.008637799035769512,1.3976469329831207
0.003610525670489092,0.0036854737668594864,0.7105010786454106
0.00969096541973399,0.007931360298360076,1.7415547243112202
0.0007203917669269866,0.001442155091626115,1.3538805412135222
0.0026570901587221643,0.00603902028340821,1.9382937159713673
0.0029473867292965574,0.004586714913047359,0.24098833332399436
0.0026521698156183305,0.0040441149927622835,1.7838536192644747
0.006549562278498368,0.005148007608096635,1.888995415558969
0.00271993493414503,0.004491565251206749,0.4827475047298178
0.001272628176662679,0.00855845418627185,0.8882622792955688
0.008045449359480223,0.00868183504522241,1.8436853046409454
0.005983817628507752,0.0038085789960715212,0.9622990638026654
0.003159792712929058,0.004054592785964431,0.704441490381078
0.00563258175641327,0.00624056166561181,1.0224605956919306
0.0019110767697889408,0.004678244679534618,0.10903487966251027
0.00852753213211142,0.00728728138338561,1.409516060935722
0.0067322673956728045,0.000598474867576192,0.2653781978196618
0.003796453827853198,0.009568612957444872,2.047004821562608
0.008053662618202869,0.00808185815260716,1.220462723346618
0.0006059334002592831,0.0008738394715209197,0.9711201134616116
0.0028919119713307294,0.000973084859461828,0.8071572545348046
0.00463817049985102,0.008371302931670264,0.4135706799644151
0.003528961009988342,0.0023821995679401144,0.16646608879115313
0.008444942059376005,0.004044110330375979,1.312923022879043
0.006600917543636939,0.0032526404353132223,0.19878947613705303
0.0031194521234335936,0.002700548566517538,0.8150760055618591
0.007070705696796973,0.0005011586780194443,0.6413721476386117
0.007337794023877262,0.0009669235189286996,1.4648677686208018
0.002838048254647315,0.00757503630737686,0.9478015015305946
0.002229551205752203,0.006322029779892094,0.8949856317848909
0.008151148220364971,0.0031237797589200047,1.6030132030450408
0.008904729257381233,0.00967671344688564,2.0184535232781298
0.0036105588467785967,0.005671482634209302,1.5408630994484125
0.0011869667993470723,0.0003372986628279495,1.8591212306405835
0.009963031155255668,0.0010876328635382982,0.700891940000138
0.0056515195032774725,0.004230154348255925,1.7291527833809999
0.006299576217151509,0.006177678750740665,1.7821013616351695
0.0021182842305875983,0.007497059009215835,0.21598782885455725
0.004390331650375893,0.00668350514534718,1.5633010185065852
0.004298531623678579,0.0031127948541603413,1.469997324126895
0.004121892567796369,0.00447393008131686,1.7694092964356736
0.005390278772213561,0.0038632078360022804,1.8416901508157557
0.005402350341312823,0.004287280237870748,1.9908334487338286
0.0018800529591548498,0.001190476680785928,0.7342337941812516
0.0017447957857731568,0.0077782390647453846,1.5032716543822855
0.0004456485829801149,0.0029576318263814594,0.6138011423703152
0.001682692797616371,0.0069785897296818404,1.138304849922715
0.00041097024743609546,0.00869432290642914,0.7352304397890778
0.00033211890857296367,0.0027745828260484153,1.7303640468421995
0.0046045855569544995,0.004595862007122284,0.07482854301936946
0.008883285133355344,0.008343097576773328,1.0944539559542172
0.008962247064977202,0.001273699289205531,1.9674775205438901
0.0034005991699703367,0.001482329809355092,0.10773795320633778
0.009415088899336854,0.009766227758692908,1.7795936419932477
0.00017357883876291226,0.0016541109151233036,1.4851184918768754
0.0052196588065637275,0.0053725403106578045,0.5729822126889478
0.009112144868737316,0.008040121092085174,1.1178635508555845
0.004899356926277421,0.005064212269537221,1.153505602421673
0.008911410571271088,0.0027065198430161887,0.6340254469241764
0.0021245829582469265,0.00042227506718396255,0.8281740566182688
0.008362195797784746,0.0038008816602088293,1.2821655350472565
0.002415266156680558,0.0011045588090935466,2.007966209300838
0.005315028762451561,0.0010043542726915111,2.0082150015970197
0.007211571463684371,0.003966370640888539,1.1946392519049032
0.0006321715790058347,0.003877214812530291,1.6159462862944811
0.0013770703859275867,0.002537888619371651,1.6720264177536286
0.0034242480930086207,0.009248501366986113,1.5456182666511988
0.009038765628466276,0.0020675469487143583,0.9196208318753696
0.0007305355722771912,0.009750730399621313,1.6910148955585125
0.009003055448638638,0.0057265082079007825,0.965808867437563
0.009292516653591022,0.0049258297087888024,1.2910970141183633
0.00378703752420123,0.00896523185772785,1.1095347500370205
0.0012779439593255193,1.2913115977696288e-05,1.7071960818618412
0.004433567564735661,0.0013948130734757558,1.7568346536263977
0.004739250864068024,0.0012435673173070805,1.3490676340102288
0.00953830599687401,0.007964166101148971,1.023294013944114
0.0074254069416253825,0.0029443750380120917,0.9411588223643733
0.003172459066215706,0.0005844924017429465,1.2818216081558098
0.005631999273112381,0.004691881373957448,0.6658826636536103
0.007855990105544499,0.006224646971941306,1.0447988213549821
0.008790526353295806,0.008147858533400056,0.11481069429224493
0.001461289857784711,0.00823599067106039,1.2042435635233129
0.009772196990330738,0.005618217593311311,1.0686039322735224
0.0011288133483623054,0.0027668217851674506,0.18040090471848333
0.0035520110432355036,0.007078271878403415,0.4222816536690564
0.005589204908692778,0.00530207938022085,1.9717631311384602
0.009913702534447118,0.004342400639490608,1.051598065848786
0.008282650207635382,0.009862849738103013,0.2909364761518108
0.006368229550274665,0.0016094061831977192,0.5600795926166091
8.501175065512513e-05,0.008651687697239277,0.4333425250675103
0.00394684244572781,0.004161866600067463,1.1884675382493546
0.006891179549704117,0.003164514610961108,0.4305513088292857
0.0032833651133609156,0.007275404387819638,0.604299211865224
0.006238039822877429,0.003338759048355431,1.6918655670325757
0.0017165057177317233,0.007762968495854161,0.06505187761153942
0.0001983130867426053,0.0005832525987967574,1.0144487286964166
0.0008914979519398592,0.009544848604604033,1.92191270099382
0.008800043583725867,0.004639584463491332,1.608086334190204
0.00518088227836591,0.0097728611391505,1.4549593387107222
0.007664189775082887,0.008619591336659588,2.037632765641326
0.005794430813662594,0.003158637216152226,1.6465364717084865
9.889414806000696e-05,0.004834993571183898,1.233723844338415
0.009727022941854846,0.007154097289087574,1.1209732272609298
0.007482633641379652,0.0008504465588772536,0.0020110250563055644
0.0009572800590200015,0.004559540685266186,0.5331288142273172
0.006883699604015352,0.009484616838761591,1.8497110394782792
0.005583430528781504,0.0026912760958725957,1.5349922275941392
0.006246589508763107,0.0037559770207438894,0.897326523203169
0.0098132297359726,0.004060833070792841,1.5886878648363245
0.0059118538270005105,0.008677691636684982,0.46528931711781873
0.006836252908673056,0.0019327250065661473,1.2368693161198774
0.00147033341324609,0.005610779239592604,1.9354574105494518
0.008716528978195467,0.003417490231993875,1.521929128033192
0.0062007562678476815,0.0029119720703239516,1.3759901724241097
0.007103426202026616,0.0029061277023855613,1.7476788027271672
0.003226642407730369,0.008088522131800923,1.9284717827534197
0.009747879377210717,0.002359011741488387,0.6380839231622141
0.0025415101016791996,0.00955166023955737,1.096456954427137
0.006206101747331922,0.0019584783349437607,1.255251325098332
0.009391537515372826,0.00346619724739076,2.0114058925420215
0.0004087768692468952,0.009276178047401763,0.6381040817932103
0.006619825355484429,0.00866396094973182,1.2610238940768943
0.007002725253554878,0.004987460752004499,0.7197769155870662
0.006098443782454887,0.00962837165098692,1.1429159143529184
0.0010005572222305493,0.0027738510263800352,1.7708061427855097
0.00276094693252285,0.008577487117714638,0.7043977575898764
0.006095802860714856,0.008365931146437015,0.6308348137344643
0.008421247576528184,0.008842199261195368,0.6699973282648811
0.005001175478206133,0.008276353671383716,1.5238174069846766
0.0006988993570780044,0.007956950950732107,1.1792293879417681
0.003152238274295347,0.00746998322430663,1.5151025879098863
0.0022505850137124694,0.0016483506744833243,0.15812722366086443
0.0057670049102561865,0.004047147082180187,0.38069870239118164
0.00898525613940051,0.0005095113736159984,0.250832099056932
0.0037490441275320452,0.00532178601409946,0.6793306607168769
0.005170990136795569,0.0012372320842831653,0.2735796624711218
0.006966518141706947,0.0073601158928931825,1.1179888243865
0.007869935576229087,0.004629986356321763,1.474537130833703
0.00037076984672773205,0.0039179124118423085,0.5846014313234641
0.005580378963196664,0.0061135171467092886,1.8329058954233726
0.005861596116077903,0.0013756571190316736,1.7622474857042436
0.007379848843863587,0.008775479635037664,1.37708401918012
0.0005714973643929178,0.007070052370781798,0.3326325839191517
0.007677927577343955,0.001870102456531011,1.2925939973716736
0.005067929237069088,0.007881240128730935,1.7516945263476145
0.007950626158681416,0.006844560604605556,1.2479647039646657
0.0028593148884997355,0.005494198254642639,1.9003501789112842
0.002972379325908553,0.004794464530546356,0.047183955399020365
0.008390124563252456,0.0025579536660916237,1.0619036255211443
0.009812270756059853,0.004090685890330284,1.3057714565177698
0.008121546874071722,0.002514251898256531,1.1734339040431006
0.008658974871998371,0.00012412596291022204,0.7019766953104296
0.008558070351225598,0.006561288593841533,1.0560683631230385
0.009252133984674036,0.003063685204826817,1.1470796583066125
0.006058857030226957,0.007814703099496228,1.1818727078101097
0.0055103905539405675,0.006019426716774774,0.8968270775438147
0.0026823859901374627,0.005798251314075254,1.9213138089605746
0.0067442607592187774,0.0034618125658312407,0.8694728491528761
0.004476936942395327,0.00864777503743774,1.4603238149601052
0.0032013571073979796,0.006765079752862026,1.9585366939820636
0.006348271147169708,0.0046905706272562025,0.7091679042728685
0.005980845989314317,0.0036213019895793663,1.3990106662537403
0.004044280587279112,0.004616571174531634,0.2959854484246176
0.004664879131106592,0.003386792446291134,0.743883038743011
0.00353885251446877,0.008383966483621344,1.925855713870901
0.0011888049076265006,0.00628302093160428,0.3718937749940685
0.003815169324860952,0.005784096506319622,0.20282902122439067
0.003853468613624691,0.0063244442832520635,1.2287556289272177
0.0062137018601710284,0.005748700997540116,0.9525152994272987
0.006189584520673735,0.005719152950699199,0.09488547463329655
0.005841088100938549,0.004505876136257616,1.9848909992979882
0.00726030202372541,0.006715880864032945,1.8154059542713241
0.0023441709481468466,0.0013304079725965467,1.2810197114118715
0.0018262169954819608,0.0022530282248666676,0.44291676974642685
0.009917997487995118,0.005717276370866357,1.839062799418732
0.0035864008082171117,0.0026055431531918317,1.6205397395172434
0.0039789817147693265,0.0003196108024240163,1.5057573212481208
0.0008250496033788902,0.00812176841701893,1.6108894213061393
0.007336082810207471,0.009156005622238785,1.040961878365431
0.003512823863927196,0.005948991374905889,0.16674568235852213
0.00938909243337734,0.005615900582330413,1.9795953143929184
0.003986799498299433,0.003936614353856606,1.6575266286242942
0.006843606614792759,0.001102746937277096,1.4241893692302792
0.00047456764829855504,0.0004138245019582432,0.29795017511858235
0.0010110888077430635,0.0035665991907416796,0.09567049052235249
0.009143872620201993,0.004200143548809685,1.6738227550545743
0.004806309385185324,0.006067104421935225,0.41403263857178035
0.0033003097802618377,0.00662254280905267,2.0056644347119317
0.0015755315700282223,0.004067603032560751,0.5943871849484087
0.003867444156670257,0.0034843543438139303,1.052624323518684
0.0051772691974188104,0.00627980878570685,1.946571483138211
0.007641690535153563,0.009802168493373014,1.779444529255891
0.004892410161143988,0.0009090161570717281,2.043762360920377
0.005544221648832411,0.007641616477258984,1.7141716240955267
0.008663624511516609,0.0020309640997062096,0.7182498826471256
0.007344642276036613,0.007386378476575299,1.9723938056626116
0.0022088376537021093,0.003356786722319556,0.8340561322626096
0.009524611145966793,0.0038703496323783462,2.0346609555484796
0.004538601455256434,0.009446256979886198,2.0422597569246714
0.0022865722495218387,0.003301447837501638,0.29593262926931685
0.007722427760435682,0.005603445675309143,0.0025318181332141566
0.001436112352941299,0.00812282298365298,0.6854544411846559
0.0030194695116394998,0.0067480312804604065,0.5361273281390776
0.006590266660312748,0.00698833367133896,0.20968225993926298
0.0019607604137411496,0.002188952747605294,0.06377482816398253
0.008491710678030031,0.0056369462960555805,1.9723925054025817
0.003709736434310702,0.0035855663046278742,0.007754888852086292
0.006095114492310239,0.009494906513621561,1.5107833295087054
0.007454311248609547,0.008445213601631042,0.9698956530259775
0.002391230150432151,0.0021659583316535834,1.6521411319642247
0.00977886019174975,0.0012664055905993832,1.0753193076733427
0.0029875945799582426,0.0016811564047066975,0.5735748974099921
0.00895979249500692,0.004605361365624004,1.351223842176349
0.008653020371910201,0.001490694919081148,0.39026072935969125
0.008235078535059708,0.008550978749956691,1.078757705503788
0.005591049926093906,0.0024056607289520584,0.8390828185545848
0.00417314687789295,0.00011485092106975126,0.786508353550112
0.0053983119506498855,0.008530873876556053,0.28998503058889386
0.007599533746279046,0.006014532727645565,1.1534526064732145
0.006777384070142254,0.00900336377861785,1.6394435939358103
0.0021415414157647697,0.0028630120967238926,1.5385720991914513
0.004674374661085244,0.0004990092810513169,0.2620207072553242
0.0010864404027791043,0.004516949521914881,0.19248875667859508
0.0030759905091459526,0.00010607529851202391,1.4993184058301738
0.0006097872052072972,0.008324631089763454,0.2524677923654267
0.006098647456013472,0.008312148481459412,0.601270568015366
0.005060382127513369,0.006266469322302554,0.3737806390778171
0.0007183906511765592,0.006724509365085829,1.1755484420234643
0.0030077165939511076,0.0048834948960257245,0.40473983560978366
0.009038377450356351,0.0010157394765102456,1.3189512573332547
0.007058191916451088,0.008078128522993269,1.8497975219423761
0.005589978785814191,0.0068625204286390205,1.3072064375093186
0.008842146943865184,0.009983488395495812,0.3228362808987842
0.002217663039477136,0.009776482414174791,1.8548269039734342
0.0038544808075449866,0.0042515011467551,0.7049777502219556
0.008477044984490558,0.006639242059105167,0.23249362922897457
0.007750896806289538,0.00985302917235236,1.0588501713553216
0.0016769613693804997,0.0027194887689370264,1.049084579612367
0.009926761706888736,0.0035172532201904563,0.20684518758157414
0.004152237785933897,0.008032660190586913,0.6003354290299763
0.0023442145799227234,0.00029510395988466834,1.2289197976683015
0.0024266047563306936,0.0007574777750335893,1.8866677584933014
0.0068200881144748204,0.003087833922739306,1.9806707305275353
0.0013670071803943173,0.008998534896379355,1.7319829738140746
0.0024242479525331084,0.007899422153092554,1.5391667457846903
0.002306185852320131,0.007792923970509922,1.6700844556863985
0.006019373287893076,0.007064230904482223,1.8775495592942955
0.0008485380482265303,0.007438392953240395,2.00325118628455
0.003987713921706425,0.0046236248546171164,0.7579435633459886
0.007469226056675206,0.0008278884607682347,1.1255473020972449
0.008805873530236685,0.0016111452211888544,1.8847768706876629
0.0052943453013161515,0.00782480053432751,1.3046743719222624
0.004174353663821984,0.0002185826307784222,1.7561612447744617
0.0064436480050116965,0.004456204462885983,0.49307979969981897
0.003438803962784812,0.0050169248344352595,1.5225499975296666
0.001920427324838897,0.0025249171914061507,1.3711838121144315
0.004470985907250048,0.0024383665665400466,0.05243404154501989
0.00022961224569267857,0.004265313756933624,0.9391995447437644
0.007830663305824766,0.006821158142662562,1.9704372558157852
0.0037211232452418743,0.0008670298024686518,1.5655033761543728
0.007362927394089801,0.00752283151401018,1.9607993249804305
0.008322375652161113,0.004531354649289366,0.3235410043620127
0.008657043361171313,0.0076465829762176,1.3935031581903603
0.0036425710154516745,0.009526706507349679,1.6020323147559579
0.006356214931573554,0.007739411440116753,1.8334023758539497
0.004666022516131705,0.0037042527137383617,0.018525877607864217
0.003677022806005087,0.00690812611521327,1.3355712062019038
0.0014852125422307072,0.0016341544160449106,1.8567677700219984
0.006956229097775343,0.0027809637550198518,0.957918448173371
0.0070050409028069305,0.0026349917124888255,1.6444966865063693
0.002943590878430359,0.005738936262184915,1.4503329013757582
0.009360104678245938,0.007241201618326931,1.3491032419833875
0.0009285184370227795,0.005437828064023419,1.9572871058045063
0.0025094113961751565,0.0015473733241938637,1.4760717725581054
0.0031480125979542863,0.0046304425040894675,0.39177312221132
0.0036877805331347216,0.00482356252746554,1.0795544289835237
0.001272987419167907,0.00040789995540406297,0.8936690480472592
0.0019267537454635776,0.0027534404996841944,0.37032150617586707
0.001725360216955898,0.0013136925447637838,1.3067395146414358
0.005993614792212967,0.004825732937947848,0.2753307769575216
0.007458859945698823,0.00574790965467772,0.6379782828000985
0.0016062756331052875,0.002842859467130339,0.21068534636252395
0.009435792229179854,0.006204997326385182,0.10877764740674514
0.004327092971164818,0.005687820179487466,0.9840906857076718
0.0013393827090185028,0.0033635973078639525,1.1853796386600182
0.006582789158805641,0.003633711397186936,0.9679941587631882
0.005846424541684412,0.0037609143772895236,1.355281665872091
0.0008997460298816839,0.0011550322871294373,0.8253015089711493
0.0016647108095386787,0.001757674005605664,1.1557611696055052
0.0013588202602206633,0.00033231295393417295,1.1643807999226308
0.002370605760505643,0.004359046141183558,0.6713090582025378
0.0002284269841471931,0.0006641222809415426,0.3901632177741557
0.0032865641731737163,0.0011576505109379366,1.9864793946990806
0.009946965135265893,0.0021367171932189276,1.6369236354354886
0.006323534272902176,0.004679695859382391,0.22944385103968618
0.006803673567670792,0.006642774353564195,1.9736099798076268
0.007420005614283045,0.0053779939462812966,0.7600886555662585
0.009115879870877773,0.00820308066455793,1.5838353609355464
0.007268300560256611,0.005160717818320354,0.655394094359414
0.002880316081659493,0.00324104587058173,0.18962866602114808
0.005296150644577612,0.0004894054742856413,0.4566193200277943
0.008317356580498533,0.007538209160404268,1.135929985615095
0.0029805001701080293,0.0050156681346509345,1.470818184711011
0.0032130163413400213,0.00651502122835877,1.2593057798652867
0.008463039956194442,0.0020898056633517005,0.8704443090637916
0.00745075360395116,0.002418750808145026,0.8378766938465518
0.003353523706482722,0.00324529745859657,0.39929729577540257
0.00011107556240339323,0.0064676569483709334,0.2925858444461517
0.004398496761450889,0.0025685408496718977,0.17496998971224526
0.009742761461069746,0.000678110659112201,0.32952576858007526
0.0042592501647273654,0.0005250237276086622,1.3420100944419162
0.0038490763130771223,0.0005880452696510031,0.7286109711842379
0.0011049261618224393,0.007260055761758276,1.331706975354759
0.003983135545337297,0.003144022863016275,1.2656667220089146
0.0017967414084846067,0.009847361698959447,1.3958939494335239
0.0042429359910405905,0.000540965024082427,0.6675588890889789
0.00987926985053536,0.0004995920391607767,1.4571068806080016
0.008463432794633333,0.009100568949195323,1.33209565220717
0.0008755457094556862,0.001986310312581698,0.03488541362192853
0.00753745131613791,0.0033772738497106136,0.8777825964660407
0.009325309543703524,0.007728865705740808,0.7114763426107659
0.005395522137594851,0.005149490454683955,0.23440793099721133
0.0011013792084796825,0.0017835167623751259,0.8759337436689267
0.0074551546128116975,0.0012300027340554343,1.4124629957503128
0.003933564586504896,0.0036257388478798057,0.48510707465268077
0.006792091905473172,0.008712738022183388,1.9961299064518427
0.0004772582176198914,0.009328903491790556,0.5220020280599931
0.00797872298671348,0.009645287840228046,0.22980440217390471
0.007157757828485267,0.0069901914081582995,0.6240723441001973
