x [px],y [px],t [s],t_relToExtTrigger [s]
61.14929403719424,112.32812907248724,0.0005941430469953236,nan
54.85962635600906,112.70039349492768,0.0006040589039563306,nan
63.60247210637289,111.86988622310108,0.0006276972770389546,nan
66.73169201315305,124.9591767949872,0.0006698525147392134,nan
64.59801963289202,127.38702724705924,0.000790321680798436,nan
61.277637847092976,124.54055237685118,0.0008348415269794708,nan
61.25637308568869,115.70414184194813,0.0010501024556627404,nan
254.16995702125627,135.86124433375264,0.0012390337656009586,nan
68.2071521958803,124.25144399965644,0.0013104657416431876,nan
17.10175770128498,40.39622458927462,0.0013675789756077172,nan
7.66103366892555,32.66563751174118,0.0013750788670788916,nan
16.72633881558137,28.28757274153048,0.001419870539215482,nan
246.44970023631143,134.58542371996782,0.0015532462285210524,nan
60.26395325013332,124.4814421125299,0.0020919460339309717,nan
240.20385829894025,142.7417380175351,0.0021821770486107096,nan
68.21133622403771,117.90947517326386,0.0030336680571609012,nan
213.03452185409498,225.00824768855338,0.0030550154709208356,nan
221.77064269795204,219.48781655687586,0.0030907369557902687,nan
225.51574248138476,216.26158547920411,0.00309865170626073,nan
218.87739327358048,222.48601305773823,0.003106196136423728,nan
212.48888262256614,220.09707444909964,0.0031083742554857408,nan
216.02740687409354,216.42596771566082,0.003119134619573211,nan
212.1761667263075,216.95061849666354,0.0031999800175289417,nan
238.8481908462758,148.1068503705248,0.003914980988070702,nan
207.95357931903246,230.0825153040015,0.0045652209130723044,nan
19.09258357340258,168.98200070044095,0.0048062844712263115,nan
27.95818963128758,177.3737225773181,0.0048095291401262265,nan
24.201609904294582,165.304072956984,0.004813043568373091,nan
22.315437883903236,165.51463749066806,0.004832582015241341,nan
9.253499904226615,174.1091580624181,0.004832983553515072,nan
30.687457586316135,178.45166731098882,0.004865160277878293,nan
15.096682735285652,176.56769149890678,0.004870823477447254,nan
12.875293909504009,159.16304777356973,0.004871736418660303,nan
124.76201920068354,47.139649646405914,0.004893708068496829,nan
115.18574738030914,40.424080760788684,0.004909817955998454,nan
17.116608518891695,174.30608642831822,0.004914777183956424,nan
116.79410698736983,46.226170839574245,0.004989997660061154,nan
124.52391020015695,36.731005266067285,0.005172038662724589,nan
124.82440282233387,35.680780228180986,0.005804077266171905,nan
116.80966068105457,45.85333020817883,0.005870453848899639,nan
26.013708305885984,166.55178731529406,0.006203174469892773,nan
18.858472482874983,28.272723406233915,0.006489406792910933,nan
113.5950525177871,35.13365965582664,0.007088532289665819,nan
181.2892736646408,58.551627474204565,0.00818780311960541,nan
187.93947802515208,60.256261877748855,0.008193893981537071,nan
190.22878461553023,61.15076833429083,0.008289114757407958,nan
179.51150274926195,49.420675750655015,0.00834129621121581,nan
96.48386184021182,38.489835292149664,0.00878041875716366,nan
96.29522339052943,43.06234772058708,0.008786314080721041,nan
96.78316046700591,43.22669598104946,0.008787010426682533,nan
109.0516317244561,44.65848724993065,0.008789090984392295,nan
100.61458240256059,41.99045184169278,0.00881335677242369,nan
97.63775945323297,40.990647708081504,0.008833664855646843,nan
232.60362709537822,135.8242735733057,0.008899271500554737,nan
173.44854277803591,49.60537887521481,0.008904727337464648,nan
91.40562348875687,47.48036519202856,0.008939394822586027,nan
96.91934075714084,46.817596479415585,0.008944183874094163,nan
243.43981394501367,142.48483324236813,0.008981704686476353,nan
94.27111991136185,83.72601059391948,0.009068303678579566,nan
96.64280769137122,87.96764211175741,0.009068338327726461,nan
100.61475357963161,90.81319632326242,0.00906893140448229,nan
94.65743199082061,91.58317597570134,0.009081105380078787,nan
98.43505305664712,88.78807987236584,0.0090853425285298,nan
93.81569613174767,90.13049354518901,0.009104967557142225,nan
94.6464024471949,86.12854768024545,0.00912779520266361,nan
106.87816223397012,82.42925464844919,0.009142008414640397,nan
171.50889047661806,58.92401209316754,0.00924675423235254,nan
98.88922409352327,80.81244116529939,0.009340830320117639,nan
111.50491863174764,38.184386813752084,0.009365460990498588,nan
103.16560718103693,41.46786417063333,0.009778117307173944,nan
221.30600329321456,214.69300198156853,0.010102379190889382,nan
100.72713005382624,44.22143159477661,0.010113699785119562,nan
100.7376285524094,78.64360302809762,0.010158367683748632,nan
98.15387844479494,93.83734040803097,0.010199471532915878,nan
103.77651657070324,43.36430391054336,0.010645645238829486,nan
104.52254822953483,76.42610197574902,0.011019916090772092,nan
91.11785730330732,71.82598493930766,0.011028389793587362,nan
108.31852015293867,81.3659152490444,0.011606014254726177,nan
102.6249038325131,79.77199985445378,0.012461325487760928,nan
103.79781038598615,42.81301128318322,0.012872585102312763,nan
104.31605884224756,34.06616853692985,0.012875681165492026,nan
106.31215140313462,44.807089443411854,0.012879297292291016,nan
113.26413921802887,42.61366888856742,0.012913312347585327,nan
106.7126258253839,35.1251375035891,0.01298664665730428,nan
107.8075771197772,37.04680958232125,0.013010190989250348,nan
115.38572717247389,33.84385189415685,0.013118436492121266,nan
90.88718759113993,77.1515859497341,0.01314073345620785,nan
223.6890147468466,220.14696060044682,0.01339164920908979,nan
15.90733031999691,170.5013879302658,0.01365886682036586,nan
98.25975238736935,37.954439087709254,0.013698445002578235,nan
13.831054633652101,28.85840079010291,0.01375648844077568,nan
119.1639324891366,42.93340267845618,0.01382362578615829,nan
108.6485717657804,43.91205845638656,0.014376016058886611,nan
104.18130191894595,78.60144884967806,0.014560970247297918,nan
215.40474126923925,215.47105531270248,0.01536124144220797,nan
-3.247312887416121,73.21007026493916,0.01558030173790435,nan
0.669895362238172,58.46552370945391,0.015583791614607682,nan
1.513791721555262,68.53204440822098,0.015587482889175124,nan
7.246445629921029,68.89291974593654,0.015590837771519555,nan
-1.6037015508798949,70.41861417907592,0.015592928580830183,nan
-2.2555369191174717,67.21338952965566,0.015602111657351729,nan
8.629524011187033,62.99290822725033,0.015605124094580761,nan
4.722615571576278,68.48087717669439,0.01562117693413158,nan
-4.828627224492247,63.83581363082368,0.015629875712795043,nan
1.5351211931766047,63.17831293475833,0.015658259472050066,nan
99.68562163470838,36.80975072985536,0.01566576322298041,nan
0.25511938156376107,67.32721449553745,0.015684930996029793,nan
2.875862367691062,61.77372464974536,0.015696413053580466,nan
0.36937790539971227,62.533982998857404,0.015717514288197357,nan
9.380199282430159,64.7765614998633,0.015805375467994858,nan
1.168349675133526,75.85340697495134,0.015823526365185796,nan
-0.5238322171137552,69.08081385314318,0.01583483711646049,nan
1.503808098249792,69.4691948110558,0.015859494065117247,nan
1.7069810541734718,68.59206406947501,0.01604195686525052,nan
3.87636122806795,61.30129515142501,0.016152347443853105,nan
113.79853751656857,247.8032896479164,0.016320187875811288,nan
-3.0848426841572953,67.82965449425146,0.01636011473373951,nan
115.06582588588151,235.1882176524134,0.016360662797849066,nan
123.59477650183425,244.65460518979248,0.016392514208486298,nan
121.39267300972054,240.02239686296903,0.016493593932087023,nan
128.2613761692483,250.20716295638093,0.016557862227121998,nan
114.95820845798863,236.11405087215303,0.01694279213365397,nan
22.371735151611592,34.6249755572051,0.016967133642092458,nan
-1.3292137598133038,66.21690027239083,0.016981664653801146,nan
1.4050332278120412,66.97928917067956,0.017415260383179025,nan
115.64609567535229,40.21156949312158,0.01776155988964109,nan
109.86669234550341,244.17102134123,0.017881587308934552,nan
4.967635133775779,62.175211103465216,0.0181848394496165,nan
110.92281487243228,239.39469992464194,0.018879883646625528,nan
8.718383668096934,71.43844769649854,0.020453987480989293,nan
49.87811050136122,158.01791811550353,0.022067260699598263,nan
52.81563145975597,162.50920795552184,0.022081700157238877,nan
47.91338285437393,161.31798477332964,0.022109313644483604,nan
53.485167069925325,165.6344233284785,0.02212147508629982,nan
50.318466998267326,161.85209047460563,0.022126008980899232,nan
61.601897808678544,167.44211405810287,0.022133073516567375,nan
55.367613710897054,165.91440577605832,0.022133895406649392,nan
5.887806507931713,57.35834630239876,0.022162051480930794,nan
47.73374052418793,163.6948777946528,0.022198299238559344,nan
59.98971672019844,154.72294541408095,0.022227768846798075,nan
51.227278189874156,160.23515512502314,0.022297689655668404,nan
-5.387164699990689,69.43055903458965,0.022404722895715826,nan
121.3525558213713,242.27246917770245,0.022452930708883045,nan
111.45224135764,32.43703580839976,0.022487345777329772,nan
57.0885516278676,177.3015413613911,0.02277198964287343,nan
47.94899746434281,158.0261424459991,0.02288480775617679,nan
130.8213108147764,238.1056762208211,0.02332925892301967,nan
130.45490633745484,236.3076584437372,0.023351604427449605,nan
132.67961675784895,227.9210188131477,0.023364228211915795,nan
126.57732751364323,231.62530035056216,0.023404598049878492,nan
128.05858031331147,228.85615518736185,0.023421383071862836,nan
131.1348856753208,239.61854107384,0.023445799345653207,nan
137.8658109549167,233.81881335230196,0.02346539846417856,nan
131.3684942958722,233.4173194990206,0.02353230330206302,nan
50.66780391312617,158.64978427458553,0.023560672708075322,nan
138.34186528293714,233.74701158585648,0.023592619186872745,nan
124.73238655304395,234.3746776250489,0.02363961711560474,nan
17.503694277820685,174.89708774674025,0.023844199355084864,nan
54.17840718650445,159.9910682623125,0.024305106324126365,nan
122.91216303755094,242.29297336533736,0.024311542730355476,nan
130.432874126487,228.6279012594034,0.0243748336561367,nan
110.96688442028552,34.03060913113671,0.024539492379847552,nan
125.36230337554858,231.1328486267598,0.024548899054350693,nan
110.20901485251005,239.70536422347976,0.025825209811737616,nan
119.05380042319506,243.58384400359574,0.02585115919392652,nan
100.62969840155353,13.850913239524397,0.026022392720286534,nan
88.49733632199835,2.501692406359097,0.026041447141057116,nan
105.63844146785036,9.764206929302546,0.02604807019486107,nan
104.89996265102509,10.876138716236095,0.026056660822313515,nan
104.03740036583302,7.064262316400113,0.02615163472031826,nan
96.2979903018868,9.67526656771187,0.026201841284986482,nan
116.30438704770967,43.65365137319366,0.02635638914771178,nan
1.4176616992181066,70.98371036417245,0.026477388792248396,nan
-6.485494589997741,58.45958130091299,0.02684127759478954,nan
52.09470527617647,160.9495824812821,0.027198213506767238,nan
223.85210515196675,170.53802198238256,0.027207737475610616,nan
222.7936688475257,175.6436454536151,0.027209312274271223,nan
228.51754373090594,176.93017356476847,0.02720943353631249,nan
225.0344766323633,179.64627721563872,0.02721601187513789,nan
236.28361222937397,176.30879099878152,0.027233683770353876,nan
234.9559538765966,171.13863690486772,0.027242925622686653,nan
226.90603555614177,168.86113455746917,0.02738479421730845,nan
235.23297845060904,168.9652177799546,0.027408079804942365,nan
236.30232205247975,174.2883290341795,0.027432184994842623,nan
228.81582053683655,177.47108690968776,0.027733546508909857,nan
191.7565139323219,53.35887282786803,0.028061117313417493,nan
187.18619840502632,44.16207849617147,0.02807852722045967,nan
189.54628739083617,38.31168593021282,0.028094402088585255,nan
193.20453790856354,49.10625556454908,0.02814977073022451,nan
194.65601149936012,43.23665528987064,0.028224714714470044,nan
186.7060039186708,40.17628628860117,0.028979268809661327,nan
104.49044275710568,89.27529063286372,0.029039140798903035,nan
0.9882573260300961,61.22465217679175,0.030070094178497667,nan
176.885592765591,45.45751743055789,0.030121980417851052,nan
225.77211751689603,168.72453022285444,0.03016000044508218,nan
169.4278034997079,54.0283884982154,0.031094076807410324,nan
102.95614384470758,1.9003345751331298,0.03162252083903698,nan
59.62461410150798,150.67917036121256,0.0319213344632889,nan
123.17364101551779,223.65404947043007,0.032291335496084,nan
177.99990373797735,144.05940199465022,0.032432947110319965,nan
176.37644727146153,139.18780120663905,0.03243330054423581,nan
182.70725214517174,128.21008289435994,0.03249614538796838,nan
182.78394447503297,136.73365896086193,0.03255340268914608,nan
190.23057653835937,120.43626582473806,0.03264799103365454,nan
183.21017781109086,134.33881489579085,0.03317167250157533,nan
178.7150315216263,134.3889976674889,0.033334295702058724,nan
21.578547264616155,170.14722486274164,0.0335511251328571,nan
185.7781361331093,130.36912275195823,0.03364211369243653,nan
-3.028223784684484,80.43661608955017,0.03407261530389932,nan
89.30007731499104,3.740534615947398,0.034425315315161555,nan
163.58676589210145,227.15581238459393,0.03478913624167438,nan
151.0680005901244,234.21860270568519,0.034855385733740904,nan
150.11883882341579,250.21386657129366,0.03493459965552935,nan
155.6882459670643,231.6083332720765,0.03502527480427013,nan
128.59661514082958,246.9039347501558,0.03527039289435413,nan
108.75869971602954,46.19742514396024,0.03544652059191475,nan
6.934623249775906,177.80206680424058,0.03567104168239899,nan
183.42562078264388,137.97129119885645,0.03567560858709823,nan
20.57630749045724,176.05140033112016,0.03568188507239191,nan
-1.7295057234499995,179.90141869977285,0.03573080599755578,nan
20.580430617376358,169.73375821538633,0.03577168787626629,nan
8.256079003456648,191.17876981267244,0.03582296604377558,nan
11.007118678921568,182.19025756826244,0.035966600114488816,nan
98.34277792080192,12.318557478883596,0.03604889883055109,nan
144.8678243938196,229.21016850215034,0.03736572856616098,nan
17.294666224081556,174.36780487390132,0.037430541421632366,nan
93.27755181933283,6.771421293859633,0.03790095406980899,nan
7.7456842250422415,58.582561832390944,0.03874632585156165,nan
27.0343160111647,175.01431809858593,0.0394286975941787,nan
103.97351094726196,37.31502748718911,0.03981610416195353,nan
186.1239964873733,26.56938602008983,0.04118016733709573,nan
189.67239120719944,16.63209253197722,0.041182326330693755,nan
181.94773270400364,14.148906305207685,0.04119141535130573,nan
179.83225846582724,29.205582245272282,0.041197250287427316,nan
192.5124843610731,21.199606183570033,0.04119855426236759,nan
193.14309200465925,27.032377256531333,0.04119911966476921,nan
184.3876674493571,26.365787060752822,0.04120547153156965,nan
180.79020337960088,31.166713475872722,0.041210778890582014,nan
182.6626694063403,19.262708384380407,0.04122741121422795,nan
184.95050431420623,21.24322393961508,0.04126011513849094,nan
182.41340458838948,32.879880448921405,0.04127272040829199,nan
187.2368995444819,25.803310694144294,0.04141232249509343,nan
15.85942311367321,188.75331958698905,0.04150206158486927,nan
177.41417055855072,25.738029004468796,0.041538268219086884,nan
194.16757257736992,195.65711888633265,0.04193404645787263,nan
195.8481323895563,191.13400049542244,0.04194240813569463,nan
196.03266875567152,194.1447671479086,0.04197678419002241,nan
197.9749723296195,192.41469273502958,0.04198101532460202,nan
205.42597902541962,194.76421838047622,0.04200693896028585,nan
206.96631034107168,186.3594048311562,0.042044305323900744,nan
72.03404056544036,190.80061521218312,0.042053225583555565,nan
76.76662575210686,190.40445986988632,0.04205996168646905,nan
74.8871690795602,186.42116200088807,0.042069321750285334,nan
194.79445339628091,192.35163618250547,0.04211138015472123,nan
206.300028578969,43.07032316891243,0.04211934767466187,nan
80.22011064216755,184.9617628066787,0.042121473061377014,nan
196.9654758743962,189.54219669459548,0.04213311763337583,nan
80.83753262940212,183.35853146391526,0.04214266075458238,nan
74.41772242778431,191.65289785666718,0.042161524273755024,nan
193.8594455333584,190.9066037071788,0.04223964792455587,nan
191.78829103342497,25.43553437247659,0.042265868268575445,nan
73.50776742259679,197.76804694988894,0.04229603125311184,nan
71.45063296715264,200.82220642162392,0.04240458015603186,nan
198.4037844496236,183.513853589035,0.04245914045414323,nan
85.92148108731405,189.19625231400107,0.04253657946587808,nan
65.02635858195552,189.13607475160745,0.04255414541767294,nan
200.12200389251052,188.36799959833257,0.042700749833627816,nan
9.333812333830734,63.97900296426316,0.04273007008299307,nan
75.66642513591229,190.12624542734073,0.04286626079400931,nan
15.10554438052948,179.80764298350826,0.04289996965012711,nan
175.44131234529794,19.744124538908068,0.043066875304567334,nan
194.76774362504685,44.02520320172585,0.043079290167244655,nan
197.55177017741502,193.38944516930985,0.04314683762912225,nan
72.62399695576555,85.52726486723859,0.043255291441783986,nan
89.84942103899542,76.16533461990336,0.043331733271495934,nan
217.86632157352454,169.6238703836157,0.043817979324145516,nan
80.03380935216767,203.30370060615465,0.04384302588109374,nan
128.1870359643521,232.09222876279014,0.0442515871388533,nan
74.25246888783806,84.18211595597442,0.044381726806540116,nan
202.48229136278337,52.4289541595043,0.04441643547885542,nan
187.9890233356763,44.911425712027025,0.04448264051093651,nan
20.582076540422527,181.88190376073626,0.04458939689296448,nan
92.83150734580732,102.7738125154934,0.04460315477774975,nan
87.17225622402329,109.77739094642322,0.044609909821191084,nan
77.66398239225266,103.41082645084248,0.04465308588240213,nan
74.19954994423064,98.95401099513381,0.044690054320390735,nan
186.66272848489328,30.366701548605036,0.0447517759758038,nan
216.96517516961322,46.900326699563095,0.04484540798306411,nan
86.48768754331648,96.1161399696708,0.04487419771451826,nan
208.67970152752196,44.14000097851256,0.045148722109373075,nan
192.65976408112124,39.19123984750419,0.045310963876624366,nan
213.43254072694947,44.05460259274538,0.045440017972132804,nan
15.220305439294266,189.4318452685255,0.04567226112344681,nan
199.52173558927154,53.832252415660655,0.045682155722374454,nan
109.06465093638195,42.426495327740135,0.045712221377331136,nan
98.94880628587545,42.29652964940877,0.045730340772941615,nan
155.8817107330411,242.63560280302337,0.046172269685859066,nan
58.46707302182258,160.2357936463958,0.046541163466844344,nan
147.47696791683936,227.09120097082464,0.046614784942288975,nan
182.02700022948878,141.91261881580195,0.04665943039543538,nan
211.6585548009396,40.31912000474969,0.04692786985638101,nan
107.58110626425898,79.9512266437098,0.04707095989466735,nan
83.94485734089704,194.4233718220254,0.04709051517313556,nan
80.55502785999704,185.95743202955813,0.04730594921227439,nan
86.53206116274939,112.19573674253807,0.04737177160125735,nan
75.86819470678212,110.39769478488267,0.04766801639136929,nan
155.2177874696949,217.5782454599411,0.04829360357240898,nan
105.2980374835716,0.6217103236308421,0.04831477572439803,nan
158.50695335775518,220.563874559683,0.048396249627362914,nan
155.5452927035397,223.6370247373196,0.04861020142108399,nan
213.53703869008646,48.41542945681529,0.04867119935998909,nan
187.5417698959631,25.889385878129342,0.0489292714549989,nan
144.99335059533522,227.71576306325312,0.04896683726425928,nan
154.9895342314996,223.28696939002316,0.0490760653485985,nan
181.6518578660183,21.892806695082513,0.04909040206811463,nan
155.6448313377295,218.28819268991262,0.04915525053965156,nan
147.87754815117518,225.00311826631545,0.04919406487361682,nan
82.77353871256426,110.308417244034,0.049762046429631515,nan
75.26745580138075,191.90846750680336,0.049938121419657124,nan
119.14792305001875,36.583382292917555,0.050282228982872185,nan
64.57383052647818,142.1292580443138,0.05048229388469213,nan
66.94473995432325,137.72645664163915,0.0505037991544838,nan
76.37002963688244,139.76535141186352,0.05050807312061661,nan
66.1214194618477,134.78449731042744,0.050535044026046624,nan
68.0276648278689,192.76543256733228,0.05061910948401338,nan
179.83497348252973,136.04447257374773,0.05072122156617169,nan
181.64588775653417,27.46992556616996,0.05080350285927451,nan
80.00812777320577,182.9255948173369,0.05101973751189004,nan
76.35069043316268,134.31155653429664,0.05127940945326081,nan
114.14284214673933,40.40895513877655,0.051365274313570033,nan
106.93885680148809,34.60419759064709,0.05155099272563993,nan
73.0518940043752,197.64852701711592,0.051878086250703705,nan
166.11643344974047,211.2264664966112,0.05254182766261834,nan
224.37946500590667,111.00416216439315,0.052688617650182804,nan
157.56012093259596,217.63517229611594,0.05292354655346302,nan
189.5350982322592,55.865846686012304,0.053415363044648924,nan
192.15521284171044,36.28171330417105,0.05446258591982602,nan
73.82317879058988,192.20680472306293,0.054509786495394674,nan
49.74035904611774,168.81743876322668,0.05452527777318434,nan
153.55516335466066,222.8567535058161,0.05482229287122421,nan
154.09532141323325,221.89178539940679,0.05517344563868214,nan
181.7365651647031,30.040318647712983,0.055234345502936114,nan
17.648661698115966,168.58216066644687,0.0553707606917191,nan
64.73487514887755,139.90107561728092,0.05587463645106899,nan
153.01412567730998,223.15869500691755,0.0564937962279715,nan
159.99252774735,214.05574705910334,0.057218798072626746,nan
97.92002115459884,1.8724653156316526,0.05834099812228531,nan
80.905472441253,187.6660248629637,0.059052423896917616,nan
144.8253928776511,213.96230850102552,0.059620457401867215,nan
180.54382635417068,16.93617144931307,0.05971656080409869,nan
72.43497113894934,191.4699827376592,0.05999653099922693,nan
179.55835176652522,131.8909967471468,0.06023153494038849,nan
113.73020278219039,21.279206887701132,0.060774143972672307,nan
106.99971280346713,24.676581992013052,0.06079250400834462,nan
182.49295016805726,128.50592616835664,0.06080203914229528,nan
180.66336150653427,34.95817725968645,0.061393182636925586,nan
105.14803802471758,21.42838740278356,0.06145327261166892,nan
205.6145863938324,45.861965950137254,0.061884054483055284,nan
10.780979254551296,149.9372832279433,0.06217227199654885,nan
19.344472120004017,154.19022113450677,0.062173300463310974,nan
20.644455977404437,154.01348737323576,0.06218644331603793,nan
14.630547215065992,164.42144355417088,0.06219788223005168,nan
174.5219205602132,33.10429955573863,0.062281459372322524,nan
13.98083903246152,157.5407518408304,0.062302416947271,nan
20.79014712268402,158.302225884868,0.062357218599870576,nan
126.96099371890276,25.255050690524744,0.06238435706486774,nan
105.5741742086835,33.08290012619726,0.062388208588251476,nan
11.683314087716616,156.67838297737856,0.06250270299970574,nan
13.881961705069573,161.9557167165551,0.06251078792929712,nan
9.640444431460558,164.9829864032088,0.06257194069477527,nan
78.36453436851242,185.070689088887,0.06270114465065652,nan
152.11762447092377,242.02686355708448,0.06284921599009702,nan
167.5260810617971,21.44223916254462,0.06304578209697545,nan
14.245224279873579,155.59646289863264,0.06318784786626545,nan
148.32363253588628,235.41407513848338,0.0633438881807991,nan
218.6719800491406,216.10203442329376,0.06344540946139812,nan
114.81159422296192,16.860953308694835,0.0635742498777467,nan
117.10547733785114,236.0167175992509,0.06437226861461726,nan
97.3894701040721,54.56067254693856,0.06522645731131946,nan
16.74032912261805,155.97908360535178,0.0655014688498261,nan
197.1844476572226,48.6642904650632,0.06560056186962666,nan
11.405832888326065,167.17585425203785,0.06560455412062934,nan
184.95196812007555,40.231226948102766,0.06569285267379205,nan
57.19913727972006,144.1155567104421,0.06580927943114934,nan
96.3013470556995,60.41997915852451,0.0659494269379649,nan
191.80078743290926,37.72321777149482,0.06628333520489071,nan
182.46361696691775,31.334226160609315,0.06651003203500834,nan
90.9232647935089,99.09874073615097,0.06662955228796341,nan
109.54515354518622,19.29056190852556,0.06743868536829434,nan
106.16449913378418,62.79237416536435,0.06747014043609481,nan
87.72851730185384,188.9027198127518,0.06806968494934014,nan
14.553416266905751,151.92811276623945,0.06837628760657029,nan
187.02264804678862,139.86144946670032,0.06842110377343275,nan
163.66078485816467,233.3591781864105,0.07043499384692038,nan
113.74478325553743,58.5141130624539,0.07061734258633877,nan
113.29952618315241,61.52936544454733,0.07061945566739536,nan
114.89716553268735,54.854854442367504,0.07074262659071716,nan
117.98533155688587,21.351189273502495,0.0708794534012197,nan
111.5701228732174,61.77786115996164,0.07093119803982267,nan
49.94204531476215,149.71448355690444,0.0715744732566102,nan
118.85723022488973,25.466005613524956,0.07162594136977456,nan
187.7569546948936,35.721899296668596,0.0718002948596164,nan
187.2127552880127,39.592786916505936,0.07181497025435686,nan
173.64862548702047,40.141192924116496,0.07185318470121929,nan
198.0652479998434,33.149237178173145,0.07191839367760407,nan
91.28281326591191,102.70369709746606,0.07222255563352681,nan
191.09344308250957,49.20774787919842,0.07304018110542872,nan
106.99095661655984,47.62497907847801,0.07336139200403771,nan
19.888624664571942,155.33917377249605,0.0733743929068376,nan
110.18437773399606,52.571677321062076,0.07352265382525021,nan
14.631667457493341,146.3943201699303,0.07401553788733395,nan
191.94914535328988,33.91536109933088,0.07418666071499815,nan
104.56948500405592,50.449578465626104,0.07531137973988179,nan
179.35695730005847,132.54496291901108,0.0753947678155761,nan
176.2769426756374,44.30145184797829,0.0767051889890338,nan
109.54335384583634,47.63291998611849,0.07685405973692462,nan
200.93860411081397,50.01310415537277,0.07713066866188546,nan
105.09195268817962,59.469542869949244,0.077192948728038,nan
191.28751168270665,179.87569651460007,0.07780848051463755,nan
79.70143563964544,112.85023752768663,0.07833377827028411,nan
191.70428857999158,42.646169347249504,0.07855271113872828,nan
179.1214286238561,36.95918117704196,0.07887036355976974,nan
234.05347369944374,56.507951886993695,0.07920962028704666,nan
236.21121173789348,68.38597449786292,0.07926468465534071,nan
226.12265960202419,57.48860810535767,0.07927448035651898,nan
176.97425958727104,40.76807508503505,0.07935108854112391,nan
110.50428926466175,64.65103818336152,0.07947079679932617,nan
189.85434079487172,36.990951764691374,0.07980883039396516,nan
116.54337267923592,237.05767084931222,0.08055998126998586,nan
220.89693867781625,64.08836778150071,0.0812631479174362,nan
238.19991376568447,55.97519839512464,0.08146404151947624,nan
234.2679559360573,69.09825534873536,0.08166761143458946,nan
103.71853263576592,52.07942456694534,0.08196668929562766,nan
103.72938531835021,49.142362320327685,0.0819691779874668,nan
95.8178872048674,43.605359674761154,0.08197257720101503,nan
106.23125610006971,48.56356986589071,0.08197551126147806,nan
105.62333397151244,49.054616201385535,0.0819961454561726,nan
107.28158709637184,43.709063147942736,0.08201182526699415,nan
99.83517784230959,52.37675733127913,0.08202726443118877,nan
98.12969117885575,42.045432367069935,0.08205712083552581,nan
107.61231514193217,56.5144568277387,0.08208075978772532,nan
94.85997790439845,42.49308674158193,0.08227814592381517,nan
17.618539435882653,165.39692173790615,0.08228480073008795,nan
78.69736860955823,196.65782919732607,0.08230019718198606,nan
97.05324473715763,53.976180007377835,0.08274255731287683,nan
182.8134143778414,40.314379823210494,0.08277835735209609,nan
207.09778865881083,60.55102076200949,0.08280959562634815,nan
99.74053418408968,54.81765249655884,0.08281736717313697,nan
18.774879005532117,83.53645726693377,0.08314696846552094,nan
22.074374039310893,76.35904474527808,0.08317697647943235,nan
23.711198728776232,89.83605037751848,0.083266041513947,nan
111.37868571869221,43.216602213436886,0.08346240622646542,nan
16.885720522749676,85.82337983517826,0.08399404339850067,nan
17.688961097791523,86.4764240808404,0.0843112262112024,nan
110.93738268142091,20.10956290664775,0.08434137814527382,nan
66.51731586199635,187.0671686362299,0.08435787258616374,nan
104.40021509307256,55.65727969658639,0.08468459456695905,nan
40.62825600426514,84.36184378736132,0.08529394949785941,nan
48.450026171552146,87.06989484362805,0.08530854332401527,nan
98.95490640536222,42.518813952055496,0.08531279780070589,nan
48.315703936383365,81.37885203086742,0.08532335656891461,nan
55.48073665363395,96.19327513042933,0.08532810765019694,nan
63.91637625393386,100.6476810430139,0.08535239375245238,nan
9.82618728234918,90.32992021646753,0.08536879958309444,nan
46.60756083805564,97.32190333908905,0.08542273273989548,nan
50.37120072348334,91.01853094998762,0.08545347414308939,nan
62.64419692534493,83.12071234445459,0.08546195832082339,nan
51.912607929876316,83.34790419166934,0.08549405426708334,nan
147.05637451867372,153.9361510275641,0.08583041457022446,nan
142.73115935642875,156.40218229682625,0.08583252815627002,nan
46.82813388737396,86.26188076127076,0.08584424274629653,nan
51.24996587503406,97.46855807732648,0.08584567727198145,nan
144.84183975200875,152.64059790890843,0.08585829590911527,nan
44.316722347523466,84.68971103109594,0.08593164252076049,nan
102.90313921519666,51.77361885770793,0.08598875024810161,nan
182.91666120356268,32.13196348438466,0.08615470615077443,nan
59.487483655751134,92.23115360274865,0.0864455433613124,nan
143.87694074231229,148.24487225355256,0.08654072057529191,nan
51.75208598852143,84.9698768533122,0.08692672215087105,nan
145.57010947073306,151.16681883480726,0.08717223991263365,nan
15.612788607944939,163.1047403803652,0.08834595955936518,nan
101.04932605705993,52.69496284077289,0.08858063761158251,nan
25.69551597764425,79.71663508411193,0.08905399320366328,nan
31.204532086150202,65.37814060188316,0.08973370977703532,nan
100.61677052715179,37.69818633410332,0.09041612221510095,nan
13.595202176854727,87.56208415027531,0.09049317278961033,nan
47.846800714701345,85.20861891769701,0.09056574007597032,nan
20.11570218232331,79.17415064283412,0.09159492467271597,nan
48.10835511749973,86.29910488129917,0.09313826510532416,nan
223.51454009669587,83.28828108275815,0.09360050218645846,nan
228.18356233567494,84.13495964367391,0.09363636113615222,nan
232.9117272647858,75.15382772192476,0.09365129856035155,nan
224.62588737105824,79.23416712057563,0.09383591126389787,nan
186.09202153572096,175.3848353909865,0.09442885019824072,nan
196.90070641078393,176.696282860981,0.09443284037780408,nan
201.5658307268337,166.48928179874397,0.09444250281504522,nan
47.444756223973314,84.14481443579072,0.09499772868596945,nan
237.94198675728154,91.55919642030162,0.0950197124383825,nan
189.92146705336208,168.2990570294543,0.09518338241147879,nan
167.67715250734733,74.64865427085839,0.09523133788733114,nan
173.00240283015557,60.32067307035799,0.09523246196593213,nan
171.15377604206108,68.96509012605146,0.09523298352236165,nan
177.57388509973407,57.85232786016646,0.09523761956628432,nan
170.81636304243654,64.98876487392432,0.0952447349562566,nan
181.08534299962324,59.44038291566431,0.09525664358650614,nan
166.69890178925223,69.83002216454392,0.09526273069104897,nan
166.62768288663435,60.91606447796424,0.09527124564166713,nan
176.76543110709179,52.04159938921646,0.09537186078566019,nan
171.59606479405213,58.299927788303144,0.09542800742454026,nan
174.89196510901624,69.73288201716254,0.09548070081503464,nan
164.68812975545583,66.35699661463907,0.09577324221466638,nan
178.394713344333,60.912658194866324,0.09593542510113291,nan
102.57954838373945,48.15031309418519,0.09601438952293037,nan
106.26512949481594,48.93076000725264,0.0961304837979641,nan
100.87814549708558,54.03642572147718,0.09617161106976901,nan
48.08715845175497,85.15878654338829,0.09738292275003195,nan
151.43371061293345,210.2192579312764,0.09765020828560686,nan
195.41044809676114,187.26128586101808,0.09772009181603776,nan
55.92944267512037,81.33187192639387,0.09774574378542518,nan
111.00248776164803,22.297002900900782,0.09813198807471107,nan
170.99392659345153,62.70508071538658,0.09814310239119946,nan
234.69098187079925,93.74186317110993,0.09822134007951495,nan
194.07735988370192,208.97622272532206,0.09851466340570367,nan
193.11088871130607,204.36250158548432,0.09862301085584954,nan
203.06364829827683,220.8334018159816,0.09864580405893177,nan
201.7831217200233,210.40298357580744,0.09867326957339558,nan
199.1927824949255,206.3434049887131,0.09876054624951315,nan
144.57638273123533,155.96774279647474,0.09897154626085446,nan
6.506436696921257,119.48157985399544,0.09958153557051418,nan
198.82058671525968,209.96841491788427,0.09974968166766492,nan
48.19621540959521,86.1493632702631,0.0998451014483026,nan
235.50068065912393,79.63119784827177,0.09987881070757941,nan
171.24072623126807,54.549791347261106,0.1004574745335592,nan
118.4914556314929,38.57165542007044,0.10050639279832498,nan
184.27535208666887,56.10533471255962,0.10054726584212319,nan
46.74935422146853,101.34158667627025,0.10090776387840529,nan
203.43570342303897,210.25595448454598,0.1011569645685928,nan
232.0688687757909,199.22861838528894,0.10180877653758967,nan
233.72200675340326,193.89635039577422,0.10185700939606053,nan
233.90575397365586,85.4116839086113,0.10191736175422596,nan
232.22461019009947,85.1279059148789,0.10197036895957214,nan
194.37121303745818,166.43900858879672,0.10200590936100146,nan
175.31987726684838,52.47467469863928,0.10230414728144896,nan
49.79893289710033,95.02075511742206,0.10315224581050172,nan
137.61198839278427,72.2725911575627,0.10341946018146549,nan
132.86386731589573,77.71721497563811,0.10347609858474463,nan
130.58249457428195,74.3670510488834,0.10358539841886324,nan
187.62032627439112,214.06417990899251,0.10358742195963598,nan
132.4162634736496,73.24036423945486,0.10359171480839297,nan
17.069129421559758,36.493132773872254,0.10367070012108155,nan
10.821224940973341,38.26127018673416,0.10367193601372099,nan
141.26441290805946,70.88769810741438,0.10368240249331083,nan
9.5563430282277,33.99473321612779,0.10368386092358417,nan
10.8709319301656,42.42677689834528,0.10369207703302552,nan
9.203232068147033,51.09182341344989,0.10370156682602837,nan
14.840763034429928,41.68746055684692,0.10377745791946151,nan
139.27983691766286,155.19394301839344,0.1042505687869954,nan
128.60386843819563,68.31181063866683,0.10434175662066292,nan
18.85777548593524,43.93007355733286,0.10472843125554393,nan
13.490897170746441,83.3742551587251,0.10510715318169761,nan
203.29833989434312,165.88072997341334,0.10528151479738157,nan
15.56915767020432,43.126868658606966,0.10552892487970046,nan
99.66163721628645,54.62368278161439,0.10569202741289926,nan
178.9250512126894,49.99000338694588,0.10572507819204817,nan
217.01301836449557,217.90765948477625,0.10592796822538947,nan
219.217832069426,208.60598762776112,0.10593325985011204,nan
202.28092924774364,207.9133964336172,0.10593734758417206,nan
214.3006611518568,208.14737921395695,0.10595215059617057,nan
4.441746226422221,112.00779977640798,0.10595500315429113,nan
3.2018826622856555,37.996648842888725,0.10605468891163829,nan
258.5002109384819,88.08445154969863,0.10611505522421709,nan
246.8996829744848,95.27360851115029,0.10614416590666606,nan
223.08702914235707,202.23340403863068,0.10614509113431035,nan
252.62106582141584,100.10903193442013,0.10636775881228751,nan
189.1138497886991,204.76590938075938,0.1064106008813113,nan
5.401592962557617,39.09102376207846,0.10645735462556362,nan
138.35795395612467,65.50830367941975,0.1068146356681496,nan
214.23820035191096,211.65438639592952,0.10688396259433637,nan
52.02552343503896,148.4965637708565,0.10717392232877898,nan
109.51601336303172,38.12722554215544,0.10724943724038159,nan
162.560243036769,196.30787380297562,0.10744218589405949,nan
27.385532575602664,124.18551865682453,0.1074875159249521,nan
39.50720294415501,129.20522950043593,0.10748934862929561,nan
43.978951633638744,129.32674364604426,0.10749456690060094,nan
212.31507016647987,214.9647502789081,0.10750796124163191,nan
170.87303403681383,200.4150444355499,0.10750820312132144,nan
157.31520558973503,192.5574991764815,0.10750891234848796,nan
152.29471474716246,206.35535236741998,0.10750930486885966,nan
46.696405204611075,127.66898471781755,0.10752137301503446,nan
39.02720658368514,123.07586022266122,0.1075358110617108,nan
167.36199252358315,198.81515197037723,0.10753890366461984,nan
38.36523547426945,132.10642955795842,0.10754136229104883,nan
39.15443614242374,128.56422335777702,0.10757545651904345,nan
39.473300696422925,129.15008443646994,0.10757612602399574,nan
38.170714374031164,125.14141004880713,0.10760505156128831,nan
38.67686112421281,121.63324583744863,0.10762540541901575,nan
41.74939344056492,118.02477702641703,0.10769496203219614,nan
42.719467063172466,122.27885438331317,0.10770071756742192,nan
36.3524166819891,130.73521020344663,0.10774197585104917,nan
168.60584609749912,203.39545053277425,0.10776337342779352,nan
50.45364591303248,137.07171433956802,0.10779592338032093,nan
243.77457604875684,90.08565278861698,0.10791028469048357,nan
133.0382157200927,71.4729570713016,0.10811156684187533,nan
42.43688940849273,23.100853266614966,0.10824984034437769,nan
31.362529270474553,14.3305025949542,0.1083689123780805,nan
45.490588587706995,91.42897809239264,0.10879139094831146,nan
225.89741983233822,207.46262822451902,0.10915448933366971,nan
150.47405053390005,197.85159771567743,0.10916180565055603,nan
42.23024745770023,132.11950285826708,0.1092067380391737,nan
249.38253183205597,88.73553096728192,0.10925982739136947,nan
33.23305490953707,127.61379192771922,0.10936746139894801,nan
154.96492811585694,190.99317672023025,0.10982990180252176,nan
4.730077258650828,109.39173767430032,0.11020577269477144,nan
-3.600539528152763,120.99787644177374,0.11029474139394971,nan
218.94284420258595,204.15648368571678,0.11066432598044958,nan
43.3036123104251,26.90074710248575,0.1108176398291938,nan
176.5884572256104,60.13491624917585,0.11098672758743028,nan
228.8910587920556,81.3053990994001,0.11171283415276353,nan
14.080646167102683,41.34471218257774,0.1117882130105018,nan
105.31525955785487,47.382560322102385,0.11187816074470933,nan
11.113592684140297,26.971969379198548,0.11188780627801605,nan
166.53461748288476,213.95936398038967,0.1120498100427314,nan
254.67465414809658,96.5567142922979,0.11275286780188776,nan
252.66626066899016,95.277932248018,0.11285680259049492,nan
89.56712150423314,132.32149483980896,0.11388370096765853,nan
91.02889885676446,130.30597856557523,0.11388578201724182,nan
87.10400476094945,134.69808761486195,0.11389546255345327,nan
82.36103382085588,128.22433070946352,0.11390314029047671,nan
75.61880491044391,129.38066110002086,0.11390768751362872,nan
86.0205921753378,138.09553534757245,0.11390910193705833,nan
74.623053873704,133.87843952279002,0.11392306733744406,nan
160.5867295717694,201.02968628898392,0.11397248700680936,nan
80.85600892204495,134.2956379708326,0.11397892758431269,nan
78.98875096445187,134.4622634356664,0.11399566929122502,nan
90.63737062270594,132.316479918389,0.11401304641547418,nan
74.80541968843382,126.66882457675574,0.11415278896910715,nan
14.880665532625493,37.96101289179591,0.11454713450255735,nan
249.08169501692868,90.98133196093579,0.11463451490392304,nan
90.29105295102976,39.53714025736942,0.1147713031429751,nan
87.01560807303963,129.9047275220433,0.11477583598180077,nan
90.26618228451134,119.43517519993193,0.11537626177431973,nan
18.10969781333044,44.020688195556815,0.11578762048957343,nan
45.88905492240144,202.31571645704736,0.11618214479639963,nan
51.50118400785044,196.73659746042802,0.11622573711058501,nan
46.3199594490553,196.41803249124075,0.11625230113818691,nan
51.69669027576428,85.53834861270077,0.11686985764490351,nan
242.11780484178027,201.74713818643966,0.11713812426963947,nan
226.71425063658216,196.40431458663323,0.1171410560991895,nan
244.6534677547329,201.80849483345256,0.1171422375188143,nan
234.50029808551554,203.78636818892704,0.11717602191056267,nan
237.7915077719802,204.76748383547908,0.1172076539988883,nan
231.75079029852117,197.9429266071825,0.11721710779700409,nan
232.8860526664876,201.01912017322675,0.11723656813163873,nan
174.74161974137118,143.03061603685902,0.11731370482757264,nan
171.36207804324061,131.69526393044444,0.1173161618524384,nan
238.06652245165367,200.28011626914443,0.11731677809902463,nan
178.1651171980051,141.01678173625055,0.11731913562495687,nan
159.37634209680442,137.0723632435116,0.11732290477900012,nan
169.9664050591428,133.0971623994473,0.11732854316961684,nan
170.161126240582,137.30322156322265,0.11733542975290916,nan
171.25967828684577,141.8098714451284,0.11733953269011568,nan
168.92627963589842,141.68323610106845,0.11734799297403384,nan
164.16626003765717,134.38875063265084,0.11735703863774608,nan
179.97832611574012,134.06587186562228,0.11736281439319998,nan
234.9586905783046,185.88403904896168,0.11737040875545361,nan
236.36718853296705,199.88749643596253,0.11739250025380032,nan
239.38420402581974,194.372799774949,0.1174728987031638,nan
244.39904651420937,196.12881044737088,0.11758031843598807,nan
177.5620193833684,62.531315777825185,0.11761397004107742,nan
172.6355083706431,132.80085761771937,0.11767254608988283,nan
216.50573993075324,211.80542943264845,0.11911067800413476,nan
35.39319444744711,121.83787989345923,0.11957310864481667,nan
231.03912261219824,200.10295075917983,0.11993245298648103,nan
228.3454077941939,200.74831606644753,0.11995952854333732,nan
218.91249650575742,83.68701193293262,0.11998111308344289,nan
236.81535671267645,205.40363015986267,0.12032165583166768,nan
168.18625366620014,194.76381075522394,0.12033966029978868,nan
44.7300184071376,197.33262249498748,0.12038468324016685,nan
247.0997972438397,92.85111691202505,0.12039985158322757,nan
215.8023638691028,210.62346410642155,0.12057941795177747,nan
173.02669244367146,66.23912820250025,0.12064224864541374,nan
78.07413094598787,136.62093466914249,0.1206640115224605,nan
42.48568106749169,16.80706047173835,0.1212745452647526,nan
38.27382300795671,20.538419753386343,0.12129444119524689,nan
36.50328199592969,21.56930446247447,0.1213116648290465,nan
34.20408359633179,20.500269284544068,0.12132451436410967,nan
38.42500169545117,16.924771408760783,0.12134554998106692,nan
82.83718826894452,225.72416370490032,0.12135571423060518,nan
81.84382135525541,230.3406409450423,0.12135798016629014,nan
82.1519447288128,232.6147080744485,0.12137884002503949,nan
81.31264096388182,226.7871337667465,0.121417848149749,nan
84.35066846797848,229.5524692269319,0.12142913435443217,nan
76.92982777561376,228.8214529365736,0.1215954667153163,nan
234.56596110324844,198.32767338781284,0.12165216379106296,nan
82.17576870597112,227.69942812656703,0.12171343918309976,nan
77.5458844967875,226.22260923967264,0.12188960196156272,nan
43.18653920754413,188.02696667601379,0.1219015237134529,nan
52.12777961081395,122.47153739327548,0.12192303808711971,nan
86.03388035341095,227.53923110126377,0.12192869824067595,nan
112.62349478749863,42.92010961499084,0.12206419834493348,nan
196.75973006605005,230.40121823269632,0.12206722193067984,nan
209.32153585558052,224.89954494205006,0.1221060805813603,nan
195.23098451831922,218.11314012585066,0.1221394250634543,nan
80.5758895706096,220.49016273762697,0.12230086380087275,nan
42.44355843510767,21.80341522480803,0.12231793464340922,nan
66.58362427016911,218.784998648225,0.12252509937987696,nan
81.1988115335543,221.96482171411387,0.12261956059261889,nan
37.91157466264999,154.12986575838755,0.12291273912000072,nan
165.22281474606888,197.4850288559329,0.12295967312180196,nan
41.507056661836494,163.2503035945733,0.12381630570249473,nan
38.75433482551294,188.46458437385309,0.12405811966518672,nan
11.005691714031858,46.413262905142155,0.12454071855368501,nan
240.09769923603824,203.40898465222233,0.12466870043298992,nan
39.41630795358266,122.28393324189203,0.12511147682588775,nan
39.18467978877521,21.886786540569187,0.12524022659683315,nan
124.78433021135378,32.52471585410461,0.12537324291648924,nan
34.20150464270247,133.2478909190841,0.12541439668676374,nan
175.4129047074212,137.6581970402762,0.12550332200293055,nan
178.8892262690363,38.91179141756949,0.12581966784215887,nan
48.49884223575564,199.4848007590892,0.12602426604931272,nan
170.07795952309442,197.12794053477367,0.12608755384736828,nan
49.51039097467993,193.9788254060167,0.1264299417935779,nan
37.029728510467166,18.123710276694837,0.12676805759219828,nan
14.720954299927435,32.88822928728546,0.1269299168890684,nan
245.83636508040615,208.35627642985727,0.12697415454687058,nan
84.9146551162667,152.98051063635887,0.1283881456641728,nan
72.78736770527354,152.92068919469637,0.12842193401539007,nan
76.30513409150034,156.23288262999256,0.1284398922009409,nan
80.43337467889553,156.5132412330251,0.12848331432846327,nan
79.19493300697371,156.62905002406632,0.12859689142083477,nan
35.15511520195015,14.658980268931854,0.1287074553941686,nan
87.43705785803932,225.65695273634432,0.12974613698645895,nan
232.48595733247168,94.44773439506024,0.1305697277951363,nan
240.63789801766788,84.78777089362445,0.13057552785622042,nan
232.16539882338847,85.49825036301782,0.13057927344743264,nan
190.28957421460441,161.40043214294704,0.13058916864183523,nan
238.46321979333763,103.74107034216608,0.1306007145313461,nan
243.80906660325635,91.89790196631074,0.13071566077855232,nan
78.20806563200128,151.0382648710301,0.13073102390287702,nan
235.7489981242256,90.16942027799423,0.13074511043004514,nan
243.56753385617188,93.77292631001464,0.13074803452749537,nan
83.6104791971566,155.62999554349418,0.13097514522818832,nan
169.04934833250834,146.44988836578545,0.13133312436185873,nan
98.4237966260382,55.55945193690915,0.13149434296794055,nan
20.897042192607373,180.14261279305038,0.1327224822511021,nan
11.9833568471093,167.92396806943646,0.1327445468574839,nan
16.835651522002518,162.65342896868816,0.13274579927550206,nan
16.78252332256357,166.20797504237052,0.1327563730020725,nan
19.333429766979464,166.66211644722748,0.13277008143130692,nan
14.780667464041302,158.35773922903715,0.13285175263505286,nan
70.0597236592284,153.62128657889298,0.13285653977464923,nan
11.221342563759837,159.29574274399624,0.13291386348379444,nan
20.88746931423535,165.08171930635493,0.13300431738873017,nan
11.838853124404855,37.18401733799476,0.13302500470334416,nan
32.308136663606604,15.709177758095679,0.1331087640665193,nan
8.37541213132886,168.2753324236776,0.1331574780567007,nan
10.96177917569396,167.41125526831433,0.13316155612416333,nan
19.445094281373823,48.445666196708096,0.13323513435014395,nan
13.903525978915372,167.61142636552407,0.13325126524735295,nan
15.128989840537923,168.93133375915409,0.13343851134332418,nan
11.326681451544532,165.92530099477418,0.13344612508622275,nan
199.01626740378236,228.7578530300776,0.13350180732415826,nan
173.0049106263688,140.47276326228993,0.1336579783506753,nan
79.78876114278273,230.2401620463113,0.13383241069919352,nan
3.5019032478664385,112.9557979584591,0.1341103632314069,nan
249.61418547867996,96.2404520568192,0.13419361510741576,nan
18.963421209355126,165.52672485329217,0.13423417894976597,nan
83.06960384497972,159.53708688270146,0.13457062491263405,nan
51.00917842577237,197.44033044779331,0.13481405954286385,nan
238.68979706412205,96.642353535723,0.13485973623428016,nan
134.52361207885883,252.72420659478254,0.1350324268586961,nan
234.30544120693662,77.46807838377778,0.13521924061256174,nan
81.38214924271449,152.00025387419868,0.13537614063126988,nan
81.01711248965482,220.24111441061646,0.13561251356552526,nan
88.66998039239459,155.15714582443158,0.1362006191781762,nan
166.32759040773755,141.330122791998,0.1363277224774795,nan
15.371361339000499,166.17727055744754,0.13649997430836908,nan
76.27757430308579,216.29717775339572,0.13653197239786433,nan
131.34445439091166,141.169595086765,0.1365459486556721,nan
125.86932814626621,246.08327160352204,0.13665582019139194,nan
42.82309601829418,18.86122494127299,0.1367843365817213,nan
47.13065423738031,83.31895854624243,0.13714077721456652,nan
169.832291897104,204.88029200795913,0.13750866296553538,nan
15.866890508778575,156.24695272811488,0.13769138332428882,nan
189.27242742700355,170.3954514127603,0.13895465399172005,nan
181.49738250476582,53.73774061787335,0.13912357879144227,nan
76.22357930105274,221.02934428612892,0.1395937380138958,nan
84.49590123763979,151.15354477424606,0.13959929263243728,nan
17.550987745742187,39.857457198639814,0.14049812281299306,nan
86.63470816945255,137.453567944105,0.14097029194163907,nan
131.1066149603934,167.39254638186418,0.14162528093231944,nan
121.19326068002268,178.85374282272554,0.14162550371017213,nan
126.0689792120591,174.8608647306547,0.14162824939784313,nan
121.62830947566263,181.50119432750614,0.1416334966546702,nan
129.31924103277925,168.46807122721867,0.1416376782352313,nan
113.63769922845368,173.2749165847164,0.141638799984644,nan
125.53170980383008,182.3918649816002,0.14165239573732094,nan
121.72331929893848,180.32142924997754,0.1417089243985743,nan
165.81030685518095,132.97868150249852,0.14174616237134843,nan
115.24195243358574,174.07546431933892,0.1418611187128527,nan
165.2819248874973,200.26072123145485,0.14190570969940375,nan
67.13084042219839,40.24117711208805,0.14197289181272316,nan
56.08698953919655,47.4041957844756,0.1419808217322164,nan
65.48006349590666,44.76425008437922,0.1419858897493362,nan
67.6911700716037,46.285199909987185,0.14199873205594155,nan
58.87955473635401,43.85641054561225,0.1420043953630612,nan
59.01830363342844,43.735882923689374,0.14202356999439894,nan
72.46475307496281,52.313586459450654,0.14202915228946456,nan
203.55835519204922,220.21860415043108,0.14217897674100932,nan
125.54174753883751,171.76688315062327,0.14259016526176008,nan
178.47659297728268,35.69861681798175,0.14265063450759663,nan
57.76085853193717,43.200689277918826,0.14287674959750063,nan
10.24244716084797,163.2328215303048,0.1432796569577413,nan
78.04342703587749,58.21969451793966,0.14355521174631783,nan
72.6269984855386,45.63100556108283,0.14355691919527067,nan
64.68420507384225,41.662175386988764,0.14359670853201395,nan
71.2072749139032,53.92274862436255,0.1436021938156259,nan
62.89295082767255,47.43626347781246,0.14360749021072183,nan
69.46939094528307,46.682359069289625,0.14363638937545606,nan
75.16937359980277,37.997749656347914,0.14371978919637507,nan
12.867623904214604,159.05451360185094,0.14375043763156237,nan
66.40074569489023,89.36910331858573,0.14388493353746404,nan
76.78328135375811,93.42182045615358,0.1438887864733074,nan
79.78462960624114,81.68663779934562,0.14389635409671808,nan
85.15660518863396,226.02577232847906,0.14398320511595253,nan
73.1673905990276,35.29072865150102,0.14402224822438528,nan
127.36632019056853,167.6441769239318,0.14404393084936296,nan
81.1179144929196,97.91714271729953,0.144120036264505,nan
90.17708479548787,120.54325038007816,0.14413701337014634,nan
51.292087669254926,193.65657459236525,0.14414190023619589,nan
85.77691150388445,122.76274575828802,0.1441576105897452,nan
80.63562644168366,84.90796364338185,0.1441644696552007,nan
92.00563092197561,119.33423782854877,0.14416596471127566,nan
91.61011015847478,123.92026104026205,0.14423949106177417,nan
85.69289248928392,113.42580110974856,0.1442624870789348,nan
183.837344589182,75.456818142768,0.1443023327152485,nan
188.52428162968232,65.65445489242323,0.14430282138591904,nan
188.59350612813267,64.1232618556086,0.14430365661582592,nan
58.3052153261006,41.545034318994134,0.14431156558180613,nan
91.60345750893156,121.46355252298709,0.14434124497651404,nan
197.47851874072515,66.7451058120034,0.14435722400490447,nan
86.24257436118643,121.82723468442109,0.14436618986159025,nan
192.96389063294336,67.52590577107776,0.14437827579757664,nan
89.66232179895975,117.95435599767261,0.14440094863504752,nan
196.05064399496294,56.890394528886944,0.14443017364262636,nan
250.26771280597345,98.74224997906637,0.1445259885902267,nan
22.064136895287287,169.20651820892496,0.14461158022676246,nan
193.9396351315343,62.62437845484467,0.14462910913532437,nan
189.37303947112014,69.21850224543071,0.14489820006270768,nan
75.92952528867082,100.2026590577955,0.14495865350817266,nan
199.82943137303283,62.255089491173976,0.14521979431559426,nan
185.60014470220545,56.95881414675043,0.14537148465340655,nan
39.56968799527625,13.364403855074874,0.14544677348976529,nan
33.06266647737426,13.06254155421753,0.1460564242698672,nan
61.02180511004159,40.32785464238667,0.14627505092702786,nan
76.90306788176933,91.8517619867403,0.14640549343394207,nan
69.12672272800624,85.64211825023953,0.14644236290944598,nan
25.556519395005626,76.18623543469963,0.14656495652322854,nan
65.70381632391938,49.490139885847505,0.14694590777974034,nan
68.97172410723009,49.2829038794746,0.14700573185666158,nan
51.170092265021985,165.19130422360553,0.1472190382591855,nan
80.5600652219853,236.70316404636537,0.1472233442538848,nan
84.54881738808602,134.33094836680638,0.14729944513184623,nan
58.422580048621285,154.5411324339895,0.14738064375368357,nan
71.77245201933401,48.12512269274157,0.14741010036994961,nan
67.29611876405498,151.41932916801292,0.14744688182636226,nan
56.3969984493995,164.51601974211434,0.14751571445248032,nan
41.04495013156483,164.44227850106137,0.1476746479426356,nan
116.6812647497444,175.9933105355671,0.1478369152814781,nan
115.96414261612976,175.24059881764225,0.14787653303468062,nan
45.07427474136146,159.43255131602808,0.1479177641376846,nan
52.79214353633399,151.28416040479027,0.14830270956817113,nan
232.2721583466206,82.08165126109878,0.14837290699197547,nan
43.18421301905792,151.9103402747135,0.14844261463161293,nan
74.75436879515001,227.46637628627172,0.1485267762855474,nan
172.97334835211996,135.48511879317954,0.14859720186491104,nan
61.66853009500368,56.22904819368798,0.1493436682745883,nan
75.78541349290211,44.73402134635915,0.14950352357085908,nan
91.1285887694288,133.26459254910287,0.14959101530784116,nan
62.1798276537126,38.64346666953701,0.14966480294673232,nan
8.550615731143434,174.13621672158993,0.14976343745328685,nan
44.5400256888731,123.44573123822502,0.15064211048452544,nan
13.006980005734778,165.6749738874352,0.15110559608728724,nan
43.872222983875105,153.21973091104752,0.15118094641668336,nan
84.39249372717799,47.23759239911593,0.1513038285348899,nan
62.69720987919741,52.74894153311284,0.15182724364366276,nan
88.58126594682862,162.90581328845278,0.15198415813528152,nan
73.00141412829291,49.56182239858287,0.15220045608684926,nan
9.765659625175289,160.4996822999922,0.1525278886893113,nan
12.499823741016163,176.768820971104,0.15279159558995892,nan
81.39849014140299,157.19641295750412,0.15326287263151078,nan
124.99112981040044,176.1537007839945,0.15340225853341694,nan
77.906284194479,50.73471014592577,0.15351653417636044,nan
177.301012039076,65.69009598905662,0.15370168714053312,nan
243.12083878581703,213.04754047947637,0.15485720705454317,nan
246.3002471862113,207.9052877617388,0.15486206791352036,nan
244.3597648188192,215.1805607597413,0.15487187530933738,nan
242.71350374604003,205.0965324351598,0.15487497251961801,nan
249.62045013542905,211.81320915499973,0.1548776814210333,nan
248.20228408677542,212.00048461483587,0.15488238153768874,nan
243.6750280567618,218.03093645655582,0.15490367216141487,nan
241.40860382551756,221.06186790523992,0.15490728719464508,nan
242.73529374837716,211.39263970819437,0.15525254942425684,nan
246.72759206585314,217.3942132310545,0.15577681681857186,nan
61.503952423418106,46.19386875875733,0.15608653486814286,nan
8.245570218097503,259.8619313807595,0.1561486302816825,nan
15.287909614758727,251.14135135977142,0.15615740399475203,nan
6.860644868181156,247.4948877932265,0.15618797975885032,nan
13.770183441648136,255.1697776238464,0.15654194732090485,nan
12.07446276936986,251.6106899771247,0.15691066345904983,nan
71.9944208755116,46.716060087620754,0.15710536841950182,nan
49.98565153872702,156.49527757821048,0.15734131129190343,nan
13.238998778144088,254.79927187479456,0.1575778558732771,nan
78.86859343532174,88.31390541490478,0.15767037676457415,nan
67.41217086683629,94.62404240263973,0.1579210400528379,nan
60.76028769497539,43.61972893423684,0.1582030046787557,nan
206.88193392759197,55.33999189548222,0.15858831873756785,nan
12.522359033346275,239.10840090485718,0.1586852148403303,nan
115.04261612365778,170.94591239441615,0.1586929541174817,nan
45.39941292720914,22.082927656291528,0.15913659791964074,nan
90.94786552869598,127.95523423715647,0.1598616169558892,nan
70.72436627768968,41.14079330178376,0.15997017977246442,nan
30.239224763453002,10.724749779310596,0.16047416218085192,nan
89.05777915297901,127.3729756427596,0.16048432597251738,nan
37.14855523505963,121.07926136204176,0.16049389445571563,nan
5.994044556711251,251.48518461904047,0.16076800989089862,nan
171.5219003227931,136.18542199438104,0.1612430242275815,nan
148.67525630798238,74.9374658612884,0.16135428671266652,nan
152.1675544595723,84.11183080263655,0.16138608001368585,nan
148.12720245034907,80.67576217899361,0.16142954026835923,nan
152.7161121681124,69.2472429447796,0.16147024393591103,nan
155.4440041934595,69.96630423590989,0.16154427579734099,nan
72.44812189630849,45.582401194014984,0.1615797724386693,nan
149.89386595305183,76.08943150028523,0.16160311315477957,nan
75.39393771123771,94.69055845040913,0.1616104564272869,nan
164.45979750059564,87.16521856451465,0.1618494747830751,nan
12.294396211934501,256.25300620783025,0.16197532776683404,nan
45.23145439254906,5.554144412612703,0.1622460374292104,nan
35.26356762260352,9.733455827888571,0.16224951262898302,nan
7.09090153509022,254.92948747682354,0.1623122827432812,nan
48.59876158577123,15.505681433376294,0.16245349159567335,nan
42.393021341647795,8.341369310910864,0.16245621759429693,nan
45.89604286634307,8.536431359304538,0.16247685714412288,nan
43.356323811245346,7.38478377632362,0.16254316633380456,nan
152.8218632180994,73.69612074866188,0.16258851463028573,nan
248.8596520969363,206.8260037104149,0.16266329285007075,nan
186.49903219967374,154.74350048239336,0.16281687468404737,nan
172.31253749302059,28.34282291294413,0.16303015908626753,nan
45.33268774062085,165.09234395077416,0.1630378171914916,nan
165.76056535572326,31.493787392201195,0.1630397604313071,nan
178.46672367082974,28.083540125668655,0.16305298864715906,nan
185.44010842555656,38.560617933979515,0.16306075254611466,nan
97.61464541808,191.42261538117026,0.16306142364052506,nan
168.30033339456,38.70485007652648,0.1630760125036806,nan
179.14187902647308,36.90287321902222,0.16311294353562586,nan
179.14646908062946,29.899362033941454,0.16312272954942322,nan
174.59631546949285,31.584985827384624,0.16314281615162976,nan
176.39904538123977,36.900953863809015,0.16316873324294406,nan
177.85393514917504,38.39950911020342,0.16328384704666982,nan
179.41248617374248,36.26027903492563,0.1635365166323988,nan
76.45196126222933,233.3622554390255,0.16359192436991404,nan
78.23004471870117,215.87003358017418,0.16384296080544167,nan
171.26187249745774,37.73643058226516,0.16399205841339345,nan
234.5060852726786,87.0016553561955,0.1640345108604256,nan
150.5254746888636,72.43892077289736,0.16458561313023556,nan
87.24275785603061,163.14837133463158,0.1647501693461992,nan
141.52118505921905,30.135902061731567,0.16544627675147533,nan
149.55195583752695,36.52059460305292,0.16545146042413778,nan
142.25463109086385,35.489182390396955,0.165468802035515,nan
15.674015576629364,250.74920379882604,0.16552285448328416,nan
160.15470740937917,24.40293713982066,0.16573149678116564,nan
156.76902731968872,46.061456041758866,0.16583120742796484,nan
71.45120666870528,86.84624669151445,0.16621586106999148,nan
24.487726249928645,164.6886576158617,0.1664622388255262,nan
180.4988311643461,216.5738484692986,0.1666293465929225,nan
178.92781363216562,206.65940027675347,0.1666426762606258,nan
165.47572223772946,204.8049390795182,0.16664513971440195,nan
171.81673208771898,207.46954138981644,0.1666618423247509,nan
174.1598414335702,211.39015951471612,0.1666623313623899,nan
180.56299848511878,35.990861900624836,0.1666830493266884,nan
173.6341930208746,211.92212171549255,0.1668088369011807,nan
67.79164199093799,46.126076923684785,0.1679887980063337,nan
92.29585846014687,204.3910943002483,0.1689730826973155,nan
44.40925323570626,20.671562693175574,0.16936200385384514,nan
36.571755124232816,45.659680845729866,0.16936826409306163,nan
36.7209546063304,38.11072736099264,0.1693790509726495,nan
33.51708308366829,31.383457338062847,0.16939341469869945,nan
39.99518235602956,28.63954684994813,0.16939831971527436,nan
21.939801806497794,31.545112557131805,0.16940488603243625,nan
35.07127291030694,31.348523677782858,0.16955080756106375,nan
66.35109600356095,51.808479010455144,0.16969257119805228,nan
30.56850231680657,19.07699998797526,0.1698715227451918,nan
26.358872566902527,31.75962541492618,0.16993550117232967,nan
171.63184049553567,39.98076895279556,0.17031886527112075,nan
41.06481967676164,13.802040448765021,0.17037114883533222,nan
159.11626881131377,92.16266739963228,0.17052119690647735,nan
38.01646637214784,31.132803136282224,0.1705678500962861,nan
125.01279970228812,71.10755112575444,0.1711061850382686,nan
118.26537479326242,62.872262051224844,0.171108382906739,nan
125.47146096221198,64.27337259585715,0.17111457801525298,nan
112.00101623029505,82.07361721159991,0.17115498489347486,nan
108.36084591136947,61.00962803680425,0.17116869323018846,nan
174.73453480072627,40.81283161800368,0.17134095051860304,nan
76.32604980735834,163.3093514921892,0.17139463252660245,nan
110.64666729682345,202.1946716381426,0.1715088537203063,nan
78.46328714646495,37.36187255847837,0.17178792295773088,nan
34.85415777906485,30.54735250601662,0.17190599322137332,nan
126.35516363851048,65.14163334295586,0.171943504073724,nan
90.18584494775878,128.86800213623076,0.17195744185664755,nan
41.507755788929366,23.623557835221504,0.1719812079588414,nan
59.756126507242634,44.26056207509786,0.17238725650876233,nan
39.582728557662605,31.12453192314604,0.17249259127505612,nan
117.8622909298305,178.86469205891777,0.1728002704130814,nan
120.95456254878499,60.965882812886136,0.17302679038037883,nan
68.98645855690901,-3.0660751555216184,0.17373832388086446,nan
85.7954653669457,5.09902409679438,0.17374165975784597,nan
71.26213736104893,-4.960546191150736,0.17378627583154782,nan
125.16854433231386,59.52846460232484,0.1738651592048221,nan
144.9653621401588,38.07692742164225,0.17407447596697448,nan
70.88841710391428,-1.007624725194147,0.1740904241867064,nan
159.6502932589432,142.91809433692768,0.17464194028659227,nan
29.940059524176437,23.902353685786224,0.17502459902374973,nan
34.6873800047509,34.02079764748669,0.17673435434936138,nan
34.550112667814375,192.32981515259706,0.1770062335603662,nan
36.66623783772382,190.2923757241475,0.17703471671172882,nan
43.33730409614567,193.9505635498284,0.17708480134417592,nan
26.47243428763098,194.6803930468641,0.17714659802291113,nan
22.250780443819803,191.53029644582875,0.17735036838490129,nan
37.590366056076235,21.083382881026086,0.17749572265418834,nan
215.93308260709028,50.92677964589845,0.17767744001155433,nan
231.70215303629797,56.13008517977925,0.17768034907813338,nan
223.56512636112458,50.396247878979004,0.17768305745452734,nan
222.4423797552649,55.51673290388456,0.17768689225521148,nan
219.2076430830371,59.30682449162359,0.17768995720911934,nan
225.0589207599536,51.34972739162517,0.17768996514884075,nan
222.25545820736173,50.72454295816379,0.17773458224457428,nan
218.83861222430554,59.92240109611184,0.17775333701944906,nan
219.05174078818945,54.73168982249883,0.1777759074278788,nan
212.21186378775485,41.4523642158223,0.17782261199673535,nan
219.43809676473327,48.613434101966746,0.17790822342450424,nan
223.546913414337,49.04669632851982,0.17892774292272196,nan
192.8447486385114,217.35228025519828,0.17895637217976845,nan
221.670018470544,47.54638475348466,0.17985830503511577,nan
176.07161100679673,34.26591565634354,0.17999900044303882,nan
144.0607332594247,31.136198151510293,0.18027843276892572,nan
54.773814809602335,5.465812511351098,0.1802844192336795,nan
11.256438504792687,164.11565152438146,0.18054944878780116,nan
34.349065283642844,113.5131187107535,0.18063927228315002,nan
224.99467380263678,46.88383054660742,0.18097743340294312,nan
121.20631548394103,72.43127302830695,0.18105335923249372,nan
163.58185550486624,157.8099310648675,0.18139069031656913,nan
173.1488674096338,164.38648315722625,0.18141359987056443,nan
41.39195247143097,3.730300488141067,0.18152990434645527,nan
28.04044196174952,25.725214051396524,0.18162158454753857,nan
148.08256366033424,34.443176669122785,0.18272030775410208,nan
21.660116730701187,153.89835831118583,0.18312933503274828,nan
25.2411206897802,157.09508722503836,0.18335514381684773,nan
21.13167267084742,159.88202924171915,0.18340932544988414,nan
97.48751133802334,224.4139355917891,0.18357341928290452,nan
103.44097589720543,216.67523583898074,0.18362320042813374,nan
102.94209517443178,233.22732773562592,0.1836375626604986,nan
93.45440873796115,224.65407534532187,0.18376294948469415,nan
104.06968479304317,223.35241693418214,0.1840712742210304,nan
101.17315848646426,222.78485655322777,0.1841334970210726,nan
225.68474773108767,43.04542586324602,0.18458209006955403,nan
102.97656769009149,226.3093434810284,0.18463588602163886,nan
95.9359028082098,222.8908435109624,0.18482066629308538,nan
104.12759284161126,228.973000516913,0.1850836277849287,nan
80.59934002324557,-0.17179280682074727,0.18510600120815143,nan
122.89897653657717,73.66527454484552,0.18523722289823336,nan
71.87264157334434,38.88217173403948,0.18525006081837558,nan
128.98248371304408,168.78295545475987,0.1854535356546948,nan
27.305196796096215,148.3770826858559,0.1862622456297892,nan
19.948377476229908,153.19931186752424,0.18629531204013539,nan
99.72564965038015,75.64821037220354,0.18641377097674316,nan
96.1133681119062,84.14557333565037,0.18643666312548343,nan
103.92857960352853,73.59293901178756,0.18643786932132186,nan
105.97775800657978,68.15682660111506,0.1864675954021342,nan
116.70341561349677,66.83243537903621,0.18652517621460107,nan
106.5576367004785,70.29628700010659,0.18656043741162023,nan
109.60398606942697,68.57540292078649,0.18667748655665078,nan
172.69570829319332,36.621460218555285,0.18669469534596525,nan
228.93419256525482,54.29433942303499,0.1870357493675245,nan
32.155199804590026,188.81084104219173,0.18708784578219656,nan
95.12773664418498,70.93077510443838,0.18720135492319748,nan
235.08421262975426,53.184056231090054,0.18736525327983886,nan
248.24852422067408,12.4724110356972,0.18741447661162827,nan
254.67840186108393,5.983006114455927,0.1874240037950981,nan
242.26807348148242,5.461300862114025,0.187566647469302,nan
250.77620443844623,15.969917782670352,0.18757780902906637,nan
243.31757643436774,10.468276971465304,0.18762191902987366,nan
253.433727739555,6.7074910542034125,0.18763794396880873,nan
247.71838353689873,13.940477262692278,0.18768835359048716,nan
52.36297946666806,8.396225676072294,0.18789938909144374,nan
217.1564377750573,62.89025162218086,0.187982456912499,nan
169.82936219021738,34.87575850058616,0.18814609787389647,nan
40.07178078123533,192.67350838603707,0.18853917656968222,nan
98.64670952187815,218.742690643442,0.1887416731296215,nan
220.64267178400002,58.70567144657572,0.18959196850504068,nan
165.1542219443607,156.12672102467363,0.18987826839237118,nan
99.80566115530085,230.20798893950825,0.19036209181313793,nan
166.48795909532456,117.84967164945785,0.19060816997050328,nan
18.246614814390817,150.37810230372872,0.19061994116616254,nan
96.81402230667254,231.90138572820496,0.1907891894030568,nan
38.2789853687826,35.27481010885731,0.19086149659236912,nan
92.43832948608099,228.675028164446,0.19090028658263353,nan
36.57516641031989,163.0735665566435,0.19093483738267197,nan
162.30959928415518,119.0066064767603,0.19103029251834275,nan
42.7535587607993,38.032022353871106,0.19135234421796524,nan
248.26534919959664,7.69877888840468,0.1919113610243905,nan
146.05913610470122,73.45092542186393,0.1919189252784661,nan
219.16772339829964,58.516802399664456,0.19236737097003298,nan
164.1869994473958,159.16446405735414,0.19261620210078545,nan
99.20785974479988,211.84622451662162,0.19350893400144842,nan
9.911134028735134,251.51634983585177,0.19382619754830707,nan
255.2628662707344,1.8852402653898157,0.19396373826288346,nan
115.45097955833941,175.72173512036318,0.19417102183934615,nan
212.06007327148652,120.71042710667619,0.19432287305773968,nan
208.4506362222987,115.0828851517764,0.1945431052880514,nan
34.244539846765726,27.414169500066407,0.19498398355042856,nan
17.37568195358354,148.81407386092206,0.19617273234539134,nan
205.0794731749103,111.50019171072735,0.19650100193495187,nan
97.91453963872446,221.49264572509867,0.19679058625929927,nan
63.62645235687845,142.95538222854768,0.1967976262672407,nan
57.78583144007097,140.78329953261678,0.19679764280562664,nan
65.31886667292211,142.64035939581208,0.196803234186768,nan
60.91216217572526,154.82918481489574,0.19680713220325,nan
57.74600620929621,139.24809122030257,0.19680934517607998,nan
58.3030400220239,142.6673668511874,0.19681886872313606,nan
59.26281851362786,145.89027196194127,0.19689997111886612,nan
60.898543004211255,150.76277620198266,0.19692981462146922,nan
61.42686581041675,150.31516258107297,0.19713909110526248,nan
89.7324803719498,79.00153674578588,0.19714207517135193,nan
52.956203797896386,142.65721463352682,0.1974291605290524,nan
-13.469517568671662,57.22186573215504,0.1974361464485661,nan
4.559975550590687,53.97276435841896,0.1975974802618983,nan
6.992150279450427,62.41892482721626,0.1976809372866628,nan
11.674256539253903,52.854508979592254,0.19783104113934516,nan
60.41401694612048,142.40688484098965,0.19783817563725092,nan
52.014510360028055,144.93397713754604,0.1978444731414427,nan
47.92836266710316,163.28939485428205,0.1979054924822198,nan
108.87062068470283,76.10105904148396,0.19839455293506847,nan
29.32409121866225,155.38943058187616,0.19850985587506828,nan
30.005764691361687,148.6618505618735,0.1985106858416205,nan
29.05829939428043,163.78216332340548,0.19851647977230727,nan
31.07968266312782,154.30630458024714,0.19852054479773684,nan
37.09924161781852,146.43091782799058,0.19852659247255808,nan
110.29654125017703,75.95787376094312,0.19855304552430827,nan
25.494817322272752,155.07239007570584,0.19859042885461067,nan
38.590929059090485,156.3909151189839,0.1986159515827264,nan
35.76637503381203,152.8463900182725,0.1987298089064857,nan
36.762732089292854,181.50033413124456,0.1988684448181534,nan
29.48445978454413,178.658842887714,0.19905423009954834,nan
27.709772142901688,148.79379823232702,0.1998045909380938,nan
208.86293670456158,116.38851675921339,0.19994091171640824,nan
165.02684689505827,202.03642569819957,0.20106954224899262,nan
25.79512738070417,150.8708335592283,0.20112322849235328,nan
223.1505261930568,58.118231351873064,0.20154571649308342,nan
30.950368250944845,148.61838562227513,0.20196389472864257,nan
30.9428787746376,21.468451116251227,0.2022448200354619,nan
184.10612649349136,188.45530771655996,0.2036195049540746,nan
197.252500680862,191.28142953190928,0.2036684010650431,nan
26.142383684596652,199.24185486355873,0.20448724862188639,nan
168.00158212176407,63.956750869895394,0.20469912353765923,nan
63.32282458305316,147.33864722042722,0.2048910126945823,nan
249.97869121775878,10.4917608246005,0.20510298268519808,nan
188.68573375259476,178.445037163206,0.2051720889148959,nan
155.43888395512622,72.84882043668475,0.20538954081219032,nan
191.36550469578088,181.43162550371548,0.205747735495378,nan
151.06044920899046,41.017136064365246,0.20633141110108047,nan
23.093182171839278,150.36425927400697,0.20697363714811146,nan
62.402569193609,240.06845494425485,0.20720018645870056,nan
53.27875422251798,240.8435498037831,0.2072213656430491,nan
58.8507288166828,228.55036060851808,0.20722830141925616,nan
64.09876265872805,246.90254784188625,0.20724692900961794,nan
52.364697804299425,238.79661367442932,0.20727423206217752,nan
60.45977466357614,228.28055257619232,0.20732533573085105,nan
61.713828668967345,242.32481077959753,0.20747280646764915,nan
60.783442959703386,241.6034016663811,0.20748076112734953,nan
61.3633749571368,228.78109617087216,0.20749922999337123,nan
69.45986983318183,251.25857994740122,0.20767071730780537,nan
73.53855277435717,235.3664190253962,0.20803100608332273,nan
164.0903948811547,163.76247321527896,0.20818926162467896,nan
53.872710287233375,150.48026176249846,0.20835855006786363,nan
48.83981618597641,221.49953709349052,0.20879408387202636,nan
67.37750586622293,211.38985705122957,0.20880657167572012,nan
58.36965151236778,221.2390319714183,0.20880767151135282,nan
56.62888999238916,214.33180033329762,0.20882156907615837,nan
52.17397592773154,219.7950653162716,0.20882231295366754,nan
49.20702455404211,226.74495311270235,0.2089147055964632,nan
48.92321110924262,229.1580590546281,0.2089403159054788,nan
58.028381065618525,155.83738425080213,0.209099235873314,nan
209.09782804179292,119.90400330589326,0.20938614709140885,nan
68.31891417337226,139.9040072809038,0.20940498303194707,nan
173.0959812852127,25.696402785696836,0.20998437767745987,nan
68.82951323717327,151.44309963844785,0.21009873888998137,nan
35.131437183035416,38.03624752061731,0.2109500912437134,nan
183.2753464461984,39.46221251763808,0.21109559757080207,nan
9.719080500213254,256.9899675823713,0.21111910549170854,nan
64.51899606638548,235.46917822833336,0.21112299046756952,nan
7.310501169861561,61.02439069092144,0.21124047661157308,nan
101.91173328515335,223.44687384287718,0.21130565362474543,nan
72.09958774665455,144.68061782551834,0.21182696316638883,nan
100.83000711221112,230.48240507927332,0.2118692744977313,nan
64.66064586421426,240.05675815920958,0.21215873041313163,nan
59.20050720311749,229.05140640194122,0.2130222122170549,nan
67.05211263402786,214.51707722744456,0.21338286936746997,nan
51.26571711843729,236.38746606998592,0.2140408131907615,nan
83.8233648703408,238.14537121589734,0.2146066977183755,nan
78.91580018595535,231.5291077821891,0.21461280414325515,nan
82.45208651054959,244.52218265481523,0.21465299581028272,nan
92.60057399115321,220.24900613860973,0.21475333003135366,nan
91.23661536870051,240.92870865205737,0.21561078111593215,nan
60.67433491285452,225.6987582464017,0.21568474731678902,nan
71.78197864597104,146.83354911952006,0.2161869536167224,nan
19.643675363904322,93.54657860864228,0.21644526888221033,nan
13.229893233410486,105.93310178698144,0.2164453051199136,nan
3.7999609973792063,93.80719573235139,0.21644627210490044,nan
8.327038325977671,96.57047057731332,0.2165853186366188,nan
18.66297362103096,95.79050133436456,0.2167411524129843,nan
37.926558732576204,33.06654553789996,0.2167462636750695,nan
58.34503998008186,151.40070665913268,0.21681642459530384,nan
6.906478777051754,107.97936282495493,0.21684616450907251,nan
61.821964950652635,220.10793419089342,0.21714747331622944,nan
178.43371972700297,180.689657801988,0.2175199141079846,nan
46.616508326708804,223.05471582483062,0.21767915339275634,nan
2.661720204780555,106.00869529181071,0.21771128368452605,nan
221.27090517943964,214.8328800647684,0.2180887109329617,nan
144.92942410691023,112.0440125462389,0.21863503806302717,nan
238.65103797539948,76.66371844333675,0.21865735584950638,nan
27.254249019063455,185.66901550394806,0.21885073382169665,nan
243.0894098407869,84.96249682768658,0.21891552894072283,nan
246.99038320511107,77.59561314536289,0.21979689580359466,nan
110.61439211113229,258.98400675325377,0.2199105038413184,nan
114.06746593222664,260.2271943601248,0.219912301593281,nan
113.63793347156748,251.16641840164627,0.2199165826305508,nan
112.55802469011182,257.0409335687426,0.2199352072504626,nan
103.04038178689663,253.29712328971584,0.21995200001231602,nan
113.24259787410104,247.45743072320192,0.21998716713084854,nan
115.19569503920643,257.94879835183707,0.22002639056180825,nan
106.75844085817826,260.91333037646785,0.2201211121705795,nan
112.59181055881609,250.80659492253486,0.22020488894128618,nan
117.16316210379685,220.11636030582218,0.22021485085627313,nan
120.99277859967185,211.32513880817376,0.22022003789910222,nan
127.99181646428298,214.82744696491275,0.2202389462347379,nan
123.71235695948323,216.08579220260395,0.22025736622595077,nan
130.38080797319458,207.21761847511388,0.22025959926002492,nan
118.65030973511931,254.4131490623556,0.22027294199881256,nan
125.71493080805122,223.2452462314693,0.2203041942373187,nan
122.70571141553779,220.1649626567501,0.22039016551529805,nan
120.81889228042522,212.45602601302707,0.22039303091692217,nan
131.6334897126708,231.67810044081665,0.22058245960441666,nan
123.32839764603042,222.7610758774949,0.2207173646300079,nan
91.016270704534,74.27172592649269,0.22093880471480762,nan
119.19393677490034,248.12243331750204,0.22098539439258708,nan
140.26801936685274,125.0889758908856,0.22100948286299307,nan
74.58733779343147,75.6530162940966,0.22101872863909186,nan
49.51733796983568,139.81701942061,0.22110525283376936,nan
83.34951035663978,79.69134106453936,0.22113455168855659,nan
83.11328383852563,81.06897250289731,0.22115144573419865,nan
84.41123312100744,83.96334150782366,0.22115529717957194,nan
138.4037844904449,117.67254244919926,0.2212330574894212,nan
81.56362331609863,76.05808285635813,0.2212332817686342,nan
90.31542026580182,72.36017502915635,0.22134142409561053,nan
181.32850853721246,20.00985813848251,0.22143673620524312,nan
112.38929196302462,255.54635262923782,0.22145928849369775,nan
182.41586406020653,16.91072638318927,0.2214827404680909,nan
184.27721267898275,15.657091183930321,0.2214856596323025,nan
184.4709453741125,21.41384102325353,0.22150578757570807,nan
87.69200895156023,76.18308577383449,0.22151297954764673,nan
23.718037611143146,182.50850661216433,0.2215664008929991,nan
191.49011716622005,14.10071512346679,0.22171717867286195,nan
121.76310859543632,219.89172479025922,0.22201986960415562,nan
135.461570025874,115.64622115878747,0.22212214021905793,nan
126.2073140211837,248.05643509393647,0.2222673185488158,nan
135.84461342140276,229.40932696956872,0.22227327161240262,nan
135.7543218120459,229.94137204091666,0.22227345621078387,nan
131.59026591758138,246.60763867568897,0.2223643339352449,nan
73.89832463906936,72.10910119181497,0.22237649543253415,nan
124.4515801825433,228.73900015937116,0.22242932648721578,nan
139.67411960009147,117.88572509755015,0.2225606557215208,nan
132.82024374721465,235.61614908504035,0.22261054194658852,nan
86.09779157953267,76.14022421097474,0.2229772322445201,nan
122.64022014502251,220.318014241951,0.22305027841856928,nan
136.48347729343163,248.49520824921174,0.2231083598216831,nan
121.3824819103578,231.88672360792418,0.22345241131207166,nan
122.04778694909702,221.20904711471306,0.22370518415951202,nan
128.91412916831706,221.39696068527476,0.22406663987600894,nan
82.65004108593756,78.96878129456061,0.2243166710427131,nan
24.34583807150727,156.0637013617595,0.22435087970079026,nan
90.99339335059891,69.22947209659965,0.2245100328466128,nan
44.758268603545396,56.84729169149616,0.22454014463618843,nan
45.219663997973974,54.03307698073785,0.22457035428886002,nan
96.4220827892601,217.68060915154618,0.2245906676242265,nan
91.03832459671077,216.41503881447818,0.22459318943635628,nan
95.47402281117513,211.55192424855045,0.22460754826616475,nan
90.9799643411266,216.9362704047785,0.22462895620748777,nan
131.1485614713237,241.54964261398777,0.22465096145415045,nan
88.51837695880633,222.04761783428756,0.22468115974742406,nan
97.63025628884218,213.1632678730143,0.22472469880726217,nan
102.82329193498987,212.19583233889335,0.22485888392873157,nan
95.95967051058477,224.2795729945299,0.22491866202705033,nan
42.82226909421659,61.76221914635275,0.2249695229307567,nan
30.121823941419148,56.49525121918685,0.2260478594985438,nan
16.73667715145066,186.42128779205348,0.2264058126141137,nan
132.0127233681981,232.88317721153047,0.2265362971267762,nan
182.27982258620688,19.705473897783857,0.22654544752881753,nan
112.1876922278618,256.32352453598315,0.22657200885946954,nan
123.2638138465441,226.1266931128066,0.22700847024959916,nan
86.5150614232273,206.2567111939554,0.2271822606685607,nan
65.39315868381368,150.5157163687299,0.2273167086917633,nan
60.432630501133126,220.55024464318362,0.22774582947312164,nan
116.88787888469236,222.6074479260175,0.2286852598553098,nan
108.8631384504968,217.53149099048449,0.22925682034519257,nan
183.33106521890463,15.200724660455577,0.22927889715283073,nan
19.318829135061044,96.22193728463866,0.22944464542300977,nan
189.9943798768097,191.54644075987295,0.22945003507996276,nan
55.73035419581787,236.51570706199584,0.2296665520836147,nan
226.22531063020284,220.32518865851853,0.23075951139162149,nan
20.23136922890736,223.32727675239525,0.2310103226990268,nan
5.614343630194916,228.22546878826014,0.2310727351789699,nan
5.93517383866833,231.91222545861325,0.23109427104810457,nan
1.4507825406369492,229.2685049907464,0.23114534810019674,nan
119.05064985334788,70.77212974001525,0.23121576437156532,nan
132.62936849525283,222.95221873376875,0.23143465918763606,nan
11.258927382973138,228.22708452940995,0.23151137658381166,nan
38.796229593049304,55.2539034410539,0.23220771388472153,nan
13.550418144405494,232.87969843645877,0.23250771594646014,nan
21.536873401685355,102.16860418799908,0.23280322003619913,nan
240.45223979317575,75.59397567413527,0.23364363803373234,nan
184.44289504519293,8.940450613344769,0.2337366982096375,nan
105.83364902640494,254.2182789311922,0.2338108154938717,nan
27.94543347936548,7.771748416473531,0.23408597471401782,nan
30.01182358031716,11.630595778867802,0.2340995734582351,nan
26.9149193074857,18.77865509684815,0.23410094400777984,nan
22.83174425506969,21.868238492816378,0.2341171391714774,nan
28.002938669462285,11.117946112856337,0.23412836488766786,nan
26.667358292640795,10.689479278901741,0.2345186554632035,nan
15.708432284836073,92.43617137687059,0.2346527566638493,nan
39.88724641802362,15.605901209911105,0.23490361940118115,nan
206.49509867438124,176.7773871913318,0.2355003368954069,nan
212.92600941231632,188.081011934617,0.23550066237879985,nan
202.03893975343703,174.53071227980703,0.23550579264386962,nan
193.78211343890771,171.57378409212126,0.2355058478871742,nan
195.51367231851634,179.2691672482372,0.235513409633049,nan
136.7093934703252,229.67463906970718,0.23558522536560236,nan
211.93455783137665,172.2933795616684,0.2357344042250534,nan
195.92800644992892,173.05817225556882,0.23588302824706286,nan
199.2436148586376,181.9708095618952,0.23595021796016466,nan
211.1654274292853,178.99922620330742,0.23628579483001558,nan
203.1017986519151,175.2177166046216,0.23630188735194682,nan
98.02606934188348,223.39194056919226,0.23632085401298358,nan
49.146046159561564,52.113609084649006,0.2363420518423723,nan
83.17580161118241,74.78020709879567,0.23639769839776678,nan
203.41127968417376,178.71917741149346,0.2364333969410545,nan
114.33183596009206,252.34808972491965,0.23662123851029077,nan
41.608127327655716,50.30337026033017,0.23675640964295763,nan
185.30686894833508,16.287440699932045,0.23688890029873846,nan
182.26456768065339,13.618228306332536,0.23692348344705982,nan
213.4486509164407,182.18886473123493,0.236953075075472,nan
203.24753733834086,183.85381158462798,0.23811065424724157,nan
56.74347389306011,223.35932156013882,0.23811070938749715,nan
23.703713500002266,21.686646567861338,0.23929903377998116,nan
25.90015940510231,11.850112397076495,0.2393204394496382,nan
89.62267855503369,81.4292858688079,0.23943690306405335,nan
207.8755180904663,173.2522748281114,0.24035550273632394,nan
50.90464555091619,215.46151008640277,0.24076033254702922,nan
44.15101133532483,59.69388122718574,0.24149553395645842,nan
187.54565154787187,64.06317041968651,0.24155799030458824,nan
35.82095704558819,47.250820505420904,0.24160845036912942,nan
13.087699784784975,194.9417710377907,0.2416460329069402,nan
-8.049134170826402,91.55949852564147,0.24165997549921464,nan
-1.0023481288552,101.48958271159083,0.24167456078131863,nan
2.60542357933332,102.29545537644472,0.24168237048743033,nan
5.838103967418086,184.91525274179227,0.24169023791553515,nan
4.437594426505118,109.99571439323641,0.2417626964228605,nan
2.1369457238918974,113.65936234933142,0.2418260778859932,nan
2.6516080922087584,93.56826181394388,0.24184805136521562,nan
5.457478109301201,103.0729708000165,0.2418589797040495,nan
-5.586965703461602,108.39142905032212,0.24187742278712707,nan
8.329937867911777,188.32704786744634,0.24191382378503884,nan
-6.925108570975167,96.06729414802696,0.24196955975614728,nan
8.923224282379625,101.4647650146935,0.2420065717594593,nan
13.73844792499505,73.78611883635143,0.2422665737047008,nan
9.409501562905591,183.18137498925012,0.24233001502152832,nan
89.71403345895276,85.71600279525353,0.24241756341906343,nan
206.56375484688994,176.42465130183726,0.24250599953149804,nan
-2.8554116732946624,108.02028443329968,0.24268904627209784,nan
193.1549252835394,17.350727350777532,0.24313715382938794,nan
189.88576979925136,18.055001391094383,0.24339548462024063,nan
183.7472249169953,9.567849458349663,0.2438757983399456,nan
26.820306516739976,11.51854278623256,0.24407668916862854,nan
232.6561421747999,238.21271142408398,0.2442808211410205,nan
-5.8812526179375375,106.5388136860846,0.2446182564093341,nan
126.64860438626599,214.29837720749956,0.2450061608813564,nan
120.8237306025802,214.22220077464266,0.24547390714527717,nan
3.1252188202593576,230.59501532086688,0.24555156879727758,nan
0.04589811548488176,190.8108420613339,0.24574357643436143,nan
3.7255827924781055,223.45741625501284,0.2459868238080285,nan
6.712008343274481,102.52221421758894,0.24604151312458916,nan
131.053887795934,209.20599787810565,0.246696533494167,nan
232.0292206294763,236.19377605042123,0.24692577193423706,nan
150.2666567782724,128.32429763597537,0.24727856661238085,nan
36.81708966739506,56.36949082103853,0.24735244583573332,nan
215.98667897999528,218.45791749297598,0.24738771612640342,nan
4.352411292752368,234.81725359982087,0.24747861353816375,nan
141.35615199393297,120.91794871128342,0.24767280452922863,nan
16.963222805269346,75.92133524738348,0.24768158118795314,nan
81.00823043575677,236.72503448493495,0.2482092000733057,nan
32.614291841251635,21.961672191267382,0.24896968174128764,nan
221.1893973892334,239.91206546291932,0.24908704153326536,nan
47.05475477313816,209.86076400562942,0.24909359380055562,nan
94.56058277777045,76.30237631189574,0.24922481433996654,nan
90.67986804014133,62.76585105896385,0.24966016163948943,nan
88.43006254994515,65.96382354679619,0.24966560667793777,nan
90.18987862510734,68.79645151292017,0.24967165954118112,nan
84.29593928689454,71.68468392143608,0.24967619302559366,nan
85.33131469269902,64.8286248533449,0.2496949472045241,nan
90.5718892026081,70.27543537408887,0.24969560143724215,nan
86.42810713224127,71.76095350812184,0.24970128147564233,nan
96.09277921753866,72.58265337061746,0.24971390433588905,nan
83.27272779743653,75.86246861594509,0.25006369634091646,nan
90.32860525515876,80.43040883230215,0.25008684140075227,nan
210.74638233618137,183.13287598191906,0.2512164060346256,nan
63.42794573365004,232.93065548100535,0.25170130884774655,nan
83.33912723686831,83.50516189278362,0.25208943806262485,nan
149.3236112494595,121.91143019621177,0.25218446169763364,nan
222.02550270190915,235.41745694626428,0.25256983055507526,nan
-7.25332110802499,100.120891074077,0.2525700482868511,nan
120.85695364946343,212.72233680967867,0.25274578264577785,nan
204.27260491518186,183.88766883288932,0.2529353845449647,nan
125.18915355280366,230.59569356559572,0.25386711812000984,nan
93.48563137132369,68.74825884819055,0.25457894951063054,nan
150.34474458902136,111.6307521023085,0.25490285336489316,nan
23.115835461528285,105.06354625161607,0.25511288642621244,nan
94.33066162884361,77.97094733966611,0.25526724666381717,nan
204.36607763060883,123.44428164234377,0.2557903146201991,nan
11.962786233460097,178.95851059321083,0.2575526999528344,nan
103.10380501549682,254.5794154041362,0.2579968075158817,nan
23.349630976747015,71.72981921124709,0.26021841744030627,nan
241.7940140144579,77.91009415522355,0.26043359815869876,nan
101.75303986245233,57.45492534447945,0.2613091361930392,nan
103.43016655317207,70.2217265357337,0.26131800713214254,nan
104.69747486054476,61.883770786191604,0.2613760705939514,nan
104.29192729925589,71.7129737864776,0.2615292961963466,nan
109.45283680451243,73.71814437718422,0.26209233968901147,nan
26.859908187728145,61.61812595539536,0.2621322512913054,nan
33.211039873296166,69.90117006032145,0.262145504733298,nan
33.07881318817665,71.84813812415108,0.2621459468469888,nan
26.616011074715143,71.24749252851993,0.26214918786741515,nan
30.35977595008896,63.397123827190796,0.26218166833026363,nan
42.97753250427574,82.83946192240519,0.2622776399850929,nan
27.626407630646884,84.44029936204937,0.2622856520034117,nan
27.597429104373386,87.46166432264523,0.2623306134557139,nan
33.05757393862946,79.77486899150193,0.26233136558625875,nan
15.545151992043897,77.50335242314256,0.26235120057378347,nan
32.950096133227134,74.54897007857889,0.26237158812923456,nan
24.738976563706455,85.42304453396396,0.26246655831025856,nan
92.25004690135594,215.76973590883787,0.26256900613510437,nan
17.282657332284437,100.80161903888019,0.2629179280558352,nan
28.709481685977416,70.3627005090954,0.26302290278553936,nan
119.14067205420461,224.08878262124406,0.26336353123310274,nan
10.021597702310071,232.46978561876648,0.26345381859440004,nan
29.878546237236783,74.35061140317822,0.2635265494030097,nan
31.3546163020797,69.05280782797755,0.26356323971046,nan
109.10964670178934,72.26304600906094,0.2636381855165356,nan
155.3892342496461,251.4766442277548,0.2643343918377243,nan
37.26929987571172,65.85263550999491,0.2644385568180031,nan
208.64497452511975,174.185693024842,0.264612576692583,nan
164.39688052160693,251.4777697158164,0.2646246503862418,nan
156.4585653327149,250.7560753198429,0.26471803671259014,nan
201.77075784979667,183.44175753228976,0.2651793509444794,nan
156.70157184035585,258.28420117525496,0.26560422669191236,nan
202.9283409963921,180.89608723004397,0.26576768948854806,nan
221.32759821828782,245.65769015162027,0.26604131750957116,nan
3.5542423441271906,229.65866785486728,0.2661685415381073,nan
31.020570569393765,65.00108428751307,0.26654126515309934,nan
73.93965497225132,186.64549698838007,0.2669986398457154,nan
82.3789321534759,176.61095538970014,0.26703121742138713,nan
82.45305404525972,171.68020010580054,0.26705628995817565,nan
73.63699623736574,178.5149661510689,0.2671115389863679,nan
90.23732760325073,69.71990934158259,0.2671202580681448,nan
78.02778105724583,173.74677805648335,0.26713214160866317,nan
76.70178706756546,177.24758726896806,0.2673627390322371,nan
124.53688112034192,217.02695706155504,0.2678868453282966,nan
91.3289161103141,79.16063472569924,0.26801501748749684,nan
219.27634966946036,171.0764187551853,0.26804239614068426,nan
28.74574846545741,13.21675080436584,0.268119887124554,nan
207.4369343370552,223.68568901970326,0.26854532038449364,nan
205.41742004462913,224.7569993840527,0.26858772093399896,nan
218.97448015776365,214.27846062658537,0.2687298233812953,nan
-0.5914290442590963,113.77164364832934,0.26896658234769955,nan
206.0893183243157,170.90830510548895,0.268969284772099,nan
157.54088180439427,160.2069934417613,0.2695777143493499,nan
79.31268327025121,234.63756057284235,0.2701290834283301,nan
71.07035801845439,246.9553061039711,0.27014878121172914,nan
66.39536118823142,235.3595101704752,0.27017663004007936,nan
84.35098118440925,242.0733594278866,0.2702032507034375,nan
67.74944599913196,239.3439885020524,0.27024316176060786,nan
81.20592571335436,79.79890781980495,0.27032400441435905,nan
160.9248249430468,26.93753195862758,0.27082341968878226,nan
76.89605413339495,239.0139994110203,0.2708722585272634,nan
149.03015763862214,245.43556569932846,0.2712008248750356,nan
164.07213440222213,33.68063435596504,0.27137578945277885,nan
85.20690541307614,178.49090423090456,0.2716373568106192,nan
70.4659313362575,-3.840601755548185,0.2721663756855486,nan
65.96660017408368,240.34265733408873,0.2723147788718571,nan
28.24152928624159,81.34674680418885,0.27270076936506527,nan
168.80461397479547,27.23031423180805,0.27311495388738055,nan
27.12070291138455,66.50969039425073,0.27328944467351307,nan
2.0189594290455486,180.47535061480326,0.2748929547927349,nan
0.7795259302886935,174.79314482259187,0.2749826186663139,nan
0.07083192763359325,176.22317522761935,0.27503497972162994,nan
219.38751375848238,226.0506912489393,0.27582451156319693,nan
93.94699151258034,162.33156090491858,0.27627152993363535,nan
87.57053292596373,161.92582104778364,0.27632937270377617,nan
98.59726019649338,165.17890513141023,0.27633594136602835,nan
95.10330084249935,161.39029860931245,0.27635534132364276,nan
91.1168528341491,162.68984925369398,0.2764171382107477,nan
96.926067793924,160.22648493491226,0.2764838716175017,nan
86.37092495803219,161.64567370503872,0.2764847008746826,nan
218.6797331388861,212.8453605345246,0.27651084813759386,nan
209.37127686057465,227.3337968461473,0.2765955543930167,nan
71.8414385526785,240.36159722697562,0.27684183413153873,nan
74.89651206360007,185.45816425300268,0.27692233993068943,nan
126.28454886432203,-4.867180107615039,0.27697962109257424,nan
116.00891302003484,0.22045474927152472,0.2769838241295938,nan
113.33727096145371,-4.221199590096074,0.27701647191378376,nan
121.03564437749017,5.08853399826165,0.2770456575968405,nan
122.78454464472856,-7.879976609431468,0.2771146010892396,nan
119.96974320594518,12.489376785497033,0.27747553804901975,nan
96.55558437251474,64.40028954398403,0.2778511934248377,nan
122.80033669800623,9.25631206106669,0.2778858968341475,nan
97.67157557567232,154.93483983144546,0.2779620942495248,nan
245.55254871680611,44.280807086941905,0.2782172487945764,nan
238.06185934331046,54.709300815429444,0.27823587696912927,nan
254.49156757543648,52.66084723648465,0.2782438639427318,nan
238.26188892468406,49.25447775136267,0.2782535204963494,nan
236.85624061238408,50.63086629519782,0.27826278485207045,nan
240.68428478078013,42.833514490645626,0.27879054254545066,nan
244.97996917775046,51.416289840986835,0.27885990282866896,nan
86.31149811198145,80.82085305803014,0.2792099713388059,nan
221.87433691679792,225.0431065861934,0.27963983594822855,nan
117.40197324398972,1.6421206037505092,0.27985128358837874,nan
-4.207357752935779,185.66396079288637,0.2802974896936342,nan
92.5096490335551,63.803485219058274,0.28046276786518365,nan
88.88575692337642,157.72711801528797,0.28084538741654286,nan
88.86320620812337,174.63626335002272,0.28096675600699234,nan
73.11363034325242,239.60118355434824,0.2811502414900564,nan
116.79021717459796,-2.1896266934229947,0.28198252933688817,nan
72.45926484956397,179.12649439084876,0.28220308294494667,nan
243.03757614577202,54.343070912112324,0.28249942337311634,nan
79.43257538267694,54.60966961775526,0.28397533328687585,nan
81.391837264608,55.67372734606799,0.2839807083844817,nan
86.88541599703639,54.71304448728842,0.28399496665602614,nan
144.7563559719539,212.69422194002757,0.28407120443971634,nan
137.62554260634403,208.18315549871977,0.28408632366968983,nan
89.70849938949522,49.61538817864413,0.2840971967132041,nan
90.56004661184214,61.55380442958666,0.28411140670737,nan
83.07427482157696,52.223514359068105,0.2841229090016363,nan
150.83303604346455,225.34637932703347,0.28415253087618586,nan
98.025508433119,46.46448097190519,0.28417211182881935,nan
143.1483739998841,224.51434510850694,0.2842615848753261,nan
79.66788692219234,58.24119371278679,0.2842657064346438,nan
92.32917085007922,168.79824152880525,0.28430745454605705,nan
99.23183001194842,62.20097362665161,0.2844498432641218,nan
85.27141471712295,47.94259396279765,0.28450886568164946,nan
-6.165199892252143,171.24052056773,0.2846050698642909,nan
151.03065767598727,126.47208573193285,0.28480126646524956,nan
82.79413622584612,48.859015472934814,0.28480591112484166,nan
22.025381365052443,76.99963582132791,0.2856590181599768,nan
90.47368258819291,55.89496509014132,0.28625049845629524,nan
120.50530418781467,3.0936606708937346,0.2867245316396662,nan
230.9254312072539,48.05661486708962,0.28675303064733226,nan
90.20569408701117,161.8378706571961,0.286798032182394,nan
144.25015440735197,214.2592479544027,0.2869847522445909,nan
161.9891292202719,29.46359526690853,0.2872159871522256,nan
238.69450345722356,49.85000070897334,0.28725486462186234,nan
233.0555002606392,238.7043201054784,0.28754999534260856,nan
239.61422381861416,60.95518459101064,0.2877455666523081,nan
113.44201237278442,71.47273066972048,0.28818742322245394,nan
139.2696178189623,217.38354148442278,0.2882815174525131,nan
14.313910004874279,4.99853983372569,0.28881703337664555,nan
22.46370482850588,11.422517189530234,0.2888364005375059,nan
84.86802394292235,120.77960283071805,0.2892822153809844,nan
92.50067768688224,115.8609591246555,0.28930241834169335,nan
92.74719701931006,111.15437297379664,0.28933802341607234,nan
88.42556521505824,107.07553426515973,0.28936146138959873,nan
60.52896090185104,119.11184395934572,0.2893835036237538,nan
53.160857550054835,117.25547681550371,0.2893845512207019,nan
47.416809521935775,130.01371333114363,0.2893865581161501,nan
59.124380060591115,116.33489786549586,0.289409674009405,nan
52.34629285881591,122.84397534838229,0.289420471935493,nan
56.16944070654446,117.43361953610336,0.2894216532957007,nan
82.31213729924964,119.36781592623228,0.28942454385895305,nan
85.7072929857562,120.17095719364472,0.28945978250097676,nan
50.69280095154173,121.49679401771415,0.2894768781833911,nan
243.9673332010922,47.56583989693885,0.289698962932697,nan
83.90159594651777,109.6364190589263,0.28978987431897796,nan
58.64555116967192,114.77770435791545,0.2900679107681868,nan
95.89509796025864,61.87046602197529,0.2906955914349451,nan
4.538175361825367,184.30840327160743,0.2909658819725418,nan
210.86036601498117,223.18288975148872,0.2910285349160611,nan
45.61141557165535,115.7225608908024,0.29121934693756824,nan
17.600508272749057,14.686021334615328,0.29144903544411765,nan
145.16262651182006,210.37363360449424,0.292416299131616,nan
88.23947392361993,56.65400392075478,0.2931466728783044,nan
57.061475724812524,112.33531613475677,0.293440355658256,nan
199.59641427365366,97.97646197718448,0.29427716593148523,nan
198.36325429755837,92.694948951824,0.29428386434763837,nan
211.5782399914485,89.67304867991515,0.29428942588366014,nan
199.68419831675914,81.87580728893377,0.294325227849994,nan
193.56739078892303,88.06782377515933,0.2943686013577128,nan
207.0891793893556,86.48887657602745,0.2943913984120466,nan
213.130029260188,89.65192167691694,0.2944041136102264,nan
210.78060194784646,98.88617670424773,0.29463312466799424,nan
204.78522177151106,102.35235963312658,0.2946840664402868,nan
247.72920430125734,48.11817444694723,0.29584050117270944,nan
210.81797957067445,97.81465144392598,0.2965842925799731,nan
238.12480715153075,51.265296292590364,0.2969971502195066,nan
31.57404226787974,14.955653583938078,0.2971880664824029,nan
96.62305873040059,68.13542176957971,0.2972914490799149,nan
77.79290612621011,25.315561377717163,0.2987980562555549,nan
73.52056998210543,25.348833011921784,0.2988052684557198,nan
81.9448909641585,33.01998702368314,0.29889077833904915,nan
217.48589726982902,176.31894512071747,0.2988952051316738,nan
81.51678326428544,34.96137525303546,0.29893331388363314,nan
77.49492308174841,40.189075151601614,0.29893336090200084,nan
84.56497784530444,24.67725320344346,0.2989790437311635,nan
212.98982279401855,103.53584260042564,0.2990947758000569,nan
226.00636993989815,159.1485198051575,0.2992248118641449,nan
239.94828402032834,165.54269598091963,0.29922587231691156,nan
229.50700213726262,170.17634465829428,0.2992432271158119,nan
79.8528286869527,114.76249331722539,0.2992976941319873,nan
232.47901107273174,170.0519134322457,0.2993331291085076,nan
81.38102239554394,37.75397856498766,0.29933842687262546,nan
235.95379786800572,159.1235037371441,0.29952379169171317,nan
235.27893878433173,159.10202231777996,0.29953783985292937,nan
87.28630648488651,122.75045102123913,0.2999189765025001,nan
123.92645793695199,17.2718181098071,0.299951181290472,nan
132.71689922067713,25.89816502729174,0.2999615296348785,nan
116.13954199486615,16.475819898667687,0.2999666488842195,nan
123.05586494293239,21.427269276915077,0.299975706207502,nan
121.24020654164181,29.20475021707544,0.2999997811973823,nan
125.69675846678331,15.587583574752319,0.30000974238516065,nan
117.45409252616524,23.29004202113874,0.3000730644617638,nan
234.31708082790445,175.5286990431359,0.3001287787360978,nan
84.17620176588953,112.29339488224572,0.3001880379752945,nan
113.55252285216761,27.864336552058028,0.3003522466199,nan
122.30325360184122,16.97950700616394,0.30038905824381495,nan
120.11885472737492,21.612536821037722,0.30044245347436765,nan
118.94684129799758,12.359317528410731,0.30051718194583393,nan
81.94060331470119,61.24901322341151,0.3006361501840482,nan
193.51111744256437,93.48692143676558,0.3006778773037161,nan
130.9620514763425,15.478211728821394,0.3010936708977856,nan
198.7325088271105,87.11211462739996,0.3011978318580404,nan
82.59997916331231,27.352985205353743,0.30127932984560435,nan
-1.3017826329917703,177.2577926545369,0.30192651262658615,nan
15.660826285126223,178.54653972890915,0.3019271015746741,nan
11.086414552858074,178.84666681617227,0.30194702633408027,nan
11.36076611828985,185.45227790070115,0.301974144913083,nan
13.620785088116069,186.01285640931252,0.3019940532580643,nan
9.75414586082777,186.50392171045442,0.3020314836683073,nan
196.95860621859498,224.79602836610076,0.30208031993614015,nan
195.68538025893878,217.42088810507434,0.30210014392427703,nan
186.88159123306616,223.55567544828125,0.3021134426698903,nan
204.1133076713245,217.6734534199974,0.30211712885242925,nan
192.5744480333223,223.30715422963445,0.3021330346583749,nan
144.97586584737624,216.66460030671288,0.3021730161422935,nan
3.991074805104319,184.33294068326816,0.30222604141367276,nan
15.268994291896233,180.45025485592762,0.3023059617252087,nan
200.38992701824478,224.70121296248286,0.30233439159684494,nan
18.640312226638287,180.88496164804235,0.30246472306936134,nan
193.41040772393777,232.30251820526914,0.3025103220343185,nan
202.89916360128532,94.19381195068765,0.30291715099799266,nan
220.9315576106986,160.5596445701404,0.3031068199568727,nan
-2.0470343447188317,194.67726682087874,0.3031363252093392,nan
168.65556580893667,23.795020953396723,0.30346581009496837,nan
162.7124834938375,24.038312054833728,0.30346611870494133,nan
175.0842721511659,25.63106728705717,0.3034681797187071,nan
174.7803056188818,28.786657795789438,0.3034738045822923,nan
171.57850215745694,18.700667142588124,0.30347700319233295,nan
167.38532854748067,29.490836735843246,0.303480055821467,nan
170.08209949444782,34.62026365807764,0.303520282255412,nan
163.938830155295,19.13962962983592,0.30358117803261303,nan
163.55605606320802,32.18338681081908,0.3036402776622198,nan
11.4248199626505,179.13799746026658,0.303641295518392,nan
161.50124786880173,26.038176891720912,0.30366344057378186,nan
5.098743199042697,196.41604198959132,0.3038098167940469,nan
164.98635902292963,31.430723554433968,0.30381086778118327,nan
146.28078544591057,8.145330152671173,0.3040520135467612,nan
138.7180392407237,17.65495854936934,0.3040807351323883,nan
79.36365476816586,38.018246006887715,0.3042901003522059,nan
231.43571901805058,156.1958977817712,0.3042913828057405,nan
164.74179042199128,36.19952897272169,0.30432263846041985,nan
138.77350598998555,26.71205180404295,0.30434770998985206,nan
126.77925742421883,26.94007129263944,0.3043877122540112,nan
141.27869222996978,9.363716936825934,0.30441107072896545,nan
-5.220513833696657,181.77271202704213,0.30480175402834286,nan
2.327098047821261,198.66260995692625,0.30485787190371677,nan
1.617996301327198,199.31157712155886,0.3051949802492158,nan
4.611626930047461,191.7266147380354,0.30537165404298255,nan
165.34779751329378,36.81466206012322,0.305431567314381,nan
180.271376443409,30.94068658654222,0.3057251348457758,nan
171.66181865455593,30.970965956595485,0.30584600813881835,nan
175.29506443407868,28.543502987518934,0.30620020345736687,nan
230.84862230307198,161.71516062487342,0.30632982706223916,nan
-6.8267861910381304,200.55920878004972,0.30674332927829495,nan
232.4233393472115,162.92919971735296,0.30678060872609175,nan
171.90892962463224,27.06380160912119,0.30691349010853175,nan
174.72198450913578,28.59552239165258,0.30710540808589715,nan
172.53575522858003,35.18228813133969,0.3073327176353838,nan
14.62533518479283,182.94837586374032,0.30733407511219496,nan
68.93950467224684,246.58981615641378,0.3074345848763945,nan
-7.842383396905392,187.18529619565535,0.30804393688757903,nan
132.18884338509713,16.530672963230675,0.30808885136032166,nan
196.79883316011518,227.04653981683686,0.30862831317085865,nan
203.01214355761877,74.74923328277211,0.30870630512137964,nan
-6.61864819671019,199.2796457575023,0.3087389700954759,nan
196.82127273638378,232.03645776100925,0.3090909237534795,nan
87.1184840848635,112.45328358687793,0.31030461844164675,nan
173.54234816133604,28.35022961263569,0.31055089814549885,nan
0.09334584525826983,185.1928385072428,0.31069891596145466,nan
7.694057232001673,103.42355985473986,0.3116430295606991,nan
189.24263513796794,221.27301326328444,0.3118638262052386,nan
237.67166019312938,48.778881154928996,0.31227168994114446,nan
69.46603080633959,236.79221754674865,0.3126276822257406,nan
75.65402341207067,230.5540635548547,0.3126376236414677,nan
74.66947316311239,232.0071879913903,0.31282586518838107,nan
74.59089011397546,230.06412195595115,0.31296530305528064,nan
189.57046074033025,218.93823114562295,0.31312941560807067,nan
51.76834772122514,222.73923037103336,0.3133430103454034,nan
44.48149797343756,227.07074878373143,0.3133513612879049,nan
-4.385273435119673,200.51920971818421,0.3133651822684236,nan
53.88553830974129,230.8760972012503,0.31339542896405703,nan
44.546331937756825,235.53817712887766,0.31351552880495737,nan
155.00418460193387,221.62885466248326,0.3135369588278485,nan
159.53026279721254,211.19401766316076,0.3135554491189458,nan
49.73112874742642,223.15772925032886,0.31358602356797943,nan
51.19487710485766,229.8647599817802,0.3135929298357722,nan
154.65078076027567,218.61182614116362,0.31359781957493316,nan
163.31271599784066,203.65927317936732,0.31360676693457373,nan
60.617426930386316,228.4002647799857,0.3136266639051829,nan
162.85493621281884,222.49028608902947,0.31362936816011316,nan
162.09282727368327,209.09897782175688,0.31363462318011925,nan
151.60550749325563,215.23305745256923,0.3136460439833147,nan
160.24506389140382,219.67293936561066,0.31366093347649304,nan
139.56333804529925,218.5522298300144,0.31385485883202163,nan
76.58926146262709,240.80538439595156,0.3138604473319238,nan
78.56735781763452,233.61565006011574,0.3140346412730307,nan
155.20576179125206,36.54004808319185,0.31426245953143295,nan
157.42961786740776,214.560484892624,0.31480624094022874,nan
58.18874453466692,230.7721686298003,0.3148541304291651,nan
80.36599344304699,240.29353099887322,0.31487420062776444,nan
72.00886403750589,235.1636761482823,0.3151219863417789,nan
170.89741646031396,24.575068253058646,0.31593547680048434,nan
45.75955329983965,223.09457474038473,0.3169664375473192,nan
54.28201942320225,227.80220918680092,0.3169962196245095,nan
14.37528839352086,182.38453162030726,0.3171578409571326,nan
188.48529056546326,230.6255200819493,0.3173211387933623,nan
49.775579777044484,236.3631783518527,0.31734815850437786,nan
164.50913661333885,32.98584643445888,0.3176191429121781,nan
10.10675162261797,183.92332829017175,0.3178286868754788,nan
166.14459107423207,23.932053578064068,0.3178481148597748,nan
27.236510796837383,74.94831315979376,0.3179566598664649,nan
195.30123620975777,92.44589013896801,0.320540039098809,nan
188.37436484177945,234.38832456113093,0.32101635600066125,nan
85.18160292457446,114.32315393326752,0.3217141226861292,nan
136.07683631526504,19.69490609534825,0.3226042975810757,nan
48.9078703043789,225.2855946971478,0.3229347987192969,nan
43.77170469646506,234.08742580547693,0.32339852929168833,nan
245.30526774161757,64.52059114810207,0.3235720471298433,nan
239.94999209663408,67.26437820217498,0.3235810081267611,nan
237.41116323142217,59.77764802799001,0.3236393304560147,nan
238.9059563053858,67.98878353276476,0.32364908350011107,nan
235.9434474138314,60.842878457684904,0.3239278620792844,nan
150.83227884192863,217.86184524334675,0.324254768527116,nan
149.95030502616828,208.9630233176238,0.32518111466006006,nan
156.66021718338678,216.1833023095107,0.32530087045513656,nan
251.49010048572134,69.25425108368096,0.3256791448441311,nan
117.09998097394174,19.01972984078822,0.3262917128341977,nan
188.70813988422782,229.9979733622623,0.3270982024880751,nan
153.73888963292285,211.8025050913779,0.32784028371291124,nan
69.36134175550937,227.21382998838746,0.3285618233788603,nan
54.55305329352687,243.23019432023003,0.32939043588122363,nan
172.7679724293668,148.00890397440648,0.3295649418034526,nan
194.3848796295503,145.64317416798522,0.3295723082046249,nan
179.34007781529576,156.1879783068907,0.3295738492794678,nan
200.41977788929876,155.55394052604478,0.32960500537478465,nan
197.52442894284567,155.37844404541852,0.3296459107673031,nan
192.3662605355486,165.18181580755999,0.32965265311950026,nan
198.10288628941723,151.4786729302778,0.3297340149010869,nan
185.81298879176927,156.33130256402976,0.32996600145192717,nan
170.17547692437105,23.61952177336257,0.3300584170791729,nan
254.03850281208415,64.08038436377639,0.33039510803763683,nan
245.20335079933523,70.5173137248795,0.33073570017654563,nan
15.704124148195907,186.2923330105144,0.3307857971622176,nan
136.3966847093236,221.9162546368862,0.3308522314107009,nan
127.50546107767659,213.14358546305473,0.33085342375322535,nan
140.62453806805334,223.4512731716198,0.33085547857396597,nan
142.4072375181665,221.56153604271677,0.3308823365329277,nan
125.5196710355329,224.89933688301872,0.33093207811326875,nan
133.66473288006975,214.1923529937179,0.33110101400913217,nan
78.30885792848397,224.68887272987664,0.3314583866798221,nan
133.39784269271956,221.69925982066786,0.33224562922805156,nan
-8.828439128067506,195.07647163925748,0.3322718863735535,nan
233.59232094877876,163.03122870613106,0.33266930863109934,nan
187.19428223969734,154.1820605200971,0.33306174029368335,nan
237.3571425773931,240.2621260009675,0.3330880562794523,nan
239.35319351811495,241.32551132803675,0.3331223666010004,nan
239.19282282731655,241.15044017738254,0.33320151534783876,nan
236.85044266126536,244.6485765619555,0.3333345603536919,nan
243.99298695946436,236.64490106199094,0.33340513124956267,nan
240.16862055110482,235.83899012341,0.33341386215492025,nan
178.5507508098969,38.787210009182,0.333521844745387,nan
238.84425096430326,238.25975460016173,0.3335250144746433,nan
244.70169669653794,230.26484160680886,0.33354493136284785,nan
237.39276793732128,234.72552423927092,0.333723236615435,nan
233.1906754377893,246.06059953681046,0.3339517254261207,nan
240.1614652519539,250.98658032672995,0.3339975524239256,nan
250.1760842635701,72.71905613938469,0.33424103097530045,nan
43.280612819537744,172.07371113707163,0.33425652671742295,nan
43.196366676347374,169.4629590499482,0.3342954199106073,nan
149.70321074767682,135.24774495779727,0.3358136550720581,nan
150.37178873550977,144.04094097461777,0.3358346659640291,nan
151.82227650794206,146.26665589797145,0.3358451295415314,nan
154.15472604786189,130.7716296119936,0.3358584152696407,nan
145.3586322770367,136.21630145457127,0.3359057439322264,nan
148.06425562671237,156.36266876497135,0.3359773177156574,nan
146.43548958378003,143.38665107614662,0.33676214443151314,nan
164.28228061298051,220.781987238644,0.338243267856984,nan
239.29350071273973,245.19436146877797,0.33824810794324195,nan
253.93878373427037,247.396214061389,0.338836676714256,nan
240.04252362313682,248.6515961609058,0.3396125542770344,nan
155.6550525250066,207.8631939034396,0.3399083744356401,nan
-2.9694620741396833,214.71682845317363,0.34091428983368977,nan
36.70987164059393,175.2160556808114,0.3410627263420019,nan
75.29636538207892,246.860974113331,0.3416721978110051,nan
149.96439288122784,145.8885564553536,0.34177347888840975,nan
128.74159443613877,135.78904271134098,0.3419489395640513,nan
129.66966997271214,135.4584028167885,0.3419547469196824,nan
121.31740944972267,145.59297877058935,0.34196138791824965,nan
128.0194008229701,138.5869265096211,0.342009726632744,nan
133.93978430039098,138.8334884751083,0.3420584068514638,nan
248.1646874625969,245.8476827785719,0.34214642455922956,nan
135.0161449630622,128.14640184175283,0.3421634973516227,nan
134.44287422817354,135.70455000900049,0.34218362156260157,nan
146.29632826846955,140.59903540668057,0.3422151116931127,nan
142.38004675805385,138.49578896390977,0.34236304480241386,nan
134.6009881611725,141.9383119529856,0.34237153346022664,nan
250.33812942566522,39.98589680595995,0.34243834628524317,nan
252.28752777862155,44.14328669471652,0.34245633919400886,nan
248.20334729104587,42.44344021016537,0.3424732786582633,nan
257.42574602024536,46.44339351520114,0.34247894915712584,nan
112.95825832072913,130.71950917349338,0.3424840456407292,nan
133.0678455889779,135.13079079069573,0.3425079212846201,nan
252.12248859743616,44.09994699139313,0.34252976220243037,nan
239.49147607909188,239.39244868484008,0.34253991918193677,nan
253.19300325310536,37.78003203716251,0.3426339611999809,nan
247.9941839329602,42.7510730324315,0.3426680065110347,nan
249.32002525961275,41.01052322724132,0.34268913852680977,nan
129.01261568433793,138.5762715445242,0.34283212472033864,nan
250.88386871200439,187.4881359694688,0.3429980811809609,nan
254.4522654160266,197.46885353885614,0.3430019916268497,nan
249.46750014861962,193.61336584752218,0.3430331367692928,nan
138.80902654709345,121.19581151533683,0.34304496058605904,nan
250.5190026358961,187.4992734973175,0.34309908591196747,nan
260.4298650190986,46.49493478346513,0.3432527825098876,nan
253.1245240639988,188.9199530936321,0.344020556166799,nan
250.36565659500783,182.3772472563523,0.34451897415877425,nan
145.8612944569431,142.435495384602,0.3449023739868592,nan
138.24933579673032,141.62286451909333,0.34539233870204633,nan
37.31962226919529,162.5428523931386,0.34556856027587907,nan
150.4350694043156,145.96863773970645,0.34649062118077584,nan
253.1741465431795,188.17195335923287,0.3468761637838805,nan
8.27849689892139,214.28945592629043,0.3470027867042268,nan
73.39198602870982,243.2416877420209,0.3471546006266778,nan
248.2295110411985,186.6903289362755,0.34764869179563285,nan
237.0593942815357,242.19344213505317,0.34809416159250645,nan
246.1960439271431,239.49515903894903,0.34818929580425884,nan
252.41708034526604,188.29628985696527,0.3482569366325315,nan
59.29596310995167,10.075485464245856,0.34830345905690646,nan
69.4651241405456,5.3433991207679865,0.34833472554716877,nan
63.61278063866524,15.50194050039695,0.34833819958719936,nan
64.35513691611438,22.718366566934378,0.3483861059013749,nan
66.98019478069303,5.392946738378039,0.34842061152710524,nan
60.226899126084255,11.788997440737862,0.348434590659973,nan
175.16013174250284,24.920484438343344,0.34858611872135403,nan
84.47986212321294,51.87059956538783,0.34865893771453205,nan
-2.7495519038230327,198.23766630304405,0.3505530233694135,nan
245.93672651719803,196.04106289451028,0.35138519518606814,nan
140.58884283547172,131.3030285629653,0.35144986603196465,nan
154.16981480777443,222.16319002315726,0.35165699205428164,nan
100.2412638034863,211.25104824829162,0.3518898353034955,nan
109.1027393002734,212.9126039329771,0.3519030236240837,nan
108.12107177099097,219.75633075160403,0.35190359135331944,nan
93.60860951265839,218.32604322760267,0.3519058816204457,nan
108.11787908820729,215.09305813383608,0.3519209612715474,nan
137.7484564227399,219.1463482277095,0.35193111146660633,nan
138.4107532650479,225.5715351267698,0.35193561822772107,nan
112.71562552760851,224.54010095549225,0.3519398707726634,nan
138.27888022761144,221.9620233889207,0.35195715834205277,nan
136.3856843873397,228.37196208954092,0.35196879333639414,nan
106.84070148628746,221.12871272874546,0.3520159847220369,nan
108.81606679120034,217.1913418660098,0.3520556331252445,nan
114.17218629887951,219.007497661867,0.35209555432614587,nan
96.58576881147134,203.64813377078306,0.35220888867688144,nan
106.16684166997783,215.13960618389143,0.35226415495743724,nan
136.51715269476085,222.10920610348603,0.35238813714932204,nan
133.7361977958285,235.51479950500303,0.35250482968652125,nan
104.51994997837366,221.43674750671082,0.35255271660859533,nan
139.5859695683692,221.50470739176674,0.3526896980667002,nan
132.65664568007637,225.34096941034485,0.3526999296231248,nan
133.37657235988854,229.54871226565515,0.35279706635439856,nan
150.5311188236358,146.79754516281704,0.35344115447635793,nan
133.94794530472524,127.44496251096325,0.35368254993898574,nan
113.14982612158599,222.37742451195936,0.3537391380468288,nan
125.37988198518997,250.888537681393,0.3541712503048599,nan
137.5393130437444,246.78410072444902,0.3542259726255316,nan
126.6464657478583,240.45598738200937,0.3542304658859457,nan
258.5057406388641,202.98884081712507,0.3543044526770135,nan
115.48702776059396,247.9130968676977,0.35437525591736163,nan
118.05791374834907,239.1250759219039,0.35445413273316506,nan
123.33995449564242,242.11192498667424,0.3549511985925358,nan
111.33094501512052,233.24317406950175,0.35514038764717193,nan
113.89536537944666,242.772699307447,0.35531748828106485,nan
99.51306780737698,216.50760961040922,0.3555157674564111,nan
128.97410633628394,131.28576979653857,0.35558595748587096,nan
135.12559948836412,231.24658089340505,0.35570982005034546,nan
24.98807861420054,209.4350804770369,0.3557446329430183,nan
13.702698537676609,206.58775561038803,0.35576461725946734,nan
14.574691712203505,201.88214361895322,0.35577762718314604,nan
29.012182631110157,212.63667556658527,0.3557813858382363,nan
31.179752753306637,199.27505718225083,0.35579906502877134,nan
24.875352927038215,211.5076203527006,0.35592721101287395,nan
141.5357793073303,218.12630140249604,0.3560970730592843,nan
24.468322096787137,202.52912318693083,0.3561239957983695,nan
258.6960550576541,183.9243647217153,0.3562961698642437,nan
17.851773956187905,198.59571307667568,0.3563175209836795,nan
52.06397318344983,8.275997855337298,0.35636444696231134,nan
13.794036443736703,207.6180196600417,0.356476428003743,nan
26.49183788882718,197.30866598710043,0.35691454118609184,nan
247.99108563333024,248.10931992030962,0.3575462691431629,nan
22.780305381633962,200.61116251490424,0.3576682337508256,nan
129.94737306033053,244.50750513799625,0.3577748672882321,nan
23.00542393985483,211.96453573841498,0.35856773155943183,nan
92.12445761378333,216.31051302896785,0.35871347948179483,nan
121.94102551182624,244.9092628973996,0.3587271268718374,nan
91.2534882493181,128.44621883876675,0.35894546200489286,nan
81.2722501223183,131.81763007099065,0.3589504155700853,nan
81.07419233418636,132.62791728938456,0.3589519831986485,nan
83.3281014926696,137.49131503666842,0.35895664677621225,nan
75.7188348840297,126.0789922040729,0.3590683373809055,nan
88.00900685139477,134.96798937460767,0.35924590766975534,nan
82.74246472935593,139.12093411696713,0.35940298665715725,nan
76.30144439885892,132.15008879323327,0.3595892192507648,nan
89.15110006602592,121.04396413578091,0.3597036225343087,nan
169.38648624165364,-2.167100522890883,0.3597128525228909,nan
169.8222151055374,1.3952027582192466,0.3597139072829799,nan
181.20520860425793,1.3399484562447979,0.3597141921319958,nan
174.57833430373634,10.475771548678768,0.35971488636499516,nan
174.49960695095984,4.94986760115199,0.359719916655047,nan
171.5505848993281,14.51272444331163,0.3597261927443624,nan
185.46437507658666,-2.0480575371594716,0.359729204294462,nan
93.6665071251848,220.17173807318753,0.359742583111437,nan
167.88430770055385,14.106356363849157,0.35974347713068755,nan
174.19073245463298,6.1426513978244905,0.35975666408170215,nan
172.49101945094202,-0.17431500088436427,0.35976166656662856,nan
173.2482061779698,3.8344467498582113,0.3597639908186444,nan
181.01744527968776,8.483091011636684,0.3597906806603182,nan
178.15703382598699,9.960529853285443,0.35980393310586684,nan
188.29671390577593,8.427842010062506,0.35980491153522154,nan
178.54841706534833,21.16537667865311,0.35980738307260957,nan
123.60310399188035,240.89503804790596,0.35981743720147147,nan
176.51317810189732,6.75691744065532,0.3598204931536996,nan
170.9556285646823,4.972753755805945,0.35984953746232545,nan
169.49857301456774,9.837498961644432,0.36000214298308353,nan
167.6314542061418,14.298056220831562,0.3600435867244464,nan
128.14327277276632,127.19574754552936,0.3601136726790707,nan
184.53755746826548,1.428263675584034,0.3602495754785011,nan
85.8520915305391,135.37341997953928,0.3602566427291045,nan
117.96272897045418,249.20045685304828,0.3602666753733125,nan
66.73667054632215,14.731091766378778,0.36154804421113523,nan
145.34308324988166,148.98227588726954,0.3620599926848935,nan
176.04443281405412,14.318377657556546,0.3621077102174216,nan
66.99797030363432,238.30977278063492,0.36211681094199977,nan
59.33504087585525,236.07370138094575,0.3621370560863422,nan
69.76666407648344,238.827357285761,0.362138879437732,nan
71.5131721855408,244.44128537174683,0.36214155438375556,nan
253.37349483427525,195.46202904531458,0.3621593649837037,nan
64.68796783763382,249.1599445871629,0.36220490325707333,nan
82.96937900169195,145.33226089120194,0.36229021173994114,nan
130.3231370058509,225.7987758587988,0.3624698881100875,nan
102.72729504124726,209.90577133849035,0.36268463723640243,nan
253.6968267775908,45.578672170770204,0.36268896405586637,nan
129.17464237554228,236.7092168073133,0.36289752171725786,nan
58.80337389608947,246.42422779128535,0.3633736273988287,nan
83.23330197696235,130.76011757646424,0.3642318850053139,nan
107.792950657831,224.50205423935626,0.36440195504091205,nan
116.71078446694473,245.2334919560742,0.3646014687837895,nan
172.17081234436773,155.32848339601048,0.3647234029690014,nan
186.25177768803624,154.13046306322892,0.3648157123602457,nan
24.33990550192947,206.8653107121277,0.3648501314289408,nan
145.84314921442862,137.35636327214544,0.3653527012003909,nan
76.00643536986011,127.58522196899672,0.36540519833302904,nan
180.0801296698101,9.844817390991906,0.36541464784056826,nan
171.0475340498469,2.5372339870249863,0.36557931739798755,nan
24.89272096248467,197.461547549359,0.36621635466244157,nan
12.387867735434202,178.31297619960205,0.36674445429377445,nan
106.44855090889038,228.64629689945582,0.36709162231257747,nan
20.774682029176432,200.4316426823171,0.3677784251794805,nan
88.19387725471447,135.93052105438767,0.3680569637160549,nan
189.81884402637408,155.64674874994196,0.36834540751122075,nan
124.39055644608499,251.54070026023084,0.3683867659250145,nan
100.87152153524916,223.22257044921537,0.3685275507928,nan
82.93748888864253,142.20015519709108,0.3690846674134174,nan
62.360716004340276,9.169830667749025,0.3693576782621814,nan
127.05700875575793,237.38487293101142,0.36936331552480733,nan
178.7651029646619,4.059038694405908,0.36937114548459554,nan
176.7427761701848,3.24035182190372,0.3694549509501173,nan
169.32243839314117,11.689501837357389,0.3694684749782056,nan
138.0623665686367,225.80259881234542,0.3696254086534239,nan
177.03465697466666,10.409425956260957,0.3696817270834323,nan
78.19881959788631,127.22051874447493,0.37052588109662693,nan
140.96980510448896,123.98730211076791,0.370885485747441,nan
179.74887752174462,5.343024477223791,0.3711486696789248,nan
172.1117468009663,5.818047249433053,0.3711773472835497,nan
164.5033252461872,16.82388269886739,0.3715340912642473,nan
19.85339524898353,203.14652128624377,0.3722197508299272,nan
-4.377949953673972,46.5691325955075,0.37233428850045713,nan
2.0966629747814136,52.62254629074966,0.3724920651531907,nan
-1.6382144515316985,54.35385034740681,0.3727590784891069,nan
6.936381149366534,62.344697734767806,0.3728510795706702,nan
179.94410759600004,3.6262492700734907,0.3736212768305312,nan
128.11117784978867,243.2517944550555,0.37376069850615884,nan
4.6959899309405815,56.105690931796154,0.37376703296478453,nan
7.765216538770387,189.64699925663032,0.37394370933467314,nan
81.95794241498672,134.99153916101713,0.3749330657419916,nan
166.00657303873564,54.08935263880598,0.375005068748418,nan
161.89773583280123,69.33950208951897,0.37506515046495653,nan
158.30980607945835,63.82403033638802,0.3750848147785185,nan
138.93375509501726,223.7103410297661,0.37517486095919467,nan
157.95993181437618,51.00266453981913,0.37580287846195665,nan
162.2272222663894,62.38903043475511,0.37620248091116265,nan
193.88124905146358,163.57201332336615,0.37642592834458993,nan
198.8317255847799,167.1495118549007,0.37646436633243896,nan
182.76956219524936,163.42855022987095,0.37657565391696673,nan
202.37765078137184,171.33914534360193,0.37657886613897806,nan
144.19135396878622,162.94977174519158,0.3778375429207988,nan
137.02556154702995,164.63316266147916,0.37788678908033535,nan
152.79192094588868,161.12207654062277,0.3779185385408028,nan
196.14932827999482,164.97147555995727,0.3779574663186257,nan
149.01561231251446,166.03760175972388,0.37837191732251324,nan
152.6173505472946,247.483079167792,0.3787037130199109,nan
153.30061783933922,256.69517966689483,0.37872020878531626,nan
143.59059740890427,245.86235312691255,0.3787399676558919,nan
161.17942142482264,242.02317979809303,0.3787438704554377,nan
153.71618604784308,248.06929990272707,0.3790293059165073,nan
137.20101528468737,222.48859868520077,0.37997550225841764,nan
62.23575067689334,240.69801275611002,0.38000431838851373,nan
147.43351876325863,170.20268226862112,0.38011670281312515,nan
153.32171791227995,246.73084247459724,0.380134365723799,nan
33.37131748872693,153.19233168032466,0.3803370398489018,nan
42.022804403809744,165.15651896410873,0.38034118904248326,nan
33.87522086690257,155.61600452825743,0.38034494662974017,nan
42.42904963747904,161.78992324587716,0.38034867634172925,nan
34.09838103223943,169.50606732015672,0.38037308080111504,nan
36.8891798640806,164.21818945456437,0.38038810594833994,nan
31.090263754059695,161.4309783039512,0.3803933034291929,nan
105.23459658762238,217.85197493907336,0.3803933105624782,nan
35.88402109056786,178.53030161697197,0.38040553735296984,nan
38.56249291568042,158.82790789993393,0.3804276556479928,nan
154.87911730768602,243.50561643622757,0.3804483292662076,nan
43.8070366904708,170.1626077855594,0.38063483266517756,nan
31.231091261683293,169.67754279168977,0.3808031019546338,nan
159.73784829498055,243.60485537128818,0.38102634147066916,nan
33.61403390521888,170.81671433720967,0.3810493399978827,nan
84.29177525381645,132.16511223508653,0.38122498615262507,nan
154.1278789978348,249.25576007657412,0.3812312479185555,nan
114.032943793467,183.86099056503363,0.3813244694822486,nan
113.14450510260329,190.14003394633556,0.38132864089825663,nan
105.99422729143812,199.56738581267317,0.3813761746772771,nan
95.82933577045013,186.44460467572807,0.3814542186598647,nan
103.00805215473603,180.49544680482637,0.3815178756203882,nan
13.638563818350566,209.31734174742888,0.3816389318185089,nan
-1.4231261857397393,61.2690696583145,0.3817055618133727,nan
128.38842230339202,234.76746778931846,0.38259139786176977,nan
160.16201515771726,54.76107247453494,0.3826177933851508,nan
146.48099333734442,167.4636977679359,0.38302554499232105,nan
37.094579489620074,160.49261336470315,0.38359222832703904,nan
127.66909214114358,137.72532841006557,0.3839222787917233,nan
37.79978678392882,158.99285758031698,0.38420135051827364,nan
96.05478992314063,215.34323613726554,0.38438445533586546,nan
13.883705753383573,216.661714699134,0.3856679229539173,nan
8.955556356257059,218.60828751175364,0.38571688777483015,nan
83.83850595690747,191.40821385541594,0.38586149921306395,nan
81.35582919705107,194.96266308622108,0.38587788989194843,nan
81.009429504874,205.82621892732712,0.38588218040935124,nan
85.15243071874394,196.3616237465748,0.38591038897370716,nan
84.02981603412634,201.9271293562045,0.3859346699956903,nan
84.30630539286744,205.98433929597445,0.38612143912663327,nan
80.87482486661865,193.9564123648264,0.38614664045596425,nan
153.2878099538215,249.07415442529967,0.3864760353634799,nan
155.74497102061727,60.33153083455826,0.38649569546389634,nan
69.96343911066991,164.88101822104144,0.3867932351136504,nan
74.58883996574704,158.32978483410446,0.3867936117275853,nan
83.26433255491608,155.34391648263747,0.38684886233235005,nan
66.52999209056038,159.93792591747595,0.38686865550789795,nan
83.52186293841213,163.25323724275395,0.3869766380567776,nan
25.484011600464385,202.5864112933335,0.3876492963509515,nan
203.775856035731,162.00781343550887,0.3879348490500118,nan
84.45595467131741,190.09915417395084,0.388802442696707,nan
165.99499108507757,204.5349130463278,0.38890357577619555,nan
166.57023507230437,210.19411435389824,0.38891710654902634,nan
152.0324531077679,209.70344868501093,0.38893667755069217,nan
165.1416907242619,191.83271821449523,0.38895482634313716,nan
164.96135577808784,2.402254320953431,0.3891205649102643,nan
81.89172453019988,199.4943365168987,0.3893496797077538,nan
151.67180299381192,200.16855340491927,0.3896505531274394,nan
162.32319497488064,196.94696472442428,0.3899466620223169,nan
154.6282001634367,249.47449053166957,0.3899815491722102,nan
0.004392215151537267,63.94581733624092,0.39020809656799527,nan
81.5151317504104,199.9751832187732,0.3906158853468077,nan
154.23607726935958,250.4890390255462,0.3906393043590634,nan
80.99323449802408,202.68771610715078,0.3910205076713644,nan
79.06448895056883,154.59571668930005,0.3912686652650385,nan
65.77251407453416,33.2810419018312,0.39152598445452425,nan
62.51673249481999,28.323438478389512,0.39171324961181814,nan
12.327569893410429,212.12464093072592,0.39190562728773876,nan
153.26443998380293,137.88954261898147,0.39267923349277634,nan
33.86674646276928,153.9064298642646,0.3928690258202684,nan
90.59938028533219,199.77344503434722,0.3930576095580793,nan
76.94787446236039,225.19325689878656,0.39335310042336175,nan
70.6359081380122,230.51930545881112,0.39347462177294673,nan
68.96192993296648,234.81991391691784,0.39350671001720844,nan
66.07476277450895,224.78436115624328,0.39351179717793366,nan
64.19039712358305,225.01193356210865,0.39351664057974,nan
166.3359068320999,201.72228868312806,0.39362401564767885,nan
204.03210784498873,164.2319157971159,0.3936805513641738,nan
81.04337198380588,197.55213409028954,0.39380131902233056,nan
112.10557321956638,187.33232681881663,0.3938632075120354,nan
72.71764663206575,253.00180706896464,0.39411490595042864,nan
154.191315629941,253.63172299917227,0.3943084584071513,nan
167.88277859069066,203.47805770535638,0.39469357577681896,nan
18.16929914814791,208.53338860676348,0.39636973973493567,nan
74.37507546016174,160.29696808792187,0.3963928021151657,nan
76.56046485211074,222.92819025442634,0.39658884470885086,nan
77.58009955359525,221.99044556810222,0.39659200377556636,nan
76.37672179380318,196.91123496583904,0.3967542581058649,nan
75.43133510999257,199.0921927267241,0.39762861668692445,nan
16.904783325939466,254.482092738282,0.39771677040970643,nan
217.0159176016548,204.60180510497034,0.39772122053155984,nan
41.14530079586783,248.6595884324555,0.39773343485081364,nan
213.54019632253122,196.91167573086133,0.3977746267075183,nan
203.965807739618,206.68470695308707,0.39780494845271924,nan
24.1572175801935,252.24525791414968,0.39781751877673,nan
20.160729961272658,256.8217217982302,0.39789029444793067,nan
31.7288674893832,256.5405902484792,0.3979527460400293,nan
207.0759945301841,211.50068839437145,0.39798378663463396,nan
62.92191849331094,248.60125365544485,0.3981090883775612,nan
79.19490734833103,197.1797498463791,0.39816536259197804,nan
16.401613892730616,257.0830018863653,0.39827499996089355,nan
75.10047817502993,238.59254207096,0.3983151225207358,nan
25.34896515085463,264.0333570329148,0.3983538147715907,nan
70.57882073588387,96.77057478433646,0.39880356147313006,nan
76.39402186679779,85.43324988823568,0.3988037279681996,nan
74.65819152475235,91.72937457834973,0.39880436200957103,nan
77.476518084235,96.40169600733832,0.39881143939379765,nan
76.86714536271846,103.18736082501192,0.39882514641001,nan
77.76807929730793,88.18095760427252,0.3988254334102586,nan
78.94206007307126,94.24117944217706,0.398833262435601,nan
79.13477881743188,94.89993702488896,0.39887474204409445,nan
70.80966160462586,98.50965528234453,0.39887693702872984,nan
74.37201074699838,99.76475024533808,0.39889442808640985,nan
69.9740002011758,94.43039475865855,0.39897863971956293,nan
6.972795076135422,54.58959969283957,0.39902713126148126,nan
73.4476896272489,110.61272058275087,0.39913749437614365,nan
81.75100099785031,93.0013996959214,0.399194385815717,nan
74.49567640809806,95.26422438409267,0.39919502911746907,nan
75.4889583034922,95.87574070303783,0.39924778996489063,nan
68.32762274627373,27.97381904508707,0.3993600714842698,nan
76.32486116154253,233.60996430661683,0.399628895885877,nan
20.140063817655218,210.0144604285876,0.39971776081753874,nan
11.067676017891594,251.76058296850456,0.39995509324585277,nan
77.39994125484132,101.4751484541904,0.4000830090914044,nan
208.62180038390602,198.77118737009548,0.40025997912272404,nan
81.0153068538976,88.77392234687716,0.4003174839380404,nan
69.0149052115716,96.86702303050745,0.4008632553769231,nan
209.4128841936823,187.93226153335033,0.40116224667899136,nan
193.5133754801208,162.52936226702383,0.40149298620895996,nan
67.5475352575009,249.16459210741525,0.40166272656690183,nan
80.32050538763944,143.07676853446418,0.4016904836315329,nan
185.39030718158102,259.3090182169544,0.4024358851818431,nan
184.9541517495529,245.76568084317813,0.40243602254754846,nan
184.93465438979422,245.46021133682714,0.4024562795554798,nan
190.42377792732827,247.698138507138,0.40246089294495674,nan
183.3728875989352,254.02165660603248,0.4024688164652758,nan
188.29567331014024,265.0178581043068,0.40251294491957057,nan
184.19818199923733,245.67162587018055,0.40251324151053325,nan
184.84724809825738,254.67356570854946,0.4025240278942373,nan
192.72358581487322,257.00374133527356,0.4026720584936594,nan
191.5829504751807,248.34788900445386,0.40268609774988195,nan
183.15423442130506,253.3068091884163,0.402786611802788,nan
207.85555274291693,207.576834567935,0.4030501747313424,nan
157.28061634993495,262.19578666808707,0.4034061086779666,nan
191.27752566200374,171.4509614976598,0.4034954733506353,nan
192.86975814509103,255.89762515319745,0.4037880076797203,nan
146.5072213423664,163.5496343374632,0.4042108013770584,nan
160.4669672823915,135.8077082426121,0.40470436643662533,nan
158.1274555226816,142.66094688417124,0.4047147415071948,nan
150.5029743556685,144.28157483300433,0.4047556467553316,nan
151.63432749129728,148.07238539067453,0.40476914106523265,nan
154.39372217097446,135.3739634791023,0.40477793977375964,nan
158.49014793214073,140.97550339630675,0.4048139177400657,nan
151.34770051405204,244.47389153307515,0.404875871427428,nan
194.82987851333533,262.36812824414284,0.4049153069655917,nan
160.01252672093958,139.31518569564523,0.40492337739112194,nan
29.435081611633496,251.01503269581238,0.4053181350593477,nan
22.98642512269007,84.11614658934796,0.4054692293929372,nan
17.979829687120965,88.5984783694485,0.40547967341057134,nan
13.798659280272505,90.98561963542764,0.40548806975979335,nan
14.256619073640888,85.77142554966237,0.40550861439242014,nan
18.743685702483933,97.96352479756439,0.4055185119574999,nan
21.39046777137086,93.05549055276181,0.40554546129477265,nan
160.96477067126335,134.35645979989687,0.4055832676362261,nan
17.734522325253966,87.43520735992311,0.40558663411099155,nan
45.578823372521,152.44707655027452,0.4056163849855906,nan
30.384093786429496,88.78815675856936,0.4056385648602146,nan
23.909271966850735,84.6860065499192,0.40567717532290404,nan
104.8453393693124,140.80102926336767,0.4057415457292092,nan
103.53262192405867,147.05443918961336,0.4057921790531735,nan
21.158809550101722,88.08658853750408,0.40588782867631956,nan
106.64040345224936,137.69208139546197,0.4059154626487801,nan
105.51940831265829,146.8169623412539,0.40593014072475403,nan
100.35651334075811,144.08288653120425,0.4060285551321085,nan
35.27830543345088,173.2138741922607,0.4062439746414922,nan
111.24251452916212,151.73277749244232,0.4063721118783625,nan
16.19431518241746,86.81623410856213,0.40639307122901847,nan
16.038019758845472,87.1180802494844,0.4064867568273663,nan
20.737919905974845,80.9228345457708,0.40669968754450564,nan
74.93451673181491,101.62285634151158,0.4070258646474392,nan
209.21818394507798,203.39430801683403,0.40714829560988935,nan
164.34289157451968,140.88911925532315,0.4071484397446614,nan
71.6818965652679,93.4166765368116,0.4073202546796768,nan
156.11518523714156,241.9902129188611,0.40749560649973593,nan
161.25356528989244,131.57747096967915,0.40764476150898094,nan
74.25395879488754,99.6815498552493,0.4076666537041933,nan
161.8901875148247,172.07997303330853,0.4077161722872645,nan
156.44041800314264,188.82948808980336,0.40782879686761425,nan
30.407802263576638,56.57463045294038,0.40822818956486473,nan
157.055520773403,181.1468765998348,0.40836097948532873,nan
179.4189577272249,156.2115250408714,0.4092547268983514,nan
156.58482903552942,180.9754245342239,0.40926746674081094,nan
174.579776505406,144.6320064512587,0.40931824654608834,nan
181.57308419433508,153.61875251552186,0.40946990319041626,nan
71.466895083791,101.58026879167855,0.40976107276971335,nan
174.80429974465,154.40871515875884,0.4099585295968236,nan
154.44482492010326,196.77188057677986,0.4103612200651906,nan
174.69242392774183,146.48227600172848,0.41070107184778387,nan
156.35681261429167,182.4900491075042,0.4107779207176911,nan
162.9137473319784,181.43473744808017,0.41154760065164026,nan
180.84697908965404,155.5329115596358,0.41183715751149647,nan
175.40351112320914,146.9079740424133,0.41191814143273436,nan
14.62307633891582,251.62453748513033,0.4120059770111677,nan
7.745914497548291,251.57971590991127,0.4120181990045277,nan
10.176669264461529,249.56253506722362,0.412024359333691,nan
18.078347041136446,243.01109301812815,0.41202580903550023,nan
12.97735371096711,253.04803289153935,0.41203497996487787,nan
16.226037737465184,255.8458908111271,0.4120471047365652,nan
6.940876556169096,253.6909245538698,0.4123103457332846,nan
179.89591306483368,247.71067210830861,0.41232225479060935,nan
215.6860969729596,158.31533409956842,0.41235104577988196,nan
220.09420920797484,149.75640584248012,0.4123645058270314,nan
222.80995834185305,154.2135330892122,0.41269567710903443,nan
12.950313515538964,256.2260150374124,0.4127821506687741,nan
21.661763247770182,257.3988486762406,0.41293541283922847,nan
8.212070029432338,247.45557543663196,0.4129863649245971,nan
12.999126166605308,37.34181617019163,0.41310303564141543,nan
12.708563484745403,238.0453751533667,0.4131050119184254,nan
25.610800392021773,38.33504346522079,0.4131060823996509,nan
25.085432909381346,29.470221981755632,0.41312333227090714,nan
7.503113903867408,32.293089260046614,0.4131256099101829,nan
19.724029618227725,30.631738129780743,0.4131316050976622,nan
20.0308807844528,33.57583674893102,0.41318608201119394,nan
100.49401133265894,141.96850662222403,0.4132186880268089,nan
219.51505311659747,148.8643723126801,0.41326132752199074,nan
19.338445161396944,36.10985070331249,0.4133332182851465,nan
21.184039110429353,24.24784569062693,0.41339486073751913,nan
215.1773033401147,160.47162920461128,0.4134975606116095,nan
23.466518590738062,31.632699178000262,0.4135295494705923,nan
77.19570042477685,229.01757223191115,0.4136460090394244,nan
16.41203220067402,31.146926829822483,0.41373321206590874,nan
18.091909057542534,39.1326032323011,0.4138838749017512,nan
161.7797889639058,132.0499050183664,0.41413480633106725,nan
164.32856764088288,135.08308267375008,0.4141702607483071,nan
20.343566224449905,217.04038177580753,0.41437016935201126,nan
16.353851372890006,220.30574893697747,0.414374102932259,nan
27.308054604211712,215.60724256544577,0.4143897295566281,nan
24.939119256219815,214.86697006061317,0.41446750030142343,nan
26.23203668231482,216.55808598949062,0.4145607743396073,nan
26.460235296242963,209.59337329200707,0.4146094098262158,nan
31.045872950224567,55.970802436251496,0.41463645982917163,nan
178.69978096834362,153.6039683703635,0.4146481981087804,nan
241.61459685589085,86.77993273455161,0.4147668130487743,nan
170.91960712473667,152.77922477191208,0.41477544047027,nan
11.022597031421471,252.25811540414756,0.4148638642978757,nan
159.13161376481787,131.38856388746092,0.41487835334115275,nan
22.53231615107176,226.6614357902451,0.4148978222981294,nan
159.18706257513662,249.6505319711957,0.4149193676402061,nan
226.87703085561762,132.5260920356593,0.4149267156199283,nan
233.45413868508888,144.98232152514598,0.4149281088761265,nan
214.67727888159,133.21599621017276,0.41494253335803527,nan
215.04482631977945,131.59477062768335,0.4149425715234883,nan
8.430238406947426,36.15850557228397,0.41498963628493857,nan
228.15491275283472,125.20426560591804,0.41506124611873857,nan
16.155830092179738,213.18395593974648,0.41527915320064485,nan
214.31871052639738,130.69012233297667,0.41530459849048357,nan
20.049839628961227,205.3041876310414,0.4154986857962468,nan
234.20871782839197,93.74434959002942,0.415616075280386,nan
18.555944153343326,243.71173209816138,0.4157881510596499,nan
221.94499959707107,129.17957850341503,0.4158899028592262,nan
6.075959792048804,197.1831624994189,0.4159745388531232,nan
29.5756456953687,198.12430027195538,0.41598510938819794,nan
17.577618212830775,190.2597966697257,0.41601161100163403,nan
23.909397246379257,187.48551127203422,0.41604815497191683,nan
27.286671889490062,211.2208293419742,0.41610565142619443,nan
228.3820368245551,126.69208704568445,0.4161899793934758,nan
218.4973876497633,124.0530901223923,0.41644627002004475,nan
183.1084605008533,144.83508366988934,0.4166490120186802,nan
19.328377049728363,257.52999420025355,0.41666751300786126,nan
20.28800235665805,193.16696813701708,0.41691395572324697,nan
19.0669898120852,242.56906561692628,0.4171000579683837,nan
159.38519384842854,193.2569938140766,0.4171265102941917,nan
124.77249077431388,241.18200001817254,0.41734721368384214,nan
207.7471443351505,189.20693544197158,0.41867188737469446,nan
18.62966703063665,242.70003872525663,0.4187015489899542,nan
206.31383462957854,187.5076766497652,0.41892985177380954,nan
11.337795048068882,14.68192102262195,0.41917409259372457,nan
12.172453670699765,12.150005284692165,0.4192024519175243,nan
17.867795506030955,18.207339679130346,0.41922417660464567,nan
16.904620920294455,10.997606885131862,0.4193255507581815,nan
182.60402621421255,261.00990616960183,0.41943105369911293,nan
10.514416171545918,32.028877263176234,0.41957267752373445,nan
16.90297050943548,19.70165442346705,0.41962412733843346,nan
105.54261704211034,9.84802479236165,0.4197452894233877,nan
110.42987859303672,4.689358698711935,0.41974571515558234,nan
17.222368330130575,6.590818774062447,0.4200776513916253,nan
103.13131651460704,3.9781703865926032,0.42021596678606227,nan
113.14870905493238,0.7000671523723305,0.4205010956487367,nan
232.1270765850057,130.01174605657076,0.4205832902092596,nan
12.976469259497868,33.700638332542326,0.4206179426442001,nan
166.72936498408671,155.54583129456066,0.420775966842212,nan
244.01624844833324,97.80598228013334,0.4208156600583998,nan
27.128564076245997,79.64360419955507,0.42123943108110296,nan
19.833692270107907,13.160187308257038,0.42140238981383127,nan
9.494302916224433,32.54052728819189,0.4215919234201471,nan
196.17150401684066,252.37337793767747,0.4221265759814753,nan
19.716335266958506,195.9868918655743,0.422268840370079,nan
9.94894857915559,4.46180525974119,0.4224040589753337,nan
18.816606530580447,242.82331314012075,0.4225737501013026,nan
64.25406443724206,253.80308821120252,0.4228378722524164,nan
71.68551189641744,247.2209423165364,0.422845390747915,nan
68.42898619773673,253.1969365899261,0.4228619385210884,nan
65.51171465635142,252.13811224260633,0.42289973147306226,nan
16.057733551797867,202.86615696784116,0.42309073451371726,nan
171.6363128273179,129.49427153640477,0.42318602218195867,nan
168.79098372211803,117.78495077400308,0.42319032292270226,nan
165.37654102868058,127.8381137216386,0.4231952320360448,nan
171.7922461550921,130.26587517194628,0.4231992997163801,nan
169.54927805812136,126.09373333592026,0.42320376569427787,nan
165.68384357238912,122.89437545233766,0.42321616944029594,nan
70.87422461431231,249.7477593185,0.42326258454603505,nan
174.3751654382434,125.52135444635644,0.42328323370778365,nan
173.03112779698415,117.0891923698683,0.42331700562391644,nan
10.481733575454312,256.83542754598614,0.4233315672884596,nan
172.68165593437942,120.93829500472552,0.4234612881509834,nan
28.534270896797796,221.3765395735132,0.4236155256246893,nan
170.26202448545104,131.49613522516444,0.4237140216657033,nan
162.66187522149232,120.31942769003626,0.4237704428785048,nan
167.2819291877191,120.3630818090011,0.4239774253053512,nan
206.22853919814636,176.51860579344032,0.424047402678236,nan
215.57885690609663,183.76170214693224,0.42411267576187295,nan
213.6208592504088,184.08155335187962,0.42417283038323367,nan
107.85766188568711,134.3457152737072,0.4242084180138266,nan
212.217656135058,179.06896053004505,0.4242196559159096,nan
22.626581998683584,154.2730275201717,0.4245428315370499,nan
18.420776954284953,153.01289630082204,0.4245506430935859,nan
20.319079757046232,159.83454131403712,0.42455900379132394,nan
13.448137819229066,160.25197542336505,0.42456297770824153,nan
164.98068397904655,123.6253278526508,0.4245673285377656,nan
102.07339357415765,146.5317105857782,0.4246173816204811,nan
11.513077969384483,158.48591054533287,0.4246174520731393,nan
15.135561277854805,248.07073498897964,0.4246634700314825,nan
25.018734840661743,152.43287893685445,0.4247241163318884,nan
24.12676874778482,169.02078212749944,0.4247396415791879,nan
22.618970447197054,166.3434049205103,0.42482274448855717,nan
19.031195792583997,158.1128612102571,0.42515566231592555,nan
16.72346931341782,158.7312954935752,0.42516859505741506,nan
20.41636698161113,91.14739430606,0.4252684621987987,nan
15.056321780982165,161.64704698577432,0.42564026180605674,nan
14.435468212270969,253.49811609433624,0.42602140435678837,nan
70.00736819698407,232.81746711077153,0.42630967001181375,nan
8.79288214574004,90.19700228933793,0.4264121036772405,nan
23.682053051464468,214.94520539504026,0.42651537779408566,nan
139.12339912612234,213.32264057381346,0.42661916584666415,nan
157.1470415359635,210.46226099530733,0.42663822231618437,nan
137.86808068631095,204.4872856502111,0.4267261721794658,nan
137.62886726072412,203.54922952418585,0.4272738776973582,nan
5.1796659114815435,192.0425438662359,0.4273348183360396,nan
16.02836683494885,166.17338356664158,0.4277353782698689,nan
19.757909872744744,158.42387100704207,0.42800863295367514,nan
105.07222808621798,8.457052146312728,0.4281131021983934,nan
191.7216456818936,241.70484725486637,0.4282179098092136,nan
216.9213076301947,152.14810532438003,0.4283101836709039,nan
88.0083179416348,141.35849710620272,0.4291596310532856,nan
82.28155264173338,136.5886737169234,0.42917756565562387,nan
86.29797215191833,140.96711863947777,0.42937281356020046,nan
184.05165103655392,247.04443594232384,0.4293837060278169,nan
93.83651675040336,145.1613564325706,0.4295974484745959,nan
220.231801852967,180.24229581162285,0.42960494229594876,nan
93.42555589924662,156.67466855821192,0.42960649727339206,nan
224.15390856522842,130.3692974568865,0.42988602450002356,nan
90.5643045121343,153.0050669888247,0.4298866380220225,nan
13.110337989284286,6.969340235871802,0.430086140982048,nan
10.059977344718444,188.8774261768396,0.43047621529868035,nan
91.85672987184834,241.0701530222028,0.4305307215554901,nan
88.95237370517276,239.03635007324442,0.4305413069421808,nan
88.19783291865555,242.68519739177918,0.43054693126706794,nan
81.75455628289546,144.46378276827193,0.43055564953402825,nan
85.30999738813911,235.52575325818154,0.43056509279711164,nan
94.18216851910778,250.42057545728008,0.43058035500349734,nan
90.55983798016383,246.5148278372122,0.43058999700997325,nan
101.1411249857514,238.34122431508854,0.43075692251070063,nan
29.03309044228055,258.2087299061488,0.4309784520795624,nan
100.87238662667524,249.65215317737844,0.4310396911225597,nan
92.20343883968312,257.21899954433036,0.43114354264421245,nan
181.96069302606924,145.84365783266833,0.4311663908697309,nan
27.09359114638563,217.12022292470675,0.4312751775277821,nan
6.896826288420411,195.92309609198773,0.43226470043188603,nan
10.939779906670411,195.19427748555952,0.43247126235082706,nan
93.19722586662832,241.36894566940313,0.4327621730459358,nan
167.09732304582215,131.18550276080416,0.432823426409415,nan
25.205567247448492,223.84408122077767,0.43302117505872223,nan
87.45468385052664,241.43010531076465,0.4331878746732877,nan
92.80417694489793,150.91522430642638,0.433249243483066,nan
13.539499106890313,189.50398812868232,0.4334284828821143,nan
12.595266599159727,196.95409493386052,0.43381177060907256,nan
100.44042838499443,243.1334361626786,0.43393643001766835,nan
204.0370327656998,247.1954299392689,0.43402952522993615,nan
206.39094822907006,249.32705863096237,0.43404432399454235,nan
196.7845039669877,248.00584837586507,0.4340642345280162,nan
210.46727101218795,236.33108945942652,0.4340798092257385,nan
200.35985296268674,244.93061055046883,0.43408258464248306,nan
204.13235601387623,240.5567775125112,0.43408418172432056,nan
204.52701369010109,235.0434005106947,0.4341217203348687,nan
203.37495369333234,258.1747427267581,0.4341350114561732,nan
196.00672466822192,245.51173427811403,0.4341626306509162,nan
210.3749266405117,231.16925062475374,0.4341780685860338,nan
202.4855675167065,243.081151928368,0.4342288576150187,nan
204.16400358006226,239.43794760296228,0.43422900116667057,nan
215.0267926197461,242.04131919992977,0.43429548989484784,nan
93.22952257403675,233.94810900789903,0.43443436441110517,nan
104.09118883984964,86.79006595557821,0.43457986101316204,nan
99.1282352844942,89.36765997502314,0.4345830259966667,nan
106.11467808494022,82.15093106982663,0.4346209532694237,nan
137.97310712692058,234.81030797767139,0.4346270888938299,nan
141.46372424246982,236.27984137854762,0.43465041895840334,nan
135.65450917023094,235.44536166842178,0.43465549912964285,nan
140.35654676124136,238.84648845435044,0.4346653231749815,nan
144.23131825943545,213.26657111236165,0.4347141606059442,nan
230.07442280375645,125.63055509042326,0.4347721865141638,nan
132.66251922291153,233.62100875148684,0.43480470616610783,nan
211.51044882262792,229.71485714894695,0.43482727539089444,nan
95.3873342369441,78.87556730511122,0.4348942895401125,nan
138.04101278446745,228.30417179473955,0.43508849018555995,nan
11.402276438550375,35.434061849380655,0.43512247594124753,nan
154.96661957550825,250.0663555575898,0.4352077981358391,nan
227.70892777646358,124.76294760000155,0.43544343186111195,nan
132.68797237718664,231.85091512101178,0.4356200918135566,nan
187.32649379954972,250.69195236980616,0.43566058994605994,nan
14.188688776444353,36.992352054510256,0.43567898816275435,nan
172.11306417502067,119.84016067109648,0.4358918844396183,nan
20.086561869027836,42.461323460296825,0.43594624505744284,nan
211.01057668792367,193.21064918396448,0.4359872723819887,nan
17.763302002615514,9.406361316252916,0.4359988556249365,nan
31.51019480613426,19.86723818476594,0.4360303203658308,nan
28.551868667789336,20.773920812802224,0.4360314451736774,nan
29.723814916978245,23.120363392658998,0.43609296349244886,nan
40.289539092769324,16.87250898966825,0.4361732970462218,nan
33.372182865746105,13.720222855005012,0.4362880272650802,nan
134.92827951739258,221.66044816096232,0.436404438302036,nan
167.31159882845392,120.14887640460567,0.43644285275002337,nan
26.095662167162637,158.4366401225181,0.43644735663435286,nan
34.1194194960284,10.811968892424915,0.4364772701566661,nan
22.517768271620266,251.37255522848122,0.43658537353253374,nan
30.668829639974,23.652773902263387,0.4366284907531231,nan
97.11001120187315,255.86923788731798,0.43664773449767913,nan
81.50534513931683,150.3766570818456,0.43677246429665817,nan
206.40509454209132,207.13067386715238,0.4368630065395528,nan
100.50821335760854,85.32065042530235,0.4369018759944483,nan
199.50398368398066,240.86420343688374,0.4369370954881623,nan
22.93332989292088,8.440211727308128,0.4372393995502562,nan
108.17194710130573,89.79249850311203,0.43793148629863904,nan
23.38273110420495,19.148298902495686,0.4386231427516046,nan
21.72889642004476,89.85372213766718,0.43882598950098956,nan
85.52841004083731,150.28566456021963,0.43889537190296357,nan
142.68671048264758,232.74441455239196,0.43894758456997185,nan
14.950661058656053,244.92283034907055,0.43908001346228076,nan
80.99773447834812,154.96862990453766,0.43921430456241545,nan
65.44090795895588,241.77950352587564,0.43968737818596276,nan
25.14122341376099,18.02363039038418,0.43998719726786845,nan
41.85430650410047,3.531378569214062,0.44035090808563204,nan
43.656100996311,-0.2853099735314448,0.4403592505733231,nan
47.08879245003021,-0.2955536052774324,0.4403726086636272,nan
64.77345721740473,234.78240889353427,0.4403790157191112,nan
41.9728808103972,-1.8573518602017118,0.44039705991915845,nan
44.73787197201461,14.659789952134357,0.44058349681858505,nan
172.9462550747008,127.34908285325095,0.44059897382159086,nan
206.35988506558877,247.4260793103075,0.44098599710446257,nan
43.814975049221935,0.9703637389154789,0.44114164869711164,nan
85.77382245838514,246.270225100955,0.44119487577555916,nan
245.94723452168495,101.72289222819366,0.4412383445811366,nan
243.7146747690148,92.25084484336422,0.4412414399150499,nan
239.35249304870385,95.51977563018899,0.44125734972390623,nan
239.238036918786,98.55221971943607,0.44129640779566115,nan
246.90160962653246,97.10055094409762,0.4413314751897212,nan
200.82971081879936,240.4545764637218,0.4413638020394504,nan
18.7959676749008,160.69532427430462,0.4414080990023173,nan
234.31149652460914,82.1898007438162,0.4414106515256114,nan
222.43944036121712,130.99088024562096,0.44147180475713843,nan
13.973105989335231,220.35925750092713,0.4414880674306767,nan
6.662275428191816,216.77912853823733,0.44149346027897596,nan
24.56002925791466,216.10097148699,0.4414945770440005,nan
20.219774416871168,224.88058545863882,0.441518732605943,nan
11.509185782508238,238.14304558434947,0.44151967105235523,nan
20.751068574960193,222.50115504694676,0.44154199731359156,nan
7.139065131395568,237.94908204950218,0.4415962114055307,nan
13.1294279889346,224.28341161765283,0.4417339339022882,nan
98.33513860547862,241.86888453571103,0.44175038979554515,nan
28.47829653422931,227.30008667275638,0.44178943654706726,nan
18.948086800995938,227.68946925335902,0.44184077881363226,nan
21.674559816457624,213.63794999624315,0.4418417672407116,nan
88.76637206677708,245.8278476880549,0.4418876923025888,nan
11.860129026551734,226.76066441470388,0.4419540582800585,nan
34.33948042711543,11.935694303516819,0.44198379745886873,nan
50.13133853909667,14.652756355210302,0.4420477904552708,nan
170.83825694316016,141.35470143144352,0.44217953299310886,nan
177.2205432101987,115.93157301911373,0.44220513887858665,nan
245.5742253496661,93.42033049821255,0.4426105335317713,nan
223.91945512507684,152.17983075736163,0.4427670895329881,nan
209.78073308922527,207.6679262839706,0.4428835425006124,nan
172.67047995904008,124.20292941211747,0.44300918511878284,nan
135.73536654982735,237.31769262662306,0.44374804530460515,nan
23.76470404371728,220.09528371010833,0.4439517376782787,nan
137.283964956171,230.51746041920183,0.4439555940629985,nan
151.46050977496336,85.87066202805346,0.44407302973235835,nan
144.21801283774516,78.4576691817186,0.44414288146401176,nan
100.11766531540505,94.52926583857158,0.4442522995466079,nan
8.671159956783825,223.51111180607353,0.44427726240812,nan
89.22630049531524,145.1916842667495,0.44432390258582366,nan
145.1783074879934,78.01440266907659,0.4443627639692204,nan
147.40326332490758,92.71018860977775,0.4444096944740347,nan
41.31773571392765,7.255035653369045,0.4444522738056699,nan
143.12716283121276,81.37550564495045,0.4445230023796781,nan
133.30142304576057,79.44091071667776,0.4447031709578787,nan
17.735478787010702,216.92474439594437,0.4448399779395529,nan
86.29951213608149,139.72612978785062,0.4450318186734508,nan
242.36538163665713,99.36378079144978,0.44509221841792684,nan
19.00671859341633,219.84690461723892,0.4451101191523092,nan
199.79190744368793,228.77796617718712,0.44515772423785654,nan
26.040598858532096,208.24077544159556,0.4451668410710891,nan
29.199143322242694,205.0293928457712,0.44523555393534087,nan
138.31173497505196,228.3482572448176,0.4453326421189508,nan
20.09500084123698,224.59016798695626,0.4453536553060988,nan
22.10390623373876,193.87846899301414,0.4453707443580844,nan
34.895534246371234,198.79346853095544,0.4455364985985987,nan
29.827851470705447,12.326468126929019,0.44557336818939886,nan
162.13400238169945,176.40334152182922,0.44559854794561093,nan
175.5441877068518,121.72066948801285,0.4459407932711085,nan
141.24604467838918,84.75455707211945,0.44619916921591835,nan
29.432097561593952,13.230937330643364,0.44620616156184795,nan
21.10153653783277,222.48192958258127,0.4465047469213517,nan
46.801382319187326,11.311641439771622,0.4466834976123414,nan
39.627074767946205,21.246221946963722,0.446765219750135,nan
246.68467939368784,90.09907053769385,0.44688568116493627,nan
209.4781714472558,235.24772426012044,0.4469159132596058,nan
66.86380920242878,252.5900092302535,0.447119122775093,nan
206.76352169947305,209.76008041765584,0.44712026855133513,nan
20.49699850705795,210.95023492954795,0.44718413375680344,nan
69.93082313341957,177.21459978805896,0.4472072441055386,nan
31.68060124683997,18.50686700325477,0.44746475065192987,nan
237.7155666379598,87.08619320739162,0.447947079516465,nan
75.45786107698389,187.51869736006822,0.44815837512209067,nan
20.88447865985708,227.4189079940688,0.4485434087286868,nan
102.00912387757631,97.69702909660134,0.44919536669395727,nan
30.23092591742982,10.557814212422754,0.4492985802919456,nan
22.537097093632415,20.50753041158613,0.44941089080171015,nan
26.23193371309717,19.64016823901211,0.44952573400164164,nan
29.77607085275923,4.714334824003972,0.44953650070502904,nan
209.45146860577213,200.72349598766831,0.449559490223958,nan
79.14141489537465,185.87862250722338,0.4496186547444347,nan
32.027054763308485,19.43638787262341,0.4497152940244024,nan
40.24055253801927,32.262124720498754,0.44991065238220124,nan
51.334219097486766,23.26325436398873,0.4501626350673118,nan
15.158197706327805,40.00800958073189,0.45059794201279924,nan
26.044474936366786,161.12083534212144,0.4506337658382256,nan
27.72082541014562,222.62208530370756,0.45074064095102917,nan
19.158845498840435,159.67068681828852,0.4510205997521774,nan
17.58199090813772,17.732490768213562,0.4510924633666693,nan
20.604323388820426,232.46406466783992,0.45111733064610426,nan
144.99077837737306,227.50575641845444,0.4511703947811275,nan
21.710263920295994,20.8046304929174,0.4512279514861699,nan
23.94508499799966,208.87640918053876,0.45138656997431115,nan
173.7036377044755,128.7912723102334,0.4514798712752712,nan
27.523236071961907,20.70452344095994,0.4515282478620098,nan
82.27454721619023,153.4131162930046,0.45169744973342674,nan
216.55939964600654,234.6350670884089,0.4522050446722268,nan
222.40345295199742,259.2584575677092,0.4522114221538268,nan
214.83907686773466,241.29192436040452,0.45223526841631345,nan
52.55307694641187,42.201595294826575,0.4523539486101029,nan
225.40251280760594,238.718031971065,0.45237279836124167,nan
34.137639912878086,205.45142281333105,0.4528566083559334,nan
56.3957013474993,29.172120789412837,0.4530060037768062,nan
29.31995954581766,11.134729676142431,0.4530280900038028,nan
24.131229091302615,232.1264909597758,0.4530325609237662,nan
235.13186718468987,101.60956177433515,0.4535393412034512,nan
240.5894939743463,93.9826312955114,0.4537317871188112,nan
46.78353619890762,25.97826162213364,0.45402283287261586,nan
142.07774632922536,84.30465010059172,0.4541269202457387,nan
92.33505089391377,234.5961996972195,0.45415824248180725,nan
81.54039332042419,149.2151215252367,0.45491941700386646,nan
28.745962457309805,18.552802721708083,0.4552167340910819,nan
22.015688259504707,230.13607304475556,0.4556206842993584,nan
25.20878248550576,205.76433544109258,0.4556560191790639,nan
99.40640512849664,226.8633916885779,0.4557882468507281,nan
216.11539569450926,170.74690506916264,0.45652195986434707,nan
204.21980359648282,244.40541060273077,0.4566237260309502,nan
162.9035741138566,169.9225906450491,0.456670912082612,nan
27.125329264507453,14.102452805573195,0.4568923883942912,nan
140.1071133401203,43.787173586351884,0.4570203142271149,nan
142.59969989988744,40.01460887975861,0.4570258560288285,nan
20.78981418085791,21.829252046371295,0.4570319260468393,nan
136.313832184097,42.53307702924835,0.4570369762299717,nan
147.4011520038564,49.914173842655124,0.4570634543847483,nan
138.65701294230328,39.55653365233811,0.4570946617345847,nan
140.38511230405175,39.91341141906019,0.45711671293855605,nan
57.76769874481376,202.09901639295694,0.45717880810874334,nan
72.04470534892232,209.61422785684312,0.45719600619934286,nan
62.56627285577162,212.76706047496862,0.4571969524148345,nan
54.93626479283918,197.79336360472294,0.4572851514515525,nan
64.2641769222552,202.62822160114933,0.45731740357528466,nan
65.0543332887785,202.76638005797736,0.45736409241689385,nan
15.668412947548312,98.19685105238517,0.45777418906785566,nan
12.368527469219817,85.41565803132889,0.457776420111599,nan
242.90950993309386,93.93051349234646,0.45780454378487095,nan
233.05566915206617,85.26996376099756,0.4578065574901486,nan
59.263644732603204,31.914382779056165,0.4578862940545344,nan
25.45566191699778,94.20355238799436,0.45789920343229784,nan
38.73432536975101,11.680763993918305,0.45800250060053543,nan
69.8508230046358,197.10165394413173,0.45874395092190096,nan
144.1400231573984,47.45069795357727,0.4590205824390393,nan
164.157482829406,121.0612672895541,0.4599072985287502,nan
147.29408855187881,90.96538713805339,0.4599424651142825,nan
146.22957277743257,91.8813280936367,0.4599429742530234,nan
137.8602125160721,83.37735699358257,0.4607003692258951,nan
20.890803192659725,53.2339662194776,0.4607401001319839,nan
31.408022512840244,10.83904392079805,0.4609726446485384,nan
92.19844292268508,214.68362994430208,0.4610329654201586,nan
25.01217892061925,11.393210174817725,0.46106397876070065,nan
54.42944061999265,17.64079951975579,0.46122953065237465,nan
199.4623116143359,231.14942625113864,0.46192833740990374,nan
246.45399465425317,89.73939068088295,0.4628890363677776,nan
142.0012324128393,85.08522436000759,0.4630489114093059,nan
226.66214814963706,129.6199090554619,0.4630981924024738,nan
104.4452838965919,217.52694176569327,0.46312720176547867,nan
28.642043215032622,21.90237777245673,0.46325513435755133,nan
146.2527174200321,84.00342373484862,0.46356558609883447,nan
225.74055834441407,258.8163042962508,0.4638204667224572,nan
204.87526181866104,239.73627871862246,0.4638440876807888,nan
189.08742119392062,256.39481369357094,0.46411703377754876,nan
22.15308179225573,8.566579948096217,0.464283205104864,nan
36.0398195627616,206.27722822389916,0.46431188786611244,nan
59.216050196573136,184.6544186837049,0.46469521595048585,nan
48.778223634454214,201.711314613347,0.4647219999036053,nan
43.922227767166966,194.78540377079915,0.4648695802251208,nan
176.90295317124682,155.02092290181878,0.4651582225989084,nan
242.0828306708994,102.637531252775,0.4656068211085015,nan
59.971816096529686,185.70322101505195,0.46601008681829176,nan
134.6220425960205,171.618688989827,0.46622966782601327,nan
32.71069567555775,196.01586908234532,0.46644982482077324,nan
20.448272513363587,217.58541085606575,0.4676254327383453,nan
45.9810776820332,13.6143093726934,0.4686414697510453,nan
52.87162028952443,28.111093920211996,0.4692858010444924,nan
49.89040916716038,203.85184987869064,0.4695898082545009,nan
41.308466163268406,215.9993605261411,0.4701649665596477,nan
49.85833789116959,188.65155611677625,0.47092239724116053,nan
33.89890124648542,205.39116287962136,0.4710968729591745,nan
210.97795740898985,244.13495131897528,0.4712993410986549,nan
204.0624992018504,95.56784127598296,0.47278416080830443,nan
200.4306844361357,91.52670906825229,0.4727907497793755,nan
198.84684237969387,86.7603447787683,0.4727978692696138,nan
191.57455326423616,83.71667173965734,0.4728046803251564,nan
216.53841767137658,94.5967152833273,0.47280567851184013,nan
208.2416129193899,89.3044425764446,0.47291670051998086,nan
205.14210295505515,83.86812864668173,0.47297736963482884,nan
58.84243925671524,206.67708823297184,0.47299681637070856,nan
188.41193537303312,129.19240655563308,0.47367293957477313,nan
202.25199107628578,135.5351095582888,0.4737536891187913,nan
186.73338551726732,125.01048661224075,0.4738843026558588,nan
38.85212315405602,17.539014836912486,0.4744373655699602,nan
188.07185902935566,124.43734827794424,0.47471707762980436,nan
60.66180890585026,21.51781992301013,0.4753003898601736,nan
47.454180078102986,24.0390257260099,0.4753014502165734,nan
50.543626171201744,37.14266965964914,0.4753039158946459,nan
57.78972820250617,27.37555455276343,0.4753174087839821,nan
51.029224026076854,26.66901355992289,0.4753697911694213,nan
51.78104755182049,22.444074647337608,0.4753862760682711,nan
43.74729281283581,30.144708179600176,0.47544545094328566,nan
199.1921045911377,90.30546164545015,0.47548810676787706,nan
27.709632269023867,12.506442205014457,0.4757547549207208,nan
42.54984384478849,26.58963320853242,0.47609073449104133,nan
57.41322135391563,27.322530117003954,0.4775276682849199,nan
61.383520662003214,202.93105619136685,0.477667385902616,nan
165.98088408555648,127.3847049359918,0.47876030047840007,nan
54.45207613430376,203.3376025907215,0.47985756961155474,nan
195.36746950051574,242.16075006733388,0.479858639431786,nan
141.81239350332478,140.24080749388455,0.48140142196584756,nan
140.9276002800749,136.9350194153698,0.48141977441120976,nan
138.15179656319071,134.74787644606934,0.48143339520228073,nan
48.25091186871872,30.55182579944309,0.48152199814285673,nan
151.707114882172,140.91700877210897,0.4816868415704582,nan
140.9311674381162,137.38694877934157,0.4817049186338017,nan
149.89344813856525,139.89252186447405,0.4817162931175805,nan
105.41024951275897,0.11813135626550716,0.48203396352348477,nan
240.861176125064,102.0622060460203,0.48206175957477704,nan
169.2416798719962,130.55014873237386,0.48234390297762353,nan
148.76075503362858,147.8286805429606,0.4831255933835595,nan
42.72860515569972,38.86146238611833,0.483141935931312,nan
176.10366122894385,248.37149687064937,0.48353473985003137,nan
154.1888448137866,228.42298342906736,0.48354923601020755,nan
171.70686943216316,231.93310326682723,0.48355638035958065,nan
161.4613661910727,241.35454868769216,0.48357355644875566,nan
165.99265778031153,236.89669152120885,0.4836533702139843,nan
101.84469739433865,1.0275583494197424,0.4840222841038692,nan
55.68508981788364,33.172835149037056,0.484616274565179,nan
157.78018471437696,144.55676057987392,0.4848105574168955,nan
202.7634949252937,82.36319539866881,0.4850637101423118,nan
92.12439126812615,147.6422334059447,0.48524343845711515,nan
141.27613277747926,43.363425619443824,0.4854082180982815,nan
240.85390696571324,95.1477676049568,0.48626348892140436,nan
203.38118576247226,86.03577107195537,0.4863078844138553,nan
190.74858570835102,129.01071552170666,0.48665369946332465,nan
96.52232347048808,244.9505129086861,0.48726012105980415,nan
190.88686088716204,140.13746168602813,0.4880127513729008,nan
201.6452861567198,259.3950775596359,0.4880146254754133,nan
201.57185739776924,248.45993187144592,0.4880200740296939,nan
199.3813651080688,247.55369392124257,0.48803044568313597,nan
206.41997873484422,239.6748158322961,0.4880352223599759,nan
200.98339990706052,260.32764812011754,0.4880574482684818,nan
210.97480888199752,254.6549118361803,0.48806494350681784,nan
197.2795731516889,250.1496093345037,0.4880667749139215,nan
201.14546591523953,239.0355651656056,0.4880709361196518,nan
198.36560944825692,244.29522725049068,0.48807823411019585,nan
210.1244284266178,246.0726341705498,0.48808217570948315,nan
214.81380565671486,244.20740199477416,0.4880846996603646,nan
198.88685835120083,245.32728687032517,0.4881193498382486,nan
208.38172933239,248.75812619355548,0.4881314745937924,nan
240.54342264360656,89.30166730338429,0.48813755984966284,nan
209.0827109315034,251.46173711388414,0.48819477721852383,nan
204.1306954503392,243.99923027465894,0.48823344951425734,nan
193.92092999264256,256.6572774199924,0.488318261932457,nan
208.46366706283655,248.29091128886228,0.4883449457476528,nan
208.52616167093933,94.10431141992547,0.4883894767673758,nan
204.85990724788635,242.28389623762692,0.4884918471804008,nan
197.97472660665377,244.35030559281554,0.4889236382899222,nan
162.72155836338203,128.13034137809643,0.488965589816831,nan
5.376730703600825,50.52529271320416,0.488996675749798,nan
52.712395588235864,58.63365761538241,0.4890015776184692,nan
61.67195464211464,59.069934919132244,0.48903018129967785,nan
48.0248361517658,59.30994479284877,0.4891597238568507,nan
200.6653437817814,253.73216495361484,0.48916031823382033,nan
46.340306192330935,50.13676136463499,0.489194479291123,nan
63.4142976837249,51.87950788359921,0.48940544114714296,nan
58.484784525227624,63.22012332930006,0.4894697048401375,nan
153.28142110224562,141.14098360468083,0.4895055863622274,nan
47.34012165725538,34.37670685754572,0.48958070150185184,nan
160.13808916668427,231.8928379733313,0.48987078096472203,nan
63.02096180587234,53.34608412198839,0.49010717094161527,nan
164.3968766888497,240.544445857428,0.49044077315630863,nan
163.55403598735293,240.66882889261873,0.49154964501963516,nan
144.42005548624883,120.79262886034167,0.4926137209060434,nan
138.10507605673266,134.3261542223213,0.49278590161256464,nan
9.727291679734439,49.871776823441856,0.4938143881927134,nan
81.22720290984121,97.15312047826946,0.494358835828019,nan
89.55924594559401,95.64210516968703,0.4943607031231603,nan
89.42990348847376,97.13104529995847,0.49436650616338906,nan
100.22611455099184,93.68045908400288,0.49436874200698444,nan
96.6233048687521,103.85288695611388,0.4943769700754825,nan
95.5529378215458,86.67375909543132,0.49437731781115574,nan
94.47411136600599,87.04624952146953,0.49437890651188016,nan
93.57523945881265,94.13055247430427,0.49443584349298597,nan
82.50650656843247,94.38473941015701,0.49444060122156164,nan
90.67214493675691,88.24316763754558,0.4944593719822872,nan
80.75276286465025,91.74774796041905,0.49459204949173646,nan
202.84181470869348,240.4360785570516,0.49491472033266076,nan
84.36236882562724,88.88109064468239,0.49505862931110756,nan
145.72841720271975,87.92952492636546,0.4951996434719284,nan
117.7093514528624,42.0732833348303,0.4952614370890947,nan
111.40554927280934,58.76649444151979,0.49527397797289285,nan
51.942634046930976,189.6270156257797,0.49535094119491724,nan
113.4029940769205,42.42160471956715,0.49542315436628726,nan
84.98566176565222,98.22298578504608,0.49604601270287124,nan
46.822141656635125,35.63113339466336,0.4965152513758572,nan
197.86775225647807,241.86663765405658,0.4971180699748792,nan
142.81106647947087,141.26685930081607,0.4975075354244238,nan
84.35303521479274,101.55087944518584,0.49818079470387183,nan
46.5776148737541,50.4556859150152,0.4985135184068164,nan
88.36068074319076,89.96675387055328,0.4986093674061531,nan
149.50700839754865,50.54409335262011,0.49871101539332474,nan
145.83117009978616,140.64770999750286,0.49889172246935987,nan
109.28755947350736,37.34799624860235,0.498986581321637,nan
200.53369213324754,247.2861489978203,0.49899154691323916,nan
93.18297980292343,89.52230775151025,0.4990210371595043,nan
115.05229216908394,53.75265116225824,0.4992042713380579,nan
63.73596472484609,56.3275879284436,0.499366689986289,nan
88.88311643128556,93.5431266732765,0.4996195155091994,nan
82.10773862836832,143.74715995711313,0.49962431593966117,nan
82.97438142132752,90.1879999731701,0.5004098144531645,nan
14.780990273549685,41.94230583492579,0.5004204545547756,nan
110.0072583055146,39.21355825135203,0.5004329486126935,nan
59.97153260320726,246.60803072755095,0.5005806687546247,nan
55.196147359131594,251.20739697582326,0.5005882435673985,nan
48.827743707758216,251.22400561596538,0.500588351737119,nan
45.64977180654661,256.9201019836603,0.5005891819063385,nan
55.92057490908033,253.5451021770728,0.5005953855805254,nan
50.71434032107122,250.34165446546706,0.5005970574683236,nan
60.24314870339241,264.0005521669626,0.5006023410012479,nan
57.9376852097522,261.58585155826927,0.5006078717609574,nan
58.069604281583274,243.92279451950094,0.5006671104950285,nan
53.483692729977264,250.65872769455845,0.5006952343810179,nan
54.389423406979674,257.19328398284176,0.500712509213706,nan
60.169686965313,252.99142818633277,0.500725860183078,nan
64.6890688656902,16.224721607397854,0.5007336900897826,nan
58.05973353431146,252.81911267252437,0.5007341680370705,nan
54.93969559286267,259.0541526261227,0.5010256756930989,nan
41.89019310759398,33.48055547051239,0.5010848724527478,nan
55.00127411783046,258.13385009028394,0.501145936253446,nan
54.82283830551736,207.5802761515589,0.5016358818761104,nan
56.62537756441332,258.4218505755379,0.501912004968005,nan
62.08553155122456,251.33980927359278,0.5040119865434155,nan
93.30618375146581,138.56958545000725,0.5040411649219726,nan
81.09683559742582,149.96364555080754,0.504053557407103,nan
75.2081105784566,145.58555338056394,0.5040897406959253,nan
83.85697729137154,16.09466775288646,0.5042338648205955,nan
86.45598303627318,19.417151249248846,0.5042381359325843,nan
86.46309463220678,14.104626873742294,0.5042382256739076,nan
91.65295769231344,24.180488303239994,0.5042559456389726,nan
93.25427235994938,10.930228664460053,0.504258114579562,nan
82.63287410986844,22.605446142415783,0.5042638429754107,nan
78.56253604093033,19.4322610244063,0.5042749661293856,nan
87.55777014527243,5.787154140285861,0.5042755652009729,nan
92.18083460717448,6.296615386679828,0.5042876888357758,nan
83.36140094829642,12.883569094325335,0.504291996886674,nan
93.1216428208248,21.332918453236537,0.5042945970303896,nan
88.18730865662484,139.8409468314153,0.5043123607313955,nan
79.91812833790304,13.344783066498827,0.5043154542532451,nan
89.27888013527912,13.908397689074333,0.5043699544934699,nan
93.65897709967363,16.67648388825959,0.5043727454065435,nan
81.34165529074548,16.637069933410032,0.5043905559496591,nan
79.19657484000007,18.54326985749143,0.5043969792476232,nan
77.15439925376786,13.674109685387968,0.5045076735392177,nan
88.45990173918169,11.307704389888537,0.5046571264181708,nan
90.85341118734368,19.268025634856652,0.5049554929350026,nan
78.08592559353352,17.865607955615392,0.5052684476741637,nan
85.46066673865006,13.865427050293254,0.5053757740798405,nan
77.76843207687747,106.5956781127005,0.5054430891245884,nan
91.43190971260567,85.05514896323098,0.5054442563580576,nan
83.49374930142699,12.065563517360006,0.505613340624389,nan
89.65650166611309,18.906894305046176,0.5056203963783065,nan
79.57128761639063,16.789230829864767,0.505641758343442,nan
81.9666794664331,30.20350828020401,0.5058865015547755,nan
183.51898257045906,59.37818578775742,0.5058969057347648,nan
191.1702805115268,55.53697932392086,0.5058996758736766,nan
193.4566090433942,63.05385865968033,0.5059006011619521,nan
191.8541576746001,54.72048075569941,0.5059077020034635,nan
185.145534451437,53.04394800229613,0.5059913116417906,nan
80.40390552135209,152.19740110703347,0.5060357915510361,nan
180.59599196497015,59.08973581609534,0.506064176098979,nan
182.72850669042867,60.37526798356302,0.5063032616916892,nan
84.87151796708902,25.68268736311157,0.5063198115730135,nan
12.475019628781428,55.43253482984532,0.5072131528548678,nan
98.729862860684,128.4626232703215,0.5072714342502199,nan
112.94136337450128,126.59235068085874,0.5073051429419388,nan
100.54458756137919,134.47692460893748,0.5073106333779691,nan
82.59801018341597,90.45456800800063,0.507320839200521,nan
101.28678001215613,135.4468117894051,0.5073344384169233,nan
105.72687396223989,137.1423225757592,0.5073646989587995,nan
108.00554770412423,135.20621450695475,0.5074181491188196,nan
101.80097179533287,137.77430946507434,0.5075284175421566,nan
62.23314711086767,50.38867294248991,0.5079219268035458,nan
4.80095161872349,100.4611535002817,0.5082009068650607,nan
16.763719483004227,82.17977110300843,0.5082037114751636,nan
2.3019697003064667,100.63194551251941,0.5082045294535549,nan
2.559156824485189,98.69432169525308,0.5082095721522877,nan
16.17977454753628,95.85386619753699,0.5082248426384821,nan
6.076958910568096,89.44528505341322,0.5083173236388959,nan
0.09953431200540296,90.68657554149166,0.5084837365857132,nan
9.808799451700628,92.35214210417459,0.5085134066057045,nan
-2.43467209068946,102.56290682164949,0.5087282568117812,nan
50.50045831093986,258.2208485830876,0.5088480906197432,nan
13.393826713964847,91.93028428171854,0.508866353352444,nan
8.628646852291325,86.79557575100186,0.5091543290868157,nan
105.00591487952464,137.09149435600696,0.5093006705153247,nan
8.242989000220163,95.80991056738605,0.5093127986846534,nan
78.65291205285426,11.98687134808549,0.5093354911919716,nan
108.35357167009307,44.28310291185074,0.5093796331204203,nan
46.12534611837839,252.508055606731,0.5094413521828596,nan
6.086448901393847,105.38105546709356,0.5099885461495666,nan
3.4712851302421903,95.60769578743965,0.5100063252791921,nan
105.58132970247712,139.02528198791126,0.5100899196122018,nan
53.472791206721666,255.01626206604567,0.5104182204346711,nan
194.81602298422223,177.63449872873022,0.5104552015996247,nan
205.70427522846018,181.09854131605712,0.5104586084795316,nan
204.99880445498073,177.71840902947773,0.5104956726043811,nan
201.82056382181793,188.43354880935811,0.5105513177632014,nan
182.53059588336453,59.281267977727474,0.5105915761495134,nan
9.74406207328138,107.25812427910367,0.510599202813127,nan
195.23606322014035,180.78563563336562,0.5108173913632175,nan
104.03493759908461,138.12646516548563,0.5108286306857269,nan
99.04920720585974,137.60892445426416,0.5109085319891992,nan
3.8316143623426195,98.7260203577296,0.5111437569632235,nan
188.84226445416869,47.26506201850879,0.5111664464614376,nan
201.6852534077039,189.08728595544864,0.5114834900410992,nan
197.2111875300931,194.5169809285727,0.5115331235008462,nan
38.52461689682893,81.53752593513006,0.5115638667837892,nan
37.70806270556424,81.1220380197654,0.5115864925393769,nan
206.56959477632122,189.16022125449604,0.5116083440296711,nan
35.20339771983939,78.58443078530222,0.511609353020678,nan
33.92078937577738,75.56866945854455,0.5116199558873413,nan
33.400604553727426,78.43383374304105,0.5116296163921537,nan
27.817784666762762,81.49240482911522,0.5116296649577539,nan
31.59308555521451,5.0087509506503505,0.5116507070354256,nan
36.40881748934643,73.2338765364841,0.5116508363957484,nan
27.221464242419046,78.69197653457955,0.5116525712122068,nan
29.4580351832152,69.95132315574836,0.5116583625501069,nan
28.626195187624656,90.25932149229043,0.5117171152213129,nan
38.20725975256032,80.14642821402114,0.5117199454912219,nan
39.41592484651798,77.92251497682904,0.5117400761739355,nan
40.609604916571556,74.89992496670834,0.5117754712129501,nan
26.52234849558349,77.72289230758018,0.5119341370583131,nan
176.39117571127244,59.03729808234609,0.5121881019815422,nan
82.29068883105099,12.861200205502678,0.5123119698716345,nan
11.877574213150114,93.51776555718351,0.5123273067703222,nan
195.98692716797825,244.38939907509197,0.513119275805989,nan
198.19636317597508,183.90692883287747,0.5136524589716143,nan
7.577544296928992,86.71540916347105,0.5137979655689592,nan
182.51132609497063,62.29158448912683,0.5141737626764097,nan
171.7869526520183,105.57728050227368,0.5141759757659421,nan
161.96471209076557,107.87060395368175,0.5142478978179509,nan
45.00181857405769,254.79627724204923,0.5143305755229883,nan
172.98836498842732,109.33064912494552,0.5144222558876039,nan
153.7279689771348,75.11689615459291,0.514426985607286,nan
151.82182231150898,80.52993080829863,0.5144285017532888,nan
209.286169233818,250.13630063921346,0.5144325829041418,nan
26.70241439707613,74.87972255493705,0.514470037717798,nan
147.46933128412687,75.4499140496169,0.5144720630486782,nan
234.38905573610268,89.96238381571206,0.5147173752039687,nan
107.02583485589584,123.51157148782909,0.5148069579477368,nan
191.11410837880723,25.779515353142084,0.5151181786807519,nan
85.06831486092948,3.204084596755994,0.5151383991962522,nan
145.8661860794062,74.86753758475342,0.5151655664473404,nan
10.670649760158495,49.70529354737084,0.5153766984866628,nan
147.06707271291813,87.24842970405817,0.5154155111958362,nan
2.276668593445006,83.89375235599661,0.5155646559374422,nan
139.67091995940498,71.40166966063623,0.5158744732998944,nan
199.3253788727155,181.46234057133523,0.5163368317551922,nan
184.68951443624672,64.40344119955546,0.5167313907541858,nan
166.69947894818182,108.35224419920395,0.5167437726635703,nan
175.38048091960025,51.452519073969015,0.516891091250586,nan
4.200747554551847,93.16430794774095,0.5176664753986682,nan
73.24434075451406,18.731839530047186,0.5178779705078279,nan
94.3970997451206,91.15009910186043,0.5183399775135329,nan
92.01476614945707,11.646609976731963,0.5184765912202398,nan
177.85973711435025,64.024318464927,0.5187590678875389,nan
99.00440006016643,93.34392837286941,0.5188635955431334,nan
30.422300386873175,78.64011114254889,0.5196544965027088,nan
108.60427609857051,6.260147729399058,0.5200114512459871,nan
55.53950337986127,258.1693105518813,0.5206525556930142,nan
193.51178884559542,179.6188826212444,0.5210989125682913,nan
28.03493594017018,72.00034399913032,0.5211597753043961,nan
7.081007487569185,89.63409279920033,0.5222352104003799,nan
151.5492843235947,67.59605247262853,0.5225323920971704,nan
197.26606947403582,239.96942027996923,0.5232401394930253,nan
35.14055449901303,78.49271172539922,0.5233453321093768,nan
198.98455512481252,195.11042074876295,0.5238495160223274,nan
83.49337549883076,28.576030617290446,0.5239866372291139,nan
30.735410252709407,73.99620928750055,0.5245526987934304,nan
95.68687804235279,92.49535980706307,0.5250640438271701,nan
140.12024135026945,75.04587142103264,0.5253154071977099,nan
127.55243765805255,173.55106781059015,0.5255420183683632,nan
236.24142176450974,178.34300288673876,0.5256728742178376,nan
236.78183061574137,179.75584076679274,0.5257268334711326,nan
233.84437183607017,177.39676627033924,0.5257699258274651,nan
248.02410854918398,168.40576302266868,0.5257960637178526,nan
240.93114458208967,180.44551761267186,0.5258147188133716,nan
228.4521100587226,172.63586543850687,0.5259044020921839,nan
232.53244161300515,173.54009954644022,0.5260072493267951,nan
145.37486517425972,68.70784837369533,0.5261596546558613,nan
26.820325939736012,70.94436779591537,0.5269140329117877,nan
247.06677667421388,178.70612821839953,0.5269239437390693,nan
174.93503577176122,111.42880314028811,0.5271363701614663,nan
250.8312765901325,116.12472509501161,0.5281870283740134,nan
259.7286889548931,128.20371993794993,0.5281937457228568,nan
234.84829642953312,175.0769084787425,0.5282389259058284,nan
252.706343305497,118.27917042987622,0.5282705742502359,nan
247.89738215535888,112.24739015529325,0.5282744282011637,nan
117.07489908368878,57.06447983929957,0.5282759277333657,nan
121.63436585352541,58.05664619674386,0.5290855122827671,nan
16.312220801688348,95.29549639958886,0.529234752212428,nan
109.95373638693879,42.04529972632836,0.5305280948026317,nan
12.21885932872308,131.68269445645268,0.530651820042134,nan
3.322312259132385,137.1345771265923,0.530664376719012,nan
-1.560729900447912,138.64572081636888,0.5306936626375016,nan
-1.1588313068017817,135.28068254975506,0.5307040256476546,nan
0.8095522948128969,125.77871778875611,0.5308533561362985,nan
-1.498735291734807,135.8353010381919,0.5308975302809614,nan
38.3295230485761,81.85277682963074,0.53131945265475,nan
6.267060873387756,136.5772687306745,0.5322174765489266,nan
189.94117884560725,125.83856470711123,0.5322384265441511,nan
43.689960377665386,88.76269170602217,0.5325800285531451,nan
236.7161716805845,157.2009914300645,0.5327499954699192,nan
155.0229731401386,74.58028916029384,0.5330251375361126,nan
146.94397298305,72.56109630999855,0.5330314192371846,nan
151.12138711869096,78.97413861608477,0.5330332490322125,nan
150.54254168068334,65.17833161748935,0.5330347999991916,nan
137.33246788720888,71.85146388773623,0.5330427515251898,nan
141.5888639517508,74.46391960503846,0.5330451605820761,nan
154.8530917323188,66.9770262531077,0.5330591798581059,nan
141.23034656854685,77.70924871033765,0.5330890633161756,nan
147.04437681643813,71.38273583181466,0.5331392350521026,nan
147.09282140913066,72.24750459211674,0.5332336525717566,nan
149.53369822696195,82.03660524516002,0.5333049522249482,nan
144.61436363956477,76.2887479211476,0.5334285609930085,nan
121.04093117844118,54.8689059745806,0.5335697544268462,nan
149.8940302948397,73.06120080917677,0.5340647608843953,nan
1.6894302483255517,97.468550799867,0.5340858944756116,nan
254.57782393014185,124.02941855635447,0.5342922404453401,nan
250.97675352275712,56.92388736885677,0.5350180715501206,nan
244.60575186383957,47.655759273905936,0.5350286303729332,nan
249.54639996336107,43.55435120688954,0.5350656062486427,nan
248.40393659212344,50.82676307047434,0.5350895957295037,nan
116.11327431118187,140.92697505525203,0.5351157277919062,nan
147.95117997630763,82.69577638794568,0.5351227329996747,nan
242.27886217694765,54.08820235841188,0.5351950022950099,nan
238.47289791372856,43.07831521441558,0.5352430483154341,nan
241.84104156717197,66.13731079854935,0.5352479563560075,nan
233.42774514191288,166.55797003824267,0.5357201407144065,nan
196.1226418620172,65.07305128413597,0.5364261350933538,nan
192.25002830908062,55.04288681895862,0.536749950384426,nan
85.03322988100591,24.15788320415579,0.5369048712045948,nan
233.16085728845007,203.61640669881174,0.5369529472071891,nan
236.43564148572366,205.78845559353553,0.5369531515331318,nan
243.95937809371802,207.90009674379456,0.5369596549927109,nan
239.78494187895922,203.6511217642821,0.5369780536603199,nan
246.7924087125777,210.20834602295156,0.5370848240573791,nan
240.00836703260435,208.62423338964285,0.5371394808649698,nan
236.55268932580032,209.61008871165131,0.537178691299001,nan
237.44785517631666,202.09048840504016,0.5372206069924903,nan
138.57844926165603,73.31892499247039,0.537375764179779,nan
234.7991891490321,48.83940972417857,0.5376808729616469,nan
165.59325028561884,26.22028004631879,0.5380238215544424,nan
157.158386800244,35.48270733044603,0.5380246371371677,nan
154.4671786643474,22.465550601170825,0.5380418951360254,nan
156.377773316974,41.60887811354001,0.5380469384625038,nan
163.0734541702778,35.560635773022845,0.5380516226747026,nan
157.79468647772916,35.03226773325652,0.5380732210330601,nan
156.89910987038516,31.821018440205208,0.5380771435590818,nan
156.83836571814535,33.357570698026294,0.5381184809068119,nan
247.76784036396808,119.65733768715006,0.5381977047894838,nan
4.789450784968433,137.68849970510107,0.5381994565919416,nan
34.02596285626475,76.49178332846046,0.5387235262164249,nan
201.45604821176406,247.60101674488422,0.5387386348250697,nan
111.61137648068053,56.52729096855407,0.5389202245292881,nan
261.242997129948,119.87183750323044,0.5392774853623424,nan
160.28218141408067,24.378756888997636,0.5403690228410728,nan
99.81114692096908,55.86182040025729,0.5404133260928151,nan
145.1114659953348,38.35105018674951,0.5404189096530416,nan
254.5456310054413,123.28513856193102,0.5407155948597353,nan
167.07416166327997,36.90437333037563,0.5407569929834333,nan
243.70086202168258,213.8192746488813,0.5408664940772879,nan
59.07385284594322,248.5479269182929,0.5413082348103045,nan
172.8231007067052,109.06157458701107,0.541567283487977,nan
175.55066009659743,25.87501827098892,0.5420149226559102,nan
181.86594328052897,16.030116542160037,0.5420210808011412,nan
190.77885450794273,14.825295451100942,0.5421312915694751,nan
178.44113185027632,13.756125395214358,0.5423160536045218,nan
84.40444013137483,19.92841927983461,0.5430304202472049,nan
184.5528371040687,17.271712789027482,0.5433740969799434,nan
145.62504270203624,75.39816354050674,0.5434066769510427,nan
147.68055889719406,31.95046113292812,0.543421134295531,nan
146.2077534396834,68.06194501363892,0.5438101816260326,nan
162.0109319064117,27.03357312847774,0.5439391349278133,nan
189.41045474651477,58.73235707059339,0.5442533067664868,nan
81.44162442038409,231.49084090094655,0.5446201563360069,nan
88.51943261921521,221.9947953053786,0.5446347404285118,nan
100.90677622797826,217.84365902102476,0.5446765197407757,nan
80.05685105207355,221.49827822144792,0.5446990372938827,nan
38.78938820121104,81.79395401963906,0.5447759063851378,nan
183.1007139216552,60.68207645436997,0.5449587354873799,nan
84.26700265134853,226.4250967984379,0.5450462546940116,nan
180.11168518754877,17.139121800680368,0.5452448524066273,nan
165.18491432295104,36.911796025408734,0.5455328461482593,nan
207.3919500937151,239.4707389868071,0.5455766407114394,nan
187.7624074081254,11.291086654330684,0.5456274646432604,nan
240.48493820415814,199.94113667525417,0.5460403259232394,nan
90.11773825011778,232.20006205501986,0.5466403464835113,nan
232.49408669893828,205.6444781198425,0.546689806544092,nan
89.16016756840128,218.93752009583267,0.5475398589945599,nan
175.0003744380594,101.09909191588068,0.5475509451666845,nan
242.04744685624007,172.7495087214409,0.5477908597916407,nan
168.08799720738293,35.01473362893707,0.5481188150900426,nan
100.42569215609875,52.77908968341223,0.5483440007952803,nan
90.0686208685923,237.64483134615872,0.5484757705921883,nan
92.0753302683406,45.426366155429974,0.5486310725833111,nan
129.3404454846042,107.85781486756352,0.5487467924306498,nan
246.7400754906031,55.01677628705178,0.5487636080119279,nan
133.08459209967666,110.38907012367089,0.5487979892795173,nan
87.67426212067818,42.34360200741908,0.5494448677134359,nan
121.08374759080968,111.99611677682795,0.5495318051610015,nan
184.1800917793303,50.00158680053615,0.5501385114782198,nan
153.00646256209225,68.6950783463744,0.5504822925107172,nan
89.82448528668381,46.48640404775171,0.5507983996693789,nan
186.74936761672524,22.078481296330835,0.5514236808806987,nan
163.70456090606663,41.6742266536529,0.5514709253162904,nan
88.14700458119066,236.3174369399447,0.5518902364069306,nan
207.4276476388313,242.74285881634765,0.5519166205208683,nan
246.89056258618314,54.48607347514467,0.5522201759186953,nan
88.14841774249753,226.92215562461425,0.5523699846526854,nan
79.55483716040891,13.983143458428637,0.5525493088517092,nan
213.72958455699688,237.6066725968163,0.5527477220740377,nan
230.09594575620036,178.48032352141325,0.5528473423667594,nan
162.88534052940142,24.095050751922503,0.5530013265614783,nan
228.03154537388522,104.4972305054021,0.5530911445790573,nan
229.52079976495128,111.35734753660346,0.5530957701105512,nan
246.0713980422225,107.41937574186602,0.5531262560451522,nan
239.4717469613235,109.34866135712895,0.5532293865482741,nan
238.43972883579553,113.33762995558354,0.553237381134851,nan
235.97094269465123,106.19096602806398,0.5532889943507938,nan
232.47274998145406,117.16946121025532,0.5534018345936272,nan
221.71770938284965,111.49468886153907,0.5534743647892781,nan
4.1630539542714295,145.7909854324599,0.5535076243848563,nan
242.5081026482751,108.29846646657303,0.5537063605248511,nan
239.17064408971635,109.0029865983798,0.5541185779937052,nan
246.18099365226462,51.87796628274807,0.5543142753608131,nan
151.4942077278334,73.78638414160805,0.5550589393876083,nan
54.64355490714736,36.23964610157758,0.5553642933756193,nan
96.28923678952602,231.170426260147,0.5555282623193832,nan
100.50395064380916,248.56742728458718,0.5555475437311468,nan
95.98841743900881,230.38806849796617,0.5555869643934992,nan
85.91286268043997,227.15005046251494,0.5556014423439747,nan
37.99077923599536,79.4726580039283,0.555757762850494,nan
85.60978399843384,229.50248190407726,0.5557939668739919,nan
94.17620419059304,227.48348319297227,0.5560252842315145,nan
97.74373027258369,217.96416635755813,0.556291552970555,nan
185.88766393230117,18.26173190263613,0.5576088025078529,nan
89.36930022074475,237.54052949013132,0.5584504182861904,nan
107.21695750533135,223.41012736562266,0.5588838945434776,nan
7.0171684325980515,145.93990937129774,0.5589921088014259,nan
91.43128828934881,42.8776737882234,0.5590012555841621,nan
233.41798311932413,117.64574346043592,0.5594855189015664,nan
226.7179163986575,111.02726370163201,0.5600475337955765,nan
94.21000751572313,220.30514315750384,0.5605253949568632,nan
127.33090848413052,107.67009541313402,0.5610260133595538,nan
106.87031998908537,223.58715383795592,0.5613939184470241,nan
93.08447274551534,236.92118622593952,0.5615433935983937,nan
107.89667888220397,228.83891967747465,0.5617557046742923,nan
239.02568462210934,56.64942098301568,0.5621953757488088,nan
239.15781469469704,113.1919942806582,0.562472212538684,nan
127.06925088384975,115.94597585471831,0.5631471584410819,nan
236.2951071123108,105.83374403286689,0.5631554054161446,nan
238.80975862030024,205.97084953867412,0.5637241477064966,nan
1.9021588349121163,206.22425311042986,0.56383510498272,nan
14.555729371911944,195.23216055392294,0.5638433947832344,nan
8.701533915020018,206.98956431161935,0.5638465753057635,nan
9.545448496515354,210.22598745377525,0.5638475173881632,nan
8.839026238922335,214.20521248818508,0.5638606438536399,nan
9.277257638737442,206.65730948030054,0.563943145417859,nan
6.142497059010289,211.43441850761812,0.563972958420157,nan
150.6662934259959,73.16567432878564,0.564001993381667,nan
104.18202825584851,234.63896967404955,0.5640944144353399,nan
0.8085577243180405,209.10319590082696,0.5641365332800558,nan
10.25454225718802,140.59095544437582,0.5643581766557777,nan
108.46283195332362,58.631310515506335,0.5648169374599112,nan
222.38684899696764,67.38142037384632,0.5648630545619095,nan
225.29380599496818,67.08893142043394,0.5648635178138183,nan
221.31051030624218,77.18518451236113,0.5648643333198577,nan
235.00351083190736,62.030250752767394,0.5650845735735435,nan
203.2797495536591,212.25300965962035,0.5651799673039526,nan
201.73974103019043,209.61913574883206,0.5651814594235072,nan
196.36216156954552,199.90211455417767,0.5651847385797609,nan
199.3980185828808,202.4242238815163,0.565188533841129,nan
192.12416510096912,201.60713068851348,0.5651918269685501,nan
197.01914262359193,217.74334105368953,0.5651956132586173,nan
202.11052307726766,215.5715307173673,0.5652109525268356,nan
184.83603877170808,211.93213749265803,0.5652192423294998,nan
202.66827312336608,221.22523644916495,0.5652293980568878,nan
198.39518611366034,210.77050660014396,0.5652295601301099,nan
196.9717749105978,216.97988625663004,0.5652534802742792,nan
201.54542108556234,215.38549397560612,0.5652811018121813,nan
191.98329311110808,222.15680949117862,0.5652890849027181,nan
201.75386573844295,204.1172375958403,0.5652970257588126,nan
205.2651277438472,219.12468110983556,0.5653186864861202,nan
204.55844170716028,220.29398416090356,0.5653429460970402,nan
203.94834350084307,221.1258803001417,0.5655088638658047,nan
94.83304535443642,51.05102218190209,0.5656554101971352,nan
204.31256754658926,209.72566837185974,0.5661731266965478,nan
235.13379743125944,106.09944442592382,0.566515105166014,nan
102.84655813449174,221.6448248276548,0.5667821767070299,nan
256.9425494478861,126.29090570639832,0.5668588546533286,nan
220.41930653696537,112.73890048207127,0.5676306870305965,nan
97.26329581660934,27.91293365041536,0.5678267628174326,nan
199.41513467252088,211.22665463814639,0.5679130214119973,nan
225.46239089935105,60.004746515619544,0.5681291668511854,nan
96.98634921290159,183.23115871543874,0.5683655958264378,nan
88.31170166378955,184.86532073147384,0.5684377371515525,nan
92.0271749734478,195.45995793120602,0.5684554220699118,nan
83.92116979993526,194.80731852856218,0.5684585063040852,nan
3.1968926088210177,147.70032438781428,0.5690349327594668,nan
96.1377178462509,184.41981154932037,0.5693294729315169,nan
198.0761013193745,210.9398407298407,0.569428863156346,nan
230.1112639487573,67.80914571493616,0.5695226306262093,nan
8.761684711613329,208.200355011427,0.5698904322380527,nan
227.82557529937736,66.59128305383047,0.5704102470992085,nan
83.5268887679407,222.485690517926,0.5709442421349128,nan
-5.204799269241928,212.4215371996811,0.5719149113683104,nan
194.92379787827963,204.3639855591247,0.5732552609571041,nan
195.17741863683943,205.0424357536932,0.5733221393821362,nan
2.4194831506496586,145.08553823398884,0.5734699550404764,nan
179.2499580142904,76.38416377226099,0.5735731748145434,nan
171.99879962038023,75.62121175115118,0.5736205406001161,nan
184.3894011777183,74.40631379396748,0.5736283587127151,nan
185.0458009125159,68.50513062082301,0.573639497314265,nan
169.608195081598,61.860795781514746,0.5742313064895246,nan
176.77916892579313,69.91679140405884,0.5743735444037839,nan
177.2378915287806,71.82979073685283,0.5744046703815301,nan
125.48364319996917,191.76240349190454,0.5745022652809267,nan
120.57468646789108,201.37851859434178,0.5745026451449322,nan
182.74290034603703,72.20212292596645,0.5745106833961613,nan
121.13767695310443,205.07123149937715,0.5745135360768586,nan
118.36990531558247,201.16406489357254,0.5745321392499853,nan
145.41997208404962,84.07790528595598,0.5745784918620822,nan
169.85612813279278,66.69782087026034,0.5746658694661015,nan
126.91188913284334,200.44056116021198,0.5747616812705596,nan
116.64767438029432,199.5191064190401,0.5749993201173221,nan
116.49879321853294,208.42209865418954,0.5751387842723228,nan
112.98730659519329,203.44796215955483,0.5753066380297314,nan
98.54029608178247,44.8666434632354,0.5754335298530591,nan
119.89888221012734,207.48100601613004,0.5757760946376934,nan
185.2483484696654,221.46120240665545,0.5761664717130675,nan
118.26466167746561,202.4486398739857,0.5762766070708627,nan
84.58198161486462,228.90408618967703,0.5763374550355171,nan
199.89055927277104,214.19658158000084,0.5769261203618425,nan
123.27971212997652,206.38764827325554,0.5771196714197777,nan
203.4176060870839,201.7258423626261,0.5779378215992965,nan
171.86735587117636,73.03034888988593,0.5784029536958759,nan
236.3729619478748,66.31069167957457,0.5787243752250321,nan
-8.162669242328041,195.53878148272767,0.5790179485936251,nan
126.36667527602455,110.82351434827953,0.5790745283329082,nan
234.34987102984982,136.8052591178161,0.5798421635937706,nan
92.44747046184752,222.6129653618235,0.5800212863823888,nan
169.0137217995298,100.92417895378497,0.5800598860291791,nan
129.7950605920407,196.42261557379274,0.5806524799567021,nan
130.0518331631772,208.85392405049245,0.5809096937079805,nan
133.2508771249052,204.57945577568788,0.5811183889208801,nan
87.86030872334617,48.174375387261804,0.58127977136047,nan
168.7904535431426,113.72296577921908,0.5813007693623177,nan
118.11553842656492,177.52000320746805,0.5816912396630612,nan
127.29983618771561,175.21351885432384,0.5817362509447201,nan
120.46965094310264,196.93509791299698,0.5818948073836636,nan
174.60988459949667,67.85562902989015,0.5823582899729671,nan
117.32990961960842,178.57313085376117,0.5823898462563987,nan
244.50000990879656,50.99982111921447,0.5826136890614032,nan
126.52448941871486,181.11485614137146,0.5827125642933609,nan
177.14319339892833,66.01675734887192,0.5827196976242834,nan
121.25481822918296,197.2384834407999,0.5835427053315518,nan
179.51870048426977,90.94731688270632,0.583752760040193,nan
178.72766889453519,60.89111424444505,0.5837637010887115,nan
168.71831091305236,23.73836088466644,0.583791865812683,nan
166.92658023670094,13.397725433395918,0.5838036355920304,nan
175.8052492288869,85.49239105757086,0.5838165396224346,nan
167.6469648387353,16.724686182494434,0.5838609080960434,nan
239.48851929305204,124.60157391584814,0.5838803499133582,nan
173.02245339549228,25.97943780794269,0.584314183971167,nan
173.47335905550386,17.260329908676216,0.5844967716016083,nan
121.00179246924459,168.80556044387419,0.5853133361195473,nan
179.6144472093187,90.20151677002941,0.5853791943476709,nan
130.19035759503504,200.3755484078895,0.5855294107120845,nan
175.11611728539057,83.59274499651858,0.585804229699234,nan
170.28332047564047,22.54860850791533,0.5858785512366624,nan
169.5892756187271,17.689189888647025,0.5859582766318514,nan
1.9006969176175887,209.65121967442278,0.5862169524742245,nan
94.91327789353089,43.073778151217205,0.5862820851726807,nan
74.11655328120814,196.47228828862538,0.586494345604523,nan
118.1937293797887,200.8942414497263,0.5866989036394447,nan
238.0756037882906,35.014083780133646,0.5876130080241329,nan
0.2876301447861229,141.89554840199708,0.5877291169786256,nan
12.990291820120198,151.6368843205147,0.5877572609578497,nan
-0.401661889223592,141.185275332444,0.5877620101096505,nan
11.11607314950062,144.70669613680292,0.5877672061916128,nan
88.47261676422188,8.595140655531925,0.5877729399615294,nan
-1.5413183592462005,149.9250699959386,0.5879000458999404,nan
235.33146810768585,34.49958774343283,0.5880892679155384,nan
121.75388128273978,111.80897773427158,0.5884570147554936,nan
249.87989351636526,123.84517258248727,0.5885206107235836,nan
1.7908478390769436,156.2889945934368,0.5887326821823675,nan
24.744551757371095,1.623409299201184,0.5892076504349613,nan
178.58428814710726,85.85035592721911,0.5893551775581964,nan
84.40706237400084,227.28802657116086,0.5894851609494436,nan
130.08531132939143,192.40416636066533,0.5902482668917209,nan
193.54904803975478,221.1431866451499,0.5902984111935909,nan
19.103070587062383,1.7333480461855597,0.5903583293654195,nan
176.7176642899919,21.36030115728673,0.5909081990039435,nan
117.68543590205572,200.1791483060361,0.5909746311628475,nan
131.03937621961757,211.43974666500299,0.5910488783672678,nan
120.66469096847072,172.12889595766202,0.5911191786810374,nan
126.33831491020845,191.8652866467248,0.5912383568165334,nan
2.987967793735822,151.4895902067516,0.5912472872111,nan
234.685174392081,172.26064284772013,0.591713578492487,nan
232.30674372025314,163.2098639762671,0.5917147371592272,nan
24.535438207949785,7.22016796728693,0.5917163548861458,nan
235.4667366912408,164.15070728946432,0.5917183573871082,nan
242.7687706142066,162.86919054253906,0.5917506080861837,nan
240.80560039326033,164.0468745202313,0.5918322628737571,nan
175.41727066802707,75.351848860556,0.5920564113574158,nan
247.18967283163414,163.19876596976385,0.5921034407116836,nan
256.15745382140284,159.67799037147915,0.5922191702800731,nan
60.64694399208959,150.0245028914565,0.5929605311745445,nan
239.3839199068025,155.83987876293742,0.593043697764793,nan
36.78765908890916,85.48040736112893,0.5932142005121654,nan
37.673554885292006,79.57890729547633,0.5932170454640421,nan
53.06823501558536,161.04433017013338,0.5932181278056836,nan
43.25455975066375,88.95450534168738,0.5932467242398545,nan
34.50640054389135,87.73017830234326,0.5932514549104357,nan
34.48008373265018,82.99477673818807,0.5932589985008127,nan
93.47968125092233,25.244533957427493,0.5932730059995179,nan
34.873504489720084,80.15094408702726,0.5932761551313923,nan
38.01418665073883,74.86628763662715,0.5933741326408101,nan
32.65202606396361,86.92689837855426,0.5934329629531131,nan
32.072448911476805,84.4169119536126,0.5934788595309842,nan
165.91932441039538,35.3267784977409,0.593580752081988,nan
163.31471417279317,28.865884079275038,0.5935908770777922,nan
156.69675413473811,43.10304221147901,0.5935909592431494,nan
155.38769871129733,38.670165637325354,0.593597124002958,nan
159.56623653056968,43.38173838075625,0.593608191890957,nan
157.11813326284997,45.55587223005395,0.5936112227371202,nan
161.14713226612793,36.15697174662396,0.5936428974770173,nan
158.9198342387724,37.411394720210836,0.5936773016725345,nan
153.95069839682645,47.87566515323938,0.5936819097761352,nan
245.96195385780865,160.98935047230214,0.5936969385916765,nan
153.18157823415825,31.584264633602395,0.5937666417888531,nan
55.72161025502262,162.8980859645633,0.593828762492742,nan
124.04983293214953,196.3672071783875,0.5940410238020383,nan
161.34517736089919,49.4075021667005,0.5942802475368417,nan
111.0848900485122,177.10553114888484,0.5944250886988567,nan
23.278984347803874,134.0716167207269,0.5944532283514139,nan
149.70639795940792,40.96253333876306,0.5948849441658226,nan
98.68545017435484,195.19403066463903,0.5949194581186366,nan
159.98386946418228,43.211738342408104,0.5949646181001526,nan
160.0706252648421,44.683849997565716,0.5950376207486205,nan
164.95757839920438,44.83504949543305,0.5953606244883308,nan
234.39291626368657,153.10190882254295,0.5956761509724918,nan
177.5122150593411,58.429346676648315,0.5957882133033577,nan
225.33877089875847,45.93594030287707,0.5963555299117587,nan
28.442852924435858,127.65047095327691,0.5963615575241619,nan
17.649519862310385,5.334599199104126,0.5964225094195463,nan
46.421974464173424,169.16609764414386,0.5970162422923625,nan
36.12714059198006,81.43520134456944,0.5972812765556712,nan
164.30887963777874,35.143266391001056,0.5975380237086825,nan
15.030860258114167,206.23799196871795,0.597872191076877,nan
190.75076169912003,216.99619234298285,0.59791098458776,nan
109.81914689543663,206.58336878892834,0.5981016489589053,nan
148.71465329474952,27.357542846485106,0.5983289640962008,nan
39.35521982280844,217.65158695962526,0.5985430391294042,nan
35.7312399180816,227.22086076774593,0.5985636549424136,nan
27.87254330862994,36.23307570829826,0.5986197586756713,nan
15.99380073064627,47.367004502777725,0.5986204608396491,nan
16.349389610882543,38.70774034228087,0.5986240601753289,nan
37.93385423733808,223.36351841925043,0.5986263729702282,nan
19.582434202098565,38.14591717121859,0.5986357037017371,nan
40.72691892684644,228.81461624724258,0.5986826655435366,nan
15.85053028192289,45.027687988684605,0.5987538976005824,nan
46.46174395216085,225.4407903813247,0.5987716306653913,nan
156.92009175408762,35.0682610848705,0.5988370879042458,nan
21.40184333838992,43.6642894934238,0.5990064107510933,nan
32.34801233960946,206.61606660633078,0.5990246583250819,nan
215.79309625303603,150.83351437524627,0.5992707421030735,nan
240.30147142851084,35.92809684298332,0.5993778209291916,nan
12.798405249199323,38.88887609392041,0.5994204557276037,nan
245.69562195420218,-4.203442894057032,0.5995460324184045,nan
13.164182994523653,96.72810019218676,0.5995466337327413,nan
244.86445323120773,6.7482419391199135,0.5995503247033744,nan
249.3303832032701,-3.86860270094067,0.5995517203959341,nan
242.92540659375763,8.673652281335796,0.5995533727534597,nan
248.2293060337073,-1.2886357533165091,0.59955984976804,nan
242.16682533008068,14.834246808922712,0.5996232730871573,nan
257.59204576444137,7.105009617737208,0.5996584339257525,nan
29.941193840388944,85.89768932810276,0.600166487782995,nan
158.79309274616213,39.04836218605331,0.6002246656010872,nan
32.821644701990174,73.95314118786843,0.6004780459767796,nan
242.12346876092997,6.489953301180899,0.6007024551952291,nan
164.63232825102463,39.53733881515362,0.6008343223757929,nan
241.67360663320747,-0.46247367814599194,0.6009344254053495,nan
163.68705690076385,240.47107513352265,0.601422878929661,nan
157.69297986295987,229.58941057394694,0.6014241347156435,nan
165.48850102778871,246.28416901198372,0.6014268557584858,nan
165.53221200291372,246.64909795890182,0.6014504721127385,nan
166.6452945017176,241.3482821527102,0.6014654589423906,nan
166.3537785849766,235.6269679580106,0.6014880497097411,nan
166.52942059116668,236.4901777501232,0.6014934918234508,nan
167.98197306539447,238.55938029113008,0.6015563743427172,nan
90.39032652996056,-3.461875369165823,0.6015879207686381,nan
26.093086126223305,82.80548349521568,0.6017526445011754,nan
16.43450641604997,78.90719524800292,0.6017554372349758,nan
20.948677361976003,85.51746471226386,0.601766228248237,nan
242.1036492906131,152.40205422251736,0.6020043760027065,nan
122.35148014822823,86.02852434691252,0.6021275894376333,nan
128.91974525701045,82.36200308652654,0.6021358707025788,nan
123.51285401627474,79.84235833214561,0.6021459840058399,nan
124.00298920561974,90.00323710023532,0.6021585713710528,nan
134.89336121250705,86.58689459659266,0.6021641119015552,nan
126.213617087039,82.15476104002062,0.6021760490873211,nan
135.5116485066885,95.64603845279635,0.6021774444794105,nan
132.21327183136137,84.97053976331654,0.6021902291283798,nan
119.27460816041823,83.33678225440444,0.6023443611547474,nan
243.04259142196048,4.004676566944071,0.6025057009601446,nan
160.57813183484902,29.220199664880766,0.6026514545479327,nan
159.7767348476095,15.833119870522559,0.60270716286052,nan
124.28804736189915,80.69135583060324,0.6029968465131917,nan
-0.08250127945957472,212.01072157061685,0.6030011070683424,nan
160.74175121617466,39.47249989508173,0.6030594286923951,nan
159.4395292979406,41.89744590319405,0.6030875264027442,nan
165.57928599545892,244.67727097900527,0.6032004857459615,nan
223.77429410962992,155.08473814899756,0.6033017034960511,nan
15.92411763119528,39.94377662308339,0.6035702121263523,nan
183.1859934759127,61.686980625876195,0.6035725190172704,nan
86.74908653419136,82.54779769856758,0.603695434243926,nan
77.73953780035403,87.43576984646278,0.6037008026300946,nan
79.47123798114036,74.65945653369863,0.6037076820488662,nan
85.62782346290584,93.0949086837199,0.6037146210104053,nan
85.86330109523766,83.77506552231185,0.6037238337033962,nan
242.89603207093495,7.127933804646579,0.6037273327227888,nan
83.86131638595465,78.74996406553026,0.6037373961670858,nan
80.4307876781864,82.74488243337258,0.603738039289949,nan
86.7404424360627,76.12394583773126,0.6037530163608223,nan
84.62108644207105,83.68420971465238,0.6037785803830438,nan
86.30272566940876,84.00363903402747,0.6037970185949731,nan
76.30489606986528,86.81122760435342,0.6037985426350304,nan
73.36073036438866,83.39706141829127,0.6038089424032854,nan
73.97887708515542,84.91927636906992,0.6038617479918168,nan
83.35375598631549,78.59700508848965,0.6038684417696627,nan
129.4602310849563,77.8012562882328,0.6038967096272244,nan
232.82216124935846,13.800898695460948,0.6039707336768505,nan
79.21282480095189,76.70929970099031,0.6039840693390123,nan
12.508643261532935,87.40810562973233,0.6040675628889094,nan
131.03743310181335,81.72202241910851,0.604183364843222,nan
122.85541468506642,206.1103574477426,0.6042880081130543,nan
79.39724793912141,91.00286609797443,0.6043755306705276,nan
80.6570923096693,81.31929149264651,0.6044117412675624,nan
73.02400523739027,82.08879491163584,0.6047541432973784,nan
116.86532980892545,202.94412265320912,0.6051949421845896,nan
232.46286352741745,26.041380863617395,0.6051962392515164,nan
177.38080585583003,19.567175055915463,0.6053239864589421,nan
88.14459021860469,84.42189007547937,0.6055701308879973,nan
24.572365736546992,9.028762467789685,0.6056025196925212,nan
74.51478659254514,75.64905790247028,0.6056890488174752,nan
23.53321436778383,52.60590519488299,0.6060069423034884,nan
26.70600006114848,70.9703837565425,0.6060203919116771,nan
20.700954620560942,60.49774803116729,0.606087114197479,nan
25.3221075466631,56.78438623718074,0.6061108086875446,nan
239.85479682911878,15.087779464913968,0.6061995429331766,nan
172.34097111036832,231.22321403881304,0.6069119640595946,nan
81.07044943730824,71.90125216424025,0.606996032677109,nan
76.14948228938978,75.85257263126292,0.6072795460449097,nan
45.35369136577272,217.75097944504756,0.6074932780181103,nan
131.8889825149154,91.2610132406923,0.6075754721114134,nan
230.8951921390871,115.58042156789753,0.6076857170412966,nan
169.1347637579306,23.247848546678373,0.6078016707100952,nan
132.61060030190362,101.43565416794874,0.6078107947626268,nan
244.75796090729824,9.93154331353231,0.6079312261448403,nan
86.24345440775937,83.75945417930987,0.6082096053381087,nan
83.38561974777785,83.25363280930975,0.6082411378528796,nan
40.44472585371339,205.68904064928466,0.6085949203754605,nan
154.54238319882577,242.94155555855306,0.6088496950679642,nan
34.75027084317598,87.16785292868775,0.6088998614041469,nan
172.61689013896464,7.147471521787834,0.6092696195047889,nan
170.03119050236236,11.03207233315293,0.6092809351526104,nan
167.7257862058717,11.617276142648512,0.6093742353988224,nan
168.57434983992056,11.498275598768023,0.6094404462158877,nan
15.713042925461373,52.88473344975229,0.6095289638533997,nan
168.26854361529777,11.303320822450656,0.6096110563307604,nan
10.50384859374933,48.82944604055098,0.6097935393435713,nan
41.57742608637538,82.97405832050606,0.6103017180761878,nan
135.03501895039543,79.63698899079566,0.6104304767060227,nan
163.82983416638316,242.8266088603267,0.6104680568447349,nan
36.10678676614596,78.39311230600737,0.6105563236286521,nan
179.66180914673566,23.538352547325346,0.6110213894733664,nan
174.91168799633715,4.9413539755646365,0.6111971883724128,nan
-0.30327371383917534,166.63708023289357,0.611400247296735,nan
169.91916926977893,-3.6327847969197515,0.6114178401681729,nan
9.904935284626763,155.28763385843212,0.6114251621021476,nan
152.12530687163928,43.886958410648596,0.6114798170105349,nan
3.3872261562022845,178.53615890350903,0.6115892530190472,nan
165.78556183978358,243.2756881972645,0.6120891259275092,nan
165.45591354561077,13.239320377282327,0.6121418192877114,nan
12.267857061150398,72.49752401706287,0.612334186260874,nan
164.364057880247,15.11070178713373,0.6126369600204373,nan
169.57090189824783,4.732266275267461,0.6130144015518113,nan
109.76926684002039,22.58668063114789,0.613187076763969,nan
104.96096353905075,22.429529636694024,0.6131870806342852,nan
121.44750059249888,7.09199258674114,0.613217929583009,nan
243.12864332458702,9.046775377591262,0.6132238139130519,nan
61.87603116440906,154.3474506818931,0.6132518596150683,nan
3.2610037580435076,163.7226203284845,0.6132957977442073,nan
131.27688998971306,14.254414761358872,0.6134445788260607,nan
167.79692528179433,3.1488417704097804,0.6135289340439493,nan
85.49478841921663,87.65289111353303,0.6135554230781541,nan
126.35650366626635,25.972153970774336,0.6136212542517875,nan
126.7073631150118,26.807861134258367,0.6138650032089199,nan
74.60772055344844,85.27291513561381,0.6141114996356273,nan
110.15695075066874,21.538748812049857,0.614289268996437,nan
13.495936025129009,80.8705777315974,0.6143245892426569,nan
195.99899381517267,215.80738918585027,0.6146295885944296,nan
165.0127679206061,24.040636533865573,0.614942359640512,nan
168.5477110626715,240.90037412011742,0.6149449252065948,nan
167.30072397353533,34.157018430642246,0.6149561615568209,nan
167.98477780799897,39.58249380922598,0.6149847471522334,nan
163.24457439065566,19.418048575745505,0.6150330436787464,nan
167.87822958052126,29.863051827015287,0.6150335650299026,nan
159.06656981154637,33.34843278688739,0.6150775017707635,nan
172.59258320002962,31.533013191876652,0.6150832681676774,nan
37.82123888266268,217.07859361237036,0.6150947469913319,nan
163.99256712258938,17.14484802218749,0.6151286071743888,nan
161.24496512209186,20.7131775938069,0.6151690314982017,nan
179.3203733387806,237.77956346157913,0.6152731658150826,nan
175.01125089511413,40.90628321766409,0.6153125280371019,nan
78.49609806319613,84.0453072492883,0.6155692969325686,nan
170.25648397758826,16.66331784959748,0.6156495328308528,nan
20.44161513868757,3.2123919516992903,0.6156757854496822,nan
80.23358363334066,84.24020224381155,0.6157822669050211,nan
130.5086403469252,84.40608759371169,0.6159246154297923,nan
166.38011615256588,4.080535106935813,0.6160177935057157,nan
178.1187756965586,-1.0272722468665045,0.6161625293975699,nan
123.11726687267308,21.433137168862725,0.6162646052753302,nan
247.59233151984864,149.09305794567018,0.6167963410934836,nan
247.74936051520112,162.1951540544875,0.6168060251779179,nan
252.8208649362358,156.7308326515693,0.6168301995399765,nan
247.35718223831157,161.78559098872353,0.6168788067983249,nan
241.1860520410116,33.65512392524507,0.6177898441412645,nan
44.089638483202755,219.28056333223964,0.6178760928189284,nan
217.87524604640075,50.65016652232442,0.6181417195230311,nan
216.80778082623567,46.48021456317961,0.6181806773081908,nan
214.9736229555931,99.23249295137745,0.6184473055935678,nan
236.39289268604196,3.7930580874799205,0.6186299566024764,nan
223.52745833211176,90.24808335304644,0.6188366303437931,nan
141.3787001169239,81.96246895650616,0.6191181600197551,nan
132.40419682990725,89.99054813303935,0.6192941221075063,nan
238.61519721411736,11.9567337368766,0.6193035645604295,nan
72.36362100484449,78.8609774912112,0.6196473604284526,nan
116.55488156573527,23.60699197153264,0.6199184963615638,nan
209.7200480610602,93.08379569472868,0.6201394857728285,nan
174.5765976516652,10.153115257380534,0.6206280428825789,nan
128.02334010373914,247.79854656406306,0.620688032906131,nan
124.7917631660277,253.35121685958094,0.6206920529397327,nan
124.5277894572186,239.29866259257952,0.6206975662549639,nan
128.71329448548934,239.44246107300847,0.6207684325010296,nan
125.14710121314212,245.97050334012516,0.620825454316988,nan
174.64660525274243,11.365959215633378,0.6208647395732431,nan
122.79560230090932,239.02738395396054,0.621042757816337,nan
164.39659923812164,241.24754680996446,0.6215475591762012,nan
238.41157234938814,19.320969112023395,0.6218303506924044,nan
102.5779216165683,28.39683798686104,0.621847973435323,nan
124.61408115741455,250.4109699511354,0.6218973268100737,nan
112.35063754966187,24.645341377763977,0.621907891872139,nan
109.46028695749402,32.34113428900516,0.6219278687372632,nan
98.91355241259741,23.632734031955053,0.621929068903061,nan
108.70346711025554,41.024260358318166,0.6219788053425029,nan
112.43125741356862,27.444406344980614,0.6220353635925904,nan
133.3970810056939,242.39560382754064,0.6220976871328262,nan
111.71147065837793,32.34215639803832,0.6221016235690776,nan
108.4427082377365,32.70628228144887,0.6221067832053592,nan
124.17490126994849,243.7615079687817,0.622164189535954,nan
111.1352756396656,40.68501754047053,0.6222617336398397,nan
164.2210166291011,29.86385732232688,0.6223918580496698,nan
115.59821909141881,33.726871706123276,0.6224042982449929,nan
102.70166735632965,34.27500200443045,0.6226734800335492,nan
114.34845974819525,31.541810201413902,0.6227473063499114,nan
106.10206075724292,26.00206964942887,0.6234623991552848,nan
213.717587449859,98.85513178070919,0.6235330034422735,nan
43.8934151191148,169.641043699428,0.6236415631409924,nan
46.10589730000937,169.3384221558231,0.6236536679151764,nan
46.613858154506076,171.86208747582577,0.6236538674365191,nan
38.600146099779174,164.80676656609552,0.623683014758902,nan
38.64617904722883,166.95308326059654,0.6236842953339081,nan
43.178904068029276,165.39953914001075,0.6236852608959109,nan
32.89046450238296,173.93664735390158,0.6237569785232931,nan
18.73046014912465,81.04671496878385,0.6243486158122568,nan
151.9041748724615,43.787397635894465,0.6244402870743408,nan
163.70544182688553,39.71610484693892,0.6247603184108946,nan
237.59947897036284,9.644526921569927,0.6248037202373306,nan
157.1633736138209,28.587823691314345,0.6251728676682764,nan
166.66920887253428,36.65789445873177,0.6252035332075085,nan
30.272651486289508,160.62841556797164,0.6252051609331427,nan
143.03885742487623,197.1121835262752,0.6253843051169025,nan
41.702798941324374,186.14666945784882,0.6254151912729125,nan
47.859094964262425,201.37763535706117,0.6255081912287418,nan
147.1698455366442,187.27525290534368,0.6258339383373305,nan
99.79536722499644,33.1413470681677,0.626007759660721,nan
103.00717785554181,33.209157040662745,0.6260639066292468,nan
172.75704878067435,249.70412693488072,0.6264027665087416,nan
175.71759189987185,13.77411671998101,0.62667739519959,nan
96.78487138612711,32.9389510570362,0.6267671927635529,nan
133.69955589463362,73.47019325502671,0.6270314651173339,nan
28.171137621425327,58.49821198900964,0.6271973798816475,nan
36.17987668488113,167.07055802837883,0.6273442769451856,nan
42.812420251199484,196.61868116993173,0.6274597372601987,nan
171.42977402031275,10.1846237677064,0.6275027653154772,nan
139.6270508590708,74.76675989019775,0.6275037173234073,nan
93.5140088628077,209.5749037270758,0.6275140569619021,nan
82.70024620565489,209.46434922755543,0.627517506312614,nan
86.02119337255361,213.5111222150957,0.6275297699197088,nan
84.62325972649725,198.31700225047138,0.6275970813684845,nan
97.65455354336352,202.15444272006727,0.6275974404105703,nan
88.39841722565406,206.64181060314496,0.6276192797735289,nan
21.81047652538459,88.73467834958828,0.627689292043462,nan
181.74871207136192,29.456816844904903,0.6277787439173356,nan
244.23047917207563,152.91668922479613,0.6277844716095582,nan
188.52445443725088,29.401882607285298,0.6278898905475865,nan
210.58424668791022,48.03805613337552,0.6279005023213639,nan
186.0063617927764,20.51474690726377,0.6279046350535881,nan
20.725484635366097,37.816305082734054,0.6279092461066432,nan
144.95167587119906,77.58372014429246,0.6279562573116494,nan
184.52217516880842,17.569323592887145,0.6280251103738331,nan
253.18864314337856,10.705976431321774,0.6287340477135152,nan
157.11501021760674,242.96070747663427,0.6293428550280264,nan
84.78108740673107,85.85910828734568,0.6295491623165651,nan
139.52628402594925,182.14697807903988,0.6301762054729039,nan
134.9363418195855,175.15826066390275,0.6301820280790944,nan
147.94075321145144,176.4021518736375,0.6301836188129917,nan
93.49810797251276,210.43597087163246,0.6301898148757646,nan
145.02706219790073,174.3393604013493,0.6302066085851071,nan
116.06567225374351,255.30817364199137,0.6302323623473957,nan
135.87072661869774,179.36759026983577,0.6302422066956705,nan
134.8077577140305,178.86032987119492,0.630270851720121,nan
191.4426259692449,20.901905385622506,0.630314122639137,nan
139.2904020724944,65.32966493500807,0.6303185447938418,nan
103.5054763606166,30.862633167116055,0.6303286342523665,nan
125.34569373626067,90.30465899542781,0.630376234541459,nan
42.77488655184416,196.4316274840793,0.6303912173723568,nan
141.88515358862279,175.14025992790556,0.6304179436018211,nan
129.76590920267432,183.268371672272,0.6305713038115542,nan
215.30072782787204,97.81248397091433,0.6305773986204848,nan
139.2282237031915,184.13113739188037,0.6306295748785584,nan
42.3491658600819,194.41549689754046,0.6308049642021966,nan
91.88383776410949,78.42436546964602,0.6317681451718149,nan
107.31612600986561,28.110950660487223,0.6318140206532121,nan
91.33720382276425,209.1244418917834,0.631891756737076,nan
123.06806538061505,248.86743412710456,0.6322116635127218,nan
166.4560466666404,23.76659673752558,0.6322153982952594,nan
82.4007655778292,192.00507006011182,0.6326907443593675,nan
168.45387238707542,11.21534008656706,0.6327174559429348,nan
41.66086826051664,186.9282117901631,0.6327633732433631,nan
137.37079215664207,179.44135978870582,0.6330690344152607,nan
105.67447289262331,38.491825908576985,0.6331154591817632,nan
104.6416175865356,35.588095490375295,0.6333807426531186,nan
159.62074332946733,235.58158205710447,0.6334920330913109,nan
132.27098112979027,79.69692196956892,0.6335184439334471,nan
45.59825966806892,161.2369498579286,0.6337794582861612,nan
47.77542653387495,203.27622047060967,0.6342349269717058,nan
242.43731764623425,155.77170351476224,0.6342920911838962,nan
130.58422994078333,84.24121476365083,0.6343826036665394,nan
43.30728635365042,193.95227962754112,0.6353291755955118,nan
139.28473075457998,84.3929135232362,0.6354441008829685,nan
96.99040838109663,215.76498979724713,0.6354508150956695,nan
128.44307185601835,90.8723423507194,0.635620953941502,nan
49.86551701902999,184.24302335015892,0.6361217159837993,nan
89.8883606930983,200.60960387018469,0.6365053037946063,nan
111.47021643442955,31.61085997897242,0.6365397642490038,nan
136.18290777023321,181.04028397353954,0.6365417331090473,nan
46.287841087687355,218.07036617954674,0.6365983976318103,nan
131.51375774053486,180.75856483477816,0.6366474183062858,nan
106.38971591532942,32.92119212689366,0.6368466873116397,nan
174.1866327768887,71.30844217136983,0.6368485821624438,nan
21.857135832420127,41.763463724449736,0.6371295829821529,nan
71.4290215662187,128.33244162720146,0.6372750550609596,nan
157.294398526362,40.99480205813476,0.6373159815396896,nan
63.020547168806885,136.33127193740987,0.6373467111818808,nan
8.143391382891513,52.23689972688689,0.6374388680689649,nan
6.795729234047902,48.36552933804927,0.637443795894262,nan
16.27208483684769,49.8632989726046,0.6374667911662638,nan
1.190315323035046,43.755771968440435,0.6374997620044572,nan
65.10930659491679,137.8008246048385,0.6375183452877325,nan
5.165786987004419,51.95995867521745,0.6375414919584749,nan
0.65427530700112,46.5450662285177,0.6375542751185509,nan
67.38401422799633,132.15535203544624,0.6375551699111958,nan
34.20564050174375,191.4697001492139,0.6378557353888146,nan
134.20601747579965,185.81689267808082,0.6378695007538004,nan
100.93170616309885,185.040029692106,0.6379081447787444,nan
101.23258676430568,185.32731874047067,0.6379211213390316,nan
103.02265400123095,177.73158120720728,0.6379309003325296,nan
97.99569499965254,184.47572352461754,0.6379596348480188,nan
89.47118389438906,31.4241388004046,0.6379904902392873,nan
82.56898609206307,27.459055073400688,0.6379962489788038,nan
107.57363085106489,180.60778940401383,0.6379972359084249,nan
79.71484496617855,35.31261381057144,0.6380001389430092,nan
81.75507435867792,29.168618430945738,0.6380022741587665,nan
136.0538530585594,176.1597255178737,0.6385080515913067,nan
82.1013400199335,204.9752628519004,0.6385892183046649,nan
65.24653987300896,127.57700462829438,0.6389358455571659,nan
138.1535160621931,185.86250506154306,0.6389492245371426,nan
161.05902247680933,24.477233969256197,0.6391783872425655,nan
43.48730737824998,171.78964450155112,0.6392601621584295,nan
59.12714090850706,-6.15401278141295,0.63962076305262,nan
61.12100164636308,7.783567752566533,0.6396554752917167,nan
104.6503063899142,182.8697893290407,0.6397097482534991,nan
54.64008768220918,16.36791024421571,0.6397793631050852,nan
1.5973281793315486,45.930380257589135,0.6398438013612612,nan
90.29327542051095,90.50059350448483,0.6407032567876426,nan
17.087498913824923,92.46547470496795,0.6408630937198607,nan
87.93884299777457,30.012753252993704,0.6408680972205044,nan
177.6025134663778,240.60846575934184,0.6411024645687537,nan
99.73003419033876,181.92381271418145,0.6418339547304336,nan
63.542602889025474,-0.3171672724928807,0.6421316790990328,nan
26.62735610533212,60.68029878238555,0.6421420110822398,nan
21.03431963963884,63.27248905697114,0.6421480368964094,nan
18.573954226643597,55.62789537998812,0.6421628073757095,nan
6.638470315699226,67.83128047548708,0.6421892126736762,nan
11.740207174523931,59.211187672742895,0.6421964905383559,nan
28.39426783813234,59.79334747869403,0.6422567647199722,nan
7.313625405195999,68.21449632697356,0.6423079298974959,nan
7.8200122680922215,67.94715652623417,0.6423117174884737,nan
12.608178322114862,60.29419119290322,0.6424529545916159,nan
48.82349178876387,1.6412349935359487,0.6424840209563272,nan
8.425412095585905,50.82570325169101,0.642580612158931,nan
6.295520256271854,46.38483019430022,0.642771284658641,nan
14.165327263894577,61.73035872904145,0.6427991839220449,nan
18.950984943342068,69.1942491356322,0.6434697785454166,nan
76.60525449460987,77.65102575481147,0.6436020138748076,nan
84.18542724694049,25.228033042223426,0.6437934812915594,nan
246.6356243123021,155.42382620820834,0.6439946736851011,nan
119.8715254650108,249.01171796034006,0.6442127720789697,nan
76.84380975368815,43.036036713806205,0.6450086282416966,nan
159.08565664224665,38.95189501131989,0.6451193101344626,nan
93.6113742345075,219.19316520085076,0.6451730584808016,nan
83.11553634486093,218.65970264108492,0.6452005375028527,nan
90.73734977056012,222.37752694929767,0.645206838905875,nan
246.92160762219555,154.75478514325755,0.6452466609187012,nan
140.03066614426004,185.07977440546304,0.6457761628075499,nan
86.55053247989477,211.99791536798537,0.6459869453896079,nan
44.60768667642917,168.03183779344965,0.6460613334720361,nan
89.29939404431114,20.386002768572773,0.6465491471223273,nan
139.39771294820164,190.3150078014425,0.646855962145672,nan
82.79014222799893,207.71123054040513,0.6470244975019119,nan
44.491742519372536,197.28225085111768,0.6470833447188699,nan
139.03967009182065,173.8072939944566,0.6474928777626114,nan
86.66508851290206,216.82686676773324,0.6477287957685189,nan
9.831650937256098,68.52274251559052,0.6481934410680115,nan
37.11146214004775,170.68171168694568,0.6483742124231027,nan
170.27460771536886,9.604304147659096,0.6484645871552456,nan
72.90334541948218,126.15951674712622,0.648598370707497,nan
49.77391593828876,25.79809634304599,0.6487558143974523,nan
41.907608149480296,14.391738597913234,0.6487605162115576,nan
51.32403706980147,21.209849600139318,0.6488086601300082,nan
-1.456449309741111,47.70939950029367,0.6488430487784337,nan
50.70974579360603,24.924159605916408,0.6490410818583385,nan
250.2880738777311,166.53975335351143,0.6491600862986536,nan
47.706459845681074,22.980147774552805,0.6492494700552542,nan
53.61306565484941,1.6244908259508801,0.6495881876487897,nan
115.39702631479027,210.58075528686643,0.6496555065175174,nan
84.86102242431218,205.21380020704828,0.6497184409007517,nan
72.8929889397671,131.2681308249766,0.6500207347788981,nan
219.36625389274224,94.7474445221414,0.650055035783218,nan
161.08356615956146,255.09518486872085,0.6502293817156345,nan
158.1068926630877,249.54132695074935,0.6504247939421874,nan
54.70555493083498,-0.6079970352338797,0.6507352926130484,nan
32.88221324542494,13.410004368258138,0.6518928918499682,nan
240.13549795687314,121.4552856136767,0.6538614587778101,nan
242.2745188000666,124.05086914749447,0.6539261597601299,nan
243.37908581531036,128.01726497311867,0.6540900069298246,nan
239.70387427680916,127.1030794098578,0.6541039460685548,nan
247.15991171212283,131.96869600654608,0.6541165410187896,nan
115.85509966093439,243.50227928972643,0.6541540471699454,nan
43.827937984811925,28.761551406331915,0.6541670435927595,nan
244.26668443752425,164.16253350785556,0.6542074624907727,nan
44.15824481592754,25.07739493841317,0.654227078695662,nan
233.72070075435138,127.22975646034331,0.6543310129792667,nan
93.01380082965514,197.96441475549898,0.6543595142467894,nan
193.95112724929623,53.661288616481315,0.654680553309696,nan
206.77625029879937,54.28158038644752,0.6546816271910517,nan
32.4358336644514,169.16985391081323,0.6546849286517439,nan
205.67590718368967,64.5545572678987,0.6546915469278562,nan
206.34637110989672,66.48017778270754,0.6547226367551264,nan
202.3624171521529,64.14391503922764,0.6547275977737501,nan
191.10379423603692,63.64187966687716,0.6547391301410631,nan
190.58183629465697,65.07619274743746,0.6547461025348478,nan
196.22114114122232,75.04992313489461,0.6547487787776988,nan
199.03810553379748,54.39153210996409,0.6547711640217979,nan
247.1230489538762,122.24048915876978,0.6547820983509044,nan
190.35993442697486,57.2650450212245,0.6550287982535998,nan
62.44133565286903,24.835868451477694,0.6550785526636004,nan
193.05643908484197,56.0079106743851,0.655192015169602,nan
25.81929885043498,138.78714217236572,0.6552156756401993,nan
196.54905604921277,57.884940811675094,0.6552454894767513,nan
18.875711044989547,53.02836686212267,0.6552887088567746,nan
2.1756912198640643,50.01752221472258,0.6553351861750955,nan
243.4549516533911,117.6085066907015,0.655370867475058,nan
20.2067471610156,73.20246280565168,0.6554705069977181,nan
240.47670614565442,131.47558338071465,0.6560576242551114,nan
26.12386259097125,142.25905137242995,0.6561564500648773,nan
199.2373226840707,91.34541243742754,0.6561589219894656,nan
211.98882413794507,84.11003225964593,0.6561645514426978,nan
204.39650050406786,81.57949242708112,0.6561747787632037,nan
15.85629820280727,147.69828979087526,0.6562670614472066,nan
205.94949521763934,83.08564899857174,0.656267461311333,nan
197.806239715409,70.55352794621997,0.6563695422446375,nan
205.3409474602922,72.7669361063331,0.6563946435652777,nan
205.5726810845664,96.33415077594465,0.6564572168751316,nan
65.74952817626381,126.88010095680077,0.656623653841457,nan
196.5427136453773,85.48747380314899,0.6566765756692643,nan
20.477220595151355,152.28363666916047,0.6567651052213167,nan
40.44224914712491,26.37009469578206,0.6568361941562983,nan
90.49126058108975,204.2331157027521,0.6568673143149893,nan
-0.022919046792304165,56.762363458392166,0.6570692047270484,nan
24.58779882121527,173.13259764057847,0.6574538072801674,nan
15.639717319617638,175.3911448541953,0.6574560842279665,nan
28.20039692215957,172.8157980317623,0.6577949209065661,nan
201.19260326802944,62.54084828423321,0.6580732810366914,nan
34.376609025149264,172.3373278740208,0.6584872568178548,nan
196.90336571376727,66.71527484555796,0.6585146873390684,nan
245.28651761404063,120.21461554726486,0.6586899922394523,nan
199.00169675637773,62.819301059641035,0.6586926591342358,nan
190.36734252651817,54.61612168143704,0.6587935967707452,nan
204.91951438894802,82.48974325724386,0.6588861674640372,nan
194.1836464746656,60.709840711294135,0.6590895022409289,nan
207.29889294051688,80.49910813424425,0.6591873513472772,nan
19.574551951344578,70.60049837389708,0.659518470788431,nan
147.46931309796452,249.7437881227257,0.6597436016670923,nan
19.42260974328154,178.60666020339426,0.6602287206573153,nan
196.0748440905021,66.6849359013442,0.66027438153728,nan
124.64067611684716,167.11809329484186,0.6602956735415876,nan
113.26496923183466,162.92262324389802,0.660303860739246,nan
109.51842758626496,166.39870001590242,0.6603086363932976,nan
114.12591478371472,167.55071435512247,0.6603155901651089,nan
93.19481735637218,167.20702118060169,0.6603672306825665,nan
111.61523688380304,156.8387183276771,0.6603873090102467,nan
104.07809015059556,155.66958703476584,0.6604371182670312,nan
114.22212104333639,150.32314788597992,0.6605913865757804,nan
247.7007521072563,121.18477361456208,0.6608674589470602,nan
112.95932453063271,160.8887216084906,0.660878026646892,nan
105.93871813807456,161.46250208339666,0.6608973369812254,nan
32.677739176311,181.90031612671606,0.6609374718607411,nan
169.43604206389747,128.42251790052177,0.6610395736693186,nan
173.07668537937005,118.42031500202162,0.6610489513899804,nan
175.6987727694483,118.44183899051013,0.6610725178292893,nan
176.2645278275445,116.01262504549699,0.6610776838308291,nan
167.33324853798865,122.52858233418308,0.6610834103345352,nan
178.86765392044978,132.61130206230362,0.6612313324635835,nan
203.30861830931627,87.84395476290949,0.6615752001801956,nan
202.9814288153415,95.85695142586808,0.6615785049413824,nan
95.43553363170379,183.89115800991976,0.6617092500240385,nan
211.40934599797404,65.98122810773037,0.66171572294679,nan
138.88726636162522,171.936384802382,0.662079056115682,nan
130.45435581473936,41.138064420757075,0.662146192589841,nan
138.38718330896023,26.36009868834839,0.6621619564925428,nan
130.57407091547398,27.100554777109604,0.662173530072053,nan
88.28196497536973,213.83697398248896,0.6622448022447556,nan
132.27095023618392,32.72812278580563,0.6622457310034403,nan
133.20557422028813,2.6486515353835136,0.6623904257559525,nan
146.5916604254662,2.360652738077589,0.6624194079709456,nan
146.38373582919408,3.2569625813705647,0.6624264859143173,nan
33.551795321489564,29.150041531445176,0.6624459300117783,nan
138.84033508881538,-2.855860389978235,0.662468542492765,nan
140.94202522263956,9.122320158993432,0.6625501755330864,nan
144.78152714149,4.913369082973061,0.6625824118647367,nan
127.07699854314676,183.22324361854103,0.6633899244064777,nan
4.957943924634559,55.905940814831965,0.6640077105276139,nan
136.14817561610843,22.141223479193567,0.6641561642685279,nan
49.34390513816036,230.28145738706274,0.6644076309514553,nan
21.516337409566123,176.2557767021338,0.6644107339387842,nan
144.09033631523874,4.8774546290864125,0.6644360303830132,nan
51.08300545947377,247.90605014190086,0.6645461162660928,nan
52.114264879369145,233.1569001191094,0.6645503014665706,nan
137.53575990841924,27.74022878899921,0.6645659037268459,nan
57.69403824238898,235.7324791522231,0.6645798555923644,nan
47.570284908735786,233.73139759245024,0.6646336178994916,nan
192.7582070795473,68.17596113072145,0.6651557945989311,nan
134.16420125307152,30.37581917974683,0.6652298912263682,nan
126.98977271224807,-9.372469568230908,0.6652744508259876,nan
19.894722984836132,247.73451509194757,0.6654339000092144,nan
7.547658279842857,246.10123136469758,0.6654347574964529,nan
163.69559491517686,34.22958049157483,0.6654385721003545,nan
24.755439335431998,262.3389499063944,0.6654683620255882,nan
38.4466995100949,198.53207151199987,0.6654973406815521,nan
30.201396635668253,247.2835463394663,0.6655108762777581,nan
18.42294793657378,245.98846558213293,0.665595031518458,nan
12.94025617008329,253.4017852521652,0.665596093614044,nan
7.0706643361861135,251.92608184522476,0.6656764990440676,nan
239.5395185222946,155.49832420322835,0.6657280296141284,nan
14.28326424619314,245.24477164109388,0.6657949257554018,nan
199.360934349373,51.05999930979655,0.6659109876449092,nan
193.38097495895423,65.32168983641301,0.6660034284729566,nan
53.32356308982248,238.16286274454862,0.6661120343821461,nan
16.10630616921342,243.43157508537558,0.6662285264606334,nan
88.33186763527976,213.81791216573467,0.6663854415400112,nan
207.4291393583369,83.88375812715566,0.6664316364151599,nan
43.5426922178791,23.797771845462265,0.6666241951635237,nan
47.184026509917295,243.34205649859223,0.6667802214994574,nan
10.532692134545023,254.49280162385764,0.6669462418047942,nan
145.14606586664388,-7.916244404512716,0.6669617076174836,nan
9.466268952017108,236.02577376347313,0.6671531859520896,nan
8.209962917884715,241.7980825955933,0.6673532424106233,nan
204.66810273421416,61.628797604261,0.6674978327198682,nan
19.976648134695374,243.52426962063242,0.66767680050578,nan
137.13325590004408,4.094074847485962,0.6684345225992048,nan
13.747619760634286,250.94671939003624,0.6692491436178498,nan
-4.01161649747031,231.7571756600818,0.6698995882973506,nan
47.91656996139285,118.03175438105238,0.6701932625574368,nan
56.93559265571825,120.75885632808381,0.6702070018243274,nan
55.36456224737133,123.34286440852026,0.670225583200499,nan
55.17104467656931,113.68897998267327,0.670227024199277,nan
139.318019928622,28.529553272826366,0.6702401666875148,nan
48.50507877029425,121.71300346086343,0.6702998277686513,nan
49.49418459522795,127.12575471409595,0.6703353114066358,nan
140.36860910262874,181.2017946751446,0.6704562773712558,nan
44.95628626603506,129.20510178249398,0.6705291306868608,nan
48.28844888834475,117.935519164606,0.6705859780052386,nan
181.50999400436464,123.73299418157013,0.6706711465926473,nan
39.801320790052564,126.65388822875198,0.6708478305716579,nan
213.40943809007499,85.25902161906438,0.6712315140286235,nan
131.76331045709858,33.552021377444156,0.6713543241725964,nan
34.920793615366556,53.202224972491926,0.6720618593155654,nan
35.95275579745917,50.693533205487974,0.6720673529271937,nan
44.09640025119574,50.772065477630576,0.6720709463117565,nan
40.33684273132585,43.7090937644916,0.6720722256829242,nan
29.233980054184297,53.547823245548756,0.6721065462649937,nan
29.32439743144182,58.80514683470011,0.6721379883643047,nan
26.816416196866935,54.98436244570536,0.6722200263745122,nan
19.639188752494462,51.33124085952797,0.6722860792771165,nan
144.58563961204197,37.34015282690207,0.6725861578072454,nan
18.69779855905735,247.2568242078065,0.672618946075686,nan
93.85163024312243,21.81786992565761,0.6726438510762595,nan
87.62325321688836,8.761846824968368,0.6726685759468537,nan
94.24717961649078,11.520420570384404,0.6726755657683408,nan
92.8859263134274,19.824337360708643,0.6728459082265015,nan
92.37968057835006,5.207146339735647,0.6728697936894967,nan
200.93822143357073,61.59531084977651,0.673094229860743,nan
97.29536272383504,172.83272673500014,0.6734097021278141,nan
99.8071665528367,161.13906274467735,0.6735863938468218,nan
44.257970842875615,118.37303808347318,0.6737256492212023,nan
32.59000587112374,54.22407914727493,0.6737697153842658,nan
36.27351457014659,55.05727138512135,0.6737918902565673,nan
28.463507796787013,66.03834063635387,0.6740287446159592,nan
140.20426139387882,-2.1553479947391083,0.674241585584948,nan
19.349380451088173,59.8952231202366,0.6747849737675573,nan
195.13166028911152,62.40321142178175,0.6753237503909003,nan
140.41454215581814,30.009866027594555,0.6753966163073958,nan
94.34352342583874,23.47039699766787,0.6757333537597435,nan
97.33286043379312,19.479169516464918,0.6757735624480996,nan
102.50871033249561,18.225780266404843,0.6758253918592503,nan
61.73893897447915,126.23152702418233,0.6758802335566129,nan
99.06044131809351,17.487271534631912,0.6759003235028356,nan
158.13588719439943,206.81692226213528,0.6759760934353249,nan
163.0301084223576,211.43170159503902,0.6759767972872075,nan
167.47854281694111,202.7367617260832,0.6759810550927845,nan
99.50503960771371,25.771539221718115,0.6759913340200967,nan
162.01468160906956,199.39446835119966,0.6760043557524277,nan
173.4820038832886,202.51833925623686,0.6760882622403096,nan
104.4618406256513,14.678242726681471,0.6761690886858378,nan
157.75071363777315,213.18160645211267,0.6762662680628856,nan
93.73016963225177,9.123970114927632,0.6762792422055042,nan
100.50298649164414,27.585679622935707,0.6763107994334853,nan
161.03084413190638,207.88485440838775,0.6767397535044543,nan
27.172867265662173,54.45971439458834,0.6768199614936128,nan
88.86323510719033,15.403062513322189,0.677322356255354,nan
194.42303265749047,69.52301911721536,0.6776992330033335,nan
123.8842382624843,253.2727358983668,0.6777125945463056,nan
174.79909473013996,29.807183653775137,0.6778060641863873,nan
81.40838506036704,26.35364694777736,0.677975468847778,nan
239.08900706416512,38.98414654803108,0.6783667083841026,nan
236.69629160774863,32.70977957917557,0.678367359753057,nan
228.5453372031794,35.3637524296623,0.6783721475575458,nan
233.5495067846591,32.455772404445824,0.6783846792630113,nan
228.50085329107782,38.99153948434483,0.6783858795991243,nan
157.42544817158034,206.59738291991246,0.6783870614286592,nan
225.29994133636347,30.38909877767975,0.6783990805250519,nan
168.038257602252,208.33191364158205,0.67895984061955,nan
35.28097630383261,48.708109484880616,0.6789654270197767,nan
92.49588039973928,29.326486293017062,0.6791122979036176,nan
16.70567637848012,243.46644950233795,0.6795978655135524,nan
182.80120055501695,126.09860447057008,0.6797774667059957,nan
186.97529730929395,121.78067139896518,0.6798393823201944,nan
16.898185438720606,247.72386814730814,0.6799098471819894,nan
146.53615151350007,8.009749720218496,0.6800251546071635,nan
236.93993209515006,31.44497069369406,0.6804187871956002,nan
247.65614474376946,34.03539756722532,0.6810903153289133,nan
93.45765827586393,44.5841477842722,0.6833294653294866,nan
138.25782552862594,247.68961931887472,0.683356975567971,nan
97.99912011957862,45.60376215565943,0.6833608831438021,nan
142.82828045656072,249.85003224073216,0.6833632426050735,nan
103.5456312021723,45.17259878040701,0.6833677109672469,nan
97.48668412951744,47.72291435167736,0.6833928842578826,nan
144.1176466264482,258.2150081458295,0.6833966302215942,nan
53.694146607611025,28.936604912915314,0.6834555777928512,nan
139.90686504174332,247.65269664208688,0.6834570529029979,nan
98.33751096726002,36.07089591722904,0.6838215632245755,nan
91.82910247137718,43.01475172366516,0.6838672014190871,nan
112.83195627810063,86.20945102247751,0.6839137909083268,nan
195.621681556411,68.58058612561005,0.6839197119210606,nan
105.24381584129203,84.86347326772612,0.683956792600426,nan
105.99272867908351,90.28131081540928,0.6839950932842471,nan
106.6292116628838,87.3391584331816,0.6841221238245722,nan
113.59323077317954,83.54816684804818,0.6843218174143171,nan
93.72058839260627,52.10070128272533,0.6843423101233566,nan
88.68688313522921,14.025120304858763,0.685153949495572,nan
20.26599485924989,149.5816360058457,0.6854583809829922,nan
36.89905814486318,132.96826715862932,0.6857262951717895,nan
35.227806232086614,124.76246847446019,0.6857282768503726,nan
33.53700669032861,125.57589240393091,0.6857309595393966,nan
38.934256319816264,133.4654217499035,0.6857317409029096,nan
37.93532703586361,130.39599957883277,0.6857352996157943,nan
32.29262925681105,130.97464972585954,0.6857362576137308,nan
43.78832067389417,131.6375212555909,0.6857803490124013,nan
45.53997291212005,126.59174242206781,0.6857826471662172,nan
140.34855636530978,-11.525664898569117,0.6858434438953072,nan
109.14906903019454,20.030230956980713,0.6858628057270942,nan
41.992048058072534,125.12852044809203,0.6859956312647219,nan
46.89061606346011,40.30899211956605,0.6860045043459141,nan
110.20056856076448,89.40191041726543,0.6860306711097823,nan
41.21983960784228,134.28697441637235,0.6861151245057218,nan
37.36813835467682,132.57099162327123,0.6863180752569159,nan
140.9587580804452,244.16290462379743,0.6863899682945225,nan
28.11497296583639,52.23506633597926,0.686669543209778,nan
91.01375577284051,38.975349145318646,0.6867515386676479,nan
37.24095589865595,51.13660220809624,0.6868198837868659,nan
46.89737737883416,148.68093226979724,0.6869813843381264,nan
43.581311761005985,129.00313781824957,0.6870716095370645,nan
16.68391258040054,238.31808680124874,0.6875087960191135,nan
37.06497569515995,128.64491904160263,0.687546270886928,nan
42.964956276163036,23.782043925944574,0.6876301663740492,nan
41.155501508235325,142.02018450991778,0.6878109921429612,nan
40.41398732011575,134.47819284412253,0.6879106037477053,nan
94.94473418937241,24.26708835705603,0.68792386631528,nan
61.436651851204566,243.07939689432035,0.6880252837853679,nan
36.12753930133335,149.92598361095932,0.6880798492372718,nan
138.8705860901917,37.96641730509347,0.6880824812306626,nan
130.93140844085053,33.93308243617935,0.6882104119085105,nan
40.23595931613303,61.80157914051775,0.6883067121023149,nan
114.34588715832446,92.0101111123072,0.6886596081379337,nan
76.15489238965074,32.81433973173363,0.6887027132582967,nan
70.83100077444476,30.12369069721924,0.6887092954017711,nan
78.378847198295,23.84421423097914,0.6887164880665811,nan
36.890924144221344,127.9801657178516,0.6887699888704281,nan
75.2746436426312,26.454568884325028,0.6887761414372144,nan
51.27227237133787,145.8062373739919,0.6889311413203103,nan
72.69500589779888,30.156867953970593,0.6889763856121354,nan
73.21588807709972,27.175757066114958,0.6890686167970067,nan
77.15360948541253,34.183899046690954,0.6891041200809476,nan
210.09894840362884,88.22519012994323,0.6891096703212327,nan
11.467356613219177,257.96860019807684,0.6891997808586706,nan
98.60473081421551,31.839607965331243,0.6893355512226993,nan
103.031297992768,37.035648070934855,0.6893502645083701,nan
70.8684972572613,30.572111297277885,0.6893740534777013,nan
86.38041392950335,30.2998404622783,0.6893754446847024,nan
107.64526114328797,46.06975849591825,0.6894013366078701,nan
61.93214278252371,19.73224445928508,0.689444634234297,nan
101.56255885901759,44.38515686469167,0.6895241231039209,nan
33.63459944497345,127.12633869518599,0.6898005277394434,nan
34.335084294680215,134.00126170414939,0.6898426214406529,nan
12.542074716056616,247.32287038733688,0.6900888940766278,nan
103.36360272232635,12.899189028302196,0.6903201202321736,nan
234.68880849913873,35.35032837818236,0.6906509683835238,nan
144.80009694692973,242.8304855437283,0.6906834167572511,nan
177.86758920348169,212.29030968136104,0.6907268381297672,nan
177.97461891418376,205.1698541565263,0.6907290552372544,nan
172.98971114163265,209.00027340627184,0.6907490092823759,nan
188.43488494126223,208.35412639956007,0.690749431727259,nan
181.48942585705984,213.13691873285634,0.6907637671822544,nan
169.33285214320435,215.1768012201842,0.6907743247759547,nan
186.46059864692424,206.04416599530904,0.6908079106312591,nan
104.05933652371934,38.782300569814474,0.6908120908525649,nan
157.52876230620254,201.61583121966714,0.6908178489369274,nan
182.6035328713959,221.27119930418726,0.691020286241304,nan
180.85543584211615,202.5598833014619,0.6910938645256068,nan
100.88084941578403,42.113761141980866,0.6917108802193102,nan
11.605415486244208,55.231276845084835,0.6917526986480328,nan
9.683385794203973,60.271315197850576,0.6919947050340225,nan
14.296967796744122,172.34599271680966,0.6920499559670148,nan
153.10567011162632,209.34925838931736,0.6921839613820993,nan
106.83611773470582,46.82609087931589,0.6923054918460338,nan
178.63943087080983,210.2613653614901,0.6923174626353555,nan
84.76223421944566,29.401409068840948,0.6925534712634773,nan
239.37542361067187,22.920291805988736,0.692559205295308,nan
167.99752299812246,122.13541669099843,0.6928762743951948,nan
186.2744084925233,201.92932110686894,0.6931256797035608,nan
10.861352142822192,235.91511864482726,0.6934628864743281,nan
45.39885137824906,152.33791233900905,0.6937706340137894,nan
99.29136614107895,52.938613961731086,0.6943067546006473,nan
114.96317089635437,95.7354727146717,0.6949651696842635,nan
72.00689717265934,35.40799620476446,0.6957167754760349,nan
90.76174519386969,20.29634576950686,0.6957459085160125,nan
109.8472748636395,37.23034334800203,0.6959162087491025,nan
43.244356011256436,135.21960324437012,0.6963815526462975,nan
33.06150701746032,43.33609143706355,0.6963905047912133,nan
174.57833197473335,218.98454637151949,0.6966064254361817,nan
94.10853379979442,47.02366765204011,0.6972562631420733,nan
19.92375083097659,134.46232126356415,0.6973920845293684,nan
18.016070451099324,140.2410698631433,0.6974290372759239,nan
15.684342391160524,138.60544406868442,0.6974350407361933,nan
24.512531549659148,134.8276795827836,0.69744147823838,nan
15.457366116796804,143.13485098353857,0.69763442623375,nan
17.857793200214406,129.34026657760896,0.6978301658710512,nan
101.02610509974292,43.20793002602306,0.6979520847706828,nan
181.46915513097684,214.28936463183166,0.6985221154654843,nan
180.01263418983777,211.13887326201112,0.6994804798422629,nan
68.3232700796352,20.53042293589023,0.699699122390098,nan
204.85093855469273,51.28056123111616,0.7001854648179436,nan
145.69127355736288,246.18240055897556,0.7002272855772846,nan
99.94721062877504,50.86855786813434,0.7009686354598048,nan
14.256942324489817,137.74869538164228,0.7014229847684389,nan
69.90794768415782,32.24201434602888,0.7022825650085549,nan
85.70047623726792,252.49393844503413,0.7023673791949934,nan
74.09612700193549,238.23163556444766,0.702371481683687,nan
83.50316012574444,235.205678304824,0.7023739092530394,nan
85.83390757115737,243.00797111778502,0.7023777923410996,nan
75.23199033152832,246.72713380053077,0.7023947090679015,nan
78.1991711991966,245.92666671686234,0.7024218074513138,nan
71.64590527638184,248.20429622840183,0.702479903160599,nan
105.35144280104427,48.95833622018756,0.702599992333603,nan
70.13079725875247,242.0962109038127,0.7026693870826216,nan
88.56638222112885,251.02989313595444,0.7028673225891827,nan
12.855463499775835,141.44645038346277,0.7034767619691403,nan
11.479434289681516,126.15314008551918,0.7036261633736454,nan
186.26816193713339,128.42318906982158,0.7037002221682971,nan
231.24477030336126,30.609895485406696,0.703906001688241,nan
160.61100900730494,209.29458875082182,0.7046765772306892,nan
70.85227367392437,31.95168181167385,0.7052555572830975,nan
75.66679573550131,41.71998780564784,0.7052739509305989,nan
80.66926580361937,24.44477888427959,0.705305202038739,nan
77.34122106862071,18.645233837126426,0.7053318294329041,nan
74.13284728789456,30.120107252347555,0.7053509200548899,nan
73.64041574830183,36.103052624725265,0.705372486981589,nan
75.06940193624214,35.28661459924643,0.7053735076617762,nan
73.46155782360587,34.70666883121041,0.705472365289388,nan
72.67939128669269,36.16784548075394,0.7054746415694663,nan
78.74717305777422,33.262667146403594,0.7055109995815243,nan
150.55516843252775,243.2459101166896,0.7056219154848062,nan
77.1165086127557,33.63469336914729,0.705685127384323,nan
101.39231987035359,45.9740227721413,0.7059417117904518,nan
93.60800406651344,246.69017074245778,0.7062579337033138,nan
20.10112936929793,135.3794769579664,0.707889994635115,nan
175.89532225203143,219.0375673388825,0.7079330715025742,nan
26.14724558956393,140.21917000255002,0.708762873015788,nan
115.28146536628896,246.54396078422224,0.7088540239454026,nan
21.028545153924885,141.99558161697763,0.7089574722439691,nan
73.02344969341286,235.76439861489948,0.7092030009802304,nan
173.1536080972954,206.62743524664003,0.7092077814249416,nan
15.653849667428235,144.28378267664118,0.7095610813542542,nan
178.16476762874825,210.07309485508955,0.7097195539867015,nan
43.59948574168535,125.81814118364798,0.710456709282578,nan
101.08325994221438,47.841571023461036,0.7110219156070275,nan
103.48378213194913,44.758251969767585,0.7114305020066135,nan
45.28285131361729,31.965318708995618,0.7114963668244099,nan
94.74643038863627,23.894223748643643,0.7117694191971158,nan
73.4389500604445,25.6937630178107,0.7118964666312481,nan
136.6108454552438,157.0924269140827,0.71216521059642,nan
134.06627458993847,147.60392084799201,0.7121708580697006,nan
128.1860954172087,153.76920090943693,0.7121981248990313,nan
131.37941124037704,152.94592179572376,0.7122082452442141,nan
135.07874544914202,164.85326231671988,0.7122575699835595,nan
138.6676899555083,149.36312292866836,0.7124126587813396,nan
136.02393577810804,157.1019510405415,0.7125668265911669,nan
42.104311776596454,7.043699768989134,0.7126324479286378,nan
49.52583629233391,4.979767678505458,0.7126355682391852,nan
127.43938630758844,151.01732741974905,0.712645315706354,nan
117.97140127333708,227.8381624625162,0.7126541326410132,nan
121.65224124741219,226.00088221551107,0.7126550103220655,nan
114.03282070028271,223.72535297150458,0.7126565062906313,nan
125.46907786154313,232.90851760652637,0.7126572866661781,nan
55.03600511021244,4.377748475448649,0.7126604719943989,nan
125.17600110010733,232.26141136499507,0.7126651966044416,nan
119.45389152838278,234.97602746992195,0.7126669390802729,nan
127.51280962242568,230.01606685879688,0.7126714506401078,nan
50.352784519796856,1.8358880476900663,0.7126782324249562,nan
124.10092416136493,231.51725957299996,0.7127044594199738,nan
119.93258401924689,229.7766655539953,0.712717915100822,nan
123.4931375803447,226.06801660597216,0.7127464721201507,nan
130.9120218413615,234.2848402526376,0.7128235384726633,nan
121.19940127406763,235.76094761468914,0.7128703566847164,nan
125.25093395154217,238.03059045919247,0.7128707100167133,nan
121.8037162442654,232.38688481564958,0.7128958798145638,nan
71.6686406620111,33.22099906128209,0.7131699209235717,nan
54.749393384142664,17.09652661696208,0.7131893516863048,nan
113.95363811942953,233.36241251108072,0.7133438141525681,nan
116.33211648110537,232.7704985442327,0.7135279947877871,nan
126.31286240797998,249.31363429755478,0.7139854842388638,nan
49.14261513212974,144.4917325056139,0.7143798321038943,nan
47.27884277791968,139.1907336189523,0.7147235418267383,nan
18.281198963059804,250.07574146379514,0.7150116837863727,nan
34.07480658996133,148.54881782590647,0.7154418830389614,nan
65.70585502172983,241.2710782421348,0.7156800913539825,nan
39.997475023219316,137.09722946515618,0.7161707472572297,nan
122.70490629108059,233.97286933002397,0.7164694047680042,nan
138.88038825714074,160.95500910653337,0.7165686583323505,nan
230.1053918152868,214.1238483656,0.7166187327651856,nan
236.06274530040739,213.21073284744534,0.7166253145205337,nan
224.4608178183932,215.54931505560376,0.7166276134902944,nan
238.17512739638119,229.47927534917062,0.7166699233177,nan
233.8842669199992,209.24463753733508,0.7166803099393353,nan
239.760155272863,228.95514931265697,0.716738339891803,nan
226.83105106345425,208.38914902423966,0.7168764128882225,nan
114.82070789049811,236.39963224302508,0.7169717219276834,nan
141.36230457091003,237.8890860841377,0.7170408262891211,nan
129.48001412040833,225.70108233188816,0.7170717114602159,nan
29.704982674687443,145.63441537503545,0.7171354601011612,nan
130.70620623537013,233.70813527988201,0.717307201307689,nan
231.7034803022689,220.93568346242182,0.7173244053749277,nan
134.28886941512857,158.96110309628347,0.7173644699737465,nan
227.65698290655723,212.6411302582765,0.7175422543073537,nan
126.05043582253512,230.765229924679,0.717607007977209,nan
126.30347809865673,119.27530918120918,0.7176537583689496,nan
134.82883167653628,118.7017426549201,0.7176713623773302,nan
136.9833042520938,132.14108847822638,0.7177531630614976,nan
66.5884010049064,169.8830647943429,0.717916646577189,nan
65.75349469727996,164.37604815263296,0.7179242204056628,nan
133.41085522046944,133.8595650727708,0.7180298580348362,nan
226.13513838747053,216.24675763429116,0.7182388996535125,nan
231.6647719880708,227.07593168870503,0.718387446710179,nan
136.01149928711422,125.80016392395129,0.7184400755228306,nan
10.766159710424779,133.31198973491158,0.7190211612251198,nan
33.0169184201202,133.45274837464098,0.719029852797172,nan
50.385945035694675,11.346423589428483,0.719063176360111,nan
136.16119734773878,232.67253682343892,0.7194482196932894,nan
217.41015746544775,118.74161536202166,0.7195409475316528,nan
221.75655781946867,115.99970309020453,0.7195461431300023,nan
213.33777273055438,121.18406976837483,0.7195575852974697,nan
215.98596691501731,117.5702508929981,0.7195589109934057,nan
216.57657480767742,116.02348754409802,0.7195641969668791,nan
98.35577547801404,51.398997841317374,0.7195748230438511,nan
67.94009966689866,172.327566906999,0.7196572140303832,nan
75.75181954076864,229.98391353594226,0.7197408661085847,nan
83.82906174725491,223.46535682922757,0.7197637837754627,nan
83.5235486379032,207.91802372722515,0.7197856154376663,nan
84.38023195195304,214.66873540419044,0.7197976689143758,nan
63.79072606333793,178.41188116004807,0.7198238626575262,nan
88.27791239172478,223.71291575681377,0.7198549334919903,nan
79.1140230999518,220.1316945493813,0.7199383744635589,nan
55.37133198161962,145.21538268524841,0.7200523111691804,nan
80.0400812026821,223.94843380148822,0.7201760690983261,nan
20.82841489862666,193.80525980355588,0.7202072140897662,nan
21.37680685328027,198.74749585980635,0.7202082538845331,nan
95.988557554446,224.52762797501427,0.7202219297103957,nan
19.06825989795854,188.4341164705182,0.7202402225878319,nan
84.9420076060359,218.29571962517056,0.7202726498790135,nan
25.1905698887091,185.45143525101133,0.7202880957529512,nan
19.21750469201589,184.15757625856475,0.7204566356876131,nan
112.20722960225407,228.63957009409822,0.7207143110072901,nan
118.33170406487088,228.95169283452842,0.7208621354001413,nan
86.94172091351639,216.12240862101257,0.7208844940548463,nan
67.52473836317871,247.96969039811512,0.7215123054130798,nan
179.30158798388334,210.53208632835518,0.7216066449365472,nan
121.4701904924134,231.3586897356644,0.7216194533626265,nan
122.40900157413905,240.35984293522517,0.7216666096289669,nan
70.76073644435233,171.4043922838867,0.7217847576206757,nan
23.914580817051615,187.5359761853619,0.7218238064427345,nan
111.42753347918426,91.20932437971965,0.7220118094135579,nan
24.661701572155437,145.37647743630413,0.7220346171740383,nan
27.954476942459504,181.02625576767358,0.7221567513886766,nan
130.22316774589646,135.3048185398408,0.7222530234210919,nan
137.12553783745295,125.46527031901213,0.7226600508055584,nan
79.97346261948225,217.3443406589987,0.722975944574486,nan
152.44921921701942,46.513647090608345,0.7233723290486572,nan
160.50652599898055,43.83739191271749,0.723376077796284,nan
148.36810777836106,43.11648372850533,0.723393153835997,nan
155.73813381214907,47.568230310493405,0.7234069381331585,nan
67.06272065988121,173.54867146710035,0.7234737837806375,nan
159.31037043596098,252.48458359236096,0.723582065715897,nan
15.613106919978815,133.94236051024015,0.7236050026575308,nan
124.23814920143504,235.61607853034343,0.7242436717142845,nan
82.67256331803837,217.59750160771907,0.7247128487806229,nan
128.290822831666,127.4784140781269,0.7257391068526288,nan
161.76518128490093,136.01882946997102,0.7263251716112934,nan
165.70062648473373,134.04644173882818,0.7263454308014639,nan
176.07874207152446,135.29325160153675,0.7265032253152173,nan
162.03326561294216,137.12282221345058,0.7265094135807392,nan
51.974039241991846,10.561210939272504,0.7265370995673368,nan
172.54719334786074,143.07782850881816,0.726552259082178,nan
167.6653938756669,143.397917255528,0.7267105006967701,nan
53.279056280135535,5.794620157941761,0.7269162284250734,nan
159.08717216731955,128.20016885828838,0.7270494002022218,nan
154.33974970330127,140.5048095395073,0.727239559003043,nan
70.81455227550077,165.61325934763227,0.7275363994954691,nan
76.2372596707473,213.66849172671894,0.7275816560120938,nan
124.93040873090553,231.25334675139894,0.727774935197957,nan
117.02365586576741,237.14944865868924,0.7281670544508723,nan
210.52008070629293,125.93622529240463,0.7282814426970833,nan
164.11571986511763,132.89589957296857,0.7283577552165392,nan
67.22958476002286,90.64588370891354,0.7285575918747874,nan
71.59197645323476,96.65054524642372,0.7285673537683379,nan
67.1046689270157,89.21165690739318,0.7285723731840209,nan
65.85767585307946,87.61249194987843,0.7285794003053765,nan
75.15845198207617,97.00979401992905,0.728581825633146,nan
67.49115480677794,96.88056306342645,0.7285820930626496,nan
119.96908644830928,229.61719820861123,0.7285969981624644,nan
71.71090651899462,102.59780382837846,0.7286019772506253,nan
61.86511633202088,104.354820563259,0.7286070984427067,nan
59.78195937989262,96.5023718978452,0.7286218165392607,nan
72.00490157946648,97.30134671581123,0.7286341837315525,nan
71.14098874979356,97.39128001899556,0.7286347681934617,nan
61.58353835183867,90.16000587095067,0.7286608793793838,nan
73.84609588575356,100.3037138487189,0.7286958075507386,nan
67.22461245496537,97.99806610262833,0.7287322942710225,nan
52.43192171242393,121.3356299177307,0.7288338348447166,nan
62.56096140948487,99.45386380076555,0.7288472568430293,nan
69.39752253148194,97.35812761987675,0.7289290357295035,nan
68.03728719077199,101.36267748082199,0.7293298915692614,nan
52.27038403189661,1.308361295192806,0.7295589535219601,nan
123.27269188565963,226.65388360684508,0.7297616689193477,nan
164.37242192755988,139.8235129348382,0.7299118633488635,nan
70.2584546011199,101.62119052050811,0.7300445819711009,nan
66.66032448259135,13.802986894161966,0.7300615920936459,nan
62.680434575697944,1.3641788898386886,0.7300718351770792,nan
72.85325929386688,97.19522378247223,0.7305986104545725,nan
58.299160095031354,22.965592747334327,0.7308157566782557,nan
70.09269285724685,155.80935853086012,0.7308301187753083,nan
78.17611627925409,91.84770646492355,0.7308695960772963,nan
229.40607710643832,220.4105552270302,0.7311340308394764,nan
226.13209596510725,127.40839317573895,0.7311668935427498,nan
71.9384866441133,99.40833962256217,0.7314072495950537,nan
97.18119115126919,45.904215892941345,0.7324612851313542,nan
51.70250518337561,186.90773239791247,0.732545254033334,nan
41.013040588898505,186.31743062135624,0.7325455848095336,nan
42.0927722443477,183.90208700536482,0.7325726008040063,nan
45.0286521467103,183.4591639689927,0.7327071681098094,nan
46.82588978664443,185.85666538973413,0.7329035597934871,nan
126.32066352020571,237.13677887734568,0.7329600002714571,nan
50.1687185647375,185.85140093185692,0.7330302629165676,nan
57.45403458355554,154.65581681963832,0.7330843964323357,nan
50.13344007301026,190.58991566662226,0.7330867582408263,nan
63.95881884131632,93.9362287286824,0.7334458012679643,nan
142.18921999831795,250.70021843037375,0.7334889057511944,nan
76.3347874682641,14.296912649371686,0.7336842868184117,nan
39.43521262984072,186.41430932934566,0.733690438822111,nan
142.9575956109752,150.2088199849392,0.733995607651507,nan
173.0516547895061,140.04050831358396,0.7340538387303893,nan
137.687881418594,236.13876981851425,0.7341828507034021,nan
214.76768348899262,128.44435208493235,0.7343234657241614,nan
76.50608010516977,34.47182364580432,0.7345809309625093,nan
67.4735369870964,93.97463697591603,0.7351371816977683,nan
110.79876807487977,118.50195814410017,0.7358730331737475,nan
108.35173072277196,123.16172138029607,0.73590980238223,nan
99.61291039177846,107.14718175896006,0.7359239639725049,nan
105.2485477890371,122.81160722624648,0.7360754095979706,nan
108.92526637619345,98.99707370282727,0.7360810368696236,nan
102.01319013723834,109.60910487516016,0.7361074237853271,nan
115.74522210719684,98.11013686067056,0.7361809376301354,nan
65.39308678221641,15.31658484017927,0.7363705087336695,nan
105.86749583773528,110.26001809847973,0.7373650321277538,nan
108.01263240728619,117.29809375457563,0.7373927519311129,nan
116.7282668314257,106.99186913009666,0.7379255943635126,nan
54.543071109586,186.67091934500175,0.7379600796458037,nan
111.58274704008117,251.68595371359223,0.7379672070113154,nan
74.17183921761693,95.5380551909032,0.7380876213688292,nan
96.43095302360781,10.336331771322275,0.7381090641402238,nan
183.823067676994,206.52190697776393,0.7383965961989988,nan
136.6640635198723,233.8724847872558,0.7390956212172827,nan
122.30301568486232,230.5810094710389,0.7391952199248829,nan
116.0830955639408,169.11718724892754,0.7393651974684693,nan
119.35797879354392,159.14038034101327,0.7393843302515941,nan
115.71598857988243,155.43637219529077,0.7394038904285586,nan
114.79784036865742,153.0071222076078,0.7394153406909463,nan
124.63957476926832,162.3680716330745,0.7394172975772527,nan
128.5748573420272,159.06928668105638,0.7395011445383535,nan
118.66943610008836,157.47224325381413,0.7395253027856589,nan
119.59527772299032,162.26116631924398,0.7395422083794915,nan
107.35698242626913,104.94542698408215,0.7395472539397628,nan
119.86871709653715,158.0029289032551,0.739649456239649,nan
116.59562761385186,157.39729774876488,0.7398963787815414,nan
91.99110492985665,226.0541153876247,0.7403870858322149,nan
78.01755700183614,103.61869465943344,0.7404003290718371,nan
103.9050460884469,95.51068226477973,0.7404745053553601,nan
119.57762484976666,155.30200189613404,0.7405203837349821,nan
113.85537245125414,232.57482399661671,0.7406533048427367,nan
165.81552982630552,73.07285597817058,0.740899397195887,nan
67.54942971035358,110.44454910231028,0.7409372067767874,nan
169.78178630167795,71.60193732381302,0.7409404597735768,nan
173.2286103804452,74.55099469084247,0.7409982601692573,nan
166.23956471518804,70.81042945682354,0.741033803769715,nan
173.59624885969038,76.6945369245146,0.741066946509941,nan
177.3766796927158,83.52261728043773,0.7426588192916529,nan
121.48134059452498,249.06812073739,0.7435912181074202,nan
154.14627867885486,43.01189729352702,0.7436335882508945,nan
81.89971226204132,240.52971086096827,0.7436832587534791,nan
217.35885666319487,105.61427229345281,0.745848862714197,nan
228.83549080361945,114.74319037821147,0.7458698368374591,nan
222.24254886517357,103.47950376043961,0.7459691015392264,nan
50.27217685326319,1.6482180459890703,0.7460377183711698,nan
106.86491063417336,113.40263074809148,0.7469648364757364,nan
140.0614729955405,225.44515255416954,0.7471407472603568,nan
159.58634892089032,134.7527458884395,0.7479277898815132,nan
53.263347005339355,181.55156390266228,0.7481969594522991,nan
117.89145613988896,161.97149498395967,0.748515010809415,nan
137.01418266167283,156.0862688014478,0.749049206336103,nan
23.116712832222056,201.16490274303604,0.7490666275064676,nan
70.05866090999248,152.49453900356525,0.7491617420290901,nan
118.32046316146412,146.35010317214443,0.7493131684177692,nan
98.25851821033375,117.80120167394135,0.7501621569890953,nan
28.908886309029,51.65416666191236,0.7531576109102536,nan
28.55772904807955,50.4705662307839,0.7531694928112019,nan
21.884235848321225,38.192656763646525,0.7531701756837554,nan
19.18014245972524,46.95986876452747,0.7531861900468136,nan
238.34242498054778,220.18034481045325,0.753194696117208,nan
112.90999730322,161.55950731947556,0.7532662863219548,nan
33.72723294150382,51.21875655733628,0.7534187139322792,nan
23.80768589020697,37.00197479255446,0.7534193280098465,nan
23.726959173718317,48.146885571664235,0.7534232972224826,nan
1.9602374777320446,224.5660808357751,0.7544773743462412,nan
-5.198245090242453,234.73097430381205,0.7544774694337962,nan
14.27881538859978,228.3995148221014,0.7544783469817504,nan
14.69632048027214,231.2171464333022,0.7545101022536873,nan
6.854040173930126,226.26766537790866,0.7545464574344234,nan
13.992164912761991,227.66417971754157,0.7546138050947494,nan
6.980534178998533,232.4073669141194,0.7547364647033824,nan
4.492862946295473,230.60340662671516,0.7547939949461678,nan
6.464997316446188,230.27184530810703,0.7549737755869523,nan
32.50113444460612,45.789500990446854,0.7553649551507572,nan
127.78608267148923,231.44129820266843,0.7554015577137232,nan
56.32597972147312,1.484433252679004,0.7576704529204834,nan
247.64054265971305,222.93209555640095,0.7595099770594256,nan
251.40844508422146,44.28894733293645,0.7595604281730228,nan
250.0160952958358,58.849154457947904,0.7595665696271979,nan
239.32613509841485,47.653564973518925,0.7595784707714094,nan
247.26127625814215,46.42831758841207,0.7595839223327262,nan
246.35354049403875,43.952184835074114,0.7596580728915917,nan
252.036369337095,48.709467977747266,0.759909946011254,nan
246.52549990163536,44.7434095052377,0.7599374745466578,nan
252.2021370747812,52.40438036007233,0.7600422217327397,nan
38.25530239157672,144.6773239741478,0.7601015248732208,nan
43.965272951425476,130.72197440137586,0.7601609841063819,nan
233.93785339537064,40.67222333952028,0.7602421841558291,nan
25.521503854423816,51.756514307690466,0.7607356026529982,nan
51.153915809388955,132.8668571713591,0.7609482071738756,nan
57.04032900806882,127.09284906446486,0.7613710547130427,nan
249.98320401266866,54.6239857658474,0.7613973998971132,nan
229.02456479880203,49.82062294376653,0.7614350929794511,nan
237.53705979941353,47.04193630752743,0.7623946111788293,nan
69.2038506154898,97.07552135541891,0.7624096270872792,nan
67.17422673601078,157.88676616107824,0.7624684132624365,nan
111.64732637616395,107.45301685451308,0.762748805892792,nan
249.9045287117608,57.81061943250351,0.7628618204038802,nan
126.96811346098858,151.75862841453457,0.7633345907095337,nan
128.27264874493463,47.3995097908637,0.7645914490436541,nan
131.28772874477565,39.07880775302263,0.7646218324721835,nan
129.07673059171475,55.30784615609959,0.7646312904860098,nan
126.00736414362714,36.1785109280398,0.7646517537616442,nan
131.04659994976222,42.13643388042415,0.7646584444849821,nan
129.6575995596942,42.24704656662012,0.76466460783891,nan
131.58649835359924,46.29537793572111,0.7646687219668252,nan
133.5927677415008,48.27213272305785,0.7646900959954275,nan
127.67612514012554,48.065555581322194,0.7648081635648786,nan
126.0582922147775,48.79483619764718,0.7648467916999281,nan
141.5328099837598,43.443484625881105,0.7648969291137153,nan
135.3691705380297,44.875700344697215,0.7650371071829581,nan
134.4851730054267,48.29856922315799,0.7660324748285772,nan
137.64647819007837,50.598753834622386,0.7661086625388942,nan
85.5360456041998,219.77515694993428,0.7666493914218332,nan
212.4027020734028,39.74336781656886,0.7667701289797663,nan
208.90445161208362,41.86398580704887,0.7667775899209597,nan
123.96961731563678,167.38358424350108,0.7673451542334053,nan
47.71525555110075,131.02560771616652,0.7675458233909384,nan
214.47497669218,45.5821889462236,0.7675750904985674,nan
206.61406458391806,38.90959813271968,0.7676811269718217,nan
97.0345992675332,45.541622131858254,0.768157477824681,nan
45.77512731611316,132.7228577613877,0.7683657831930191,nan
239.0361357209025,46.672882120686005,0.7697421086998983,nan
135.94524556467093,48.18906734042353,0.7698147069069439,nan
150.37412764319316,140.83439209088488,0.7713107613877463,nan
135.207385866803,53.40107845163134,0.7726552906386899,nan
46.73734527787313,129.38502006883223,0.7734744258770083,nan
78.24618059851649,163.1978353227759,0.7739504862892953,nan
67.47019599922035,160.13995982156393,0.7739555738931002,nan
67.63294918928368,158.76009439595006,0.7740515121199383,nan
75.03739133384126,164.5342919367635,0.7740586926254619,nan
251.58896884050037,51.136061165443685,0.7742381127699218,nan
69.19759915805514,154.0498337052563,0.7743576334759796,nan
75.92233593075115,167.41032944426328,0.7749874624836841,nan
145.30474511761122,201.54586945232,0.77685800930637,nan
139.3796666919072,193.27967915567135,0.7768873148294815,nan
205.88094843735587,49.866815443343214,0.7768907680499444,nan
134.99184599137297,194.75358131298728,0.7769949103543723,nan
128.0028697848493,203.42458381348936,0.7769981874588291,nan
138.3648840366655,188.848737362232,0.7770044014355645,nan
125.80625063499798,233.8762733856828,0.7770457663763638,nan
132.41543856883013,188.0133410265354,0.777129074474333,nan
174.33510194302124,218.44591745375834,0.7774574749880309,nan
137.10754406016463,210.6609732817808,0.7775258710238032,nan
131.75683011908274,200.9585029724211,0.7778708737761597,nan
133.01581098100255,200.74051807471224,0.778888618543947,nan
140.77592999288137,217.2179898276904,0.7799492766397684,nan
128.23359121933862,232.721959882461,0.7799779838195673,nan
124.78202409106312,219.52959616253267,0.7800876471969448,nan
67.47718345853141,98.39794637304156,0.780510231881883,nan
139.51176506211172,215.96205771792117,0.7805653462823458,nan
3.6223554630304653,233.62536369729656,0.7809522224568863,nan
72.79293653640899,166.40752882168746,0.7811189287024185,nan
11.787989847429024,225.9538019587308,0.7811521049069484,nan
124.8905996953479,226.7597170524166,0.781684677441944,nan
134.17709739745027,190.11241553014523,0.7822012836173741,nan
71.80506410945821,150.290331508476,0.7828203633483073,nan
210.9715695124205,40.78076676962701,0.7832236368949419,nan
161.52745992935942,140.27398533023484,0.7835975522522524,nan
134.45275788839143,141.01239609508463,0.7836789009465025,nan
121.62129693790905,140.26898676954949,0.7836940597052078,nan
130.7358113441655,134.96991710743976,0.7837031320183454,nan
122.33698347817013,137.11958596637982,0.7837199325480598,nan
134.48682333444438,137.79846232721803,0.783754944470422,nan
133.8477613549207,131.77518592090854,0.7838823138958563,nan
128.29355321786147,126.85112085857527,0.783945573242151,nan
121.3177976205826,135.46796789143207,0.784141843331093,nan
127.52251992819335,144.9649779599478,0.7845493308322432,nan
72.99853460257859,166.68406486409378,0.7845590408913968,nan
129.62638016777842,207.69849886152642,0.7851517509630332,nan
137.63382536061013,126.61943220459129,0.7852921071442243,nan
108.91212994013955,177.4736415179337,0.7855087432953641,nan
137.5119056200121,223.07901863138989,0.786052733629179,nan
48.537553447271364,55.62554039379188,0.7868202431916866,nan
46.70888257284233,41.9378294797247,0.7868233597213362,nan
45.29228754452193,39.25192995213565,0.7868251305837181,nan
44.27400659108596,47.424938116254005,0.786829113908402,nan
51.51447257142808,55.49029800393713,0.7868363099212639,nan
40.0882451059442,57.62679175603927,0.786836911568402,nan
51.24390773755252,60.47662061298812,0.786837091421942,nan
36.13579025200501,46.23109484534976,0.7868375271807299,nan
44.17092755985973,52.304749711165265,0.7868384398885949,nan
44.454061968942405,38.53172006448952,0.7868856673571977,nan
53.00541916074857,45.142545516932884,0.7869007553649606,nan
46.473231743941405,49.28704641073204,0.7869258801681813,nan
46.31442972515877,48.84612682353449,0.7870502400375179,nan
46.98992619210092,53.231388861027824,0.7871419379400205,nan
40.63300106532067,41.537453115017634,0.787225440704915,nan
114.76831308525442,176.62461107692283,0.7872508068673187,nan
20.394839267547667,91.41867215573201,0.7874117396472952,nan
3.563318886933073,94.89500558350412,0.7874198128204203,nan
19.102886662075225,95.71164106939922,0.7874295109889113,nan
9.084615567342455,97.20811534402806,0.7875110845431733,nan
12.873343130650712,97.61840494155958,0.787595487579127,nan
5.618893865568697,98.73162691620827,0.7875989565160753,nan
45.99645885773839,39.12277040598177,0.7876295119318975,nan
15.12782420636419,104.97930600739521,0.7876321742033834,nan
9.122812990887512,226.32292543660984,0.7878355954952705,nan
151.24991958076774,202.09181003661976,0.7881609254484351,nan
156.51003018189553,196.7618257266429,0.788209938681216,nan
42.20653812055086,52.236863801742864,0.7882481693326568,nan
131.98146881613297,130.0065464661823,0.7883375312847136,nan
148.98473607417063,203.88935330879457,0.7883794665098645,nan
8.954041598809797,90.71229130962577,0.7884604143140009,nan
125.02793777385865,195.30743133581154,0.7884954439676112,nan
11.00523047406105,99.47454384307774,0.788603354693251,nan
164.46851854205994,154.8149353986564,0.7886152381442201,nan
175.08434391039972,156.51504474907668,0.7888247918443086,nan
170.464054137982,156.27399148076643,0.7889807227609562,nan
140.496409790571,205.06210876226592,0.7890177813185602,nan
35.130156672792566,50.101228987591355,0.7891829130116105,nan
137.61471189963473,199.69516309497095,0.7896257439176956,nan
128.7516291694915,132.20454366487425,0.7899055201021654,nan
116.60063584810877,113.57268768905884,0.7900779326494137,nan
167.80153105122778,149.90740611070976,0.7900988320505884,nan
41.21490678928529,53.09641245477253,0.7902526377350305,nan
125.1100408127736,58.807592071650745,0.7905313287390607,nan
12.738041192770455,100.5251486709438,0.7905349545052703,nan
5.873665690156535,102.02254336030734,0.7907202855353636,nan
202.1173608628555,39.163750873239216,0.790760373564371,nan
5.015267795317406,105.40285952580227,0.7908214528059591,nan
45.60261995935448,48.43377696817385,0.7910604506700893,nan
10.802256550278136,104.71914688972335,0.7922871763806334,nan
129.93503442774892,135.5422000329927,0.7923258770547436,nan
33.52012739740057,54.85853563279307,0.7923413971573116,nan
105.78151000802647,99.37279585600423,0.792649080098114,nan
38.37109475276142,56.79014866942136,0.7930157267984812,nan
91.24438342541058,228.18022677283804,0.7930845703593821,nan
125.53714515192287,51.09092456841204,0.7935123679331406,nan
47.5297534453927,49.154757070635206,0.793570275547235,nan
38.61058979570881,51.14731790915857,0.7952249623919885,nan
126.9324156290724,205.33739245101359,0.7960241777518882,nan
46.09832295190344,46.60239335257477,0.7961371033920038,nan
123.00841046002797,170.23726762740978,0.7969753384538172,nan
8.225356441820404,94.16525108980719,0.7970830939630227,nan
170.58613244844193,9.190755640472055,0.7974012735222635,nan
176.6454829889069,17.702998930759147,0.7976622415406363,nan
49.52470439723404,43.199758386455336,0.7979109020870147,nan
130.07757201192615,205.78117342626007,0.7985172768022103,nan
144.71438753804728,194.13578485198136,0.7985319349890012,nan
169.23984161713798,149.7304280992356,0.7985862932488197,nan
130.72713212347367,50.33511452900437,0.7987470748025305,nan
98.47542455689597,107.18173317829168,0.7995385462925876,nan
36.89863390935427,43.0227562255691,0.7997012823810312,nan
44.277637651755434,38.62719853382517,0.7997826366211443,nan
113.21477993500419,171.98890305005085,0.8003089393153769,nan
131.7269648621493,188.50959799387323,0.800771286510743,nan
21.202738732917798,130.92967865787458,0.8008731666385445,nan
8.677017426296201,138.8365753971058,0.8008746206342171,nan
14.448176958542422,130.00141534797385,0.8009083807989769,nan
11.528401632382108,139.35550727337167,0.800938827582309,nan
25.087550675211187,125.35014949394004,0.8010464398281429,nan
14.807202959760588,130.8423844978934,0.8011397597983766,nan
11.83351431050236,134.4873675406932,0.8011663714376327,nan
22.02632109022111,137.1891486092401,0.8013896388389685,nan
199.3120281960847,142.14263731876318,0.8014821015520888,nan
202.27441969161154,142.57062957206486,0.80148385027601,nan
203.49454204844668,144.48204394659825,0.8015568231858267,nan
116.2691970452959,158.26309845445053,0.8018292994695144,nan
126.80595036520117,152.31021362213482,0.8018293590995956,nan
127.64765815697206,146.0040886558433,0.8018691170644381,nan
190.5984661715223,146.84393163557831,0.801869744039255,nan
120.95357693852411,146.67851473354145,0.8019377760070897,nan
126.91154851222528,143.0318524860835,0.8020520875129037,nan
14.345201063397539,120.88961889653109,0.8021680125415972,nan
123.7433971705181,141.66981472342368,0.8022560841595433,nan
44.34690835126654,54.13027914122344,0.8023048766931039,nan
5.053037156501896,102.51658654727242,0.8027151761629443,nan
27.681568948039395,131.83456758236676,0.8028229293773717,nan
174.34951998497706,227.8145282107051,0.8031443402065725,nan
155.66523176094307,219.33262918282747,0.8031448799620626,nan
156.72468457226904,218.31963471817028,0.8031555157471346,nan
168.50396885954666,220.88675466938693,0.8031762010890042,nan
169.01982620239045,212.57819952084844,0.803220934224583,nan
179.18824561453428,197.72822466058153,0.8035286123721675,nan
172.2011092550087,191.28501641865108,0.8035575021112009,nan
163.83876820703517,193.07766037408825,0.8035587266140221,nan
166.19519260235867,198.13388032139034,0.8036102927113077,nan
49.725837205477816,56.1443919151455,0.8037269332292111,nan
167.18061192127806,188.60279672932302,0.8038194060500398,nan
138.45734767398514,212.01501177294324,0.8038258222526486,nan
174.9769602372432,187.60015761041004,0.8038919901030004,nan
175.46773553522632,188.02373305834243,0.8039626543122718,nan
181.84287416679547,195.02970475827303,0.804123841399698,nan
85.0378710928979,190.7467932278526,0.8041519510705303,nan
79.10288534716967,189.0002080848899,0.8041573480459746,nan
78.10046020756982,189.85343332243485,0.8041720193670129,nan
163.1636848675263,186.27685346680818,0.8043205644964088,nan
161.71315374130654,226.02391037106315,0.8045603445924334,nan
84.26292127973176,192.6383172522554,0.80481869399068,nan
178.73335040023807,184.21130694741933,0.8048832174415207,nan
84.23859599832382,183.72094252305257,0.8049821551921332,nan
151.46646631659036,224.2526630982173,0.8050461682326215,nan
194.29700093723895,136.57381812634333,0.8050542132413031,nan
173.58341520417295,191.80837962949894,0.8050853878585683,nan
81.39534832277688,193.14992223826212,0.8051104433820854,nan
171.15162177498397,222.216828480345,0.805132405279732,nan
80.27086046098653,154.45998913342348,0.8053646090709993,nan
101.66797600545307,8.067708392601231,0.805445884303151,nan
105.1681353089031,1.0657783452207725,0.8056673419725259,nan
94.42019823840455,183.13129161083913,0.8058129800152909,nan
88.69505045563898,178.276116358042,0.8058237818823866,nan
91.0096724900467,176.7128704975297,0.8058267655140592,nan
83.99302576404698,185.27866457568226,0.8058274673580741,nan
85.14979914760727,180.42457516058838,0.8058585038701234,nan
78.38114715632483,182.53100112886943,0.8058686268415245,nan
122.92974101608431,150.55124668620124,0.8059307794481202,nan
14.503572757637643,135.08275662025858,0.8059399588364666,nan
75.63170421845977,182.5661278990948,0.8060754068537983,nan
90.44361707258646,176.9566593145268,0.8062598965338772,nan
201.3203120935982,137.58289423424984,0.8062810166672884,nan
175.46257894334244,185.86935883182008,0.8062895902200365,nan
7.782337085231673,95.11384068247467,0.8065629815111638,nan
87.61837102757175,171.34375060421763,0.8065681978755268,nan
89.06057229324071,185.37541546712927,0.8068081266205309,nan
114.08562459162687,143.48515875892144,0.8070243659311448,nan
84.77630915017976,196.45125886808847,0.8072812053498303,nan
16.587419433187534,131.58194656055386,0.807480615725626,nan
111.68165707872002,86.8771240217421,0.807731168012005,nan
8.909835174700188,125.8544603315973,0.8078020569817447,nan
91.23076324643526,185.88125729266025,0.8078359345652804,nan
155.22476038778402,192.9864057262635,0.8078531302468188,nan
86.51915819872075,192.8151830572877,0.808191595760636,nan
109.15730712344568,94.00358415653827,0.8083720119998895,nan
10.581698048789976,35.6841431989121,0.8086038118369507,nan
10.538474110095377,34.10518258960559,0.8086129184755909,nan
10.201458903884413,33.6663345090461,0.8086255925493456,nan
3.020877239859884,32.83219939256568,0.8086283893848402,nan
15.729474918054928,36.06711388634526,0.8086439158377856,nan
-1.9297981163491071,46.898612538214024,0.8086493153732852,nan
17.2527538583959,27.114423365576204,0.8086752227012536,nan
4.548059150654846,43.7346938227421,0.8086860476092077,nan
15.42861560179788,31.647778543511606,0.8087718697791658,nan
14.52682239975686,88.50847660963777,0.8087893429811713,nan
6.070578533665689,30.759974924860014,0.8088117323333599,nan
2.5400613317750276,34.32643283675382,0.8088363666709307,nan
14.821484230237285,33.955616051033395,0.8088639134346666,nan
219.5682689345225,158.38894793174214,0.8089614565109897,nan
232.5431398662737,156.59283286011433,0.8089626585806179,nan
231.4042061593355,154.84069897410595,0.8089659501836669,nan
231.49127275274935,149.6736083302861,0.8089799005338643,nan
231.7065024390913,145.2187293370417,0.8089974916158879,nan
229.01829636565301,157.47122961471806,0.8090070515018911,nan
234.28012483169474,151.89797936568655,0.8090184981687518,nan
222.5204996910289,149.90355641536726,0.809021978886302,nan
232.92209226095187,148.2868661290705,0.8090228917161334,nan
231.7817509434066,135.39851223154213,0.8090924990291112,nan
227.16192730086436,160.15963028879142,0.8091048680430337,nan
223.33358323030976,149.84202753513748,0.8091553272933474,nan
222.20857945794612,157.04285001111245,0.8092414854215576,nan
203.10021217003242,137.23729426259172,0.8092785383505502,nan
50.679742387855754,42.97653923727868,0.8093704419565615,nan
224.81819437679172,158.9803747966835,0.8093854013620336,nan
44.88350929337016,52.912097550703834,0.8093991226341822,nan
231.14241866152864,145.72350507937145,0.8094205704824562,nan
9.026834151274429,129.82185604914,0.8094602279621642,nan
223.7942008449188,157.89209270822437,0.8094982566479539,nan
213.93600026664234,158.10592681900644,0.8096917854531182,nan
89.3646333775471,188.9338244107638,0.8099142241588968,nan
170.6463406750609,176.13540716909492,0.8099824931595467,nan
218.89966455310676,137.0903330251326,0.8102015282334514,nan
124.70997096007481,135.7255235283615,0.8102237212748377,nan
114.562786832664,87.43443342425748,0.8108259402789886,nan
19.905823554562385,133.38189969907614,0.8108470943991009,nan
96.55302129963164,-5.448841209362743,0.8111293111314472,nan
129.43187721390214,133.14031001830574,0.8111367248654916,nan
236.30949132500768,146.63381455992587,0.8116679763754643,nan
14.282478968552809,28.845836231227615,0.8121030357618966,nan
15.152711797408916,50.720535158518224,0.8125466642022898,nan
172.4575966780578,57.79372221767606,0.8126578230097645,nan
181.05047702881663,57.85156355277703,0.8126684146571123,nan
184.04760699150313,65.09546313694837,0.8126850707168891,nan
171.324729200379,63.43580526886195,0.8126943072569134,nan
18.93341795178247,131.35954362872343,0.8126947336671884,nan
183.19291010541764,67.00176457183758,0.8127180434758388,nan
177.6828456512865,60.26945136725759,0.812773453863641,nan
0.9898854288674005,43.043374267853004,0.8127877270985517,nan
4.343095685501677,43.29153249682077,0.8128777169208337,nan
175.8336088556223,58.99948075609088,0.8129137511967266,nan
231.91037721284266,159.67207461893136,0.8132385557134063,nan
83.16261352689763,184.87901039113655,0.8133241811039023,nan
177.32790731450146,55.80455313486233,0.813326130801671,nan
167.62442438278265,225.74657292605016,0.813406439488922,nan
118.01865161068321,144.55925562136622,0.8138339704791802,nan
178.48464017089654,58.77304190513706,0.814120730123709,nan
9.960255525452213,39.24805893161534,0.8141542692929019,nan
127.04237487788866,130.5028844835392,0.8145571982572439,nan
93.38584446153824,180.24703693554864,0.8147748628995009,nan
236.52181958627583,160.25115074334786,0.81536402153092,nan
8.211923353201813,127.17284589839346,0.8154404645178676,nan
7.680281928452747,40.39192950055613,0.8154618849995668,nan
182.40695946271265,190.44688122537144,0.8155814070800549,nan
95.84055450919891,181.94474343285898,0.8155894693989937,nan
170.21960411439298,192.81991048157755,0.8156305572108915,nan
159.94391312680315,191.27244490619447,0.815813381064449,nan
190.3423514325451,150.8673233190739,0.8158235833716998,nan
106.02507612407476,1.7318348593712949,0.8159364964700551,nan
169.10702852002646,188.42305056824046,0.8159825322275136,nan
177.6662487131118,196.56459656486905,0.8162155666440073,nan
107.92975843971928,7.0491367720761335,0.8165579844521744,nan
162.2626410016622,183.52274448260474,0.8168478208628096,nan
16.89300613501,100.72572567283456,0.8170222365595888,nan
225.80954536520215,64.22980076658966,0.817023781324576,nan
221.76796828878133,53.14851007859697,0.8171792334019088,nan
220.0771434922548,51.81332344178514,0.8172640938537499,nan
114.97603650380881,23.511599941410765,0.8176469131822321,nan
115.21764435397074,27.829452021363092,0.8177290949703343,nan
178.87498242250027,59.83406057994611,0.8179899400981139,nan
3.0724704686609257,41.42988873341763,0.818049718037485,nan
106.64270463129752,95.66674338524949,0.8181372433148504,nan
39.987666371903714,52.98776245974772,0.8185058055565071,nan
24.92780815346491,129.68878427331558,0.818561346894139,nan
122.40108824550883,-6.096792480927513,0.8186178312812199,nan
223.45204816626716,50.74363896156898,0.8188612686450234,nan
120.20963425853252,146.36439369834565,0.8191807327393779,nan
9.457216953229274,31.258290602781468,0.8194373183735133,nan
17.969212739040895,34.70358613438214,0.8198124378991357,nan
245.0687408147833,103.37131414818963,0.8202679455572504,nan
162.48189093823538,224.33015939680774,0.8202935674315645,nan
233.10821424019315,53.07901523596215,0.8204568966401243,nan
237.10418202303592,152.13404818583373,0.8205890027708213,nan
42.43876768702051,47.33963047393186,0.8206802169292557,nan
225.3361262381819,153.66399367225682,0.8208837204389031,nan
107.52293194870455,90.37674352107878,0.8209119093445291,nan
102.27300903210516,93.18399867611667,0.8211394262174525,nan
6.858445257803808,39.798523017096514,0.8219862542486109,nan
173.85354863309587,173.91879258982934,0.8223975371372643,nan
46.6876695099005,48.30792001711798,0.8226535302410628,nan
137.60154829306185,172.13332731429048,0.8235670997907374,nan
135.27655084391907,182.151456133065,0.8236340606821632,nan
132.6927240297553,183.18798568821296,0.8236979205236785,nan
138.43208680229498,181.60468145439216,0.8237663212507487,nan
129.0673154627279,183.43934708709673,0.8238276661229932,nan
136.91503642958162,172.21104058512407,0.8239996892568039,nan
19.376131876413787,151.96464128120996,0.8240935214653029,nan
96.96901472250632,191.49088497127312,0.8241419640591687,nan
103.39320136025192,204.3561209228312,0.8241736625779733,nan
91.4249889081778,202.59981616193085,0.8242351512312541,nan
133.28468685658126,167.90883400405966,0.8243126264431777,nan
111.29513165595823,21.721416096350595,0.8244872962491403,nan
165.34127506014337,213.8655949493022,0.8247839465919408,nan
243.51606405642315,102.49156490775223,0.8253204872911623,nan
248.80085641328088,114.80858760715344,0.8256244274768082,nan
106.08414589037392,203.9955553066315,0.8258247641937234,nan
13.926845958393171,105.37296931261588,0.8261871836048307,nan
13.561213342261288,40.37349922774737,0.8264161630414641,nan
15.804617069196693,52.431887071759775,0.8265450448218787,nan
170.62243389741573,188.16956469124807,0.8265824385920485,nan
113.25927827329683,32.42456726958174,0.8270636267929925,nan
202.1537208805377,240.178931799692,0.8278294359212288,nan
189.97311904478738,234.50257520484433,0.8278532349693744,nan
207.61154910487147,233.7028107147552,0.8278680074747438,nan
101.21836411469873,3.896999745378264,0.8278965152782141,nan
194.76533110348385,232.36933970964233,0.8279615428207016,nan
258.12690160800906,9.745571863129548,0.8280262557203656,nan
254.0560516471195,9.2725810596006,0.8280290365886117,nan
257.89170755916496,4.471254079197774,0.8280331653919851,nan
37.07077425899924,119.47167573157236,0.82804930018086,nan
247.75444985364786,13.565630870533434,0.8280584436290793,nan
201.3798928294514,236.60802037495407,0.8280801517850422,nan
39.42398134639096,128.44798648389266,0.8281021176038145,nan
252.15759357036845,11.900661053238508,0.8281737280815548,nan
257.1015738166012,19.07447305139326,0.8281781921764084,nan
256.83703540415837,23.04530496643626,0.828313910478711,nan
119.88549677761684,154.55581759938755,0.8283189524377563,nan
250.4720809696841,13.324909483065252,0.8289932144261182,nan
219.21834804077082,58.982640114289765,0.8291358151693543,nan
197.70540095972447,148.769875736088,0.8293698946130151,nan
172.0964376840417,132.5633385274068,0.8296181395295386,nan
172.93133182909477,136.45802175752144,0.8296231316145952,nan
170.95118655274354,141.30898021227236,0.8296348934082026,nan
185.48794169376242,127.21595315251155,0.8296856966206461,nan
249.06779062356125,10.541190969566234,0.8296880335027462,nan
177.58759798029897,134.2405065847039,0.8298325062900619,nan
79.45717525062823,194.657615015408,0.8299853774836456,nan
167.78462393088085,136.96376569207027,0.8302826486953768,nan
16.885680085667854,161.1229870115672,0.8303925983174542,nan
29.28202200636823,154.9072144320932,0.830399646928661,nan
33.40285381332232,155.3269608127938,0.8304048659482192,nan
31.41974183860504,165.64637364192583,0.8304098754108304,nan
17.303702101738377,156.70214796681265,0.8304130952588856,nan
30.066013710515662,172.3570468684424,0.8304216808147593,nan
23.289413142786326,167.79957806548614,0.8304224100585184,nan
20.5386054408948,168.23867110295006,0.8304248480905313,nan
28.075499755577084,163.80740170076942,0.8304710583505249,nan
16.274032413948753,162.41042177962336,0.8304762159864987,nan
31.904070560285433,167.14409930421897,0.8309046301524955,nan
207.72033766505413,235.42755186889724,0.8311054906802013,nan
171.55476857211644,56.391057540102004,0.8314238346326364,nan
23.99467126127317,162.47817173242362,0.8315403259473493,nan
166.40980314297,150.00172706122024,0.8317621249508854,nan
20.9387750851637,163.04953765887055,0.8317637090250349,nan
158.13433933643378,149.21011435504533,0.8318478457442333,nan
147.3532751693791,200.20245520722924,0.8321434585855856,nan
30.86597219604297,169.61871631441008,0.8324903703770021,nan
12.908988960726818,162.23619423963314,0.8325229860517281,nan
232.0251680920753,141.93538524861626,0.832642950101086,nan
153.17983040532278,142.40965370623184,0.8326729158510568,nan
159.42050916395468,150.6707472118652,0.8327156573775227,nan
177.83135338272945,130.99501291596732,0.8331983528856111,nan
22.769729760992146,127.03624810318058,0.8333623290246766,nan
139.46887452805694,59.54560471381075,0.8339112229671011,nan
150.55659438108864,61.298322589118335,0.8339401382923369,nan
138.13658362630946,55.76375222569542,0.8339403202789755,nan
148.08667349837967,53.09188471211296,0.8339534643943508,nan
140.37435957834472,57.37849677119724,0.8339641447666175,nan
143.00184838898497,60.258594394179276,0.8339775473269495,nan
137.84435280413746,65.31861586720633,0.833984041663641,nan
137.2826316859991,52.5649833436112,0.834045816035725,nan
145.42564276163463,75.55448752373279,0.8342263049566105,nan
151.9413614321787,59.52174675017051,0.8343603493707327,nan
137.59549669409174,60.45793882760981,0.8343848200966579,nan
139.73450826480047,67.28884914714175,0.8343867775612087,nan
147.438844376097,63.60543069540679,0.8346672501588351,nan
35.13043859113505,38.411921184664564,0.8347224237295555,nan
30.166848676553766,40.42614216356373,0.834726539188672,nan
28.169496545829567,25.677792468715378,0.8347404927056497,nan
26.892319826495502,40.97109484047773,0.8347441020834869,nan
21.264803171508177,36.20417306544071,0.8347630287821988,nan
24.53509476762901,43.58665704718017,0.8348060992500634,nan
27.155746465425473,33.23629290936181,0.83483910790023,nan
18.05582962121196,34.15042803436539,0.8349952585979816,nan
28.374059160912285,33.56779785907009,0.8350072182283157,nan
30.59720325011631,28.146830772271436,0.8350121774346828,nan
36.71269269796108,31.738378221525565,0.8350405257470168,nan
145.62934150596317,40.43561226223035,0.8352153360935811,nan
38.47598143365236,120.26127158118301,0.8355299528124767,nan
186.83413500767472,226.90844951272686,0.8358005679414883,nan
138.16152785395988,163.55734822206847,0.8358105419580352,nan
197.64102410293322,143.46820886629857,0.836192586540964,nan
99.70269366883156,200.10437683012717,0.8363340243654649,nan
111.34292496183774,189.89664512168318,0.8364084103682157,nan
35.006600652447915,163.11449924046477,0.8365877999595595,nan
259.29495782603834,13.74971736232302,0.8366805577501261,nan
133.97744817751516,66.6896440629818,0.8366899973215177,nan
169.57894704208036,138.62428026693289,0.8370445261400524,nan
247.61905559449,16.991112167391698,0.8370647541792109,nan
252.4882738823393,6.880487904919497,0.8371995747862302,nan
250.7826681431906,20.293847657444765,0.8372994929763249,nan
148.45846328150296,37.9254152181419,0.837330036024329,nan
184.3304765545627,137.76287359799008,0.837337043185641,nan
168.2540102399851,152.4567170987612,0.8374422491743784,nan
166.8625979081067,185.95794633924046,0.8375190005183081,nan
257.17291288457454,16.17053559647154,0.8377006594097738,nan
25.05709303887121,35.14054595840714,0.838222461413678,nan
22.19996186754154,155.25355751062577,0.8386089856539275,nan
160.45377265839963,68.25304187922765,0.8386106028320871,nan
80.3831001405338,158.1757973551424,0.8386891961789362,nan
117.4935656145124,1.157006460670526,0.8388804163726624,nan
105.0782232140801,19.669770776658428,0.8388960217064156,nan
112.76698280768633,23.531412611452048,0.8389685822737929,nan
102.13684011357243,201.46811105111843,0.8391311309600501,nan
149.9345322196478,199.1448526381943,0.8394016403934196,nan
4.9570182932131965,102.1885170144064,0.8394417847985979,nan
15.067214152145244,166.30678518438128,0.8398220676215573,nan
164.47536172963822,152.83670017168987,0.839953021249385,nan
28.813870083925845,172.82753399078743,0.8399934225145832,nan
135.83639520509604,43.661144325617215,0.8404815817852659,nan
141.67456515895955,36.60713357506204,0.840499128104435,nan
144.8433729989231,36.570098135454934,0.8405114782452123,nan
110.13764168330097,21.96776626943946,0.840527422916991,nan
137.0722479696261,29.18151355045009,0.8405585682840468,nan
138.76625599098128,37.76432688563496,0.8405862617102178,nan
144.11712657020874,66.71046875808949,0.8406074662119682,nan
146.98746403038024,33.57136098042212,0.840664267487115,nan
114.80810336621245,19.684362712159942,0.8406813034399233,nan
25.243192360093634,234.50315309208398,0.8407349771695957,nan
21.042532782090724,233.8807198021261,0.8408082521371976,nan
21.262328145789905,226.4780442268407,0.8408341551784042,nan
144.53635639471284,43.79490142358666,0.8408490864277703,nan
18.301713014005628,229.10138102786487,0.8408706761077104,nan
27.22180422589315,235.65117740818667,0.8408964851557559,nan
30.141554516150617,220.16395487580928,0.8409448337960643,nan
149.57458961946062,145.18157179587985,0.8413079590020337,nan
21.276879018411936,234.07816806591808,0.8414073791033502,nan
257.8723301974566,14.367703957459527,0.8415719910876466,nan
193.17018141760244,67.36627238490938,0.8415876342697266,nan
193.6427687237752,58.27042985831794,0.8415978244274096,nan
197.7060830763004,60.79516711305456,0.8416057428550053,nan
200.35677956237785,52.08906444202122,0.8416163856931572,nan
199.19657088739098,58.928096920459474,0.8416240782653144,nan
206.5084072009673,65.78429817443534,0.8416490030634335,nan
198.46060766955284,66.83095619132595,0.841656936718725,nan
201.19668785838235,62.16932639446267,0.8417789183726538,nan
193.3327109416798,229.29862170843424,0.8417835430642149,nan
29.54247826123946,233.22720627562975,0.841791332427912,nan
132.6031289786997,175.91747275960657,0.8419493820182866,nan
148.72812529868548,62.91162700835351,0.8419940500866441,nan
234.84937324897294,105.16747354171473,0.842084230052315,nan
139.11315388070753,36.15130292884923,0.8422596001316945,nan
140.28866419218062,60.77696549422577,0.8422726207219716,nan
24.226920819469857,38.44382349072844,0.8422776728354152,nan
200.58006281972916,57.79015962851144,0.8423834111636723,nan
154.9369905258481,56.35612792385037,0.8425397718478163,nan
145.2908314067104,24.24630735144578,0.8426150038878866,nan
25.324614603443802,170.36048697022932,0.8427261523146985,nan
113.05365624758295,10.87233489040256,0.8430484207271658,nan
147.17554750828768,41.84419484443232,0.8432243563749501,nan
194.6677816065191,56.93325403600827,0.8433694820956639,nan
154.53517314384268,37.37924791124584,0.8435996770847921,nan
241.1431606940461,97.57077052718047,0.8439481227832124,nan
177.06707992106467,60.616975669983596,0.8440879190149407,nan
112.96584269696183,96.35513799956412,0.8446638214443687,nan
112.58356165984155,13.783805354454467,0.8446989571749927,nan
148.98046103190825,59.512785215692254,0.8452617843434427,nan
22.58612889895576,40.08272085433996,0.8457024487975153,nan
144.44868262192355,53.77617911361471,0.8461985421523069,nan
191.27455219410066,237.8266300857496,0.8465599607357408,nan
85.82150498366849,72.6947016193133,0.8468149149105754,nan
88.74409715680177,80.66893812315521,0.8468437726850826,nan
79.73550101544002,83.20469015551221,0.8469585702169719,nan
153.61336318427763,50.16861485911588,0.8469984026022155,nan
13.68832219438858,136.0480705845123,0.847054143791786,nan
0.9042145669955037,209.57472753119572,0.8476344395819373,nan
144.93773905582108,33.69051346383228,0.8476632037675935,nan
165.54327959676368,227.4675672202707,0.8479523731684441,nan
-14.452157634462797,219.48346014413426,0.8480687913877152,nan
150.34369019850217,42.49310724255989,0.8485354310853065,nan
30.083095054995773,35.88730782768004,0.8487818419767593,nan
-4.862904795600573,218.3429882430018,0.8491475519266767,nan
143.83159846239136,61.91458444780823,0.8493762065898613,nan
199.33366242334517,148.04757961240287,0.8496084767115256,nan
209.29810177668136,24.017039994952743,0.8496155137866422,nan
198.2698716611093,8.535781011961568,0.849640761696836,nan
212.81683840168225,15.662575756557763,0.8496688005631,nan
203.74218730223052,13.829724084280585,0.8496748186281992,nan
203.5181121899598,20.755190148587594,0.8497040215777387,nan
92.88926081944587,69.47921935524045,0.8497148957703473,nan
195.29377239905932,29.14306196606861,0.8497709612970655,nan
202.09039141100598,18.760867241610587,0.8498075156498085,nan
206.30063826944732,14.01276402861408,0.8498164457928983,nan
203.96251444140654,16.231096430730435,0.8503272677997755,nan
1.7390780907179122,214.80447960750485,0.8505655934727856,nan
141.7643304504234,29.92553484064755,0.8505937688254215,nan
160.88451691143996,140.62096513540519,0.8507711908175537,nan
144.00094579680007,34.94612966330487,0.8509300053697755,nan
102.95333342426873,187.66375864534433,0.8516031365490975,nan
7.572684413311773,210.92319150618465,0.851616232552572,nan
203.95027430129775,12.273957741705521,0.8517511863140499,nan
33.452444986836255,123.79463905343954,0.8519741521814027,nan
138.03283100143702,63.41185320952259,0.8521491667445575,nan
10.008903181494441,240.4932060323632,0.8524126413209029,nan
5.946685253380015,245.96567920701744,0.8524384286632387,nan
12.39144081981142,245.72092309356418,0.8524501349003336,nan
15.253448873863693,249.01434944490714,0.8524834973407617,nan
-2.3875320115556686,251.94944568488484,0.8525680333207921,nan
200.5918142221819,56.10992993691492,0.8525990103445437,nan
29.0935889838992,42.72391575088517,0.8529550191207569,nan
196.12678616482506,36.93514120131539,0.8529728436662495,nan
203.67332755317483,36.99259136389854,0.8530154306616777,nan
199.45003455854368,43.27590736090103,0.8531330067967735,nan
257.6515951756164,9.439572455140048,0.8532153892427481,nan
190.68730619058655,38.86776913166735,0.8533999642005808,nan
151.1973173740556,67.40575388375676,0.8534111359322166,nan
189.63156030207958,91.37941550414212,0.8534909886526165,nan
90.35394197137472,93.20219297929069,0.8535260240076212,nan
182.781527229982,95.08977905681068,0.8535465735658018,nan
1.4833227616817097,256.01102515269423,0.8535655131108744,nan
188.85971097328363,92.64493196129999,0.8535895242442342,nan
199.67087450225677,35.603479817225825,0.8544331244583007,nan
136.32291837785002,37.645348822627405,0.8544605781136667,nan
56.20802377740589,81.87425533228284,0.85456397045252,nan
58.06957502976126,70.89391733061692,0.8545754107564194,nan
193.00624256243972,95.73640462337701,0.8546009074666314,nan
106.95690537247232,8.415198987954598,0.8546363117697977,nan
18.76408230717167,231.5296528459277,0.8547223906886807,nan
15.487638747681007,138.61792485379576,0.8547607430682453,nan
73.69951031209914,65.86340747733152,0.8548723859945269,nan
58.53312368189915,73.56394274447662,0.8549241484054086,nan
75.18072778757487,79.20765677722066,0.8550377937052205,nan
152.67345884543803,42.5803646295428,0.8554566892708773,nan
154.41465458267493,148.79400894638377,0.8557869956832828,nan
5.788087107540311,252.0494957131578,0.8558572601177065,nan
-6.556453827694344,243.5020000628989,0.8561442690891461,nan
105.26143993062269,17.87285266153638,0.8565450636113349,nan
186.6494667461989,238.52562242461923,0.8576717840753306,nan
155.1681776295182,177.55147152342047,0.8576966960474427,nan
192.61668804869626,230.35129337006293,0.8577037728256062,nan
200.39038893718197,244.24525007129787,0.8577073886212667,nan
151.03346322974866,171.28271462090493,0.8577159149856366,nan
148.87488405375456,170.2993079522499,0.857717192067919,nan
155.81519513440892,173.61380158328694,0.8577211911445681,nan
190.1968320546111,240.29348730495724,0.8577280612015417,nan
152.8896862453093,171.94657008250053,0.8577489908353045,nan
188.481093111277,244.51489163154253,0.8577838581375279,nan
193.56822096726106,231.82272726150487,0.8578061818189117,nan
161.44137861954118,179.35292377188927,0.8578223546287702,nan
158.03307127353736,173.9062499497551,0.8578310136620215,nan
195.40807587581614,247.946872107957,0.8579486445497937,nan
179.00572350163785,235.03355651838862,0.857970423746808,nan
161.29523415606678,169.52683218432404,0.8579923420655836,nan
205.1797782719214,41.527006381190944,0.8580639139231551,nan
216.40670887810046,54.554341412454654,0.8580682044415286,nan
212.1396937593164,39.967151176052035,0.8580692480788217,nan
161.87096755525477,173.04545566416908,0.8580860642841573,nan
221.09682313519346,44.87440111100287,0.8581207864751045,nan
221.32800935010087,42.2125069369181,0.8582015146064202,nan
225.3994339197935,46.73514583066763,0.8582302504890931,nan
214.0112547247418,38.11895509556214,0.8584115517065074,nan
199.14178783867754,229.89800162349226,0.8584795464479885,nan
188.36861018694216,229.35743458875086,0.8586583388643686,nan
20.149177897538696,159.71748486619057,0.858662515500242,nan
149.91980281380233,39.66897540856394,0.8586756548545121,nan
245.365260048536,114.38279936498729,0.8590017485927279,nan
118.08819562243643,3.324632881795058,0.8592209368891298,nan
139.74406087839984,65.03627278852099,0.8593317995181544,nan
213.580784594772,33.95300845100477,0.8594811105054144,nan
159.53113149181837,87.22190255066228,0.859482235327455,nan
166.84499087376258,86.74719794972087,0.8594866833329569,nan
164.99714354371037,86.65140390236517,0.8594931458805637,nan
22.765351081790545,140.7658413846999,0.8595412432545455,nan
31.253746960125145,144.58633624127705,0.8595542386036199,nan
25.285472102053454,130.40618038456083,0.859556168066275,nan
163.00578707310018,83.29837916878036,0.8595620296421576,nan
26.352718677216217,136.85121874574966,0.8595895961231307,nan
25.546042546668158,140.32079981707398,0.8596163623391329,nan
24.809016723437814,139.2681541580089,0.8596231805854158,nan
24.03468974874944,119.44894181608156,0.8596469561345235,nan
28.09345241185332,148.9263639046427,0.8596669040685843,nan
64.0551158982239,74.9874419571737,0.8596774897279523,nan
27.672629232560936,139.1684495681339,0.859770274681672,nan
28.700300714908206,131.04058605511327,0.8597752547927344,nan
125.51164378933109,139.96038364282458,0.8598050300502835,nan
28.390371759642225,140.68057618423023,0.8600974735043471,nan
20.343014908049746,137.67772267303732,0.8601363326207485,nan
20.191055416731228,133.48668181888092,0.860406603468147,nan
170.52862523558866,89.74488731079894,0.8604186432542164,nan
27.96600687144483,134.54174002572833,0.8605088663986316,nan
161.57449732017716,92.17000149301457,0.8609312245497837,nan
157.5178030559728,135.7893371384669,0.8609565058582412,nan
191.72604372025953,44.201226462082346,0.8609890365411377,nan
23.941235759368524,135.02014512940036,0.8610625694382457,nan
115.53968998736741,11.692493353988107,0.8612240946107454,nan
213.28372698651864,42.13820207178286,0.8615271986365274,nan
117.24367137865194,201.0134295649238,0.8618162637539895,nan
148.93379797930422,179.50845140761643,0.8626604623418145,nan
233.65416818555408,106.97469566270793,0.8628019683493174,nan
144.81463091183048,28.111700417677664,0.8628661722498999,nan
151.56929504188938,41.19377601142179,0.8630517158106835,nan
113.66609470547486,12.700954476001046,0.8630850070604188,nan
201.08568060071232,36.62985420062835,0.8630999120974925,nan
123.16768809757274,184.53048126243652,0.8633176132556746,nan
22.714554490774844,132.0003811951738,0.8634736047518884,nan
172.58768776515112,96.09551165948977,0.8636263454683715,nan
162.44004810057737,168.0680446162059,0.8637406356300186,nan
111.09962933352072,8.310244033127711,0.8645843320047298,nan
155.11780484241004,178.96321881900917,0.8649346090342566,nan
146.69165169497538,176.62527223035448,0.8652738171012877,nan
87.73243731498643,83.19880587936565,0.8653392591830025,nan
27.0446266105152,138.79595580921716,0.8659018767994755,nan
110.89683089732236,15.85421683157741,0.8660056431370644,nan
54.16900561923367,69.71383809727003,0.8660700973542272,nan
193.978227182044,226.83332446642345,0.8663914083648326,nan
218.0763367376121,234.95878479785407,0.8665542865314886,nan
213.9437058430173,232.4501426712221,0.8665756583450054,nan
158.00625459605925,179.42742488957987,0.8667931646588978,nan
251.17856770570833,183.9566426106313,0.8669010542829491,nan
255.2751607415255,187.08266075093118,0.8669020793011043,nan
262.20198631793835,190.90833532505815,0.8669071902296568,nan
246.69080114261487,191.2174661420685,0.866909693989198,nan
256.7381033264084,188.88050516649736,0.86693588840743,nan
256.91500031506695,188.79103104854318,0.8669361989455474,nan
253.28628421463003,187.1459234801742,0.8669613201335752,nan
253.8585514422559,188.7920108268923,0.866971522773751,nan
251.6991145355468,186.87866977493596,0.866975199490055,nan
260.1731329212943,192.39158641613255,0.8670062797139451,nan
244.8253071337929,183.75076835896354,0.8670232158277901,nan
219.90240131090027,165.46954054407442,0.8673453385616735,nan
118.8725415486422,177.33594355819014,0.8673646483836407,nan
111.21984553436619,190.66589164989412,0.8673801101497735,nan
110.26491065489256,178.9959683542121,0.8673893862651559,nan
123.41301487732854,188.3548903181063,0.867390282186074,nan
149.13386815946728,60.170169405738925,0.8674034416306832,nan
106.55738635991891,183.70367319435513,0.8674335152494284,nan
108.48511762654198,187.63276099880812,0.8674603223811903,nan
158.76268621554462,159.9992687971347,0.8675759386597884,nan
109.1013853654111,173.42613717931567,0.8675842616686827,nan
116.80761911050465,191.74936777661387,0.867597893186047,nan
117.55347260141689,186.59484733864034,0.8676431168185847,nan
100.0433650752811,186.11278661435034,0.8681324378115485,nan
108.93092388868408,177.659696904651,0.8682564615551069,nan
208.85063652486093,46.24754962862604,0.8686769863651796,nan
256.9166547380933,183.9336798726801,0.8687850499376603,nan
142.70085195923082,42.56641820428911,0.8689099236517617,nan
250.98879041201593,186.84995134181634,0.8694981659722018,nan
155.56075775411978,177.48174856831153,0.8696951943735923,nan
111.81065938716881,178.46593360628805,0.8697500453026884,nan
161.51058996634956,66.2662819565744,0.8697813907269631,nan
208.5056071700025,53.28917048307818,0.8698324030103862,nan
160.04552493622657,91.81822159897234,0.870046998415557,nan
215.18558758426468,51.87407174549821,0.870881310643569,nan
34.46556985189917,145.39657436515117,0.871136763460984,nan
166.9824077760393,90.21837931616055,0.8717631555095071,nan
251.97284345103415,184.00914771038896,0.8719863537650602,nan
114.2532512540083,183.54337494649863,0.8720133215092232,nan
167.82784117438766,86.10877016496327,0.8726496267320812,nan
1.6890200712623673,175.9760212882874,0.8729328685837606,nan
179.37815255636556,98.84125852668652,0.8731649498318723,nan
9.873279891940854,15.904577562977636,0.8732173053956793,nan
1.6791164692363028,20.90925112833783,0.8733130551320999,nan
123.16574270868324,184.15389538266666,0.8735395773145611,nan
96.5225596396111,182.95800952468232,0.873951078292388,nan
-0.8743056742854746,246.9100409674904,0.8741068909602517,nan
103.91165944346602,184.7609484664755,0.8743035727566216,nan
7.728044008447906,8.985661404524448,0.8744078500771093,nan
92.28240981754044,81.59052752768852,0.8744293299199067,nan
119.24707989502639,179.3154944596151,0.8745125541654648,nan
258.1605895260553,191.12842937703482,0.874541776443916,nan
20.21342772499013,46.185652622840514,0.8748567214943948,nan
159.18366612503286,141.9075106848178,0.8751063367521678,nan
204.954983237199,39.36330333052458,0.875259335260492,nan
143.32892204678765,65.91931715707207,0.8753597927592349,nan
112.03386823355264,179.36885010248741,0.8753742377201431,nan
171.0668646345349,95.73923767482032,0.8755046483411261,nan
180.96529471630737,63.963786225746475,0.8756879008239024,nan
183.60448606023576,94.9678927044239,0.8765398221923013,nan
56.373487562328705,68.59344456113574,0.8766722325037787,nan
159.11887645631344,95.0837950434889,0.8769955499064268,nan
155.01568976738662,168.29610648648872,0.8771929394559705,nan
257.05798267158207,190.0931008639759,0.8772407220959569,nan
158.03696553982584,175.41192793283128,0.8772942231551433,nan
32.22235131240295,132.69121439285738,0.8777107343970127,nan
162.64891782177327,164.272965620418,0.8782969397998914,nan
8.820381352652362,258.8996581526909,0.8783313370594062,nan
106.75617099855326,127.14380679138466,0.8786814219877123,nan
99.27582397169995,132.79033247166984,0.8786847157478908,nan
86.85976163355775,126.4773165888881,0.8786885342302527,nan
161.3380949652791,176.36660428587027,0.8786889712772162,nan
95.33203167523678,116.71404644940469,0.878693782350847,nan
87.43009128691789,127.44660778974924,0.8786960455450449,nan
100.99489227336659,123.80720245040257,0.8787540237281425,nan
96.91314323727696,116.86846670604999,0.8787625469974443,nan
103.06052757446227,119.96422992922388,0.8788166383848649,nan
165.85934501431106,143.67194272017335,0.8788258387983543,nan
97.7303731449582,130.15288845219087,0.8788397567833908,nan
96.18782560800356,127.41056061249091,0.8788572625041853,nan
94.62097618933846,114.15672520426148,0.8788582693944056,nan
104.66989285607274,119.64706504850226,0.8789193413572296,nan
257.0209680433689,189.93108328800437,0.8790068492653763,nan
94.66699666843182,110.60842387709653,0.879023220560068,nan
124.31856407155921,193.1371166668027,0.8791162834681012,nan
219.07506773281898,48.66707626796344,0.8791973436467715,nan
106.5923267653378,182.29801119643304,0.8792858818223028,nan
99.65260196329093,117.50276100951076,0.879464411706279,nan
87.17535250049055,117.77080329634744,0.8795402990292954,nan
250.60773594447423,150.5636769372486,0.8795787113824467,nan
251.55092189723183,159.58060433269793,0.8795800540666595,nan
243.676346510692,155.2703373766717,0.8795854473335842,nan
247.1892289725225,139.3550851975823,0.8795899746728244,nan
240.14939689197794,144.7202912590927,0.879594564145606,nan
241.72432894386128,146.44119535841858,0.8796128533693262,nan
251.86691660258367,153.07730133100276,0.87963376759514,nan
174.60937676277365,89.87906143189687,0.8796341693832851,nan
247.07479810848048,146.42889474322197,0.879723987187487,nan
239.65552537670914,153.60092149399156,0.8797348596389301,nan
241.54631786912165,152.60791212450027,0.8797560337663926,nan
241.76833482258692,150.1145946458721,0.8798250681564977,nan
255.4993659034515,151.45037270058685,0.8798583348675073,nan
195.0295628809407,232.5202407202072,0.879865560181008,nan
252.59358911724,154.33322946564635,0.8798828532596049,nan
43.876588648944946,180.426863557925,0.8798836157633031,nan
240.08279540006706,156.26427656658666,0.879968928893381,nan
41.74892099055611,164.34277451278217,0.8799913356259386,nan
42.56280686592412,176.5985553156938,0.8800515616960909,nan
169.32196754677878,132.45910256021037,0.8801054370517892,nan
40.54356308771572,179.955734558497,0.8801157605487542,nan
247.49941994503084,146.08197941959597,0.8801262744375713,nan
229.99760588364757,144.61242412484776,0.8809774031012095,nan
217.26501663299626,45.18802915879878,0.8813570748690972,nan
39.07504492304303,185.665199012678,0.8817840356962929,nan
6.426152892737349,187.67493227212702,0.8818853166345146,nan
184.72678971104435,40.22595524909597,0.882561229243103,nan
198.5259741227317,38.187208459266564,0.8825833286351853,nan
194.24544066712505,43.312434464419184,0.8826449086928396,nan
247.13867749421425,152.3903650133678,0.882665655557821,nan
195.47753389487954,33.90462703753179,0.8827215507199045,nan
98.24454712539179,120.04088995205647,0.8827272418648426,nan
192.41596061453572,38.210289128593026,0.8827859138248667,nan
164.71451933706874,97.40204128747489,0.8827889863525411,nan
15.640640470012304,9.317289848818916,0.883616265788166,nan
165.3954834745198,91.12237110771115,0.8838813446700131,nan
169.7434621286969,27.243685896314396,0.8845000180958823,nan
172.06340559680908,16.114413256386456,0.8845085075241392,nan
171.6186294143217,28.306115972197706,0.8845298727514399,nan
160.83370138322312,24.650535229398308,0.8845909600306947,nan
195.64985112597284,247.42589216362043,0.8850654253281591,nan
159.6694406474227,15.233643848684281,0.8854367081781075,nan
245.88873104321175,145.04438792195796,0.8854391378763683,nan
107.31630576369113,119.37445362039996,0.8857353249038931,nan
165.1732088018108,86.7282752276418,0.8857793910150167,nan
201.1054176934417,40.87715562087933,0.8858550503589626,nan
186.97499725306645,39.51421337823223,0.8860300545747732,nan
185.12737788427776,66.15636752952433,0.8862673578362714,nan
186.4931733433016,58.94523702103439,0.8863423677428578,nan
72.77784099433093,78.74916293595936,0.8863536440589463,nan
200.06976513926995,38.75727205002527,0.8863661425544597,nan
44.18216536404257,176.03411357152396,0.8867743892795992,nan
5.614794032208174,9.654697213261358,0.886794385784011,nan
167.37981908497787,28.476781589689143,0.8868449461436511,nan
93.42120696255759,121.86073642633579,0.8868696487630006,nan
138.68757224541494,27.22562519845073,0.8869208083177247,nan
167.13392527542666,30.109373209344305,0.8871876634188882,nan
7.379263939498176,42.01921176437644,0.887611228815632,nan
107.36770002961381,175.68854832806105,0.8877243521402668,nan
212.22963590624008,171.5907848627599,0.8884152298834445,nan
132.4002670359849,46.450826364038086,0.8886017556153438,nan
137.3852500349115,49.58725649528037,0.8886172535185475,nan
134.70788580015008,60.02676837711523,0.8888064934847091,nan
97.51374642241517,126.60448419337237,0.8889523467464132,nan
143.27242089442555,58.018534772408536,0.8889728940555672,nan
42.51591916347897,173.49851014308157,0.8891170438884481,nan
153.3084082063281,149.69924592744567,0.8892721672383385,nan
95.92914996313493,127.14327340024651,0.8895703150619638,nan
51.39058377923428,181.48762616940877,0.8899799590766644,nan
173.011650972882,26.706127078230327,0.8900820943828168,nan
220.26291511361802,45.97161042611472,0.8901808827190735,nan
184.12540959446287,96.00912209904678,0.8903425839915914,nan
194.9226638068871,38.14654598069237,0.8904499935553005,nan
195.24546815668037,35.00921372660793,0.8912855255914088,nan
200.885551507029,30.318415758624575,0.8916421377827171,nan
192.81379587613716,27.954164591600108,0.891868215604808,nan
8.593801967838957,243.1682741911988,0.8921142136746107,nan
35.54212891962105,183.73223990406333,0.8923527237922476,nan
153.6737772790897,128.3919278910403,0.8926474652716114,nan
157.81316500468049,138.72841981297395,0.8927252285621485,nan
156.67076216544123,139.2878415659567,0.8927296189423193,nan
163.50763635849088,136.00489714226308,0.8927711864667537,nan
152.791274094311,122.33900283154111,0.8928154684645184,nan
-7.102955715883268,195.32710020576326,0.8931544271357464,nan
164.40110709017992,121.95430047969502,0.8931959591487637,nan
243.28984062454904,160.79942682291713,0.8933817036424757,nan
197.05530296078146,231.8153596058768,0.89350534006988,nan
84.2427492678179,108.2433230879844,0.8937711248575931,nan
104.25209736695581,112.67964848382357,0.893790829286814,nan
98.8446123285026,116.85518619501579,0.893791942799462,nan
91.00058077480256,109.44188314372703,0.893803446330276,nan
88.94537964494945,110.71355344355202,0.8938238994206356,nan
94.41188578873262,106.78123203462616,0.8938390458702155,nan
85.79495315774352,106.52560642960168,0.8938625206734159,nan
99.28335007721553,118.58914141095742,0.8938703848240661,nan
89.29971707258392,113.34115025234878,0.8941808332030128,nan
95.19338478215589,128.64242528756284,0.894457269523343,nan
29.64795560018535,144.01352050675055,0.8944985593428537,nan
152.4463045431584,175.56753031361092,0.8948658122500647,nan
-1.0234532414863577,189.65324647652577,0.8949431630948677,nan
97.08942435410967,121.03185688463115,0.8949808672398947,nan
27.235080551819305,139.46683312922346,0.895178469559534,nan
162.75204811898897,19.45199287648029,0.8955536877870681,nan
10.69723139747179,15.85249730023836,0.8957336753230036,nan
87.69921345801724,125.29968293825257,0.8962473585230512,nan
93.56474572915697,130.80169340587412,0.8967290847872493,nan
96.23898665236165,108.28306838820436,0.8967428164870065,nan
99.82830938395259,121.1186203844275,0.8968109424026918,nan
39.21489236715826,241.37600302292876,0.8973806708489263,nan
28.653023786434513,241.85481276277312,0.8974297614760195,nan
33.49281059103863,254.07871062293944,0.8975932898596234,nan
181.04789377398404,229.3378007426837,0.8978443808540634,nan
248.44251449575285,186.84672003731984,0.8980558950939194,nan
35.851877062872624,257.85958153616895,0.8982797146518381,nan
28.940893705436448,243.93300029085833,0.8985270901629459,nan
239.44464496720926,156.3843838225413,0.8993377168716282,nan
245.67112594988996,192.97780225977343,0.899352272697251,nan
89.49896312744542,124.20201093846343,0.8994358362088348,nan
156.66470747882582,245.40796531839717,0.8996105384379824,nan
160.24931433407107,251.23035052461884,0.8996129428738002,nan
148.9003501104618,249.17659111161313,0.8996433523071737,nan
158.14968401670873,248.48906581734818,0.8997976304652917,nan
161.09498142390848,249.94001599740483,0.8999071869043507,nan
35.471596951515956,249.17196281843002,0.9002233812415177,nan
242.2887722274226,153.89289241879993,0.9004463729778082,nan
28.83113552433959,241.989102992206,0.9011397467269935,nan
14.363083721214636,11.375300382388069,0.9021423200441218,nan
148.157381866859,241.39257000226243,0.9026656020929956,nan
155.67602731951055,126.45106909401885,0.9027480889023541,nan
96.53491960561249,128.16125347008878,0.9027528997554147,nan
171.18479523490376,26.830548077420488,0.9035045354427473,nan
161.100332277399,245.5579522884739,0.9038598613996215,nan
11.565842927390557,192.9323508609222,0.9044952819859007,nan
156.5517956321093,123.78728352052333,0.9047093701120039,nan
247.11380824973045,144.3972008546833,0.9047621560384643,nan
118.50575685165148,174.2721758658496,0.9051539078708006,nan
148.90685544819962,133.26248797527037,0.9057734937362412,nan
88.13930638098135,139.03786946357053,0.9060889269107609,nan
81.7406101447133,144.14351170881815,0.9060954522430673,nan
85.90414124828969,134.24893381469303,0.906097794547752,nan
84.39727044093546,140.8273806297102,0.9061003766985962,nan
98.62586565441705,144.3905370007303,0.9062581243541875,nan
155.79820679391756,126.72244496901442,0.9063728575687773,nan
43.191112772973355,251.09980115250664,0.906769878560446,nan
28.73537479815905,247.76074197207348,0.9068975749055835,nan
186.5878216077363,27.950817416326583,0.9075713699015694,nan
159.74383172959355,237.63814899891474,0.9084386701898027,nan
82.73343360674147,233.25334689036384,0.9100882953544036,nan
77.98505426146025,227.32760816846954,0.9101120185576346,nan
79.3781326279079,231.36665394190513,0.9101446806490402,nan
64.64678962277522,240.85676277582695,0.910164200107064,nan
64.75088346487976,229.47834966031994,0.910185982957989,nan
65.51217064363777,224.7812279057806,0.9103157568778726,nan
245.78140360423865,126.07313553966058,0.9105543921981327,nan
236.0214137825965,125.38073267650626,0.9105613419016695,nan
243.3429243924839,131.53645657407324,0.9105623231256874,nan
245.2585938910357,131.71021312424298,0.9105658302974206,nan
236.18079783249584,129.76180572599722,0.910567505657955,nan
248.81884159754472,121.44799809663859,0.9105675298646481,nan
247.6250011245243,122.93808886591074,0.9105721466373509,nan
246.5667631119481,118.25123804394528,0.9105730915087384,nan
70.67209709224116,233.44636994283536,0.9105849924473177,nan
242.93446204382607,130.0001405967018,0.9105871513728989,nan
250.04412876205933,124.12433372449532,0.9105884967819322,nan
239.48701635841329,124.44391030684443,0.9105904771801305,nan
239.17407107587863,118.61671034498977,0.9106025912607598,nan
228.26479142380384,111.25746183969257,0.9106108773585407,nan
245.46409151654066,120.57439271958272,0.9106772126670588,nan
175.452396769431,138.45697796394268,0.9107481716727243,nan
224.7717954491927,121.80653542690519,0.9107696660861646,nan
177.36627473723016,140.47401536940356,0.9107829209223138,nan
164.92129169854417,142.28381397315314,0.9108641866030739,nan
182.98177361910717,141.95099370651408,0.9109844023952043,nan
71.50037964734207,229.35501015926238,0.9110707578073698,nan
252.65530955086996,122.58003259990687,0.9111692495620198,nan
75.74469395224207,226.37509596773774,0.9111995835002616,nan
246.2558694826824,119.30703661196361,0.9117379045601302,nan
66.72018106927732,228.26538211616733,0.911760186155488,nan
87.69201408951588,53.59768538314776,0.9117807177140543,nan
94.85043201950245,41.25957748501769,0.9118213387001085,nan
84.23062079388555,50.224095609818434,0.9118618402406135,nan
84.80476965097543,147.69578974802812,0.911889756774804,nan
95.51160855742711,114.21184614511061,0.9122232090719358,nan
249.48722098434402,121.86663390571277,0.912249581969432,nan
69.44458731626787,239.39332474015706,0.9123516336062144,nan
75.20141555634957,232.8228684116928,0.9125966582963477,nan
159.37001595406628,249.20039565832153,0.91266555920466,nan
161.37919273406504,236.94444022757304,0.9132280846295595,nan
96.442935428285,105.49473459493437,0.9143384476587605,nan
231.37252959391506,119.10461292166357,0.9146023189860837,nan
254.15097670651392,127.04931035952123,0.9147080315046322,nan
38.36576352449529,244.08943223136518,0.914770584727526,nan
255.61479237528297,191.2384268544417,0.91584268274083,nan
247.86852770005692,128.94210479243802,0.9158976646874423,nan
46.59618823822417,252.8959418496728,0.9160948504082203,nan
42.062767189995505,256.6961528982101,0.9160966627321803,nan
48.131550833202304,249.1193377019803,0.9160966667112548,nan
52.47423231829631,245.9977899587899,0.9161039171157073,nan
53.025823287460774,250.4456483948744,0.9161283295544532,nan
52.851888636222576,248.9874900245473,0.9161294324402536,nan
46.792142437654704,251.46974733089488,0.9161758776747312,nan
72.65869257197545,144.27398769976799,0.9162210162448874,nan
221.71744799822835,176.96243696519224,0.9163664106615321,nan
222.41989719229014,171.99038270623376,0.916385627382854,nan
219.60329247158904,167.77188542385736,0.9165498572054465,nan
212.35107897411837,176.5577859273731,0.9166375595764543,nan
68.4385670580805,135.56851936895515,0.9166926507558775,nan
69.84224637824755,137.32386479763235,0.916701220546409,nan
66.06024184616983,124.06624543847259,0.9167294165129279,nan
68.51000187730114,132.45788164632162,0.9167713593287732,nan
233.192211092195,117.690884029949,0.9167867513969394,nan
52.825205314609214,126.27553468530658,0.9167894222577234,nan
68.47558399639736,124.61274343366472,0.9168062177140129,nan
62.500250275721676,136.302096675353,0.9168218095709397,nan
63.6950244154123,117.96462804424503,0.9168581760581395,nan
70.65043415920017,246.76320902141904,0.9168585325520406,nan
67.42901401668878,123.61016049507023,0.9168752593377687,nan
56.8130200949352,127.59372925481635,0.9169262149472832,nan
206.30490395069003,169.92962345943243,0.9169793652602432,nan
220.18586867213176,176.18644274261115,0.9173212111251445,nan
240.7536086795228,124.06108346991853,0.9175990034444094,nan
66.42837836860609,139.75612101849103,0.9177514488529228,nan
65.36441835003299,128.61310706955942,0.9182579782653605,nan
208.95432483469455,179.13449489008843,0.9182713130404718,nan
185.4155969230476,150.36010127513057,0.9187443462845096,nan
65.40585556957797,23.166413361573078,0.9188063149838387,nan
64.28207068373021,32.73318535894151,0.9188412077824746,nan
57.85250221157507,34.56937233233756,0.9189191341512392,nan
209.6054441459392,183.20672228462468,0.9193705080893232,nan
70.5735957182902,34.8121066481063,0.9194009277154457,nan
82.19608357258568,147.00369259943585,0.9194027001712459,nan
236.92339866629825,156.49070519749523,0.9196010591362286,nan
55.988863023323674,247.20438674191556,0.9197084615834702,nan
39.688926062163475,238.4532827480458,0.9197299240138159,nan
67.90477967576686,226.69681372742784,0.919914508537626,nan
94.60348146386833,106.17221916690525,0.9199782395570014,nan
184.4098774084663,144.27531618155135,0.9201987850067821,nan
158.54170833711603,226.2201897500699,0.9202505908974423,nan
163.0873278320905,223.571646541763,0.920287600294071,nan
89.5867363688923,107.62629901889564,0.9202901919992924,nan
150.36094053333966,130.96452759056257,0.9203304763060086,nan
90.05010221380637,112.13061458653502,0.9204136587862083,nan
37.01796791024796,239.6461412172955,0.9204626206944194,nan
68.93306244314219,234.7750814575113,0.9209968491076601,nan
171.39380835455188,143.00073176124718,0.9211208144947517,nan
161.40942590389542,213.60185181988587,0.9212380057889699,nan
143.79497318528783,42.00197088154868,0.9212920130195646,nan
150.70161619616835,219.44920582779943,0.9213504466587026,nan
213.3110295105641,169.6412914039186,0.9214139593874717,nan
48.17871994318875,243.266506810038,0.9214705249163989,nan
94.66117647653687,46.38456745646129,0.9215897867274462,nan
61.539848255120255,112.33609303681828,0.9217383078952792,nan
160.54387660324852,125.30243536795207,0.9220502455447623,nan
154.87112858506384,222.47921653668723,0.9223851817865207,nan
201.2471958169639,103.1829937067919,0.9224236658326946,nan
196.19591716697502,97.5046763388768,0.922444623793077,nan
39.58247602846315,176.62606106646567,0.9227800145229855,nan
27.66708041123771,53.89928811465015,0.9231055550792037,nan
17.77325020737643,62.99351989452592,0.9231145382956519,nan
20.626898641139633,54.250680059036576,0.9231255750091499,nan
19.493140445116275,65.23982299515755,0.9231375802632159,nan
16.14247642556434,58.7023873974764,0.9231550357758447,nan
32.17942072845666,55.213903458977086,0.9232507743699462,nan
58.354184297804316,262.4993570051128,0.9232808480763814,nan
70.00980573224179,129.70703119672103,0.9236395096598015,nan
210.64425516434616,180.06155843706412,0.9236746429474307,nan
65.92631485459997,30.9385699724892,0.9238006619721533,nan
53.933101892050175,57.70987172361768,0.9240070642436625,nan
180.25656820318483,105.20516970234586,0.9241670932675636,nan
22.80437487555637,66.66142845729752,0.9243497950330655,nan
238.3918241537826,250.16486388995781,0.9252558481673938,nan
197.07528139260495,115.52544356761838,0.9252700928725853,nan
238.98475039747984,245.85374196161686,0.925366020414821,nan
223.34034390686372,170.626647801157,0.9253815882750228,nan
213.7698550132481,181.27100576974763,0.9256533578917235,nan
239.16052601063635,253.70544408842528,0.92572312968965,nan
202.93781149848215,238.11315054017376,0.9259456934832043,nan
162.7274861555663,133.77646724143239,0.9261685965477677,nan
60.60342030860001,31.759214101647196,0.9263462577220509,nan
30.44074961008542,61.60601303022876,0.9263499203732757,nan
207.66200448265653,103.91575845604184,0.9264216602761486,nan
216.0931055433859,167.55207214690816,0.926540066131143,nan
48.69954588328571,129.28091128767906,0.9270162970949135,nan
208.80055436417862,169.0981296362021,0.9277730073088339,nan
245.3059184319449,129.23413103329332,0.9278127833238229,nan
70.91362981905236,122.9643376437614,0.928011023540581,nan
41.432121726608585,174.63642842763662,0.9280678440559175,nan
240.5095230570374,244.540441406355,0.9282960211532514,nan
143.05820972320336,50.34251908174709,0.9289951242261889,nan
71.73523462425682,237.4340936699035,0.9295961874611101,nan
-2.8058161483153126,210.066921871109,0.9298139358079083,nan
-2.532655864830086,209.3533046150353,0.9298236807503037,nan
-2.593599691288233,212.9659893296194,0.9298836882034854,nan
65.75493002228234,32.914865797195255,0.930012021733746,nan
153.75302964479306,218.82788901662545,0.9308492625518915,nan
238.94376134657747,253.8107451744076,0.9315028856352262,nan
179.58568574369164,147.3275780349232,0.931577400523631,nan
99.63554042327935,47.118835878402265,0.9319340835764075,nan
64.46406667610805,41.682012297426866,0.9319678927161035,nan
71.76712518117381,231.88941531345245,0.932089391988871,nan
151.78257234324454,138.9195460492504,0.9324605400231684,nan
65.25385680766979,45.02885513407667,0.9324986645037202,nan
23.88052080311126,60.04537715008633,0.9330236280913405,nan
154.83700527667173,176.6267061549244,0.9331237543153016,nan
100.90017176506079,59.555627356515565,0.9331608912713085,nan
213.12877052832843,104.37631505078792,0.9332825020347286,nan
256.54953937982754,137.0401856094221,0.933600768416946,nan
254.346855831609,141.1183270093831,0.9336565834630826,nan
259.13370177531317,130.20679477700173,0.9337410658021364,nan
247.55735792874734,135.71211620888445,0.9337639642821289,nan
262.04450361295284,133.78683919811817,0.9338621093207007,nan
256.7358401463706,127.95599409682485,0.933889095463007,nan
63.706167410411574,129.88439656921634,0.9340518957185026,nan
233.45555151032892,247.1574546847747,0.9344303761096303,nan
82.38819034662265,236.54871586497467,0.9345723920999027,nan
238.125166814714,246.0339438608216,0.934604811103828,nan
42.08833161608849,243.53640122022097,0.9349348929266049,nan
264.04871613228966,141.19260344899138,0.9350572377388381,nan
228.14563100855227,122.41911500133321,0.9357630166678725,nan
56.89826626688277,245.25526635173972,0.9358958421776229,nan
235.55715524365905,118.31688868837684,0.9360899871013593,nan
251.68683288924342,145.15278095066307,0.9361212919448355,nan
39.088069112231004,252.70875750355626,0.936567198346764,nan
178.8371324203087,64.90998265199146,0.9369744026647978,nan
54.44461222180919,136.3793458461694,0.937042840082991,nan
47.30879718011663,139.9709127584611,0.9370430643541153,nan
52.46085739452418,131.51968571818514,0.9370546938449286,nan
45.78653337162118,133.4281272281824,0.9370557962775622,nan
47.28629793951156,142.28049443220547,0.9370693023388229,nan
50.061108633898684,137.33020938008463,0.9371294611339912,nan
52.033223400445124,145.54494520995394,0.9371482164178432,nan
35.53951128624509,140.5148117856388,0.9372288610268792,nan
55.44809547438521,134.2191043856207,0.937569620625268,nan
55.137768615241455,138.55210291824025,0.937603198167149,nan
-4.976102244967721,214.12170972019723,0.937695951893117,nan
0.16291615295012946,209.7376478521735,0.9377071558822294,nan
211.5744923180906,183.48971434819669,0.9377695544864503,nan
241.97520764948567,120.20782615775038,0.9387222937500315,nan
23.992083226409484,67.26747996211522,0.9387495832266861,nan
65.18480367214698,33.51525291407121,0.9388649342859962,nan
245.18075809671984,3.458904078311048,0.9394649473569326,nan
212.37881156246138,196.01725759116522,0.9401523543865279,nan
207.18752283513126,213.93075188158022,0.9401585943525215,nan
207.8979795529321,212.66446986283012,0.940163653503077,nan
211.44027591795066,213.31507106956286,0.9401670533234585,nan
214.36075990094832,207.32791378569686,0.9401910305535911,nan
218.3517417358405,207.42122034964734,0.9401993134382944,nan
219.24756856187471,215.59785246253574,0.9403903456900794,nan
210.91131193450548,217.7967306778903,0.940435723075096,nan
46.875414840196726,244.08692169770444,0.9407332136777037,nan
99.90856224293212,46.358592898808155,0.9407632163572137,nan
209.28659136128857,219.4611700114799,0.9410926139176392,nan
243.9404064762985,251.76617038782172,0.9415907728299964,nan
216.15317132864598,45.47987288614607,0.9417280198721788,nan
62.192876713004196,38.22213553172749,0.9423491885441819,nan
106.14176642225725,204.89538388152184,0.9428900739633962,nan
114.51731238731294,195.49396192323331,0.9429082826113251,nan
222.9128604684414,214.1032406143174,0.9430357765736834,nan
222.99215731778492,1.4678130883753964,0.9432787204418192,nan
221.04265440742358,-6.957013169118675,0.9432902404430579,nan
216.56111153186933,3.9075187260414586,0.9433789562014248,nan
223.17438808025543,8.571700354640278,0.943382230427096,nan
59.06484632582594,124.21963185792967,0.9434934053568907,nan
62.56231110319909,123.93194075550664,0.9435329123194082,nan
52.3407585774487,141.32052013807922,0.9436178736532812,nan
210.8622369767986,-6.098819575308254,0.9436388945352298,nan
54.95766625362831,122.06840208760632,0.9436860984214116,nan
27.98594258867009,245.03309487286936,0.9437874156365799,nan
241.64836067856672,126.12168329148984,0.9439307003048731,nan
102.62751209439796,190.9543939920876,0.9440340587600482,nan
197.0180197808359,40.367131149196915,0.9450148691600291,nan
75.1951704828669,232.4032017326734,0.9451444240552093,nan
211.15558802163486,6.321219695790806,0.9453746157313294,nan
258.8527557916658,132.1708905716376,0.9454480165648548,nan
254.67468039627767,94.46941607647801,0.9456269048377999,nan
249.23194414207413,79.96805871772034,0.9456273779986583,nan
254.9434249558426,102.64272256654685,0.9456289022884107,nan
256.4485563952151,94.10696968068036,0.9456348331285351,nan
248.51131133139157,94.75826314266058,0.9456421624748403,nan
257.92340114005015,91.08941723905005,0.9456530789780366,nan
244.87779752503107,85.27341477638264,0.9456976651310907,nan
255.07705962148458,94.94621124368776,0.9457388732562726,nan
252.30527172064814,78.23230686514295,0.9457398261718563,nan
257.1236582898195,85.29363586339775,0.9457446913084895,nan
248.6662873795656,89.60356973225768,0.9457571849300855,nan
253.60409399224318,92.58017538261032,0.9459042885391916,nan
236.12448128699828,90.51951476643801,0.9461824266559674,nan
252.24478186250712,86.48936434545298,0.9462483351540976,nan
50.007950878399875,124.77111899320151,0.946329296360963,nan
31.829474762368445,217.06112639989374,0.9465376060490114,nan
43.519397192596784,216.02201391293556,0.9465380126754119,nan
31.711215103348636,209.68995356272524,0.9465382733486676,nan
38.78655288691255,215.3663092567985,0.9465670922003475,nan
42.32800117009974,208.56725380395844,0.946642258111285,nan
35.97165884920084,213.97881858748866,0.9467391184704231,nan
161.32037117916255,211.2168728372084,0.9468212883127257,nan
208.11089885879994,108.17388584097785,0.9472203713870805,nan
48.29357322794948,211.4051653215998,0.9478413608292267,nan
40.29972853794867,215.1629887497725,0.9484577336521639,nan
242.21212521576803,86.06520390187788,0.9489278979823039,nan
219.73126799288585,206.89423519950134,0.9492016049680734,nan
37.78101108330966,216.6549553021576,0.9492331994188022,nan
234.5267182531343,3.7777932333172006,0.9496046733678887,nan
164.11164030826174,23.402657266873863,0.9496105952514029,nan
243.89097003468294,96.04606899801979,0.94994082931082,nan
36.63361799111955,221.18091281202152,0.9502980776491696,nan
63.121540147192924,126.73344429208126,0.9506777634288454,nan
111.57839643914514,191.70648983406056,0.952588091061378,nan
47.31542704997266,138.032874131692,0.9526105419196846,nan
39.60960573534933,210.01785768283983,0.9532784382451488,nan
44.43275075756431,143.27047889752018,0.9535401061659743,nan
174.95854871073172,144.7094746612321,0.9536640128028709,nan
205.46432920669236,204.8955082921904,0.9545773414744745,nan
238.94771501628128,2.653602381802743,0.9549483400953501,nan
251.30674190096246,91.55495570424458,0.955976822490378,nan
92.38643658174497,244.5728221884509,0.9563719257658204,nan
94.42559428580185,237.0085235339066,0.9563939500298436,nan
88.74399546472148,245.47263906058814,0.9564112099622556,nan
89.37028695087183,243.04559366164483,0.9564444131468225,nan
166.1392208204608,79.63770738756263,0.9571231787924785,nan
168.78797090239516,66.17172934733694,0.9571323711651151,nan
168.91102007553158,59.189588086671584,0.9571363458751312,nan
160.46395145145277,62.712085998561776,0.9571373149780159,nan
172.19737067307898,69.55409248050957,0.9571397015936062,nan
172.59170377404752,68.36892780705021,0.9571563552282945,nan
167.12784149336753,63.6393840998221,0.9571642943842578,nan
164.5017153402949,64.85502117828642,0.9571697214615323,nan
157.93915706975034,66.0583147525102,0.9572242772997225,nan
50.32002565046544,123.79331750769373,0.9579691956940111,nan
217.77721720993455,216.61740598782458,0.958619530664336,nan
84.46744631376303,239.96247021243832,0.9588679483776287,nan
59.757223224286626,130.7680422564502,0.9590157474994394,nan
97.09135422665727,129.51716217007333,0.9592779442201864,nan
255.02695943333734,146.57452021928944,0.9593942893627744,nan
163.40762962599618,70.83620508329058,0.9595009734117009,nan
224.90895638598076,250.34094910599265,0.9601385050475457,nan
220.61701346307777,248.8067082591443,0.960157382840055,nan
227.81591073981906,247.92858602434293,0.9602098950379531,nan
223.38553559770884,253.1019786180941,0.9602277408295085,nan
230.41788484287312,251.07467395983437,0.960274143229792,nan
231.99589660377558,242.97373333946535,0.9603959479420681,nan
224.14032846770888,248.02225685419128,0.9613142232485647,nan
235.52631078580478,92.79717690551875,0.9613166008759864,nan
215.61215779846742,246.44671048378078,0.9618490652825163,nan
55.858361021061604,137.05228191869972,0.9621116013365039,nan
231.6551246804041,259.88713429678575,0.9627019322737949,nan
62.550011551952835,130.93745309380702,0.9630438719561815,nan
27.765624374422785,39.21785382525818,0.963117849457927,nan
28.20482991430525,23.88185061344519,0.9632843687637016,nan
15.383723484237143,29.88943369340859,0.9632953901860573,nan
26.707656954948348,35.673920450478874,0.9633303210442677,nan
31.99659215709769,38.42844443293147,0.9634794683842463,nan
106.30636786049311,131.12264426981707,0.9635153643209267,nan
112.67456201946527,128.28029961197385,0.9635222246145574,nan
53.377547483407476,125.26354440601479,0.9635531673922093,nan
104.94525803201134,140.3847486034665,0.9635561847605438,nan
119.85502753944027,139.18666024665885,0.9637132678608222,nan
104.88837306693186,125.42503238740484,0.9639472474704626,nan
103.33293880177051,133.36019794359336,0.9639763975530041,nan
224.47715138677395,206.02502742279614,0.9640265294070569,nan
259.62168139744676,90.40396222085015,0.9646715422603966,nan
32.56935003246324,35.595358404819585,0.9647450765323711,nan
13.056630141269153,116.55813380188081,0.9659238853992017,nan
212.53882018693287,218.50526134603615,0.966235475456326,nan
250.96942083474627,93.3425703013846,0.9662369880095291,nan
253.90980516598464,97.82110890878727,0.9662471299161731,nan
11.216131240948934,130.10075486168608,0.9662965705807429,nan
51.03090986381011,122.27232604738997,0.9665011679940193,nan
253.52268646000405,94.86874381804114,0.9669068484347526,nan
222.4378143761204,251.819044867694,0.9673890541027222,nan
114.91213672417672,50.20091240201941,0.96746020008083,nan
119.3278464640473,44.282206348363026,0.9675833423903718,nan
216.86998910779133,217.79920339486955,0.9678067115709451,nan
131.4009263558265,44.59314678514989,0.9679197278341938,nan
123.98566966153498,42.849824681146465,0.9683996598795691,nan
231.89569312323547,250.93713873506283,0.9686147037016183,nan
232.6294847267901,-0.12554167206761174,0.9687959942189677,nan
161.56579348298246,69.46088894058533,0.9689627913452504,nan
109.42648032324577,130.59546636311353,0.9695531368230006,nan
120.94290911788495,43.75536848751923,0.970002296429628,nan
133.4063520744702,41.07685258454603,0.9707730167873488,nan
35.60942798693619,63.78553299354645,0.9710547963098041,nan
163.74853385577296,248.32374182524666,0.9712160587455623,nan
171.67992711407905,248.10172023789556,0.9714273263797756,nan
111.0727095090226,126.24029276033423,0.9714945892191127,nan
214.77506434230244,210.4712343692637,0.9715113892873609,nan
11.624228880395794,128.47414582490208,0.971980572247657,nan
248.18404385508674,86.60142099097024,0.9723487696545855,nan
33.43233982951467,211.26494336267112,0.9725575229471604,nan
24.2533510247903,28.665452824350385,0.9728648760050158,nan
53.65444231282974,120.32202396163417,0.9731815476723,nan
163.98834090899334,247.00160088372124,0.9731965783130994,nan
236.93754669170806,202.3564759464169,0.9735730566888802,nan
239.25168468811398,201.96929971606775,0.9735894492656794,nan
244.061006075147,203.50612094027682,0.9735967258415551,nan
228.3968839326672,165.91000746964193,0.9737248989552562,nan
31.264974751110987,245.8804465006395,0.9740488704560659,nan
27.007425402910073,40.45954412962428,0.9743659909149266,nan
225.20952701718915,250.10321065684607,0.9747352919882258,nan
218.6133254833102,-0.08978104597337251,0.9752643109027677,nan
220.73781478288643,24.631345158814216,0.9757458264744593,nan
216.920319978647,24.92829284274486,0.9757697901559093,nan
221.67461097037912,30.182526258787977,0.9758139427441797,nan
121.74764198665298,38.38955185052119,0.9762758302131844,nan
245.9513236578065,157.83348379326566,0.9764694391736857,nan
243.47597017628635,164.62987233053173,0.9764783430347254,nan
228.00734894068435,161.74519621758168,0.9764961524694948,nan
37.69178925239588,101.03133391781515,0.9767279351541913,nan
51.35445437050315,112.4190075252659,0.9767376507157292,nan
50.684540703792386,118.38507327286221,0.9767563695630506,nan
58.54114493476115,123.60018553423976,0.9767947142072944,nan
47.00556107847246,116.07406250424847,0.9768418536286064,nan
45.817137637599785,111.45141777107014,0.9768600760033079,nan
50.2890262296233,114.24944396270477,0.9768901758391285,nan
45.596815757055346,117.16861008128652,0.9769875305138865,nan
242.775587824097,200.8143031221591,0.9770424032356703,nan
224.35521677712788,23.960770795238965,0.977207862954156,nan
17.64850107424102,29.57254374305761,0.9776354364450827,nan
52.762537263746616,120.75793950971386,0.9776571080552379,nan
202.77633413552522,217.7718998427631,0.9783776717292678,nan
195.86608488242777,210.7821255009516,0.978424509014116,nan
193.06549407518133,231.87242292571028,0.9785256180783827,nan
198.4505335555751,224.0753391748213,0.9787868562863719,nan
188.83176227292282,218.8694355653324,0.9791825403389801,nan
44.96930110620888,122.92787894809264,0.9794052511425136,nan
188.5638862967241,223.14836235509475,0.9796424891678769,nan
53.10177889534722,111.04549941308956,0.9798524673479401,nan
61.4037094992919,21.483515747811637,0.9802322819059957,nan
44.10537810817114,26.97452155951831,0.980254509937928,nan
57.22357885970895,20.777558269317318,0.980294655128958,nan
155.0347838566085,31.881295050080947,0.9805254311121918,nan
194.90549933894158,223.11811171997786,0.9813545616983379,nan
239.614499376799,170.1224223941556,0.9817409181640082,nan
143.72118708475924,45.628189467703564,0.9817898588317461,nan
32.187479728669786,39.1864375074165,0.9825465822360843,nan
56.65786004031471,23.73484795624216,0.9831775665251626,nan
211.80988880510705,24.56291367709452,0.9843776474760766,nan
125.88290708839214,53.48127149188848,0.9850541642652045,nan
114.14468792634287,55.08950221095455,0.9850552738278995,nan
122.0108741634462,46.99125583272614,0.9850660410202405,nan
124.9322303384953,45.65296340137869,0.9850668008151889,nan
117.87616249392664,49.0426387923044,0.9850750970425173,nan
123.20577307707283,45.849643184053576,0.9850774540907853,nan
117.49797575114955,50.82300435317185,0.9850854901032601,nan
120.06953096872354,54.4095308953467,0.9851090466781474,nan
121.7919742170482,49.62451641953313,0.9851190569396036,nan
129.8155653675965,61.05956490064406,0.9851344938659145,nan
114.65177295909898,56.12327543189434,0.9851522783718374,nan
2.944779029172553,215.31594759077637,0.9854559127357526,nan
2.845202983248012,219.23354896061292,0.9854571818548221,nan
223.4632093189125,20.2912608830788,0.9854680531691751,nan
117.17109214181197,50.7796378946853,0.9855206871413841,nan
128.13825118041657,54.29335922609246,0.9855804003374599,nan
127.16324028307726,71.24663612336586,0.9855810215561929,nan
125.83211968751866,63.54940005715166,0.985591929672376,nan
133.90683426189045,56.03572384698023,0.9855968900972004,nan
131.66923332250337,63.464285370739205,0.9856001271127359,nan
51.179183331199425,83.19703496208724,0.9856060734396495,nan
130.950182628229,58.91820984100807,0.9856173611084216,nan
5.842105907423568,217.6952295082923,0.9856830306710181,nan
120.80858548906944,61.83804811575851,0.9857543653759597,nan
-5.379244036908783,220.4098604397314,0.9857791275484684,nan
133.94940205653822,58.84141767751785,0.9857842260477485,nan
172.74813282303444,34.95811802266459,0.9858964042837148,nan
177.33260034246004,28.23654614055295,0.985898051457598,nan
157.64303428314352,34.85013815157814,0.9859112573012858,nan
165.99155515833547,31.57107814470994,0.9859404359574254,nan
170.57638293557196,34.592285406458565,0.9859827188118289,nan
162.90777888598217,25.744500116160385,0.9860107407361128,nan
163.58988840791284,33.193131896415565,0.9860224569707395,nan
120.64020825119725,42.67751603573751,0.9860452426347512,nan
176.0377525958801,28.163996318413602,0.986052887452601,nan
164.46255339179405,25.032720570390858,0.9860533682991208,nan
164.1458900889118,27.656470463323952,0.9860599630061175,nan
172.38193833370985,33.66759098484748,0.9861384977330293,nan
35.79230239454715,214.70274742614615,0.9863308171346179,nan
31.902098080533595,220.70573545210584,0.986333860121251,nan
40.70940437850608,226.95586828489917,0.9863440384202534,nan
37.77825329145234,224.24238214991738,0.9863480763289763,nan
46.365787973828844,73.60819685161829,0.9864056824383247,nan
42.077834045372185,227.89655016470937,0.986464966296436,nan
52.75059242509725,140.68406125481368,0.9864864042597956,nan
43.30885164358698,221.83454263299248,0.9865600436575783,nan
135.30484143071743,60.10658585216101,0.9866853613460792,nan
11.2967879299306,214.40930740889678,0.9868065794058586,nan
116.24213840264315,52.9011011648119,0.9868362813100793,nan
36.17010786429598,221.13004734791792,0.9870200833992,nan
35.8571902116335,220.93229268486107,0.9871186106459103,nan
39.22513334588621,215.29018435479762,0.9871300993183083,nan
246.59678803738194,162.12805977781753,0.9871314906553592,nan
126.46485432083534,64.61198904630976,0.9871471453008941,nan
117.97055623448199,68.58215956893414,0.987228616479796,nan
56.327763552684,20.3006685319885,0.9873020743551042,nan
216.74520937339634,157.40445835157834,0.9873528703916065,nan
126.81041495860364,60.97270723575263,0.9874114127939153,nan
216.3509724789097,164.06510670225882,0.9874176035122615,nan
173.36847433102437,39.80143869639193,0.9875071250855936,nan
215.63854043382605,162.44572726629383,0.9875179205162916,nan
120.50725595273555,55.30964587459352,0.9876503452829336,nan
168.2504997674932,33.43980827646956,0.9877674046953299,nan
54.59224890286955,70.93112902044511,0.9878516412051457,nan
109.61591528845085,53.06230978226047,0.9878608999507472,nan
187.8086942299771,215.02914375926872,0.9878710346846045,nan
239.40598766066225,153.4999246818355,0.9878783545070924,nan
121.70410490884882,38.962013638390985,0.9879981192616176,nan
223.00467834256781,28.262905238621517,0.9880265939072251,nan
195.4081712705968,229.4648241098236,0.9890515822048321,nan
222.91314101030775,227.55200700226587,0.9893023776675012,nan
214.71205328190507,214.58555199703025,0.9894327948951572,nan
167.7992010172907,67.02220187651494,0.9897069193744263,nan
3.5743102744635933,222.837892388718,0.9899366003551446,nan
128.507882175212,51.11196645138127,0.9899724901430335,nan
56.17580296809074,143.16213984404285,0.9900523010367789,nan
252.67820714481257,152.41993869423004,0.9901060332762619,nan
108.05541682108093,46.24506300283561,0.9901484145221674,nan
229.07165729742135,216.25390881087552,0.9903624648138167,nan
243.4791491224676,167.53977232667813,0.9907448996296868,nan
117.1211684596812,47.062085610054396,0.9909078712527903,nan
120.98651021477046,61.20839093538741,0.991134305816687,nan
129.1285325995817,49.02080377186262,0.9911814867258208,nan
221.95803663073525,225.72935560134428,0.9912848551246123,nan
226.19900930579354,24.74629972137841,0.9912989669037074,nan
118.73635207084773,60.62745717846683,0.9913207693265451,nan
114.66723960325366,61.60919569932871,0.9913211477630635,nan
117.47123785358026,69.18970170719773,0.9913428587849511,nan
233.49382968124064,165.26731248570266,0.9913674617986734,nan
227.3524828069862,249.90691793311564,0.991431953511046,nan
50.78941990251915,113.81436792735632,0.9916195373172763,nan
127.12683624579552,42.05990567938286,0.9916449567906893,nan
124.8108139653318,51.039948342414576,0.9917448201240135,nan
38.4626768021674,209.919250164,0.9918713321149581,nan
52.331220111716036,115.41050787257329,0.9918767645102471,nan
217.25170044090143,216.97791725230158,0.9923733962621067,nan
109.31668499835409,70.24967949164432,0.9928293142808777,nan
191.325821690801,213.59329949590534,0.9939147115776897,nan
244.3287105888629,167.32970064044696,0.9940394385966835,nan
124.94913279746031,46.419051329634584,0.9940706713776521,nan
236.8635471365775,198.7763222548173,0.994246361185684,nan
242.86478344352767,163.09225606310204,0.9947317952538854,nan
223.80093065962996,225.42322255659494,0.9952551229216846,nan
234.30458009773375,249.6831658635554,0.9954268864218873,nan
131.72517808673592,58.825541807500045,0.9955111310190154,nan
245.9563496901728,95.05314042968666,0.9962260893718822,nan
192.17125589977852,212.47631611378188,0.9963872225117296,nan
198.0333933161181,220.63728475194014,0.9964830655890891,nan
133.5299858644739,61.45609312547304,0.9965249631439699,nan
34.33238744360884,218.9923767707212,0.9969313429911385,nan
30.80201356949709,30.574776669077067,0.9969685737388349,nan
9.370243685760434,198.3110769015038,0.9969863109788611,nan
212.5937031524534,27.319317046544946,0.9971592090838106,nan
3.7154487651241603,197.8238297773752,0.9971722253498139,nan
154.74490590096858,23.216615069552237,0.9984523094537928,nan
118.99023115289525,57.672422023796145,0.9984534255801508,nan
164.11940367417245,39.24109349789561,0.998856778534974,nan
66.87117097044892,225.62481192166638,0.9989933582558919,nan
56.67483244168022,230.26938725141596,0.9990067213251995,nan
173.2302373889938,27.70420848365552,0.9992232332297442,nan
22.711113989882872,221.28793153188053,0.9994160453889198,nan
24.1524987879258,229.35602529815847,0.9994433704139247,nan
25.02491487988998,228.75850051010275,0.9994520517662893,nan
23.786512447188557,224.28913716176658,0.9995245836292632,nan
21.737705212039618,222.14914252740954,0.9996441655464696,nan
151.9722245289009,40.15291373266139,1.0000708327566727,nan
126.68564812359006,45.4481564419171,1.0002214174833055,nan
113.80306813107211,138.40948587848195,1.0002246163715132,nan
16.35845602568455,229.02030561016173,1.0004853076570184,nan
15.879878767757853,225.09961602822136,1.000810369834677,nan
60.37819692995151,236.52721115863517,1.0008737377690038,nan
149.18294420508445,44.79071588736835,1.0013102227858854,nan
238.28649686662607,226.60161559584577,1.0016729455307372,nan
236.76310036886477,222.548469202286,1.0016798261458348,nan
241.66038234552582,232.2507962202713,1.0016802694386004,nan
228.60273150380425,241.81663663126395,1.0016840235315307,nan
233.2661987278623,232.64924688642597,1.001692858229182,nan
238.23184526309527,236.45010356894912,1.001729051203184,nan
29.878666348167172,235.33319721776752,1.0018236727393868,nan
173.81904686760646,31.68334503311223,1.0018491545661248,nan
72.73663590207394,237.01157683319124,1.0020223056045223,nan
233.99394686288431,240.044869315497,1.0022445338354122,nan
37.7226894527087,232.40089117671323,1.0023897718616208,nan
130.69684364710469,66.4849494445924,1.0026564047864492,nan
113.59281280311441,53.277338273052564,1.0026660395951004,nan
227.83292825032265,227.11933603495135,1.0030709538250753,nan
127.27327399758067,199.5279938043686,1.003265877335724,nan
121.39493137997779,197.2320187583079,1.0032898640523906,nan
124.92073141755168,197.35359699088926,1.0033129541288823,nan
127.94914146913935,194.84101114265823,1.0033130500537362,nan
35.303807831294364,233.8453763927359,1.0034447119988181,nan
126.46906364111126,199.30455563636417,1.0034595931235106,nan
232.62433970520866,229.53816904004708,1.0034754274612192,nan
241.15372832681845,231.1860548178346,1.003604715451474,nan
42.61091461441662,176.8103256960347,1.0039941859167592,nan
46.46629218527592,182.0417563331024,1.0041111270683454,nan
49.23236407605753,198.83496166807572,1.0041926275567625,nan
173.084186356287,74.70470611269367,1.004964465769151,nan
126.8944718214493,199.46031660925468,1.005083518314162,nan
158.42505173894205,31.044243389119803,1.0052851506010585,nan
46.95222650467786,187.94545260218086,1.0052934667633933,nan
162.7839433710137,47.68625007929444,1.005346238704058,nan
39.40933108265047,176.38580469624665,1.0055826141446627,nan
113.68208665806311,46.63851705269789,1.005919369201907,nan
145.52862810232457,41.98622300683456,1.0068602160872804,nan
64.08932949127825,229.41425727919375,1.0078829743877478,nan
52.91342773841077,231.27500718646755,1.0081232431820244,nan
169.9905552986995,248.7843368164082,1.0082244914900749,nan
129.6407971632161,62.80604998827486,1.0089841487957485,nan
141.87949410877158,198.8743027402489,1.0105256374236389,nan
132.69928910357996,201.15608332686787,1.010563584973883,nan
48.176975553196385,182.3479333865192,1.010790422708856,nan
134.66987394987856,69.13301064975803,1.0120524592894495,nan
103.67986035383193,153.3151423199327,1.0120938176455274,nan
238.77793411396098,237.02408416347706,1.0124489848794314,nan
49.42774716943269,179.047600871526,1.0128641226164545,nan
58.69751490954376,230.97747985026407,1.0128985335290406,nan
24.256699578298125,229.94852289131458,1.0129239343116083,nan
172.1136317950656,37.48214895662465,1.0131154980905077,nan
14.23025730243977,203.1760810353476,1.0132417400420222,nan
5.9226681605631,192.5388920618105,1.0136865209273282,nan
131.63594524235384,201.47040064805213,1.0144075821356833,nan
239.5163786929254,223.8446114578191,1.0155763557038926,nan
115.70097970809924,61.94450035238779,1.0157051885806738,nan
148.44937546354646,38.41699408685834,1.0164785359886452,nan
25.922107153993778,225.87200847162228,1.0170019236332344,nan
49.64751640470482,109.86001728176025,1.017306023407574,nan
219.37010645445324,208.30599469692973,1.0174888809266225,nan
214.70869925559396,157.56900354128368,1.0180950187233258,nan
66.79099717657382,224.15223688980575,1.0182873004562136,nan
128.21343220091657,61.53315444490937,1.018299014584254,nan
243.48957488871972,230.2264254108216,1.0183504540532304,nan
228.11189075534713,254.3263372144462,1.018784804658163,nan
170.49746811045225,158.28023623236155,1.020329268765084,nan
191.0796295162794,167.35837431673383,1.020336707574429,nan
53.06857297545684,28.279816828760964,1.0203395290272672,nan
192.2873733684558,155.57745908426813,1.0203561962611163,nan
182.95632255287595,150.79279718786714,1.0203629888654093,nan
174.44142302945224,153.64726406074703,1.0203656174443667,nan
184.9559019442719,152.9336977401125,1.0203732448638947,nan
189.72812366362743,154.57409594307896,1.0203936291853337,nan
200.45822174733144,145.2513008230647,1.0204426805263915,nan
192.53686150788502,152.10619757349392,1.020574994969426,nan
20.63639453183731,90.52236848777594,1.0210785208541528,nan
16.05803703775473,93.40363660525259,1.0210906920365692,nan
25.972438876882308,93.20375607059964,1.0210993968237079,nan
23.128135635679016,90.47766575897722,1.021116850571474,nan
19.846719496078432,88.6502969835596,1.021162101908287,nan
29.46784368112382,90.81729041368959,1.0212321500787456,nan
18.082094865453644,87.7546160120924,1.0212839936622382,nan
167.20367710519056,28.671178760958487,1.0213911864769105,nan
14.879206725895708,94.01492375605936,1.0214330568760084,nan
27.776983024128477,84.4769917267208,1.0216255183034708,nan
107.26731176813232,154.2506090226101,1.0217098124504702,nan
128.4330288567473,195.21454761654374,1.0217488153115963,nan
120.38272567460405,236.1042966244871,1.0220187030984498,nan
134.94647310323313,229.49543613605613,1.0220247539147538,nan
18.29383892727496,92.16689721351919,1.0220493324410906,nan
13.296332849924951,84.09002389152006,1.0220516906871082,nan
185.42896431695593,146.03595499877815,1.0223079978176897,nan
142.823115399675,243.29188907003416,1.0223763374104728,nan
258.6138271954229,80.47222738830199,1.0224911820622284,nan
122.06165046644487,197.59518498931143,1.0225085831804266,nan
32.93129362085824,80.80294010087434,1.0229344438739396,nan
192.47158552895218,157.04171493347005,1.0230458619905727,nan
145.3130512734513,227.34696652023035,1.023141473790947,nan
28.138011195767746,97.15122329535733,1.0231542053089848,nan
148.73963682201548,229.52847672958072,1.023181530237459,nan
248.09563981814728,105.8561645277634,1.023195896219494,nan
239.6422406758584,114.43501039215671,1.02320693842921,nan
145.90277449303437,220.40338499447708,1.023214551597516,nan
245.28859686716837,106.4333343473706,1.0232395536334158,nan
18.892176341594087,87.85614266307624,1.0232692064333702,nan
230.75426665762325,251.6389603856903,1.0233029068008657,nan
25.718890881134122,233.55890554068768,1.0236118215786945,nan
21.59205524166637,91.91105205491193,1.0241917101900926,nan
241.1001465195262,108.49090109501478,1.0245293487649156,nan
110.26133937458302,63.239177330079876,1.0248607102209475,nan
139.93535252004347,143.9161098931822,1.0253612742312943,nan
133.5299483981329,135.22371757406097,1.0253671238054352,nan
123.3601907937562,141.0010378251166,1.0253776659477547,nan
123.132648822839,137.09227662470056,1.0253786158322395,nan
124.6242489159204,114.46834117433619,1.0253792745920998,nan
130.886958396727,135.60972707508995,1.0253806762657014,nan
115.96661926440244,142.91522789299668,1.0253998818644887,nan
31.720122319642876,85.76085162901467,1.0254107564354045,nan
130.1258191641583,136.40122011392813,1.0254371339057755,nan
120.18343197136255,133.93939449214378,1.025442168865669,nan
130.91007632423756,141.5046080299647,1.0254540418920184,nan
134.63232503092001,143.72770971073953,1.0254610497819978,nan
126.00680593580468,135.0697225610396,1.0254699358605344,nan
12.763205718344853,100.17874578082294,1.0255449752139736,nan
131.4814429174988,134.67526351895083,1.0256229792974438,nan
184.57596570881773,152.99329509302393,1.0261806070323787,nan
121.82766136660766,140.95116050370595,1.0263090751867683,nan
100.81375766838003,133.9016450775767,1.026687062885096,nan
92.78614241957162,124.76714114184922,1.0266969708921083,nan
106.54324421001344,122.54215500764407,1.026722255003658,nan
126.6674818758555,145.3541203637316,1.0267436301382216,nan
143.95146090506216,236.79572292954987,1.026926370793571,nan
104.7882015207671,113.27303501924534,1.0269874110501136,nan
127.62881815756685,138.962992994611,1.0269946413782312,nan
126.22020710902507,49.342637308005656,1.027066189675157,nan
132.09290156722687,131.91736462531222,1.0271153633784456,nan
110.46424659294064,123.96990961355795,1.0277746683112308,nan
245.31236365255108,101.69996457916208,1.0278161562636698,nan
104.13835826280193,121.17989944195241,1.0278218047123122,nan
130.17782167280183,132.2480290616021,1.0281618079602217,nan
52.88128751724852,232.67585643310375,1.028519571210052,nan
106.07622693418615,157.08786815506357,1.0290832618814072,nan
127.9038722922843,132.3036165249054,1.0291308599878408,nan
97.04759445071424,126.226163381355,1.029134405898688,nan
146.11533027367514,231.6355542046496,1.0293881678084356,nan
121.11784423358498,56.8208047975867,1.029485494845046,nan
30.537542441004298,214.85976755497026,1.0302251560824875,nan
49.90030261587654,181.52920790017825,1.0302493563939998,nan
134.08632967428892,165.5412696725578,1.0305196950601359,nan
127.7460442954524,153.2823720969967,1.030579722979572,nan
129.19098376054666,155.12506198234047,1.0306190827074886,nan
143.60863930525494,157.81050436703964,1.0307640935598092,nan
240.50079706532844,116.1412518538084,1.0307857210562357,nan
133.43876536451012,162.73576256606685,1.0315275264972015,nan
247.08977009620637,114.00639277609294,1.0318889588083324,nan
213.24720722109606,178.36957700840952,1.0320297000631307,nan
213.8160054233133,171.82817525154533,1.032060260897556,nan
209.55469586705814,158.84919645661918,1.0320817579151313,nan
21.373744102939643,86.65386441745812,1.0324533111535983,nan
206.81136940369996,177.88433828927185,1.03247884496979,nan
96.61631031004028,123.9393456583891,1.032904052682416,nan
14.864036576371591,86.59628753002725,1.032906772534464,nan
19.221862839570075,89.39892371044368,1.0334188085825624,nan
129.76371039101403,137.52254028127362,1.0334755262925588,nan
130.9819704818878,228.0592835376468,1.0336106316655316,nan
212.79343933927123,182.65875894432264,1.0336371026371225,nan
103.26589186861008,133.20391860287043,1.0339093502545529,nan
125.08431070880799,150.37801591593876,1.0347706746101373,nan
22.95123294651119,93.1393227359444,1.0353050994569812,nan
130.44923391740136,133.6757142617415,1.0365863705092129,nan
139.71297287303946,235.010233082155,1.0375595982355375,nan
119.15152217829294,44.0753902140724,1.0376636941416253,nan
129.90037520336892,41.91897468011237,1.0377270459221912,nan
123.88376636076778,40.14771806469279,1.0379863883363356,nan
38.22248139815889,221.77935147469503,1.0382341673109543,nan
120.35374170104735,135.19374992708552,1.0384158126616854,nan
127.6605603693582,131.73377387187776,1.0385395433650395,nan
23.765451944061233,87.0312772910486,1.0388046806890416,nan
215.66811292915284,172.09846978265338,1.0390201123173965,nan
123.40918953556117,69.4481145575945,1.0391768316751897,nan
18.4438579657758,226.39732787832125,1.0393896871759725,nan
123.28664061130394,39.688395635049915,1.0395992996601393,nan
141.96819893055056,221.0842840982186,1.0400045067302053,nan
214.90393570612926,175.26898849991977,1.0404163865751825,nan
148.04011449429842,38.616250355527086,1.0410165933720588,nan
21.56160550511538,90.48068477289972,1.0424481745654872,nan
69.21195496368902,154.188274295931,1.0425021410889506,nan
69.22640609118416,167.39162475374363,1.0425470227312563,nan
91.9272163116985,42.811793702147305,1.0425768584714075,nan
83.29637109358576,41.203250384111946,1.0425948405789651,nan
90.69612367750251,29.992118928498893,1.0425954335660808,nan
83.63283591711851,47.9424640279874,1.042607702155538,nan
96.72704948246111,41.720680124714704,1.0427396000558864,nan
96.23065029329483,41.13330373109633,1.0431952542130782,nan
84.89040405367477,45.113289249178955,1.043201852655483,nan
88.92376060115589,49.93421330139261,1.043213988590418,nan
17.285530013797164,91.64715176677542,1.0440512857768518,nan
237.91842840066352,116.17988161855439,1.0446039425980176,nan
243.72268895729286,110.5723879528927,1.0447163004175863,nan
136.604918042167,53.56681611071338,1.0447320643568476,nan
124.7047775587055,137.11101027412357,1.0447914192560508,nan
123.68695188339035,212.22916929595604,1.0450122717396437,nan
130.63659185998742,222.33947956326944,1.045030514778373,nan
130.63247630681298,207.4966355139198,1.0450319501240197,nan
120.62090784698964,221.6969585122422,1.045042507551186,nan
132.8178587684605,218.91653322134692,1.045079055464957,nan
131.28883774101828,216.6300910618344,1.0451056752266825,nan
244.59524591867037,108.88457253371669,1.0451462082166312,nan
59.70043533347169,157.74529312628073,1.0455224481343695,nan
131.1710642965475,204.29770662091616,1.0455540586648358,nan
135.77236675464135,215.559823401832,1.0456901082166743,nan
121.18936186860758,49.02738309516743,1.045754599555822,nan
125.22628302530208,131.56257599978048,1.045780827625303,nan
1.3138263120450226,7.404605381290651,1.0457955114032818,nan
4.969450779098357,18.811400782651706,1.0459670318021823,nan
135.35409596020543,45.247929334558876,1.0460128209659698,nan
69.17247405183325,152.89534683293553,1.0462772656245851,nan
243.20090241949546,111.25135656256796,1.0467167839476021,nan
9.246716966154004,7.816881363370374,1.0467266038248326,nan
91.72386259985021,38.41253337208913,1.047030869763944,nan
131.40682462639532,121.881841712398,1.0472190719758145,nan
185.82366101026622,56.577743479913885,1.0477376264698768,nan
244.57249708473222,104.86836727612283,1.047915909052639,nan
93.10262066939198,43.777855678336515,1.0481026678308243,nan
117.57713766234679,153.67027008561192,1.0482625313115528,nan
-10.802391292343817,11.593978076830552,1.0482864803479368,nan
143.21653897329895,228.20575433411386,1.0487928298603297,nan
2.601785221358243,4.1878550778817845,1.0489208227551163,nan
180.4279066459302,39.396473272050464,1.0497253704412286,nan
196.3148435809755,147.03337398456785,1.0497482390437693,nan
86.28125328495108,48.725671926632806,1.0497607998511187,nan
183.13720601056545,46.509105841575185,1.050194936961572,nan
62.11784462053062,149.0636849392128,1.0502071275694131,nan
176.53357525375532,45.90427623329185,1.050238865458432,nan
190.06163886313533,50.43672732689393,1.0505012971639587,nan
189.48926893278784,54.598153058150054,1.0505880373433396,nan
84.85397265034814,40.56303460225385,1.0506019897591272,nan
216.3999426327097,176.19506991402133,1.0513788878029027,nan
152.04552806125335,37.53913836807163,1.0521056615707356,nan
124.2545239502664,138.94229509961374,1.0526970285042196,nan
180.70514391940148,47.11886277545679,1.0528168958944188,nan
128.22931104545282,158.83608809245544,1.0530202875038723,nan
39.46265955532556,97.87047925681847,1.054567256019552,nan
40.57793965679197,94.25239450604928,1.0545680979505427,nan
35.74335765505983,92.14540729659173,1.0545701536096608,nan
36.32964230834639,104.60822134775742,1.0545831792218197,nan
33.61850124156763,101.38404031846235,1.0545891326629773,nan
38.348631380782386,98.87344549827553,1.0546209519882241,nan
80.32445113542333,41.021039158573394,1.0546695020503858,nan
77.4167806790073,32.99552564892098,1.0546702485327875,nan
73.14739343638622,27.743502333101063,1.0546785659441065,nan
87.64246543652565,29.43986574495188,1.0546824940221453,nan
25.690387170280022,99.47004910351397,1.054690554131007,nan
88.82708640710277,33.52974616809807,1.054708918671435,nan
39.51767059206187,103.01913013922393,1.05471859905624,nan
85.93249247110352,31.693459073761964,1.054783977617421,nan
38.11486122900274,97.11744247481737,1.0548788967577825,nan
33.08531435646971,97.67622733435525,1.0549548148544097,nan
40.11490782261606,97.67540191439153,1.0549742181804513,nan
84.96227147322634,45.13250373083247,1.0551467794186773,nan
86.17295515805625,40.0030686536585,1.055489817896631,nan
78.19555372589836,27.082496854790584,1.0557680248523242,nan
109.94065183799059,126.20827308881645,1.0560895965514276,nan
41.09516764244073,103.28859847661133,1.0562528336353374,nan
74.13836335808551,117.0986824707342,1.056719308007329,nan
71.93897871624189,127.69316911137301,1.0567436431152255,nan
69.73545470267386,114.41812225255921,1.056758698259559,nan
75.14654247684382,130.59640105969723,1.056794963563768,nan
72.83437987413234,117.04926911673496,1.056803763466891,nan
82.5616477014949,115.90846271146839,1.0568278788869123,nan
70.8981847954047,118.02747833757401,1.0568363371911784,nan
74.97211154601362,125.08527716329716,1.0568844415988485,nan
66.84862531853855,123.79522353972817,1.0570082450245237,nan
80.96502507190134,117.14450154700239,1.057174370999538,nan
133.4675947894685,211.3428118086409,1.057176409594625,nan
137.20064668706559,214.00090198029477,1.057179386229953,nan
195.12009546743732,198.19690114514722,1.0572037572882567,nan
136.66719674182175,206.5542854396551,1.0572044179500981,nan
145.7166412095699,27.986628446251004,1.0572095510978299,nan
142.03201594936615,213.9013040223634,1.0572111805758861,nan
188.86826901393513,185.80099783613804,1.0572402848098257,nan
145.99024349204763,211.50019228709903,1.0572420215587885,nan
198.85614435410224,186.02457490140011,1.0572479031518853,nan
1.8323014404890374,5.090120852425177,1.0573315749901417,nan
123.31669200614837,146.54192172418215,1.0574058351858489,nan
130.0969851642585,139.35696939487087,1.0574345217597823,nan
71.64848259273843,126.15242915650656,1.0574559584436414,nan
128.64284236044605,143.05971731388112,1.0574858405199778,nan
126.59869423583417,148.35414283248107,1.0574974298807787,nan
73.89656884995583,153.90224415696258,1.0575149773947876,nan
142.48561966400032,206.6464670332889,1.0575267776318975,nan
184.16012419519444,179.23063075934755,1.0575447229277053,nan
124.40226898955352,143.49890543850165,1.0575981345535717,nan
68.38900098203882,152.57078576764926,1.0576002350940243,nan
132.71952863877837,147.98509596749068,1.0576576466869019,nan
186.04829355339626,195.00653171877107,1.0576611606392854,nan
123.22091769977135,149.21021918555482,1.0576712276424405,nan
183.18414101640968,184.18075842109963,1.0578008155025154,nan
188.69829093466595,195.89268621598384,1.0582020833873973,nan
178.00905957395875,47.48579644054021,1.0582380290175217,nan
34.07546327324048,109.7173726958484,1.0588185279706326,nan
90.8401977416777,32.39952373533875,1.0588320416274388,nan
117.97218316910049,118.64156939692913,1.059239739794075,nan
115.91105968888547,119.59647300670447,1.059269768105048,nan
117.11672727379514,133.33299662756295,1.0593958862765782,nan
122.13932799028271,128.7695571953014,1.0593967194325218,nan
109.39866990374534,127.93266238457345,1.0595024551351049,nan
108.19401294283432,122.40474990090011,1.059769882565202,nan
104.19806428717364,118.51008469234316,1.060413714132445,nan
247.62162901624856,75.54547554723668,1.060486116188013,nan
233.5807829910353,79.73699638533772,1.0604960289565004,nan
234.9364730614178,65.19896804961657,1.0605053882191648,nan
244.57928935223205,66.01880348740377,1.0605092042718016,nan
249.55944089098253,70.1128523120606,1.0605702047729615,nan
129.89572973446508,200.50637153265663,1.0605714144897662,nan
69.85893311250157,117.27157577315035,1.060592811653001,nan
241.11406312265663,71.71560832359393,1.0606422042190373,nan
82.04840632319923,117.0388135904566,1.0606761155248592,nan
250.29183094480078,74.85308769978833,1.0606910151666842,nan
246.29219010531062,80.57629707310478,1.0607991358152369,nan
85.21621185994091,40.22572683053074,1.060904339129226,nan
247.2620750443724,69.59410879693796,1.060926874344337,nan
35.94859138985365,102.76238102812424,1.0613263236758765,nan
247.87488614144385,77.13096738936069,1.0614480897553773,nan
248.91667128295154,104.99954923830897,1.0615357755978017,nan
67.22920412163975,114.95298301965839,1.0615881658540065,nan
240.18188515719507,71.85237729381822,1.0619528322230922,nan
252.08356029006356,66.2862287414915,1.0624310913590242,nan
133.6072107736036,207.81882188340327,1.0630404586508124,nan
65.45935831438553,158.3644397499332,1.0634389156343302,nan
209.61004675183668,190.6894737865586,1.0636666292489256,nan
201.60223944286253,194.04696954165144,1.0636732013317638,nan
206.08001891270516,190.36623642333728,1.0636769963359416,nan
212.3300879658291,182.85619434754986,1.0636943081553816,nan
199.9297158960521,195.5661461091166,1.0637234424196722,nan
77.59815775007888,35.55210894933355,1.063776067208074,nan
199.48033378632226,195.4981071311539,1.063895207045136,nan
248.6166165347077,74.85819917945751,1.0639509162851688,nan
212.13712138240354,188.91559082658156,1.0639856815042885,nan
71.78516230940814,115.6487461709846,1.0640016474931862,nan
246.46054717373588,66.0283967257062,1.0640318564286877,nan
205.52936527702934,184.75180223771318,1.0640671412409013,nan
242.97858559457367,111.0609985198402,1.0643575664528762,nan
203.1263198133583,189.43139884436079,1.0643627790825358,nan
200.54361973823893,185.30667573537778,1.0645232947158418,nan
175.52393787006332,45.73575271030541,1.0647523140905635,nan
202.04425132283413,201.36441004141508,1.0649584025436376,nan
34.24713006805674,98.29271677406635,1.0650463375528134,nan
67.81718205607604,157.6439000197087,1.0652274237675359,nan
202.89357960855938,188.8693160655796,1.0652514885018953,nan
108.93093333840716,128.43561026386737,1.0655744091544488,nan
207.43756513982373,192.13054462023126,1.0657681014141067,nan
30.68894347637948,101.07013723342291,1.0660739925601619,nan
181.14277693144345,47.08437128817342,1.0663195346571617,nan
241.64029880638807,214.3313285052603,1.0664592756498996,nan
120.1172151021122,89.61974554093634,1.0669522880721891,nan
113.71715578252729,95.26808050427056,1.0669585199451301,nan
115.63372338986254,95.63943643137098,1.0669914516276553,nan
103.2146155865652,105.01588349849939,1.0669980377946588,nan
110.61953489422314,90.98232294333773,1.0669981661628014,nan
111.02158125777812,89.58410190336534,1.0670421572199422,nan
118.68768073723358,97.04482258544608,1.0670736407764516,nan
120.82707017272122,99.68635946402611,1.0670790099850298,nan
129.48062270352784,96.11832157237282,1.0671218253774666,nan
134.27888394171438,134.99311752425356,1.06740885532473,nan
113.76101669422714,97.57134999231491,1.067532526406068,nan
82.13967842971029,38.29472664861151,1.067775185822861,nan
67.22615291314041,118.94268860584599,1.0678742908049026,nan
190.3210951865862,189.90064128673475,1.0679549892626268,nan
122.66753864137361,73.96324678356194,1.0679803608942646,nan
189.80330780165136,175.20856071143356,1.0679862442462988,nan
116.98299669839417,59.027841149002846,1.067998800598127,nan
192.4883237641677,181.16046352307663,1.067999149214884,nan
183.57385607589677,175.23271942685327,1.0680102622460097,nan
123.28509947095509,62.22229913182699,1.0680260798905328,nan
197.4317991856934,175.4995196218985,1.0680278614263963,nan
124.55414706623309,74.1169940937892,1.068029880848311,nan
192.4308104453544,181.91395570109947,1.0680818982387377,nan
135.0551733190921,67.03965199089531,1.0680981138088905,nan
184.94568260096003,180.28703543494868,1.0681585492352794,nan
194.97454297935084,176.71332728357663,1.0683117133727063,nan
233.60071072928008,70.5060149002405,1.068467238726545,nan
235.17886847234678,71.55447747317456,1.0684714890585412,nan
185.4297562004758,179.01084223695264,1.0684834401936882,nan
227.63492541491263,84.36329610441778,1.0684962145779298,nan
237.30631045577343,75.67040105985848,1.0685053955209611,nan
36.11874688003324,105.70548620479637,1.0685744212277837,nan
226.524924385834,79.93125582137039,1.068593052058348,nan
228.88178586321354,80.18541874468575,1.0687512876544603,nan
139.19026786583976,208.6099703812753,1.0689989894957992,nan
233.51116205369595,74.15639161120056,1.0690342366630587,nan
187.09584214094596,181.5153422248528,1.0690457680935366,nan
102.70577935746327,117.3845045214603,1.0690895473088073,nan
204.77056945007092,188.7295709605826,1.069852902405485,nan
212.0374829404012,184.72861409777252,1.069976375853262,nan
188.08759679949213,173.28156894411174,1.0701396956707139,nan
242.98898589344276,81.8823127902401,1.0702618880752388,nan
126.04502706482322,189.2327752947303,1.0702929789775324,nan
203.96934067406002,192.55645815861055,1.0704510100629459,nan
185.91747928008388,185.18965026199595,1.0704913278461656,nan
125.072473224496,193.54277056835454,1.071130548648351,nan
121.75097914889517,98.80327701388335,1.0713400148312993,nan
201.82536626635007,185.50665215373203,1.0715260896506609,nan
207.48726851052606,174.75745025908546,1.0717821716071072,nan
79.65347755935382,113.12967564494285,1.0720608753075176,nan
123.19203485607896,191.4310292532292,1.0724673668165974,nan
69.41190096652474,127.81484342121152,1.0728107035452186,nan
36.43614226058655,97.82060677843356,1.0729772996366789,nan
146.5862314910167,202.21475235557793,1.0730296708739009,nan
4.930993696798905,1.0366143810846562,1.0731960812716743,nan
178.96806480278522,48.04221271482232,1.0735175228481117,nan
200.29298560542324,190.90446499271735,1.074099500078073,nan
123.66413454763628,3.6995369593818954,1.074290321258414,nan
114.87529153202104,115.82568706991228,1.0743392565754237,nan
120.36316494064334,8.904302121679853,1.074481076718593,nan
229.9989709850947,74.73284973472266,1.0744927634360226,nan
188.18837780193715,190.236135946135,1.0745077893582171,nan
111.56859207014936,118.92123166128866,1.0750630271710304,nan
123.00291328249266,188.43253771912748,1.0750763705733535,nan
129.76886527088115,138.00744489339152,1.075399863635409,nan
230.46615988795807,70.75320891250057,1.0756718172985187,nan
243.9670389752603,63.96530740552225,1.0758269325402268,nan
240.94221222490688,76.20164473996634,1.0761872119853755,nan
67.74422644366265,121.67388753055911,1.0765034125376152,nan
77.77451879401616,36.15625605472029,1.0768507898812478,nan
212.05185163748777,189.6688773550958,1.0769752272214304,nan
202.0894885658956,194.3890082008465,1.0774077742058494,nan
126.84218202392775,-0.6782499057246819,1.0782097834434974,nan
248.0555058469959,77.36868209551777,1.0788182135294104,nan
240.99649048684657,119.99147246540441,1.0789321561549374,nan
119.63981303422071,140.322083352454,1.079765987198087,nan
107.21981034335083,142.29769555006604,1.0798731728259048,nan
119.85186153236963,145.39768460044053,1.0799020150718701,nan
112.95926496575439,136.13452628385204,1.0800362081839148,nan
116.94930421655067,139.11289476011726,1.0801065897536013,nan
26.010877465464333,132.15173539159238,1.0801806930785998,nan
30.246627837783127,125.57877658291234,1.0801843069530657,nan
30.621856236724465,126.80589702377054,1.0802245188968094,nan
18.288300676370124,132.52597518615295,1.0803632644212295,nan
124.08512406661049,65.27304502381213,1.0805455372936255,nan
24.544504767624954,134.58747449319168,1.0806110340619919,nan
166.39914348905452,29.777068843245655,1.08062468569172,nan
156.01882611793414,34.640705362421485,1.0806313627556643,nan
165.66341173621308,25.86672565544567,1.0806480638373055,nan
167.69735043005832,25.405127409653012,1.0806743914032868,nan
165.40019627163463,21.71944785679023,1.0807909508768305,nan
28.54744026553196,127.14441177509912,1.0809684954872476,nan
160.62261817421384,27.973801756047592,1.0810597279375818,nan
210.99202113963915,188.79930079377695,1.081163207839678,nan
166.62410749952429,32.804202729577874,1.0812007756944801,nan
116.7738750805216,142.932653404062,1.0813187696342461,nan
93.39940043292734,115.5453035047864,1.081534842140387,nan
98.67767704204839,7.121741655819403,1.0815622876472397,nan
89.47714212562649,122.61420026538975,1.081570735129572,nan
91.96776237721502,12.28252814294928,1.0815724175685604,nan
87.84470826475922,121.14933773813003,1.081572951450492,nan
96.7875151651464,125.34688514212306,1.081590253045076,nan
98.02471318443669,112.00627038104291,1.0815905209648762,nan
89.22281806637692,114.61039915863962,1.0815919924780588,nan
95.64155656103776,110.30369566526969,1.0815923001645447,nan
88.49886239427177,123.91361123933316,1.0816232186022887,nan
86.84270425937234,125.74234132846182,1.0816360282177901,nan
91.51405455079893,112.29436529004681,1.081664927902428,nan
86.62457302042588,122.09351566638026,1.0816671120795858,nan
155.4290468038726,14.140069721013749,1.081679177526404,nan
87.56063394332381,124.22296757270254,1.0817803063002633,nan
88.49967523411442,-1.1173666028281812,1.0818600797654787,nan
95.89691773728202,12.308314240165984,1.0818849930413692,nan
174.91802427656978,32.3861341602645,1.0820676558913493,nan
25.700745824665677,94.55895099607419,1.0820771997671914,nan
244.43789610174193,71.12298678344668,1.0820869654412528,nan
87.84095153100478,126.27684408370041,1.0822755199348262,nan
195.46185399514434,188.45523958377828,1.0823345713010435,nan
24.74350051820053,135.0647076007965,1.0825084802267675,nan
207.93113286152817,173.17989503803685,1.0825846926560148,nan
90.7553981961323,115.52452896333315,1.0826625712052276,nan
169.7566966355431,36.04495187571039,1.0826679551464322,nan
95.55583145257387,39.92383261874791,1.08275719378726,nan
111.3736592169989,72.69410476412169,1.0827705470414082,nan
109.84781991059687,87.91679972370702,1.0827965115053384,nan
111.6609505730716,85.66681193940373,1.0827973134343534,nan
107.29041182498743,81.56048902282181,1.08280243601302,nan
91.71047394414686,115.08848768527187,1.082814584335608,nan
119.86959755207434,88.22416285144266,1.0828249320581338,nan
117.1804008456496,80.31248968652098,1.0828395052129753,nan
136.42554157053794,209.0637829763453,1.0829447750604462,nan
108.39904935038005,115.67569179471921,1.083026418851632,nan
89.51478372995943,115.131186186268,1.0831701968329377,nan
114.05726527267609,79.88890667580088,1.0831722575687244,nan
246.51702382467124,76.16883141595358,1.0833708428809867,nan
105.88746853956698,78.29616879338059,1.0834598797480142,nan
93.52320727832995,118.92092074985536,1.083480731011869,nan
93.08257442184568,9.769086579167466,1.0836955988811046,nan
179.18815241570982,46.96430821278253,1.0838865676387863,nan
184.46888525144496,174.68325098421687,1.0840755420538875,nan
94.82754640570002,118.16271937841604,1.0844638088401277,nan
5.442187787609466,10.820461604521059,1.0846714201729368,nan
91.57694853499898,122.48668108819764,1.0846898288429592,nan
126.5179357779008,53.01128392747704,1.0851878131620356,nan
139.63769638716116,204.69946963455274,1.0852693521119967,nan
126.86149946594718,144.0379186457288,1.0852785949027406,nan
28.828032031084426,128.56140123873385,1.0856104033028648,nan
66.6492034306661,124.33455957928633,1.0857581465440622,nan
91.69053493051452,120.08626744033853,1.0858439280721393,nan
28.82011493326415,125.80275805583067,1.0859035491198197,nan
47.56053907667769,83.61870178155533,1.0859172188106196,nan
62.48925567069479,66.89309284295712,1.086030443085993,nan
33.5125267353943,212.68938354010578,1.086034502166931,nan
31.783099974595473,134.72744721954328,1.0860496908056119,nan
46.88481807055028,216.0549810978095,1.0861645594473508,nan
57.78704713854141,77.15785011090107,1.0862165410134335,nan
163.47506365872354,31.29959122746922,1.0863712354829838,nan
189.96113517528718,175.22359627550665,1.0865655331741693,nan
198.0417352123967,189.11965816446858,1.0870903877283808,nan
113.61852067758795,143.30809545735303,1.0871536398713597,nan
242.45850829975305,66.163197493159,1.0874189209034364,nan
220.64022901201062,75.56707356275349,1.0877496726555185,nan
203.90475354808024,193.47885540815201,1.0886739486367456,nan
164.39491408106605,32.58161205073161,1.0891462138479773,nan
117.06484583852166,78.70494668777275,1.089376824823224,nan
160.95799430374223,95.53586954206715,1.0896932657970615,nan
86.1995623971864,126.41744981973613,1.0897033737565798,nan
170.40164998014416,93.25376557070382,1.0897159709502675,nan
166.65643436428942,101.98916918297006,1.0898100694957478,nan
169.35076343803487,96.12829602344274,1.0898471758367396,nan
98.89154175330656,14.508288787731276,1.0899224827913057,nan
169.00959841508345,101.58666823341,1.0902751030007942,nan
239.79726983922748,78.18312493407709,1.0904008099950147,nan
29.383575021991422,215.50672111724336,1.0908210692324931,nan
162.60116394570107,30.01603969923612,1.0911278407860032,nan
131.80711383848248,152.01622911228665,1.0911554856775814,nan
165.9401254800277,90.03371464936501,1.0912979882454987,nan
28.843864302366335,108.69068477197813,1.0914148206991365,nan
73.01459737688715,118.26605527132965,1.0916341835185779,nan
72.5436447718175,140.3215974769095,1.0917681345863453,nan
95.03660613342892,10.842901583561375,1.0918404713488634,nan
89.69211083879162,53.99229884293334,1.0919332735440612,nan
85.94578073411378,51.19793483776396,1.0919535789273807,nan
92.05948974338511,46.51552089089516,1.0919972007686798,nan
181.3548296712169,170.45684322369235,1.0924996902612651,nan
92.13305492660498,125.46568943837724,1.0927618899539795,nan
186.82787129097443,49.2725522855199,1.092828281113669,nan
87.74527066371375,124.21751067058122,1.0929116476229497,nan
160.4605476878569,31.06715624900816,1.0937227810978178,nan
207.21969841422697,181.33235145434867,1.0945643663480342,nan
88.55221822702916,123.51146530605968,1.0946244754344299,nan
114.24441546076525,101.03967423768766,1.0947288232469747,nan
45.714446736235864,218.38585444279767,1.0953765480588937,nan
171.49236881632413,91.72536545422703,1.0957254021283187,nan
172.21814922485518,94.74674178300802,1.095958207253894,nan
33.51031716083242,211.16190175146883,1.0969610266383953,nan
85.35846033868191,56.81709364935705,1.0975937849878266,nan
65.59670991114703,119.77356171154047,1.097899835189353,nan
98.7410987953815,116.88277547269443,1.0984689990440508,nan
73.15148655488623,126.69422551233339,1.0985695333464556,nan
165.22745593376123,86.41036276828906,1.0986297374077818,nan
212.79577775943164,170.7369009161884,1.098754836988016,nan
209.8794110135593,196.7833195865458,1.0991153098731923,nan
164.22481681072003,100.03981973769771,1.0991698184508465,nan
169.76379220248964,87.56000047511134,1.100046616409216,nan
42.526551334265235,41.6314536142871,1.1002412651914406,nan
44.372608379744264,50.253472580364736,1.1002490229473696,nan
46.687833277041136,57.50976015139835,1.1002873782094902,nan
57.308212059149504,38.10818122534824,1.1003842082718955,nan
50.0277606290548,46.12193703090637,1.1004506475249516,nan
65.38375621408123,248.2206828884432,1.100537920930287,nan
68.53901553437679,239.09787332292544,1.1005401862562687,nan
70.56093255904462,238.63329588777071,1.1005415041937632,nan
60.40835057849026,240.89540044789481,1.100560739335841,nan
70.51828380117601,238.61840952525853,1.1005663976711006,nan
68.81234455310604,241.93342060502533,1.1005741746249627,nan
57.88929862771779,238.39208911163638,1.100599582146412,nan
66.69682282347077,240.32137680635188,1.1006720247120463,nan
65.2449396915398,234.45892985775896,1.1007464062224528,nan
46.02530122983474,56.36086878243885,1.1008132697400315,nan
33.54228961090809,209.1932392028278,1.100878458321011,nan
87.74490919411214,61.433057582000735,1.1013086822179292,nan
82.59586976844983,118.58289868946683,1.1013895114535437,nan
83.22564110701241,51.34748544725045,1.101404920090392,nan
95.89771829354017,125.35842910157113,1.1014795884218163,nan
63.58463642175836,236.5265774533812,1.101671686366758,nan
198.93888726486134,175.44051501171603,1.1016983199163684,nan
161.24637927980817,24.826896982352743,1.1017954707557556,nan
200.45735224849187,192.9882834134046,1.102017394411433,nan
195.04380577941487,184.30503381349905,1.1020236372367114,nan
59.407221529848826,248.69742419451677,1.10209263402159,nan
250.87140042235654,175.28105660922478,1.1024435492007787,nan
240.9739422181283,169.34393272553118,1.1024565511368136,nan
248.34163453373804,178.7154276473756,1.1024582620011758,nan
257.21572533024175,166.57345524670208,1.1024599324633257,nan
248.9520272716168,178.38355043413762,1.1024732293109132,nan
254.20910553728936,185.86566917346406,1.10250495315885,nan
242.54017590500146,176.55495962357975,1.1025339770821203,nan
245.69754533525006,177.31773504828817,1.1026164968049463,nan
254.0107117063272,174.72665290561716,1.10266666142347,nan
183.6502024408214,181.45020851511217,1.102970031024807,nan
165.0095623297462,35.2613057229047,1.1031766834587928,nan
69.71187174888436,243.21246215685485,1.1036176450745045,nan
168.22584296276926,94.48558531954554,1.104037466670173,nan
88.76782885413849,122.53019437320955,1.1040438814273146,nan
164.5267200266485,24.486132873354652,1.1040501634142261,nan
110.61832756579149,8.982545173366416,1.104421555495217,nan
29.529780544716814,218.7089455824029,1.1045008982490219,nan
86.6146994444293,49.7061067841572,1.1051199484619572,nan
56.125258278342685,50.194151515879966,1.1052883444315411,nan
46.09372706656107,46.13999381778544,1.105353249139669,nan
249.02182736215988,176.8715149245524,1.1055364330592288,nan
235.88077821042762,70.8867073966475,1.1059253354759166,nan
192.58082654861394,190.76560627004804,1.1061729327954568,nan
89.04407682522502,11.296083126754656,1.1061818986126353,nan
105.80754032379916,87.77054657992117,1.1064592786366354,nan
109.14474801644114,123.46335586999542,1.1066702609583976,nan
217.03338773651674,49.94792658654433,1.1067453133842564,nan
210.046430724346,30.603850993700462,1.106745815792699,nan
215.45515919346602,46.727864354696884,1.1067458925716218,nan
211.41766514704042,40.09100200629361,1.1067512766752456,nan
212.21272048401102,41.86964961011079,1.1067513131959106,nan
112.4139605221221,76.59931373745485,1.1070088795886273,nan
214.35168181488305,40.512747410569254,1.1070920259366552,nan
178.47655795734644,96.46974524995603,1.1070981340352113,nan
47.58317200148183,41.54704533379527,1.1071080232948542,nan
175.00327080899044,99.32017655633425,1.1071491182241382,nan
122.45179496020842,7.0587363384151285,1.107434429040981,nan
216.34595833326668,38.380799257240035,1.107594902001404,nan
41.781576873511874,51.83243491836087,1.107844322907658,nan
51.475532461776034,48.02105683734205,1.108166929014193,nan
62.593828835456364,158.4543284012193,1.108183758042942,nan
21.003310131257162,97.1853087709057,1.1086880599484044,nan
237.87543318973772,205.93403461721732,1.1090189248769977,nan
235.31680668157716,207.33840630312827,1.1092310143412252,nan
217.60939867269795,48.004968606008084,1.1094237454486133,nan
74.10315177060484,227.37115087042423,1.109482379911964,nan
247.94082701788196,173.08582266386716,1.110268636207575,nan
105.59883700942855,126.87724106615497,1.1105399034293697,nan
230.523549515285,205.80530015543386,1.1107320013422814,nan
68.51170309046003,238.4184540259817,1.110937021959551,nan
60.04026027194127,238.2143699288387,1.1113883884163653,nan
227.75984398558023,199.71137025648036,1.1126110516802987,nan
229.0424841936073,192.32914461614385,1.112623244235827,nan
245.3653243152236,170.35164020814233,1.1128304918044034,nan
45.38418343918975,152.61932145962362,1.1128799646755414,nan
49.979463687531315,150.29819665467338,1.1128961936572495,nan
229.64756334683332,191.34316578987895,1.1129413753988655,nan
49.35416318284738,149.3906510082882,1.112952588968882,nan
44.23815457231926,151.65382396764073,1.1129718215316828,nan
88.29925305222862,116.92304326795308,1.1129753609260769,nan
78.70497510435187,244.0991344883121,1.1135306598691905,nan
95.65991681510296,10.728716159171617,1.113682440209062,nan
226.9586549994565,187.32427633005494,1.114506254823377,nan
41.896350476321224,163.477342924802,1.1146588648061813,nan
36.463734588371,155.67172684609054,1.114663019769099,nan
47.57230113747504,153.53654352180774,1.1149530414788922,nan
222.9044268985126,189.53513892172055,1.1150454386130888,nan
238.12578747153884,239.3035107142234,1.1150984153219905,nan
253.01086007516645,244.54672727706432,1.1151049554768064,nan
241.84842577668726,239.23060887537108,1.1151125320305788,nan
253.76357317987055,249.8907509331899,1.115163078823236,nan
240.3815293434298,242.596866449818,1.115175830551776,nan
70.42015802633682,240.62647767667457,1.1157157421783552,nan
248.10897727837423,243.53524251140075,1.1157795861579274,nan
246.66599725778664,242.53288623107093,1.1158062616715545,nan
222.12692594636587,44.607162012628834,1.1159112456721785,nan
169.1388288892961,31.006053132589802,1.1159399199771594,nan
70.91649019358958,241.43848095520366,1.1159460994343415,nan
171.1601943432219,34.118931330350016,1.115998925471704,nan
177.17730242776906,23.845910003678927,1.1159998788444232,nan
180.78301149354067,30.116571258465203,1.1165243509163065,nan
123.1051003872115,100.5797397682958,1.1168840989521642,nan
51.54019459757516,164.35069737977653,1.1171137282011037,nan
43.831768079926626,154.35681347790535,1.1172347969869354,nan
38.170313108486496,166.66116736069444,1.1172935704067337,nan
140.87399048528204,210.24876374194508,1.1175257446883518,nan
170.02423941735867,33.77101654493104,1.1181887755908546,nan
239.78387650826298,194.16567610316574,1.118258332089541,nan
241.20443938377144,62.23927166938728,1.118456059245949,nan
250.5119299727034,64.99932530623943,1.1184610464546778,nan
255.52629254360227,57.638879903090945,1.1184631853272355,nan
30.688357751985002,55.906143966003256,1.118478802667032,nan
34.64661934424934,51.312663036608,1.1184819110698192,nan
33.474287184611185,54.075777554061546,1.118484000321658,nan
30.833129334353146,65.96459304330244,1.1184845900352076,nan
34.94327122297395,51.845884290867424,1.1184928780035857,nan
35.36954232379544,55.29042350504651,1.118493326476814,nan
32.280876586630434,58.19240132438845,1.1184953381360832,nan
24.540166809631884,55.87102451288658,1.118497325938081,nan
251.13077755963442,67.58872062871805,1.1185156994467529,nan
35.611740721970364,52.97237123107629,1.1185288170239511,nan
38.25953778144965,61.694055313271804,1.1185505196984682,nan
28.091285046427075,56.81435861306211,1.11858782430436,nan
32.16621601261973,48.50515056395786,1.1186101579397454,nan
37.46870375753796,51.43539530797551,1.1186167476938091,nan
26.17415930340671,52.462112987583545,1.1186223291589277,nan
250.79344703237888,67.80269325514439,1.1187158214604225,nan
221.31755158361557,50.325855639979586,1.118764172925724,nan
90.338011211766,6.223246815468355,1.1188625861093857,nan
252.17703691632786,61.35622976315395,1.118919792103791,nan
241.88617360928902,62.10988187475787,1.1189557410440532,nan
172.13764911592753,28.67525875959218,1.1190070959478826,nan
249.41574153759692,51.824624873771796,1.1192897993367386,nan
245.54090464072772,61.37044667469662,1.1193574643418294,nan
166.93134111040123,90.64298679289861,1.1194387679900508,nan
177.13444758216417,31.514756409162537,1.1194825450881432,nan
180.01768467567555,42.37893223314753,1.1194899270666228,nan
175.82472297165052,36.55608849834173,1.1195248009936414,nan
185.82955623595183,32.92984667357255,1.1195798648632083,nan
240.79127382047903,66.11222609942386,1.1199522281288448,nan
246.5772144559463,59.27158358102728,1.1199776993937758,nan
245.0184529121585,260.0237130274032,1.120163803530361,nan
244.8329949950941,62.656116770647806,1.1202374191099147,nan
47.50171227685737,168.77995729391313,1.1203022053141491,nan
91.00233521787872,116.37062457458099,1.120350446909612,nan
195.15322196581647,32.461591985816526,1.1204324018945768,nan
249.35403087827373,236.52790639697872,1.1206091504680011,nan
45.99401050227625,167.16696760560168,1.1210523443246894,nan
174.41109166588708,25.820584485267574,1.1211529889053884,nan
245.57211822634912,59.46300207163433,1.1212319521607808,nan
34.17305531328858,63.91334941182815,1.1213244317459807,nan
182.74107754438154,171.33934248349095,1.1213559729059617,nan
243.72857123683647,68.58996800865883,1.1215056000087813,nan
32.79635512650855,63.25085901222229,1.1217922268526364,nan
183.8273009947822,34.45751242413404,1.1218138609714534,nan
213.11901064980802,36.265444158808855,1.1220184417930146,nan
224.93481399994658,194.8891795475898,1.1221157908001382,nan
48.413024098510824,169.16803801303888,1.1223363231777719,nan
170.939718828958,96.04738029247541,1.1233926924370994,nan
224.37163159474343,195.49262096738565,1.123486276056134,nan
33.45363445745712,59.09111300081191,1.1235228441795868,nan
115.50683432323018,39.49178507272386,1.1240232334106068,nan
34.677939901880116,64.18065256615799,1.1241621003624893,nan
213.93363318048227,201.65560229732029,1.1243000002091366,nan
203.41126004398555,197.726334514263,1.1243983676535625,nan
153.14211859567985,100.07335154034486,1.125239013536754,nan
157.11335765451318,97.90894001884992,1.1252467353654745,nan
163.0163502298858,104.59127891314428,1.1252479518731937,nan
139.89334691277375,91.46488425678866,1.1253308725818545,nan
152.18637369486945,100.67153429893858,1.1253520378203319,nan
161.44240866531345,106.72061481377952,1.1255657850963994,nan
146.81112007137656,105.24711232416594,1.1257359404643634,nan
38.881524638272595,44.89167852893354,1.125791868292297,nan
66.17137122776704,34.86160161442349,1.1259185596577954,nan
70.51388015535305,247.0076100165292,1.1259733708421373,nan
129.58555873265507,43.37813535012608,1.1264222328664186,nan
188.0730755007178,40.777471640955596,1.126952363065347,nan
114.05939430273338,7.271420943393816,1.1270142323925927,nan
243.61400046016465,243.7423616351385,1.1272001887377674,nan
45.94576015884796,145.79896966487695,1.1272893128891153,nan
89.56715923345034,118.75754882907628,1.1275943649322564,nan
231.38714088075042,197.84871367585058,1.1276488426451345,nan
226.77796737704327,196.27579666476328,1.1276795598444618,nan
54.28015344742217,162.38435018241725,1.1281688176915854,nan
145.84400601817276,100.57693881301722,1.1282161707317386,nan
174.02459498838903,42.83911786365853,1.1282265111827783,nan
236.5187445998571,245.40750912770207,1.1284876687212706,nan
241.93869629003993,244.4394137014492,1.1285256457055446,nan
244.98512366778283,67.12305936412511,1.1290501164699862,nan
181.37649549253618,28.34847856698935,1.1297994216606466,nan
122.82547353995685,44.491181535781124,1.129854436466279,nan
140.599051829327,152.9507370740532,1.1298607869668738,nan
144.8405132342641,149.20143555101959,1.1299045072789786,nan
131.88812336629496,156.64530728577833,1.1299300528393772,nan
40.956806909234885,178.76676879782391,1.129955434147833,nan
164.66836841033006,32.401347680576094,1.1300255381642,nan
243.10519415668531,66.64329716512498,1.1302397494827898,nan
146.62433741858246,142.89897503255995,1.1302815573299674,nan
146.74282551669629,100.98054556520006,1.1306785567297744,nan
202.76060519870194,211.81856436872388,1.130756943105625,nan
196.24258504738296,221.25570950317314,1.1308006961345973,nan
193.72064266241733,204.06768917240268,1.1308230857162391,nan
138.7376005830116,157.27804237500845,1.1310369069095927,nan
152.7057063733648,102.20435276541934,1.1316888983325657,nan
36.68682827004435,57.59900935478748,1.1320278198360212,nan
244.7602557471038,243.24661689505655,1.1321855193814807,nan
74.11768175624348,241.52193704361818,1.1322183227763254,nan
173.7028599933949,23.84559384043823,1.1323854606667916,nan
147.9244896300503,109.5495478045506,1.1328486543831071,nan
140.43162093866258,152.30382476064344,1.1337966097594832,nan
190.0955705747209,202.52377655439608,1.1343387323506058,nan
48.47560871701753,151.5322733899149,1.1346876156785182,nan
40.54523477792254,174.42438540472017,1.1348938477859665,nan
36.81651790276268,54.95159431375781,1.135449488670791,nan
124.3083368388581,32.463248325937926,1.1358793238506157,nan
39.74884455800256,160.1047143691856,1.1366042074090215,nan
63.267970007004955,39.947714890168015,1.1368169730302826,nan
198.77143859170252,211.75161226230713,1.137206363698977,nan
153.91121876451194,90.17400551668744,1.1376551253246916,nan
155.02787756694678,100.18044858465876,1.137720937871629,nan
239.73748884080405,67.03604433640312,1.138177001315238,nan
143.78971387237365,155.8512923668502,1.1386465078281527,nan
246.31064314411583,197.03164298414748,1.138878042586402,nan
196.27731208171465,47.21356578670569,1.1389471731756446,nan
190.41338183610293,28.832004616365,1.1389542335330927,nan
195.4784038476591,23.053083502823277,1.13896486558927,nan
49.50017322180423,43.081420031626344,1.138977876844943,nan
197.17407464280197,32.706612132183665,1.1389848099074136,nan
194.92061944837613,28.348590539003478,1.138990356059499,nan
197.56041731054236,27.53424778278246,1.1390016266929022,nan
183.01460368065358,36.01753823254273,1.1390105225791616,nan
191.92203720225686,24.940360292441294,1.1390235579561818,nan
142.262618891237,154.44610522573697,1.1390296727249902,nan
195.92321924293321,32.819179541782496,1.1390824729645679,nan
196.48221217510837,39.42859485812116,1.1391990117802702,nan
196.56890132484847,41.84857410875045,1.139230126364976,nan
190.57224422976023,38.62617610934919,1.1392582495351227,nan
186.49381145677384,35.37732631191324,1.1392746372552998,nan
258.85282168107193,177.31478076955284,1.1393744085760888,nan
139.8041870070789,159.2876515479784,1.1401929521940921,nan
219.15506511930923,41.81481531420321,1.1404041437474255,nan
67.09087452668214,41.2524931585548,1.140920891524508,nan
214.65851140810585,9.52072208070533,1.141367477462647,nan
225.09476346894814,22.06557819237399,1.1413774895563773,nan
220.56967901629574,17.720850950660793,1.141377505530136,nan
223.14919378800403,26.540229651669417,1.1414018117446567,nan
218.63390607765535,20.552205141276097,1.1414742163418157,nan
232.7971784909096,19.8391456463089,1.1414941504440637,nan
234.04287851898718,21.747156477991293,1.141524568174681,nan
224.16609403766367,12.002452318509945,1.1415446264417866,nan
230.86949742517234,15.832318297379205,1.1415912566785946,nan
219.34716995830442,20.545284433574924,1.1416068875961816,nan
226.96776116826703,17.14196287300076,1.1416254812537154,nan
228.12298767542316,29.42840700894795,1.141628509045329,nan
250.54536986821873,247.85540588178836,1.1418105994157541,nan
231.4594873161287,22.772520765830023,1.1419318362126987,nan
228.54296163016255,9.681092890977421,1.1420530832482116,nan
247.2145851614997,62.19266847019471,1.142441648954944,nan
121.1605588954243,44.22307184747728,1.1424968931218968,nan
189.9017201485392,39.577689601672255,1.1425078594995044,nan
169.52594138391797,36.774851090154044,1.1425948369651762,nan
45.02796070164929,156.81570891801545,1.1426496854080228,nan
186.18721165686233,36.958928053336194,1.142654421146492,nan
51.75273415919566,61.28384865164752,1.1430551801893956,nan
191.680684689615,43.331274455985344,1.14332854758703,nan
32.82659943831924,152.61834120392848,1.1436279546001742,nan
237.6686000219893,24.100413283555774,1.1436502398593678,nan
246.1144814042745,251.35709264954312,1.1437626575530002,nan
52.40500365960509,150.77763372175218,1.1437944819267294,nan
212.84990663696337,204.19643980566852,1.143801312243195,nan
150.61470202494374,169.88875248752962,1.1439832067608844,nan
217.2357205847694,17.52122855335211,1.1442437473703082,nan
153.67821447566095,95.06928145346673,1.1447689164006336,nan
135.9046144824941,107.16821404504734,1.1447860765774898,nan
39.30596413739856,41.70289180472677,1.1448948201431886,nan
151.34416827724718,103.18765736203696,1.1448973571040717,nan
145.6335369710823,114.95511555673122,1.144957601799509,nan
140.90071415899234,119.28722438041707,1.1449613926538027,nan
186.9301038294811,34.78121183175783,1.1449614342746672,nan
133.72402179575408,115.40396623776275,1.1452161662957723,nan
64.1674575915205,36.09561336396175,1.1455309633057893,nan
240.33828933631915,248.44607718382403,1.146309799948031,nan
137.97197387672935,157.0908726176126,1.1465706675425573,nan
237.50473797704564,242.3469867767866,1.1465872717881513,nan
197.12407012403165,36.37829054791272,1.1471932204584157,nan
139.49008762272697,207.68002788072667,1.14727692969257,nan
68.27832334984157,34.28462738542076,1.1474532442595777,nan
217.61064770314286,21.31546253358223,1.1475444519330267,nan
252.41805430026707,181.36041880949614,1.148276477003626,nan
225.638561781065,23.354199368588564,1.1484119209714154,nan
240.5596166646619,62.20308508264317,1.1486132381744492,nan
228.04050218884703,14.363136143114449,1.1492481292898067,nan
191.95060985362446,37.56406671359278,1.1498094891703832,nan
39.11301933167499,178.5918470478099,1.152525592214613,nan
184.60202814720705,29.79257838103778,1.1527697622116113,nan
61.49756930778298,41.028521969838394,1.1540821322907924,nan
236.0685424413652,18.86242881216902,1.154249089937161,nan
188.96256535083876,36.95216008374478,1.1546986638654684,nan
176.0983259681875,24.184506468738295,1.1554710065129876,nan
205.06366261143938,222.7744208011667,1.1563321174777497,nan
197.8531398563468,209.15221167008792,1.1563448498079099,nan
206.49260389984576,213.72898117315376,1.1563720621479905,nan
212.90138588427462,228.24044059710576,1.156440020326398,nan
205.64030073426377,222.99018448842227,1.1564504085892355,nan
211.767465057518,222.06696119344707,1.1564939720063674,nan
240.58210829268495,52.313206155287766,1.1565800175483698,nan
257.99481927684593,59.92564555367682,1.156861609931336,nan
37.56942257161925,224.221008872835,1.1568699994820308,nan
244.36489930355128,68.83136335802953,1.1570705872435747,nan
228.5993259639768,156.10824526566523,1.157092223611661,nan
215.1538100636097,158.3669695253883,1.1570999474348178,nan
225.57949219320966,150.16939413978437,1.1571038249537364,nan
224.84797013667196,159.1396872589778,1.1571209110996925,nan
223.3565977308534,149.3523219636344,1.157134601724579,nan
225.5609842602163,151.1664612589278,1.1571597133105613,nan
222.25962614956424,153.90287769299678,1.157165066023398,nan
215.32099967926632,218.53035616543437,1.1572797528050809,nan
231.77118798044833,150.55514161878367,1.1573087670523081,nan
226.19412334365964,156.72183742982048,1.1573313353168158,nan
221.71126919575383,147.5305054564053,1.1573603755421011,nan
43.159114981972564,45.83786484862726,1.157414191604232,nan
222.50922685531393,150.09615142311245,1.157449794582986,nan
132.04358733238303,101.70507318952653,1.1575806876425474,nan
108.21643652962454,19.613740243434847,1.1579110178811087,nan
110.45991795107045,20.618327897583534,1.157913079273237,nan
113.01315576002081,8.511521947948879,1.15791435714899,nan
214.2660191285644,222.92845383176476,1.1579177678198704,nan
226.367644167263,158.05680981303163,1.1579675150525472,nan
115.59740228451878,27.486894619450233,1.1579986435970335,nan
110.62568108920452,2.9301725706171493,1.1580387113462423,nan
226.76050540097827,157.68439705203826,1.158101395981384,nan
107.82648215483086,17.16262619212589,1.158254367344968,nan
225.40935086883815,160.1850685037513,1.1584896970011638,nan
114.87146281269912,7.653040369538235,1.1586543171253714,nan
215.45848089575412,225.86818029469387,1.1586930750716997,nan
246.626248814791,61.374802597371506,1.1588538000723705,nan
208.65780878901668,219.92941344851687,1.1591367514495163,nan
248.10090671768728,172.50420340396678,1.15959710785193,nan
120.8840174019404,14.96316920803696,1.160374769784758,nan
30.857577628296013,58.619921127595475,1.1607336809246944,nan
117.02274305961618,20.925767773081027,1.161410299643576,nan
212.01123468202147,212.40147625923433,1.1618766070571387,nan
120.16100339673396,9.070000913983781,1.1621024250685332,nan
224.4095464140427,12.61667304103798,1.16221197517498,nan
229.40712131582998,18.460177500422198,1.162217381764377,nan
231.84902994609686,21.712054917490228,1.1623453706640368,nan
74.5035366709957,69.74501285509518,1.1623638255852808,nan
73.4160210598611,80.06343994524393,1.1623904628573536,nan
86.97444414218954,70.3335870316355,1.1624157263675536,nan
73.75274209847593,67.71528855784211,1.1624314698880904,nan
68.81930464380649,69.02319765888646,1.1624417980650863,nan
83.4332194067619,62.29167006978324,1.1624470057615435,nan
74.41842598352906,75.57650305150622,1.1625629015462506,nan
216.79227379698537,155.4071778656982,1.1630021583417542,nan
223.1296928937106,154.15075934968024,1.163153971151299,nan
232.14432823602647,159.61257758463287,1.1631900371967006,nan
197.84421138169193,152.1186380505337,1.163323401163139,nan
206.52451407760478,153.24526500125603,1.1633680784066318,nan
199.1868571484514,151.82463489427482,1.1634315828808028,nan
108.04477861034044,17.204650496065113,1.1634559294629812,nan
206.33262948221576,151.9538047280892,1.1636319812698057,nan
142.11426622627752,144.56054578648204,1.1636367128686251,nan
208.4403558949697,156.62070507817904,1.1638028281142037,nan
115.85805227533567,21.813179807200253,1.163979360203522,nan
118.28667335582885,77.44260901500382,1.1641225843683798,nan
82.33649816855983,-5.696113356507172,1.1641480109049696,nan
72.76510575165265,2.7507233722232165,1.16414820421304,nan
37.326841541646324,65.11808156443296,1.1641637231529605,nan
69.50978003752495,-9.97455932345361,1.1642370725425693,nan
65.14990247124894,3.5794006277392048,1.164260425768178,nan
76.78179972404662,74.79332127367461,1.1643537115979132,nan
80.67851190890549,13.094454744973829,1.1643959530941923,nan
77.77936686385199,5.294619941129882,1.1644231755847423,nan
225.73541985273587,158.50945199505702,1.1647470691882371,nan
214.17425130584897,218.3246378374034,1.1649650462918244,nan
115.11944935411844,8.434877023540562,1.165136763888063,nan
170.04071147048984,70.70342351301476,1.1657111517892864,nan
176.6699296283278,57.430722872039325,1.1657543862709345,nan
180.05242137478032,71.75488145508402,1.165755299604194,nan
82.81435536387826,-8.118087615011648,1.1657641649473967,nan
174.68775320379692,61.829869722382696,1.1657878794507102,nan
173.30185829182017,58.24623167821157,1.1659325982949387,nan
72.50938077671017,12.090630399336396,1.1660559492117044,nan
180.0771126267167,59.15977113604859,1.1660873445015565,nan
80.80105533288955,73.87490712470583,1.1662039036509058,nan
207.68291656950208,157.81971848560505,1.1664495380954494,nan
181.29735770791376,49.44288974450488,1.1668266988127614,nan
240.77054250474208,187.20208721761892,1.166907092731646,nan
208.34398016990068,147.574699860841,1.1671925787614872,nan
19.472257089898395,49.00521343040646,1.1675496259616498,nan
16.601607864873852,44.91224726127356,1.1675643321055147,nan
2.9430555508824225,52.6803822643413,1.1675855761737324,nan
199.33410736272668,152.32224666106777,1.1676452166385416,nan
194.26637411603147,33.710546210666514,1.167675540340356,nan
210.1692865020577,209.9879674639386,1.1677658528546808,nan
15.582325263606284,48.8111088193178,1.1679428710741153,nan
33.15838852470663,50.05004677831808,1.1684399554539413,nan
67.69674210515387,70.18687998098846,1.1689025885441646,nan
218.28969611747846,20.343736133046814,1.170140511636745,nan
235.10504959604478,193.34917289539953,1.1701433036925242,nan
58.07080007628887,104.52227432741088,1.1705739687006356,nan
66.50068964702368,100.49345563373404,1.170574917280121,nan
57.50232150138548,98.27118187897392,1.170605450918782,nan
65.81636903020373,96.08300478974245,1.170622532711022,nan
55.820594578962286,85.94992579799839,1.1706323364365667,nan
50.66830856724763,93.81750321990971,1.1706420583307457,nan
53.98458784753032,90.76644053020652,1.1706609235196288,nan
78.07514877115935,-15.26708533867085,1.1707248305951157,nan
61.622503734412604,92.99181809022006,1.1707544249700435,nan
60.5440685267631,87.01720315678052,1.1707857059138227,nan
64.79015554403314,98.85075095092722,1.1709684333206947,nan
196.3317703381079,211.0908591143214,1.1712617710253763,nan
159.70988173131758,49.8689432922172,1.173197408793929,nan
169.79508148485112,43.291389862133855,1.173199920881214,nan
162.12422137090687,58.504698950587496,1.1732028274281443,nan
167.11898440749022,45.904970179646675,1.1732082863117839,nan
159.05370736380866,53.52092841167494,1.1732175927723518,nan
162.22980950010927,57.96655806822618,1.1732221541016585,nan
164.1651744802992,49.77709203641585,1.1732651636255798,nan
156.99169633263827,50.32605444451556,1.1732742207425817,nan
160.85112090528284,57.658792148014115,1.1733035903004725,nan
150.4455910888102,54.480420507528954,1.1733218499737856,nan
17.24107964385107,99.29810490088498,1.1733267493144603,nan
5.810993917061912,100.79482666756851,1.1733345508753155,nan
12.24288406536863,95.20627337068758,1.1733480538144854,nan
26.482708318303505,97.3018642010553,1.1733662795214903,nan
21.866965261520225,81.10108476832376,1.1733744060970819,nan
25.393655973667425,103.19012034696573,1.1733830211333305,nan
58.22989425124491,91.80889858201537,1.1733910132454053,nan
165.87174578324,54.44578408568169,1.1733934722034205,nan
17.948925409056088,99.68265482136162,1.173405489207243,nan
14.053314279276725,90.12396855539154,1.1734148426454025,nan
165.23863069177028,40.01372714455597,1.173429243917518,nan
29.197960061758135,99.45089035578926,1.173436889789292,nan
166.89743049692905,48.31974441862512,1.1734439549494364,nan
13.378205038347026,107.39259782263647,1.1734851521715717,nan
13.959793066219564,92.31729052527722,1.1735101040048368,nan
9.100879259637344,98.70049416246866,1.1735381030416199,nan
155.23097789498482,53.43256645577773,1.1735892259496468,nan
23.54827739512264,92.54804860736614,1.1736170390865885,nan
159.0833220629283,54.11949297871175,1.1737123472055673,nan
200.64171074714005,150.085587584162,1.1738739292784603,nan
76.96262934175044,-8.228532803309852,1.1742368736197772,nan
13.783312232767194,101.39247528496215,1.1744024010104521,nan
171.28986447713763,48.30789738939156,1.1746675503986932,nan
199.44842287684472,151.35988114141142,1.1747594421385532,nan
13.898142654263422,93.14973106260611,1.1747904853494529,nan
229.76379763892774,21.63264059654228,1.1751507345275076,nan
77.92208566685838,74.03161164046922,1.1752096185099425,nan
154.61429895466927,48.19394348998766,1.1754883191151149,nan
219.16143369099981,20.20432369425006,1.1759835556095772,nan
61.74764759816545,96.35147974370486,1.1760015530260544,nan
37.69318483740704,201.42955387376503,1.1761096352948617,nan
75.90844738020162,-0.8807589496675116,1.1763760340450808,nan
19.17872596063016,96.59263418191652,1.1763767801751077,nan
197.08327959713196,92.28864077191736,1.1765452678739172,nan
201.36115164932204,89.35841750338481,1.176545623857681,nan
198.9843892712221,90.3992303704873,1.1765611966010183,nan
207.62533512486192,82.29714020466704,1.176561785300232,nan
205.46718822561016,105.71059352186757,1.1765719985708736,nan
207.9464165934533,99.97454785554447,1.1765745374515861,nan
206.27710210807768,97.9187141441595,1.1765887124738554,nan
195.8184591698411,93.30545493618939,1.1765977439902653,nan
193.01000098168942,103.6468129558342,1.1766877912036802,nan
66.19970188931472,100.62046879654136,1.1767639014471534,nan
197.94289664284793,88.59666781092892,1.176768874734367,nan
14.116760200336127,43.219835873101495,1.1770871143482613,nan
109.65658301577314,12.580412944053787,1.1774151784360396,nan
34.678081865026066,208.26590567541928,1.1775827577277256,nan
20.63922473312607,42.57483134020274,1.177683789273719,nan
75.44541040991437,63.89229704807938,1.1777796958973947,nan
227.51246500296165,154.0168631823425,1.1778850857735255,nan
199.97581931270815,98.47433698406768,1.1781552381294844,nan
197.17404405466507,95.97583865192638,1.178432432839048,nan
205.52693638783956,93.63556052465358,1.1789114123789266,nan
202.80067217396942,95.56788440298891,1.1789130864104143,nan
200.12867966880896,99.56037844284245,1.1790787380262995,nan
21.3237644063982,98.4640366413591,1.1793473320999677,nan
208.25534830663912,220.1670286481433,1.1796847350016906,nan
66.75373718202425,85.69680431489887,1.1796857697901744,nan
78.934836073944,68.2835188498419,1.179990181950476,nan
203.12406960138188,88.88415355987699,1.180379272010907,nan
80.2163167935825,-0.9246830859131806,1.1813105260660637,nan
201.714305109004,148.31538897125938,1.1813198348225011,nan
219.12253498768067,224.25230815667996,1.182060295202261,nan
64.35366669507715,91.59195253917622,1.1822057888405277,nan
125.18161318121474,19.555097582048372,1.1825577328784747,nan
15.08201129170445,96.21398326337619,1.1828899339528012,nan
205.32813872696673,88.36487362633711,1.1829533323411623,nan
22.230593003231732,45.5786828068333,1.1840619507384533,nan
60.671643113772845,90.80191478403553,1.1842307011779156,nan
68.02208196681069,10.601556810985333,1.184232761458891,nan
6.335545600120446,54.54981521224597,1.1845072004175035,nan
60.56887438492343,93.15813967248742,1.1849037662298976,nan
194.0599243377254,138.9316119391466,1.1851704173617,nan
116.43590480178848,8.895351390713122,1.1858986593076253,nan
78.5718477686548,69.88259472083432,1.1860132857933348,nan
61.157219584039794,97.75843244770061,1.1865697375031357,nan
186.48602545455066,164.00938157200912,1.1867139473703974,nan
183.77402594010334,155.821836654367,1.1867242083697624,nan
179.03755372709358,156.8723628534294,1.1867682827703565,nan
197.51439937384364,156.07252959213645,1.1869643571931174,nan
188.16071529678334,164.52036135886038,1.186989851826785,nan
171.37420578466526,171.33785684990036,1.1870042488474881,nan
210.40093399470362,215.85872411061828,1.1870231316729047,nan
187.66937421777374,153.29223796325203,1.187134517665957,nan
170.84835641432662,53.04491638160824,1.1874740307489127,nan
85.00901368380748,93.08597618509037,1.1879337925196232,nan
162.58970501035665,49.167443260859436,1.1881246442638562,nan
180.13486558774432,153.31174061163955,1.188163390027968,nan
190.69109248919693,42.454098627931046,1.1885393440613359,nan
54.00681029815522,95.67042744757575,1.1887427300733673,nan
209.13317071157866,100.10056092861662,1.1889697226216833,nan
222.1468329887345,79.06912655343623,1.1891858300497387,nan
24.09389298799197,101.75614183340592,1.1891919911315105,nan
215.003833206257,78.11487616763773,1.1893092168671873,nan
67.14697457570277,91.76731002834273,1.1900809618526245,nan
229.02948312544277,158.0233310004284,1.190121626980657,nan
83.16105571432976,15.456710105607216,1.1902237181371587,nan
83.83128307796498,30.624662452586083,1.1905679266629858,nan
204.66827062003495,153.3159205837049,1.190635598357114,nan
217.69968641651488,70.74750441469084,1.1908537144472429,nan
171.9262024061099,155.8589267727514,1.1913088054144274,nan
57.721928164188974,97.2243191482896,1.191328514343631,nan
223.89949413113067,20.0400538910663,1.1915462656563736,nan
83.62624182172073,67.76249261911903,1.191964572558846,nan
15.493391411515718,88.35320063969701,1.1923214542145315,nan
186.05340126772924,158.33789332904675,1.1924478196281387,nan
174.00909826600127,155.09838450752954,1.1928101930029638,nan
232.31646211241195,238.9067069389681,1.1932731213102579,nan
237.10997016347696,230.17695031596918,1.1932747413740628,nan
224.33068347002748,230.00755792456636,1.1932836493985486,nan
245.07840403875684,235.7873104247837,1.1933852292924803,nan
182.71017632782937,62.45992668772531,1.193417913259195,nan
164.99657467018747,50.2223881003939,1.193429694523403,nan
167.7931128028768,67.2623777869585,1.193458162253603,nan
174.61016974108327,59.59170414571255,1.1935578075141495,nan
233.5874210460436,223.22065688191375,1.1935732196419921,nan
14.676208919727047,100.23440146171819,1.193950671718164,nan
168.14575944613784,65.1696584201763,1.193976169279867,nan
168.1420928076673,64.37059767241263,1.194344952160724,nan
179.07524369442382,54.353196531935595,1.19435082259663,nan
179.00410345683864,157.18497756801474,1.1950799971042882,nan
66.69646437629973,94.91901734036817,1.1952295256792662,nan
222.01113172518706,225.69567399188412,1.1961574824254813,nan
84.28524584145673,27.354249935650444,1.1962268176666435,nan
177.60469185268474,152.44524660895627,1.1964306766587745,nan
20.493922499111573,93.21904262575103,1.1967229849878287,nan
76.85640668709613,46.02256484135889,1.1968127133185043,nan
71.66801466801336,32.71879490455598,1.196880156437298,nan
179.96686478065763,151.72729864603792,1.196899095659931,nan
77.93219359936788,76.51030168866028,1.1970746465115947,nan
20.302052794024636,47.22397766186495,1.1984833461585709,nan
206.5710579024125,224.71536586906186,1.198932017301952,nan
193.7873620165431,208.18088952633414,1.1990049862388286,nan
201.14809239494397,205.19795028422075,1.1990192799157298,nan
199.3878725838661,206.91899414405094,1.1990612674974024,nan
203.76424146546088,201.68314946316679,1.1990634840852914,nan
192.42255064780113,213.14453443744367,1.199104216232814,nan
204.98565020211666,216.71215910783968,1.1991461141347943,nan
200.6475176747828,200.66719566982925,1.1992601267375027,nan
177.03371230254123,66.82723559861229,1.1993858246730247,nan
206.68706522428195,219.48452233288302,1.1994584975978226,nan
204.6057160588221,206.418772816,1.1997130679673724,nan
200.4806376292972,92.4715348764996,1.200516776563802,nan
54.60187272601818,95.4747687868562,1.2005838777557958,nan
209.67794208043046,213.42903843509657,1.2011645763121284,nan
183.19463271495175,164.65855149510685,1.202585909149928,nan
164.39879686657065,60.01475067949597,1.203093291793801,nan
86.43428824399614,30.686026259620228,1.2044980347332073,nan
197.56199550134608,207.0928183224763,1.2045948319883206,nan
115.44464377717031,10.533119197969016,1.2048795441435582,nan
175.2757004583693,156.3505817599525,1.2053752037779752,nan
213.12284390595946,218.98101863445362,1.2060739751720693,nan
197.47087442871688,208.84666690379873,1.206273057996951,nan
189.55664634040667,154.49474505959134,1.206290611183463,nan
85.63267680944271,85.4947099573754,1.2070642835497079,nan
9.169639565566007,198.9305741343693,1.207826876931554,nan
17.98973033399042,184.39365118217873,1.2078556222474561,nan
15.685834309353865,190.58913881869597,1.207875571396761,nan
12.909166956417385,195.9295048460253,1.2079318112554511,nan
19.275222829207543,193.7751062874022,1.2079442199660098,nan
9.077183319467256,193.54059734950545,1.2080022412250333,nan
21.53553479801392,188.28453728269344,1.2081607527646518,nan
198.6306791484266,209.38466537806747,1.208351850576292,nan
54.493870810373885,100.70319949411773,1.2085726409050521,nan
18.1497095721542,104.72700422128914,1.208850537618325,nan
198.6694072539435,205.67067547068083,1.2089629347932924,nan
81.11001317383449,6.633401077777255,1.2089770850417179,nan
16.197511051963964,200.72833758182148,1.209033870834592,nan
82.19137156110789,13.59135500930834,1.20932270211238,nan
11.76403552755242,196.42747704014758,1.2093830543375523,nan
180.7420754885605,225.44435227869772,1.209938875965954,nan
189.17396602775577,238.90632531625957,1.2102373830848405,nan
169.9680452456546,41.833042843350675,1.2104707357071092,nan
205.7009707876684,204.71620632176462,1.2111520198924415,nan
80.8905272864739,3.9509161730972067,1.212377549961357,nan
15.110162962222029,195.56460719772687,1.2126650282157645,nan
77.60642557825598,29.321598628751516,1.2130447076468547,nan
174.30794931864958,61.38890787209011,1.2136368397008284,nan
204.3855438991798,212.5676540988903,1.2144861412194066,nan
173.0333000830035,151.06889928883567,1.2145251351567354,nan
82.0896994716648,24.767677121107447,1.215332425085777,nan
202.48375321088824,119.4624661826924,1.215977974081173,nan
188.6965547199034,123.82716162085426,1.2160035153003055,nan
203.36368687697274,110.56216615168704,1.216009648349826,nan
196.3562722788647,118.81479766904678,1.216059853365619,nan
189.3918079325076,219.6808055309662,1.2160715209372288,nan
191.23360896404657,115.25919880353581,1.2161519906172558,nan
23.88123065561891,93.22094995730176,1.216384225027138,nan
34.46540487405613,153.355647631766,1.2173242565259221,nan
42.179387596430495,158.23902223238568,1.217326835368941,nan
31.529647505566285,138.64793369460344,1.2173479464416128,nan
33.324331414645066,141.53699369720147,1.2175359993960073,nan
32.40406438266731,146.00023654108713,1.217601137790727,nan
69.01443658477649,224.652648193268,1.2178062179931963,nan
74.78455220766686,222.75640965756278,1.217806308118337,nan
73.04212615079814,229.30524906154903,1.2178118798626225,nan
69.55849281875888,232.66293008006383,1.2178147946043267,nan
59.24182324386531,220.67609490446955,1.217818631562377,nan
63.31966477295632,213.5329254356859,1.2178693258301316,nan
71.66397706286128,212.43402064315967,1.2178825336929873,nan
73.25607655214368,211.31803426522336,1.2178924692861628,nan
63.08642657639281,230.58425011296043,1.2179007851191745,nan
70.34420735163354,215.51382894577492,1.217931671985867,nan
68.87384113417774,220.3368385177879,1.2179380846357928,nan
71.68318819876501,217.71053738213084,1.2179738678963012,nan
66.41901747096338,220.08660963268,1.2182161973470809,nan
10.477059313845043,197.07445589710065,1.2183713366730466,nan
62.277442938873385,215.46408939657863,1.218387710252662,nan
12.73138490927128,193.2202313434738,1.2186124567611796,nan
166.35961674797053,64.18127424523307,1.219284732089459,nan
27.86136351198771,150.48951928766584,1.219439488355575,nan
75.51596302712319,214.6602270749681,1.219478610884511,nan
21.919167272295628,154.53159979739067,1.2196415447298756,nan
181.84608073470477,161.4297968318982,1.219691570355207,nan
190.06672085458914,120.37863373786807,1.2199853395567692,nan
199.5570846313366,116.5837422230266,1.2205986000226914,nan
240.31246818018096,227.7753565927584,1.2207685275552345,nan
29.402315928458993,141.84762737811985,1.221862617637307,nan
64.54589901367851,91.28966638141708,1.2228143686057054,nan
197.04938602715353,216.1332119949078,1.2230757117726792,nan
131.82448185353294,215.95714846712562,1.2233299088869571,nan
135.88741859485108,208.6270037236395,1.2233319876641355,nan
134.02489588383838,210.66635073609828,1.2234044428253934,nan
128.11441070130263,203.6376626541956,1.2234811730694224,nan
14.306029851290319,181.7562840840501,1.2235546055959752,nan
16.917821098486744,184.30065445903517,1.2235663325670456,nan
22.709389568451552,186.73758789357248,1.2235706955018317,nan
20.389501937440173,182.74271491999107,1.2235906746465117,nan
14.10246550849749,181.997979613896,1.223597087682296,nan
12.200463722487473,184.97863109389095,1.223615968019596,nan
22.10096038567949,187.59696430487023,1.2236313971563613,nan
10.199357287892651,180.16390106953898,1.223721638466643,nan
30.318149508857143,183.53159835733064,1.2237663374819645,nan
127.56646277603784,206.17711764381008,1.2239607962707952,nan
130.95086986521963,202.79925065364205,1.224051815194229,nan
127.41202125125125,213.20774547866952,1.2241418075741157,nan
138.51061387981395,210.21139065295566,1.2242044195163235,nan
13.353518342240571,185.41250030003505,1.2243472131365183,nan
191.12475404821603,164.08454801748215,1.2244596495199107,nan
17.028786773441617,177.5707574783463,1.2245074048525846,nan
13.431516780322097,183.36569699069855,1.2246832442085196,nan
136.9590039968288,212.64976795664057,1.2248030263738925,nan
22.551219984717875,172.7749941332775,1.2249764362319435,nan
74.79340667922554,27.96984033004885,1.2250706082335316,nan
203.25809626465883,207.72813669298912,1.2251535460676668,nan
129.495573496509,212.72786337728124,1.22527048696869,nan
207.43988672706683,207.96902703015658,1.2253384520243271,nan
120.11380711992794,36.08779380229539,1.2254391084111653,nan
112.61856349523055,9.594905309679694,1.2254524755150518,nan
110.34679594847545,27.39469872874392,1.2254543963475943,nan
9.190057770660903,180.78321436374335,1.2254694779382587,nan
120.39399914565753,30.34781364243129,1.2254803206046294,nan
108.719212641737,22.806202502454664,1.2254823370226682,nan
107.42763980888051,29.411597618842595,1.22551302923566,nan
123.28804437121039,26.716510373875735,1.2255239745690547,nan
116.53213738346814,28.56821710751134,1.2255330966353215,nan
115.39916193356707,17.29719422197628,1.2255340291665184,nan
118.65037252773354,24.100761158307584,1.2255512013962244,nan
119.01467590993991,19.684955404750735,1.2255935441124912,nan
214.91027932993683,235.36017303692074,1.2257630136534543,nan
219.1315494496661,228.94441747707123,1.2257721253400038,nan
219.7127473900197,227.69363530064828,1.2257809922849567,nan
110.63984026554756,34.2371779703535,1.22581744909368,nan
212.4431482077904,227.38399638579097,1.2258207401421544,nan
119.37625343768589,27.085312890909236,1.2258326925389593,nan
118.55490415991858,260.29938329717385,1.225988959371069,nan
11.947911146399942,172.76020250011408,1.226000136361113,nan
114.78031926625192,252.99413380350944,1.2260219551476936,nan
119.18571139417485,246.32779265351192,1.2260411762341055,nan
12.36359798587611,191.31505464593056,1.2260980730493714,nan
105.27003834595983,245.60067307280966,1.226111354857053,nan
117.56506059946129,248.18839593650543,1.2261749671369773,nan
186.3750528896937,125.7880610148367,1.2263917047724044,nan
214.3895101666324,95.0899710449767,1.2264083909302188,nan
218.34112179182588,221.5833407598803,1.226437237812645,nan
213.79905989802253,222.90760531173996,1.2266981872429978,nan
246.67124308060397,73.24484346786306,1.2270614657792567,nan
231.83334789163936,60.59895893854009,1.227063488930144,nan
244.07763442162448,63.1590020379315,1.2270698391180417,nan
242.77607893620586,64.95903088924968,1.2271102136242524,nan
255.2094217909378,80.78444338495746,1.2271148512278691,nan
237.70462315351622,71.38447505566711,1.227146732898114,nan
244.7435375676869,74.45516686980967,1.2272160207117584,nan
241.41459970750995,68.64261759675507,1.2272170681048193,nan
243.79600670813173,74.75754606004735,1.227254036013928,nan
235.95495623986682,81.71319308993495,1.2272824512363483,nan
117.0621204523596,248.38800765667028,1.2272900905670374,nan
132.5865366887545,206.91779123715904,1.22735271009816,nan
192.83471799798653,111.01097464090007,1.2274598910112842,nan
119.66319394849553,252.87692056094065,1.227516332964911,nan
119.22345248434803,203.92831452282743,1.2275531699234985,nan
243.21175479304068,64.19172872829357,1.228208996105307,nan
35.565047434648584,144.08763124623832,1.2282922753050582,nan
239.06349098843145,76.25576347255137,1.2283432502549896,nan
221.17769400527416,230.15918189478182,1.2285516024207672,nan
196.69548937993713,198.6113035490181,1.2286223889799317,nan
115.96947645315228,32.63277678736701,1.2288369049629173,nan
120.39028881146508,17.888432996239093,1.228897582881039,nan
126.95687822583463,202.76074578650304,1.2293234856964015,nan
118.55711888540087,198.09650767088772,1.2294325401803694,nan
117.22054276576306,193.38696623067986,1.229435242100092,nan
117.71402819785047,198.6939921527844,1.2294426720451157,nan
127.37652421182126,199.42176905176973,1.2294744901586343,nan
203.18284992079418,213.43215747151186,1.2295508567311553,nan
122.57821017213706,191.65824241358453,1.229551799854227,nan
114.5425134635866,200.14820464651459,1.2295807385674642,nan
127.2089015380892,205.05052163493752,1.2297840081070726,nan
126.44477254401897,206.86736911538097,1.2298137336652164,nan
122.22282438808807,201.3556327068774,1.2298224228899193,nan
208.00947094517346,201.04762459014637,1.2299042681470649,nan
120.18057258871364,198.75186001424825,1.2299764369973174,nan
114.33344992157517,27.67161326328419,1.2300681481898588,nan
193.87334129175926,112.6671941775788,1.2301354263838233,nan
201.06963940317198,209.713936507315,1.2305466812207537,nan
237.03326933616754,70.1345906454977,1.2309102669160181,nan
123.57739159091977,203.7374760504222,1.2311136771898767,nan
199.07222454719553,89.39583188268396,1.2311989980883071,nan
116.68975668330886,194.04329042934194,1.2313597479493223,nan
212.86594361825541,229.45577121318473,1.231485493533087,nan
227.57973684301876,236.0222536003899,1.2315753971011625,nan
212.7837320134766,236.31087375574643,1.2315876268389983,nan
226.54078424873904,235.31423901274147,1.2316076546309538,nan
211.9815662643134,228.40462120024935,1.2316174643319813,nan
131.48627560678594,189.2304072423181,1.2316221354090797,nan
225.35363750298333,242.20987704683236,1.231638824795323,nan
221.9472862175069,226.49311281958242,1.231652939484526,nan
213.3988994795492,232.9896391536402,1.2316603382544287,nan
214.5704234500627,238.1406867046259,1.2317119704550594,nan
203.76830207416523,128.51247908854612,1.2318206090827226,nan
59.22649756139447,99.59559542092875,1.231873966391552,nan
222.50847047745006,233.6716625453486,1.2326369175739451,nan
226.02727109981856,238.36829228012814,1.2326523886319514,nan
222.4429757591591,243.9464748618416,1.233313719823311,nan
60.377009417643,206.21192647447162,1.2334729732898624,nan
11.891607879668747,182.30830780556857,1.2336347602573214,nan
108.81097153097063,21.290081319084297,1.233792488631496,nan
127.55821856609822,199.38511700532385,1.2343303468737261,nan
161.86452067250138,59.36564234468717,1.2344847524517375,nan
68.69079411860702,230.17425420815255,1.2345893525927203,nan
118.16150170199859,204.50568511024466,1.2347037821231313,nan
67.53845922819694,225.70225965022544,1.235213659767582,nan
30.22440127837619,143.72985115423887,1.2352479138706123,nan
242.91582089221728,70.63489232743999,1.2353821701633074,nan
219.33888192838657,223.45377737602226,1.235490925917309,nan
208.24094704223805,86.9986077563552,1.235663296164356,nan
215.5468276178496,96.87894933498927,1.2356894873054025,nan
130.74951164185623,213.43920052887722,1.23602297679706,nan
120.89058054376234,202.77780575632687,1.2362434799668973,nan
215.6779215367647,225.0056252848666,1.236495835222434,nan
228.22081258126337,241.75068200255922,1.2365126497700394,nan
121.25078762536924,203.3774675243228,1.2365170575267062,nan
193.146284223428,119.19507799621026,1.236570090033474,nan
130.5311571348318,214.7965516119719,1.2367600014559232,nan
204.68905095542974,91.1798266974695,1.2368028911814306,nan
218.68086492624556,58.19502892094764,1.2369295962245885,nan
224.71325039297207,58.78741069981263,1.236941543875142,nan
119.09413892416353,231.39979021962833,1.2373796569420155,nan
121.09755651527662,240.46680571911838,1.2373993899427407,nan
112.79148059615905,230.84690782590542,1.2374246751828106,nan
112.16948011965984,228.56369814058652,1.237587979531218,nan
190.2167084690353,112.03953646399788,1.2376231821135257,nan
211.25298846530123,58.38098519722801,1.2376980446176469,nan
20.956381060543382,182.28505277623373,1.2378804588732846,nan
214.1012296127265,66.48031710727332,1.2381862292802472,nan
60.762557292213515,219.85844513238644,1.2391085710044494,nan
218.37504400070702,235.72415597239126,1.2393208250507086,nan
123.0619083720859,261.2624555294975,1.2395290293612886,nan
33.821421664557484,141.47180540042632,1.2398098784753435,nan
110.27395234974387,24.709333775955336,1.2398788441562725,nan
118.71545752805955,192.58729276550469,1.2400061838083176,nan
117.03669447923777,226.78524684916337,1.2409995272340555,nan
198.93720532098794,210.53001852819006,1.241729436469907,nan
190.1521648605228,211.61240152559168,1.2418200821608454,nan
21.90722001863586,145.01013098278554,1.242071204493207,nan
223.58861100539548,224.0057034265556,1.242279808190179,nan
77.26790154420985,214.36958269008042,1.2425258690565424,nan
218.4529971194871,64.01410009973404,1.2425446161791835,nan
68.34740984970547,54.47632903332099,1.242744482089489,nan
74.05636676333476,49.57501478231707,1.242855710467869,nan
112.39443792134747,236.20983065043293,1.24298066168339,nan
214.70464342898194,237.54484512024356,1.2433412156170058,nan
249.94208232049883,74.38865995157383,1.2437240617109662,nan
63.964860812578195,64.53131830008363,1.243724563350113,nan
116.71786781764156,20.080423621621872,1.2439442365369566,nan
199.55081660609284,218.1880402503108,1.2440734427619078,nan
52.084030019784045,64.78102940302713,1.2441202153612698,nan
114.48136020393919,237.52575091563878,1.2442040191009223,nan
92.95705547581512,246.1772887814871,1.2442446884646308,nan
93.54403348853727,242.5171031984794,1.2442467492760332,nan
94.84276700120857,248.9988155652015,1.244249100894037,nan
96.07462986863244,258.65946714460364,1.244257321153788,nan
91.4432574882162,245.55119018366452,1.2442663599521833,nan
103.26598082271218,251.52453780383854,1.2442664701173705,nan
101.73625617056409,252.3744573291833,1.2442707009925147,nan
103.47596306800398,257.25803583124105,1.244276768023994,nan
98.80802011328396,248.46249234182883,1.244278921672676,nan
99.57110497152634,253.92796244460214,1.2442809121953446,nan
96.36094413214742,257.60492791471484,1.2443041112356092,nan
96.83474577451643,250.66632177545804,1.244306325868277,nan
94.2823276561132,251.66584762567035,1.244347899452724,nan
110.54127670124315,246.44293658565147,1.2443547202824914,nan
99.45292925355668,246.1248685955902,1.244355918429879,nan
92.6165169088088,245.08428660763104,1.2444356645282855,nan
235.58246517066215,234.47846602457827,1.2445206704704903,nan
98.97745508788721,245.26772328001778,1.2446128718055587,nan
95.42971070712639,257.4196725028075,1.244655229344429,nan
93.31521134791602,244.4560186122494,1.244700158619592,nan
94.7360092248056,248.3919613173005,1.2447537497556986,nan
93.67735284210288,252.3301453574847,1.2449928388069844,nan
94.0542272733328,251.51941003516743,1.2451492342185775,nan
87.55159565257645,248.06534787106906,1.2451686216285038,nan
112.11690900650873,242.0692362848293,1.245429038834168,nan
66.39218935734193,60.70540787245008,1.2456137386653445,nan
227.83186161961564,233.099777010195,1.2457422893074854,nan
112.189108551563,237.7581011611383,1.2458933443725504,nan
96.4347948074757,258.47233901813416,1.2461552667862525,nan
207.674125452274,88.09664495049861,1.2470295306092454,nan
89.28369664431708,246.09126071744217,1.247213886094045,nan
62.5795434780552,62.31790811749969,1.2479579241710907,nan
223.67350213213592,232.904583247324,1.248268008086485,nan
114.8632191534558,237.73112027667963,1.248452817989663,nan
12.85889749772933,188.42519350184025,1.2484623013242437,nan
185.98408812584537,224.56595887890072,1.2486263111985734,nan
218.06156321159753,238.92330420413586,1.248889915270377,nan
14.981806916502816,175.5043485108066,1.2492928498308962,nan
222.5555151506776,238.37954851990773,1.249371034830468,nan
112.49524039181381,23.04272643343896,1.2494879963880172,nan
214.48423587832215,232.05661669318405,1.2505254293690555,nan
220.1143015805466,60.14366901201609,1.2509482243890162,nan
117.52282250266023,231.96779883309455,1.2515898028433265,nan
242.16656708590466,65.37495404424325,1.2518450750668155,nan
98.61923223598193,249.41417180345462,1.2528940736958027,nan
127.16381530941351,194.62722360762655,1.2529615977500677,nan
31.28241797436177,153.10527910409294,1.2535434586239544,nan
134.67507125762424,207.25526499170425,1.2543531415915865,nan
56.438001087614516,55.40188577303444,1.254786457516242,nan
219.89901961744496,56.51081240607905,1.2555192021365675,nan
112.9161218589756,37.36926982345524,1.2555401314722499,nan
214.7419996056425,228.76583930551138,1.2560220062745604,nan
63.136439928464966,60.12507767824119,1.2561397731769046,nan
109.68442174908284,239.77743501246545,1.2567981840382105,nan
72.78651192071374,223.9985142083923,1.2570145351804918,nan
109.8647176577921,234.73615277914996,1.257034093477879,nan
238.75996200907719,67.43706531999958,1.2573810298750838,nan
223.57127424491927,141.12071914961794,1.2584890200200416,nan
222.11643559390254,127.56206178858406,1.2584969948065747,nan
224.50980261535997,131.96065990057423,1.2585763401443437,nan
224.77846408838644,125.97716311487535,1.2586483736429122,nan
216.59927102437695,54.34844543440617,1.258730073576226,nan
92.5469275347772,242.94955336855702,1.2591770274932528,nan
226.00625115945306,127.39450143771732,1.2616980685510082,nan
245.3144273591846,189.51571053368505,1.261713857201832,nan
253.86586869908797,179.68816287701043,1.2617401351380237,nan
249.80085875798846,188.9035997372053,1.2617811212178551,nan
242.650150290991,192.80658981530058,1.2618408175702018,nan
243.09298636585788,187.57061584463057,1.2619317455625552,nan
20.197010737278333,176.23930428644394,1.2630929056373832,nan
198.63127262327916,56.48487127972898,1.2641129888722291,nan
183.9941920303076,53.38553715253551,1.2641440716799728,nan
201.02468901867007,58.33189036567847,1.264153223622454,nan
87.56530770218069,9.754204534528375,1.264371579372031,nan
90.60205916700272,-0.06281702637410948,1.2643741454787307,nan
193.10011942255375,57.272057096005206,1.2643978280768002,nan
99.01179760307986,252.82083397741485,1.2644470405543256,nan
257.617424129329,189.606240058285,1.265000147561104,nan
197.11325654054414,44.719429384543055,1.2650061656485545,nan
220.21564242722653,232.22704711441023,1.2650336368663293,nan
225.7939160048981,228.1148469674564,1.2652908479161762,nan
206.43147415821738,55.93621078055175,1.2654982004060253,nan
78.71526764466084,7.975580944221844,1.2655056752897522,nan
119.2116588778567,237.32164908616633,1.2657033380663145,nan
196.32759448944196,113.85008577741787,1.2657398801783708,nan
224.7213972627785,54.80604247478053,1.2664847699074688,nan
11.194286430156769,217.09376342086225,1.2666051848317543,nan
10.817775614614067,225.46260314936868,1.2666056934439447,nan
1.574086574995081,223.37188900442305,1.2666113754154313,nan
1.3263697249016657,220.77545512746738,1.2666130732499108,nan
7.295739367133938,220.23046236525101,1.2666180958209579,nan
-3.518368149054637,221.80074871238446,1.266728067738804,nan
1.3690978694983205,231.14612193278634,1.2667999203905695,nan
176.32535634685004,46.23620637957034,1.267111065346479,nan
168.3754299885799,35.47914192996739,1.2671152357846933,nan
169.07913660790044,31.16862199262412,1.2671417674267735,nan
198.5752139906459,53.989143971052115,1.2671445732413023,nan
177.69511372101027,50.27695788922427,1.2675041675758723,nan
47.7961379851937,214.62288218206282,1.2677624027794685,nan
37.025306857600654,203.8562434540134,1.267768476611808,nan
43.356851949769315,209.7586894582714,1.2678065796086597,nan
161.90559234714473,49.40022596508734,1.2678643886175058,nan
51.382557669347385,204.9265734322151,1.267868303473754,nan
2.751466034768645,214.8952399700496,1.2680748827481783,nan
95.5240788882424,250.00293457042687,1.2681038019947737,nan
5.753591895934002,210.00470528065077,1.2681247985157207,nan
238.8096969135097,181.2204227424882,1.268434244101028,nan
50.608681595859615,200.60115765527746,1.2685673297286477,nan
91.80425794977431,33.182326350711634,1.268627453873923,nan
46.91704861844672,208.336618540313,1.2686575839606395,nan
35.089162255100774,201.72673662538736,1.268727119957159,nan
116.27924718879788,196.00980678584688,1.268824391969713,nan
192.08802775613947,215.99475702615536,1.2690288243688872,nan
237.1627764063104,192.32070141269136,1.2692314806532579,nan
42.54777232750619,207.44623872603944,1.2697138690192238,nan
75.232728723992,61.70589201811005,1.2697549720238046,nan
158.5344347809612,250.59676988208463,1.2704627338807521,nan
158.88529610712857,263.1029805010756,1.2705223115163833,nan
155.97264866612582,254.36558311466692,1.2705557539965895,nan
159.77278145866435,255.63685987691903,1.2705853306779087,nan
151.83482322636928,245.06242047285878,1.2706164048610384,nan
163.71044712119624,243.205035267325,1.2706592838408508,nan
165.85978945041168,252.86510808993816,1.2707153002548466,nan
161.18548896918594,243.0076602509135,1.2709665347042303,nan
199.8827374836834,53.6647937170354,1.27113160067829,nan
49.22509471704775,241.11895553434198,1.271150204043473,nan
241.70539896406294,60.58369425590163,1.2711512675444316,nan
35.53325237920362,246.69556971923234,1.2711792596183142,nan
230.14716320789313,126.94146059087309,1.2711851255055402,nan
102.52675521903423,2.8624321494783036,1.2712176591204638,nan
39.011047481953476,249.73492170149717,1.2712177042436679,nan
29.057757661427004,251.34875007439106,1.2712192309369428,nan
110.2712953338516,189.8461346740636,1.2712213980656792,nan
39.54439502411401,238.24458895390137,1.2712715855588284,nan
114.54781310807857,25.417599574088044,1.2712930588651081,nan
36.257891209594966,240.34295402554676,1.2713750727082012,nan
116.60646243824773,229.21892742063216,1.271377120511618,nan
31.523995598180267,251.91113500224102,1.2714397010392027,nan
40.27000673270775,250.00048255263488,1.271473666407261,nan
41.81592319505934,246.1123379098045,1.2715854774088584,nan
172.6360376552984,243.5490951238604,1.2717413295788507,nan
9.869659037960556,224.8402888762612,1.271913746616027,nan
85.6635545551709,12.865344558838931,1.2725388509193085,nan
117.48064577432096,58.92501444462808,1.272595516663814,nan
159.3888488405224,262.54821466832794,1.2726465970163001,nan
169.24787601507992,41.699289122147185,1.2726912207154646,nan
131.76378428076498,46.0430415238073,1.2727912140159225,nan
130.7225980191988,53.16803502551234,1.2730120049280578,nan
207.63788329731787,59.36874071707498,1.273812393632977,nan
159.78513951713083,105.0621742481358,1.2739733101032784,nan
157.62601240737365,111.65457801834978,1.2739737033468082,nan
155.77525980126478,118.80610630530738,1.2739781127694911,nan
147.86042185277907,105.93475382924917,1.273981873091597,nan
160.5531079430872,114.97371933129959,1.2740391314021742,nan
156.3887013487036,112.03035926426362,1.2740645675856996,nan
150.9635592323203,104.57717831187864,1.2740958728743064,nan
160.91468096497186,121.20487844092327,1.274177612974917,nan
159.67366960881253,46.653412150997255,1.2742484267256897,nan
154.63973766525376,103.13112374440419,1.2745860133862383,nan
52.76467121145183,207.5841162202766,1.274945455094218,nan
174.2036201879508,128.82796898363088,1.2750817685754003,nan
182.65285342510322,138.1976779481374,1.275083294057311,nan
181.81322520288026,129.69073095889038,1.2750887632316057,nan
179.8734839392991,136.7062525046956,1.275089574881356,nan
176.99312013828097,127.13636810733216,1.275100882930588,nan
173.8337915103144,141.08933462338564,1.2751219049557085,nan
177.87469096905073,134.33607895464047,1.2751223961734865,nan
174.27876937615255,139.23837536707666,1.275142904671019,nan
198.20256651052682,212.0006604446759,1.2751487810266164,nan
188.03586580961218,139.52844263189655,1.275149915396328,nan
176.25120564223178,126.27853368914278,1.275227694617591,nan
169.33600808359515,137.64146718544296,1.2752772010549376,nan
179.941258260829,143.28361606052968,1.2752990379222482,nan
34.93529063507269,249.46119943629495,1.275576491474265,nan
168.87486063855124,128.37285395128006,1.2756827742045238,nan
173.65207794180552,134.57879040617598,1.275745308137758,nan
175.76977439854818,149.54221788120424,1.2757783958868294,nan
159.65934715801103,110.4786120199853,1.2761901782183955,nan
98.63986300220326,254.65977168924368,1.2762430455184657,nan
114.51914719755041,199.43340954604597,1.2762820877824097,nan
156.36102857357474,261.3668556811053,1.276654804325354,nan
118.25240977043372,29.45995046156824,1.276816533254199,nan
159.409007119438,256.01882159644305,1.2769374451253592,nan
97.7944127660791,18.705038725400826,1.2769594769991128,nan
167.79489102139334,197.47771766341987,1.2774507667251842,nan
167.99681155222189,188.30826812596433,1.2774559720026948,nan
168.6437026222194,194.41959108288603,1.2774610374485598,nan
172.52649573993835,192.83014370243873,1.2778482473865325,nan
177.99646029171024,47.56895085262017,1.2779762148401161,nan
102.32906264609034,243.8769838011799,1.278048818780565,nan
226.54575731104467,237.92759360677968,1.2780699782596785,nan
171.7359215361449,185.80069519972858,1.278246560216566,nan
160.21256629621243,112.99329819846197,1.2785183605800217,nan
90.00314606390941,257.17889413733553,1.278551212750558,nan
164.78291122449767,252.96737813912873,1.2789690573266714,nan
168.07570412716396,255.71262912273548,1.2790209558723746,nan
172.39842377329467,43.99916316233667,1.2791439557360633,nan
109.83993969942128,241.05428813390586,1.279375218516959,nan
59.67546052757408,58.53399070215835,1.279734150740964,nan
159.1676720335835,105.02876838401673,1.2797514603073405,nan
114.98141188738346,26.111670834898398,1.27980747295478,nan
159.28461767023293,259.87634598172576,1.2798183164561745,nan
242.6989568006551,190.5115927442199,1.2801021750076644,nan
163.6708326872513,250.24718847402355,1.280831205303088,nan
199.72561920319518,52.402679250412454,1.2808905976430598,nan
164.17479394463547,259.96661603331813,1.2809022723494818,nan
114.46957983940864,257.0576021584947,1.2810221921479867,nan
167.07494082579285,38.76317352794717,1.2822446710450348,nan
1.1194245230101088,224.3360906426311,1.2822875427701346,nan
134.32094265846334,201.80661759694527,1.2824582727011977,nan
189.9435585205035,133.89602825964656,1.2824682473853968,nan
120.47279078065714,209.51493592319258,1.2829171383720703,nan
156.109072234799,192.37742992471215,1.2830573112651646,nan
188.9788624984242,126.78164217556274,1.2832349724575933,nan
134.37508430610552,256.6121383459521,1.2834669847849915,nan
120.68477947003025,252.73414893391072,1.2834740069154327,nan
133.54157182171647,252.96770582696593,1.2834785480861624,nan
132.69609757028002,240.38769648993755,1.2836047198015377,nan
126.32189286453296,252.63819432005533,1.2836058482450474,nan
132.75194816753708,244.1074638451142,1.2836530012707188,nan
124.64590692204924,242.70221994431702,1.2837127762114482,nan
135.03065342012806,250.78567650493247,1.2839116433732622,nan
197.1560017432557,217.71122472993815,1.2841076188945784,nan
42.4794282788325,207.90052073271158,1.2841180423077685,nan
134.917412053163,247.55785316934947,1.2841525620355125,nan
166.49022569291586,185.20547595969907,1.2842706523961633,nan
175.73507848141037,137.9668215551376,1.2847493283621165,nan
175.875635461898,191.8049954768006,1.2849230363465538,nan
130.15568978036805,245.07770980704848,1.2849254742807903,nan
42.75782287168237,201.9974951170941,1.285147684877286,nan
200.69890708654452,49.27106870780843,1.2854348095041528,nan
171.10677641031285,192.13199937997143,1.2856281079793748,nan
234.41572725993052,186.4394817645461,1.286403271475645,nan
39.19874348183752,213.955148887257,1.2865030912002742,nan
176.9583418000942,197.387012617768,1.2867834636319746,nan
158.78802153893443,253.27515034875603,1.2868176634204953,nan
34.94806482744033,217.83159130042296,1.2870794293487753,nan
261.20138963575505,82.73663763957653,1.2871965643323242,nan
243.6834875853669,71.05978133017598,1.2872424801440747,nan
264.6241916258659,79.92101402721062,1.2873483227856886,nan
53.97938507138043,209.9630057978212,1.2876691688995445,nan
178.2190823572886,138.37502282425783,1.2881765513189558,nan
108.74127819266336,237.85087466227083,1.2885690705568058,nan
111.91181057571315,228.5997761776056,1.2885732632735323,nan
108.9670059369239,235.02164459995075,1.2887861947205503,nan
112.8364813905269,239.80603340131864,1.2887928762309988,nan
107.98242190864376,239.2336461280159,1.28881336417507,nan
177.151338299717,133.96604357247875,1.2889277333102231,nan
109.51051722042352,242.0079312362635,1.2895246363889208,nan
169.30707909479264,185.19978877669473,1.2902890660683526,nan
160.30535624678345,259.2594112078185,1.2904378472854157,nan
165.9541053349394,192.83126795813138,1.2908278362823884,nan
167.97757483649062,181.28159337188484,1.2910596768899352,nan
167.92248970096836,194.99061593630174,1.2917179877456393,nan
108.13331987605135,230.4968589063369,1.292622786553434,nan
199.0458945755821,47.4146088962488,1.2928098905528111,nan
129.9862920489965,253.62872787277163,1.293184501224051,nan
166.93106688609151,175.07003175614287,1.2942068624313046,nan
188.14818535252292,134.06477388324063,1.2942192747989916,nan
168.87968776437435,184.12263599769474,1.294234226383476,nan
111.80280209877499,228.77899813194844,1.2942930615403248,nan
164.5542529859093,186.77333546372537,1.2943352516627649,nan
115.36502732066224,241.41985133732555,1.2944944628640278,nan
-2.7481721760373907,184.4161457788021,1.2946370797740658,nan
161.3381843169792,181.85704420852673,1.294645876735537,nan
8.643166847822712,183.08707005576062,1.2946641710829114,nan
117.5291984738725,239.11109624141596,1.2949485752921894,nan
0.3655041014536512,190.58249797101192,1.2949775860415347,nan
157.61151930356988,242.14828666762887,1.2951546472530293,nan
5.202941628320711,175.60358166174584,1.2952164491776703,nan
120.13130005410297,216.60332591038255,1.2958075814967491,nan
168.64592666233256,190.87907592681037,1.2960545874163782,nan
161.70879564730163,179.2106535568447,1.2962019567101093,nan
179.72034727220657,138.66062013691982,1.2962597487768,nan
156.6302097078985,181.37072585798765,1.2963794967091695,nan
201.46818475651435,56.56785275929232,1.2967799868169518,nan
170.11803694907093,193.51312226031607,1.2975488206111692,nan
38.82712384404052,251.14338917623627,1.297572253799675,nan
130.52318785918143,249.00639601026447,1.2982450175851015,nan
157.68086382982494,246.13993544320692,1.2993724059408753,nan
135.45075023408458,250.7647103233673,1.299693689864563,nan
159.16393424366055,184.6425671962323,1.3004116115936162,nan
164.1762692097795,95.95569264899069,1.3012107963799293,nan
181.01139635788465,95.62977629202707,1.3012144689048621,nan
176.33110589032313,94.63962480470673,1.301220462821111,nan
172.15699230739145,92.97571000815617,1.3012298895631853,nan
173.04891649773768,103.33147748128253,1.3012403605575076,nan
167.99647458718331,97.25153217581014,1.3012661386608504,nan
176.72174067724993,92.65179404257994,1.3013017469237025,nan
167.51235916874978,100.07219958554322,1.3013099171672824,nan
172.25711515847937,86.78290096478008,1.3014451012295842,nan
166.44651039442078,88.87948532508655,1.3016279079773105,nan
166.05940530691225,93.14648079087874,1.3017233453489434,nan
-4.511813873484799,183.24500483693407,1.30184939437633,nan
165.1280676836042,193.40699118848582,1.3022033447647787,nan
164.38982731213054,191.44248581281798,1.3022495686733833,nan
173.73947127897088,92.91442379471641,1.3023896400581236,nan
24.652792582890363,182.98555241828507,1.3029038634513728,nan
245.88579358577866,206.45683680783122,1.3030273836420507,nan
235.20279792152297,207.2288767091535,1.3030307970501744,nan
249.40840972111138,202.3845461666468,1.3030837690852497,nan
248.33832760430468,207.80273134177384,1.3032106022366454,nan
243.32933213463699,214.53380020145684,1.3034714922884696,nan
1.662456305841636,188.29494870271301,1.303626643308518,nan
171.85335959363428,90.05079124868521,1.30365421084871,nan
180.2004119898341,135.7512439882141,1.3039762896205334,nan
244.90556770165514,210.879862986727,1.3041688834594063,nan
58.463575500819054,249.37416965193609,1.3041756780541771,nan
50.9089409126866,197.40157292867806,1.3042182736201873,nan
66.8259421811977,231.52014854335454,1.3042639538622152,nan
172.39970082271878,104.87116684686963,1.3044211710219369,nan
68.31076419817023,261.41338417996513,1.3044769750888972,nan
245.09878468526702,209.37151604186542,1.3053536380574589,nan
245.85995509148705,207.77620013384396,1.3059160157670873,nan
72.42739673697498,245.84781086563575,1.306164225401534,nan
226.24046573179388,101.53597111309027,1.3061821416627972,nan
156.46458128266008,104.54305906042117,1.306190262964724,nan
226.0487052724066,99.4223367365229,1.3063747839494475,nan
222.7400497986252,104.82396063202839,1.3066916742769097,nan
167.3946081052912,93.84541851533751,1.3069454253233677,nan
183.9556473856192,96.84858053757584,1.3071616907539467,nan
169.45450928789805,99.16245536394192,1.3071681759747489,nan
185.14548730332533,105.42892677007994,1.3072535928235656,nan
176.9996455825193,95.58091827374747,1.307261722572557,nan
180.55944785739652,101.22321274160822,1.3073346268144235,nan
186.9502949651806,105.54753998362597,1.307371789999967,nan
181.2956110983402,115.42781867535436,1.3073872783482012,nan
190.66405963787392,113.95208644020016,1.307988271594376,nan
193.29590773892687,117.4610795105339,1.308032116416674,nan
171.59100541694735,140.53834763980342,1.308134706213492,nan
147.23892935163832,248.93134593237107,1.3081761940626888,nan
155.34865251353608,250.64286434630742,1.3081901531614744,nan
213.85396579655455,101.70457359899947,1.3082156348960792,nan
160.1542189576932,250.7440043927707,1.3082390569988063,nan
161.92363677305318,247.5310548980052,1.3082573404368414,nan
162.52805470598062,248.94186240637728,1.3082859057929936,nan
146.01106768558,250.25743184043358,1.3082868323812211,nan
156.67701829748924,254.36077931272618,1.308302846875715,nan
190.342748792627,102.67690360600315,1.3083353480839275,nan
151.42450462957262,232.42914298520347,1.308386898238817,nan
151.80875135684673,94.21201494037572,1.308468525398447,nan
188.87525494189794,112.87122961031851,1.3084696686608799,nan
141.66227075926773,94.9007959841918,1.3085051957514444,nan
180.89226142845524,105.69830265294064,1.3085247096607922,nan
143.85376678028447,96.98211023979086,1.308549797972142,nan
150.74010854244816,245.21873285968715,1.3086494092174734,nan
167.88664412272732,90.90656504731695,1.3088056178838283,nan
177.83517528852246,106.87939721155018,1.3088303505767749,nan
161.1231294896495,260.15931305580494,1.3088416144511614,nan
162.0853891114135,235.48772397820036,1.3091353020920966,nan
90.78010079849139,253.838689976913,1.309245247756798,nan
233.67139545310823,95.12598630842957,1.3094485928372943,nan
226.0846034494807,103.20431966753148,1.3098864019527476,nan
4.855439760009997,187.10961518215532,1.3101560821560814,nan
112.19370327718222,235.862913355638,1.3105373622332814,nan
63.89998341073699,246.12742091159726,1.3105419415554047,nan
18.827969860500353,111.77929795349154,1.310583337574359,nan
22.616020690668687,108.48881983492144,1.3106043208660378,nan
26.756832335542605,105.71233494912691,1.3106484235365157,nan
18.262984288363906,121.99471382744025,1.310728170511675,nan
174.97877783794212,90.79668088305957,1.3107446079147869,nan
27.52987893307438,112.9564880351449,1.3108099180450261,nan
16.08961220014275,114.17439630370798,1.3108820768926186,nan
68.85925800399144,-0.17497441770033562,1.3112944362007983,nan
73.33721251059231,4.46762360991698,1.3112993926448846,nan
230.1935205433637,95.08019379160943,1.3113063308950672,nan
65.82900512348527,4.6779041516464375,1.3113166817908177,nan
16.123687840049406,119.48470437895159,1.3113909866852644,nan
65.89379730796034,-5.658410158360295,1.31146764721205,nan
72.84547394193248,4.219475609991483,1.3114859837389679,nan
75.34157962533389,15.54179356346495,1.3115645499214879,nan
70.93325972296424,13.018376437468435,1.311664563223264,nan
69.24110886578625,11.709507798048152,1.3117607341044286,nan
121.15719441191435,254.22777318884997,1.3118707469436444,nan
176.25591455723605,101.70541232042416,1.3121048707281515,nan
260.5598130059884,76.45411430830136,1.3124036373708539,nan
157.95089511074167,186.3256970931356,1.3125881444431877,nan
64.36766636785879,7.30183122431033,1.3126039041899507,nan
158.981012215981,189.91352965207133,1.3126943607506394,nan
74.08379802323337,14.231263575803991,1.3128409100910599,nan
173.54193458794612,106.45465243111501,1.3129563954552432,nan
59.33679434676506,249.71785296740018,1.3136642163996615,nan
69.76861611436064,9.944770294186828,1.3137116097829653,nan
164.88368164754655,79.25858718697405,1.3137196821276722,nan
150.90529021686413,90.23841729037423,1.3137607009310868,nan
186.4217014968279,110.70442046215783,1.3140888691043922,nan
151.71363482888782,114.5428427690903,1.314090179839653,nan
154.56757168582126,243.53973129065886,1.314246740244472,nan
234.88457256139003,104.52148467989933,1.3145610122458724,nan
180.81587079872688,105.36581560097271,1.3151452674531074,nan
165.1906159948874,82.58662653479162,1.3156151279864394,nan
49.49720987788125,249.62192258450827,1.315642833760901,nan
7.93984703861686,185.9951406820931,1.3159378015902148,nan
227.50649675550386,96.31873335648083,1.3161595169224554,nan
245.42554822781327,202.1471809164643,1.3164106557433988,nan
238.85916731110106,205.76931071090613,1.3172270282035632,nan
149.21220996466798,56.79124344280412,1.317577242703257,nan
161.40531813455655,65.21893345151754,1.3176067194252516,nan
159.04500044491235,65.57692568299821,1.3176371108228595,nan
149.1353855939833,64.679117673229,1.3176526743320456,nan
73.30037215794059,105.9146411637952,1.3178212082331182,nan
156.50325089352648,236.8439477938558,1.3179512898211474,nan
149.41661971158766,56.261568914257296,1.3179655924184723,nan
74.98556488677086,12.299342039230048,1.3180072881826745,nan
156.65303295501977,63.184707074343706,1.3180188702746014,nan
158.58122661367932,64.35951353873392,1.3180629143886975,nan
160.78323287738937,64.58797480546018,1.3182131546024576,nan
27.085520882104372,108.76829559919602,1.3184376734627246,nan
157.37268179604865,60.88934192527251,1.3185499111586403,nan
16.124421297531836,104.90324941059257,1.3187007257785142,nan
153.40898465547636,63.18791917472406,1.3187839658139078,nan
20.169370389187034,113.89586242785593,1.319193618989317,nan
153.84174591098616,105.77534569321232,1.3192592642612866,nan
159.10660977003286,113.4021329804952,1.319417436738421,nan
163.3252314851189,86.92314311862414,1.3194795960261465,nan
128.5414669012431,42.83188700702736,1.3195071673500163,nan
144.59882905175692,183.97886469082425,1.3195511616139182,nan
148.71265390109184,193.68451455617918,1.3196941770289325,nan
58.60447641494085,237.30184553804713,1.3198461864740683,nan
152.3402863837887,257.92771330938206,1.3200061756638726,nan
153.56808795138514,229.7986235150804,1.3205605000292047,nan
157.30069851334954,221.8385502165455,1.3205608375065323,nan
157.77318684267172,220.82417674835187,1.3205765437050994,nan
145.98908004242423,221.96485565152318,1.3206100599592678,nan
145.72169747363384,60.34323327672008,1.3206129714185304,nan
157.40282680724968,226.84849189513588,1.3206323178075576,nan
148.0372427241905,227.51387189754678,1.3206438416553608,nan
115.181314555954,39.810540384119996,1.3207092140676624,nan
174.18868135356797,140.22388058257874,1.3209441151598422,nan
161.55632032956174,64.37273675772745,1.3211701571946795,nan
70.67508277700885,3.024552163971577,1.321364428071205,nan
153.4196283591856,63.27052393444888,1.3213654306244027,nan
153.86614236080118,219.33489855854725,1.3213925679306435,nan
158.6272535117904,246.2795253919409,1.3216451554949653,nan
152.0681033807684,62.65157155146825,1.3219291859721947,nan
149.79219536069184,217.59136779476106,1.3219561544892808,nan
124.79017350429947,43.36830999942428,1.3222442380713142,nan
166.2214905525315,190.42557534778715,1.3224386679675821,nan
67.42319850249864,22.814508914416187,1.3231879409155463,nan
149.51709317370617,98.02903116026413,1.323347648704793,nan
154.6241726509122,248.81457263126768,1.323691658238312,nan
149.49134786200122,58.770255237733316,1.3247797847392218,nan
158.67941675016823,97.25256238365856,1.32517753398775,nan
139.4805561254044,68.03931259637261,1.3256702307385753,nan
140.81236323968318,70.95351130414534,1.3256723183773433,nan
134.60021808001693,74.41656254928265,1.325721791205828,nan
134.84613970344208,67.61446448730484,1.3257524627486996,nan
141.49624451998764,76.94192887887557,1.325811594662083,nan
133.02910152479328,75.77940037046747,1.3258521534828824,nan
157.52208877398692,223.8559577276429,1.3258882076058112,nan
162.17115732781713,74.01370117711815,1.3258902480096006,nan
133.09882555759978,72.76956270834006,1.326232720941474,nan
155.97261912647312,222.68394768440416,1.3262519114815976,nan
122.54500044490761,41.20545472791615,1.3266956168035473,nan
131.58311340899945,74.21949990948788,1.32673263641826,nan
130.690652080416,67.23581661372681,1.326761021626452,nan
125.78962106925262,67.84695362067544,1.3268881313517762,nan
131.57241060103183,70.20319849181203,1.3269381413353911,nan
193.87475836569033,99.70981533841328,1.327131559847075,nan
137.46325598388643,65.92370614074323,1.327226021156332,nan
150.5902139246073,190.99990377871686,1.3274361688168286,nan
245.93216976879427,14.099540111849322,1.3278149814155924,nan
246.1326127495861,7.101153509311607,1.3278312805067676,nan
132.8801085058059,70.75987884164114,1.3278318684269108,nan
242.8551765173301,7.328254136888089,1.3278475203530493,nan
246.71268137284918,18.338278646518283,1.3278498870987983,nan
250.26498516309374,10.68947982912296,1.3279115499256862,nan
240.17798722255472,7.046384638128827,1.327926128655433,nan
60.43107323184038,244.31214990653586,1.327936158327555,nan
243.73955346346088,19.433229376819817,1.3279660339734058,nan
129.35981292111157,263.2429635631362,1.3280851763164445,nan
161.010874177552,99.69507579815041,1.3283932772107276,nan
172.23885236895185,131.2133462041892,1.3286021752382415,nan
79.31745449760139,4.193581440722922,1.328734912180947,nan
244.581841384822,9.452093785716999,1.328972648147934,nan
257.47318237050825,17.983100069096487,1.3290667342088225,nan
64.31462706453237,126.74326628191824,1.3293336777236813,nan
55.33001049778592,133.47405448426952,1.3293712705671552,nan
64.85066716247505,122.89027125248546,1.3294024745953201,nan
62.45881665200819,129.09687286216328,1.3294290752687468,nan
180.81705779080366,98.13967368972096,1.3295762373844895,nan
150.33377109674987,213.04335888787037,1.3298029150219939,nan
154.84754982363452,67.4655728850657,1.3298717243780092,nan
70.93117522952551,127.68756439069506,1.3300746565021693,nan
133.9314242479755,79.24636722045352,1.3306618988367258,nan
157.30711871675905,266.7278494884437,1.3309058422802873,nan
119.85436694874433,47.2182631666193,1.3309150253954818,nan
252.72346114760015,14.125548234087878,1.3315982791035919,nan
174.21446126091877,186.0196452245399,1.3320288103531193,nan
133.9308883484667,80.90760528734708,1.332687212382789,nan
241.0061812619334,9.828349467262605,1.3334685007547271,nan
128.18365420482004,40.99809712801512,1.333533780400517,nan
245.87804043809544,16.335781706348023,1.3336649215899705,nan
127.34578438638945,73.04716606688454,1.333714316083792,nan
198.22582707665356,208.33173887147518,1.334362398197289,nan
201.6892974155356,200.75877134176858,1.3343670129855105,nan
192.8714213764577,197.1796062735372,1.3343795564624408,nan
199.10675585980297,187.1607461290284,1.3344007164756126,nan
196.6010975336492,197.61138206381958,1.3344172304141309,nan
192.46890091374308,202.69565643938714,1.3344388832802028,nan
191.56450893769522,196.90436685546294,1.3344395014086596,nan
191.6302131358011,201.24328216812683,1.3344720700495312,nan
193.64910022715304,204.20590571020517,1.3344861708743598,nan
198.66450936061605,200.9225975028676,1.334509676439846,nan
184.95055974078213,206.977953152837,1.334543772775578,nan
135.27116807785944,71.26633639453769,1.334578800400104,nan
151.21915956415987,5.556597524985683,1.334627289551917,nan
160.6597581665837,1.094343340064986,1.334753313685274,nan
155.69269713215698,194.8486776414974,1.3347681392000128,nan
160.46883795805152,9.860486104650539,1.3347735102885878,nan
163.02307203845567,7.228559674944635,1.3348660440012237,nan
226.30943285697657,104.5590404774322,1.33497341488002,nan
158.30912300072643,69.65072712676813,1.3349757085535046,nan
73.61092573229254,128.4700682814996,1.335440958371985,nan
159.79559794124322,-0.7255438347417275,1.3358192615783977,nan
246.81033590798526,10.089229141269241,1.3359581846647113,nan
128.50721294831527,176.53986807837813,1.33651694998199,nan
112.9212408513475,173.73361193609793,1.3365182174208123,nan
118.32301414709588,169.74556388969492,1.3365213088201882,nan
111.2224758244956,170.06877999585797,1.3365260452369152,nan
117.8075456518218,169.03141823671012,1.3365484476783116,nan
119.6332543268388,176.19389300366123,1.336556713868741,nan
134.71799751682013,177.8311733171618,1.336571424181054,nan
115.64406896085336,175.86739451438382,1.336623043867161,nan
243.647179860751,17.859639671192934,1.3366386945794193,nan
123.45215430779477,182.72876643564263,1.3366477086143567,nan
119.62986077484405,165.85477716638988,1.3367024598075867,nan
138.09667021709984,166.27890872787873,1.336757576373983,nan
121.68165879455698,175.9741130620011,1.3367767403271273,nan
153.88801025155763,246.16204435632713,1.3370206817394643,nan
119.46408896449813,169.482121440193,1.3370936878253323,nan
144.40165827112548,73.36559207367873,1.3372125721451902,nan
2.664431673675084,185.59819937356963,1.3375371425020348,nan
149.32931077666757,95.14555752750373,1.3375548425135,nan
123.16890949329138,169.75420511552423,1.3376165712792254,nan
124.12453331083155,161.14023108568085,1.3376820218119871,nan
144.96864820200022,193.76701649307122,1.3377006142955385,nan
117.10591531026006,168.02148223652196,1.3377375186481952,nan
169.65311022794023,16.48216298991265,1.3379709582541082,nan
127.78547298325532,171.74432504307558,1.3380216310692727,nan
181.638414810548,82.0777272010389,1.3380740157431146,nan
75.80282086697983,104.56760333107782,1.3380866059410117,nan
134.40895720584672,174.75188131620638,1.3392388391208598,nan
59.07563627574072,250.3574650367199,1.3392400268320308,nan
61.143417521166825,251.04447042436698,1.339364769675546,nan
77.41281858433169,244.2619283644928,1.339365051604937,nan
176.5619976610686,95.30430292085495,1.3393708665559159,nan
62.002324003876986,239.054765475271,1.3394375775383922,nan
63.97661871229679,250.97259513482248,1.33959222003896,nan
64.67616981935154,247.96912619681135,1.3396809972272217,nan
67.01755424136798,243.2284586573613,1.339770243724788,nan
157.28126147207536,63.167372555591626,1.3399005557460932,nan
113.16127463495167,170.1058705647952,1.3400407098004339,nan
65.8193968893518,243.0386571968733,1.340062881338561,nan
136.9811577031523,75.01523576677873,1.340353430890276,nan
114.48286286376762,175.6577508837804,1.340507490036707,nan
134.12087798814474,73.60598214582426,1.3416945664123439,nan
185.40942688203768,218.48053421220322,1.342245349605132,nan
190.08721497348634,201.28598178430158,1.3423436882824429,nan
61.461637868998565,121.10764365672031,1.342348158501774,nan
164.21791605839238,6.466758364551522,1.342556703073249,nan
178.06877426739797,218.40060067168432,1.3426456061046323,nan
175.97587675181165,138.2816065611488,1.3427077933892602,nan
157.86390219964906,188.40498885387018,1.3429198951350074,nan
116.47785427090179,156.24746502281425,1.3431086576409978,nan
110.145691904869,141.70869223565194,1.343125159233089,nan
111.29887939132178,145.93927178123604,1.3432016909302606,nan
114.79465534085101,142.87023986990667,1.3435203117900576,nan
199.865397265302,131.55489221300584,1.3439193665581493,nan
199.32932996373495,114.24894640825501,1.3439232055657198,nan
204.63018542114418,123.40093648053913,1.343929892432614,nan
199.66201227825653,124.72766969347374,1.3439333880121236,nan
208.14824620586649,121.24496477563066,1.34393617833798,nan
196.29937966184013,118.52815779214957,1.343983158385214,nan
208.19611012092807,118.08993052539661,1.3439845611116237,nan
201.4042980158528,126.00303275180042,1.3440251732844444,nan
204.69606277908173,115.8502390897553,1.3441564733074978,nan
62.92485969498169,131.27368986518005,1.3442255071068403,nan
134.72075163237125,76.48618412600302,1.3442724799914803,nan
197.37974044834542,109.64168913689566,1.3442818867555086,nan
173.17333640400037,221.2379267341997,1.3443487101258165,nan
119.54949920122229,177.86985111233608,1.3443611352845581,nan
201.70221345329043,117.10971959659204,1.344534683729123,nan
57.929019729050694,248.96176058608094,1.3447295244570896,nan
54.606505154997215,125.06981883547923,1.345157340359374,nan
118.67861285905857,162.15264128989082,1.3460828480543297,nan
183.3629679014102,210.4335045112381,1.3462594837415869,nan
52.389283367725504,125.12199378358753,1.346709979029613,nan
51.65410827629678,118.01934383028082,1.3467262027967937,nan
57.749313495451354,132.33136947590307,1.3467366020521072,nan
56.45397057497135,123.78118683766697,1.3467512332819562,nan
50.98608043984492,117.66106765088517,1.346767868323541,nan
54.51822745469472,139.60532409103905,1.3467910557683382,nan
41.40845825386171,132.28286248679976,1.3470100135779726,nan
182.16913974527515,57.067634073137654,1.3470860447442812,nan
196.04324415877838,200.00397593036493,1.347101213731456,nan
116.46294882503817,168.96013064149713,1.347320163340387,nan
196.94401592770157,116.39563370287786,1.347650918526095,nan
45.27118616677641,125.68127324718041,1.3483890407773895,nan
115.98591278893174,175.96379687969824,1.3487037008988882,nan
76.65006083380626,204.98340208102601,1.3487780796125948,nan
105.06793439988557,151.23845872060005,1.348921880638755,nan
70.98965845862527,123.34689950872185,1.3496901789603146,nan
180.0342097726174,52.411279587531986,1.3497488397950927,nan
56.2592572690571,171.39994864086466,1.3510877765625493,nan
57.52663731533877,160.7207450473872,1.351089719797652,nan
53.17647097757564,166.67844916513963,1.3510946619875328,nan
53.108727775858,160.33346980900967,1.3511325613848837,nan
122.99868480647936,171.52621698181798,1.3511991155201561,nan
55.43029314975562,156.49004691223797,1.3513551115169375,nan
123.24036005468889,30.451656475830905,1.3513962825950407,nan
130.46823388471176,21.26601021562553,1.3514261369787388,nan
59.13891873951673,160.40858960335734,1.3514306662327114,nan
124.29999610217774,22.560672277414675,1.3514616945714408,nan
56.39967265083286,165.9556302988131,1.3514924982068688,nan
47.02362981619383,155.42963291060528,1.3515857226785601,nan
63.277719275810234,156.69629000213027,1.3517649703145587,nan
113.06155423261353,175.16290481981065,1.3520734376456707,nan
195.5007080836206,192.2096754708115,1.352429654883088,nan
135.9400977243308,22.119707548002943,1.3528272704063766,nan
125.66625467406287,36.632488257401306,1.3537715012183689,nan
126.9259707119622,24.763917191145037,1.3540053567104628,nan
246.925693344451,15.213115624726713,1.3540323536187584,nan
118.10986701241232,39.34105500990342,1.354210894622425,nan
207.18234696156543,121.81383647093287,1.3550859303349978,nan
52.260852980269725,123.87964151854446,1.3552897874920304,nan
124.97125041793286,175.86033948863326,1.3564592033625122,nan
54.02634189049386,157.23582079097616,1.3565919361540846,nan
215.6408242155717,7.634020079414711,1.356759808457426,nan
218.996500687288,-3.950450052464178,1.3567668499301497,nan
57.105962540664386,126.38504582177262,1.356948590374509,nan
126.4622094676688,36.13741327092878,1.3569582458951985,nan
181.71792969383247,128.8980718725004,1.3569591783004566,nan
74.20226919888283,253.1765713839506,1.3572792317317361,nan
145.83429698871424,75.86383936266222,1.3576524838922799,nan
185.84458550400907,86.64422587844216,1.3580051618794868,nan
192.30126195181373,91.30128840770665,1.3580274062884692,nan
182.09411105867576,95.15996018622833,1.358213032383379,nan
197.56390033524823,130.86550141430337,1.3583037934738191,nan
152.24031557189642,248.41964123962305,1.3585428631570622,nan
240.6021490547525,218.8226247864023,1.3591712350334328,nan
141.3136589329131,61.35418345906328,1.359529347572085,nan
161.16936721316145,0.9509695758937148,1.3602564455760837,nan
121.88555623930776,29.119716169689987,1.360587957103516,nan
223.5260560506043,140.73842620841083,1.3606410303779206,nan
227.58064752429226,142.1897110484846,1.3606473942145618,nan
231.72120770743305,134.543539367126,1.3606559058991679,nan
230.97612103072194,144.9573996991666,1.3606621291398702,nan
218.49314642354764,136.97946597971048,1.3607745289492283,nan
228.19187306104487,132.65371812994468,1.3608128782132918,nan
211.47040656014,9.54064977269484,1.3608801854179553,nan
54.20951061619033,122.23023715688704,1.3609386668742118,nan
73.5979585276755,196.83605835311937,1.3610050941001504,nan
44.062630091327996,128.93784948755933,1.3610503953166073,nan
21.296147034136478,119.30274346740539,1.361233404129631,nan
47.29194008539796,227.52755080878373,1.3616780301114697,nan
51.00599958388468,227.77945901794942,1.3617947241806883,nan
43.06083916469293,222.66062693906585,1.3618622661571858,nan
124.41481020895948,72.26150866006455,1.3618782922166774,nan
48.229998378612216,228.7254437267652,1.3619490382994217,nan
223.4082098926643,140.50097509299806,1.3629903135493362,nan
62.41280400503498,223.6066264561313,1.363336037399684,nan
41.67835314880378,128.88935394072672,1.3639716821241568,nan
259.1567096856861,8.715746606403284,1.364607147032342,nan
217.1478880577843,119.77212325928699,1.3651651355148333,nan
230.08333951598127,137.9972268943797,1.3651995424856305,nan
160.14042705200137,245.6309603137259,1.3653020666901965,nan
118.59352656650744,22.397235482015184,1.36539313832808,nan
203.1668760445952,124.48063916438116,1.3660221391213827,nan
192.3612269902535,89.25233458080281,1.366635773800145,nan
49.50730669921415,134.04280586136596,1.3666871239334248,nan
50.38742850657211,226.5411975299907,1.36682371128132,nan
50.77024698392157,159.7509934357595,1.3668556128461669,nan
84.56791430595098,192.39648261600803,1.3675738053729645,nan
141.65080121530437,250.3985104626552,1.3677620229183125,nan
144.28862404307236,245.18274985600598,1.367769939018581,nan
137.72242484657733,249.63500203054986,1.3677780184696795,nan
135.30190125486607,241.42609731778762,1.367780864027252,nan
143.14549230953722,234.4410956520487,1.3677978649092415,nan
142.59188794706674,248.4869795761943,1.367874364867662,nan
146.14143524591682,249.65551492215906,1.3679483613701748,nan
136.0872563690873,248.3147739464921,1.3680723961686176,nan
118.79645737098699,179.385301562992,1.3681205124763862,nan
132.71673138863156,248.19545446294637,1.3681321238945505,nan
225.59203096680994,139.88862100442287,1.3683135332637664,nan
138.19285599819358,238.6668597014341,1.3684887009971147,nan
133.84254515423345,245.9326417999836,1.3687568585728287,nan
206.9899148289836,130.30353363912104,1.3687783896007804,nan
241.8425985850955,13.453484242216755,1.3696784629441732,nan
121.06039169492983,28.688928428073716,1.3700111766452352,nan
129.28732573420697,26.818689571166665,1.3702334679760777,nan
199.683464170562,118.65771878436605,1.3704840745385738,nan
139.5352577788705,246.9341150633407,1.371358525299554,nan
167.1320330834378,20.30523543450318,1.37176383897484,nan
178.20496601858147,17.538512801254438,1.3717737786366244,nan
173.68467045448713,25.487598704438387,1.371778127643768,nan
171.456153777357,17.946258523403102,1.3717961453101262,nan
189.3832299098535,26.17687141203281,1.371824722427929,nan
175.88841516797447,13.718243383192641,1.3718581758291537,nan
184.3086049501055,21.651596090562233,1.3719763334947688,nan
227.7110241708659,126.15848376566225,1.3724063270717155,nan
175.27942033278183,13.775369011412174,1.3725421457310405,nan
167.26348217780875,157.31876446293623,1.3727125265346185,nan
171.7306597078416,151.56031833435924,1.3727131887070585,nan
174.52455577567108,153.84981975031485,1.3727328917789925,nan
172.9588281566671,152.85879367565312,1.3727457124023197,nan
170.49732340549116,155.8639940024318,1.3727755786788964,nan
174.2031819754637,159.224113534515,1.3728307120730727,nan
173.53960666147302,159.1918535132809,1.372856333487129,nan
159.96740738191588,154.65475735136312,1.3728630142078102,nan
172.45607985174578,165.63757812780403,1.3731405865306778,nan
178.43182372361963,26.35302560986431,1.3735060023829204,nan
233.77571194403012,207.3949731227856,1.3735290207819848,nan
249.3655056376874,197.0975443525177,1.3735399605002394,nan
236.91775485438336,212.48060079781072,1.373852970192504,nan
167.77090613746705,163.43130104122255,1.3738796380060985,nan
237.47311888985536,204.99362011652735,1.373938030772073,nan
161.95124046414014,160.68872729880448,1.37438023419527,nan
49.64597374839265,123.40133929256619,1.3748846050164245,nan
152.9111868764349,104.7405458914385,1.3752846905500062,nan
57.57001590275334,230.22515906235822,1.3757826570278182,nan
123.33019281390918,17.470167225164076,1.3759315441222695,nan
242.46673571689962,205.0160089574868,1.3759708480419526,nan
216.55087166890982,77.66856294491708,1.3768485144482212,nan
207.23509914448903,76.13396187709026,1.3768834206050464,nan
210.15071603875936,86.66726055601609,1.3769198547184809,nan
211.9483062023755,82.67533062377794,1.3769427228905493,nan
132.06760432443227,252.8780717275923,1.3770547538788787,nan
241.7329758831254,211.58060515911902,1.3772075281630936,nan
168.8308412638786,228.5197718176772,1.3773331030525342,nan
198.98581343006313,125.93160917348288,1.379194831155251,nan
209.2516359416635,85.42523995277955,1.379226159743169,nan
176.47634902234546,164.19992048526814,1.3795073939122873,nan
174.40095840237802,162.0584486266625,1.3798757685433238,nan
236.4222118345799,208.76167600417645,1.3800375614599238,nan
80.25499511713788,199.0719250826241,1.3803822283180016,nan
181.63046573213242,46.09866363552683,1.3805625109699178,nan
231.88801690842178,203.77989153643375,1.38064646049998,nan
193.01141005984292,23.70735350766425,1.3811716664525346,nan
189.9026578059232,93.99881341306923,1.3820093566437879,nan
176.62417242517964,158.03303686908032,1.3821388372250323,nan
219.9607188002229,6.558781711533623,1.382552790719586,nan
141.4693784244164,251.98941711963454,1.382678488586119,nan
172.51257816804963,223.90506224493552,1.3829885269873803,nan
163.70505990378416,158.40276921081656,1.3830444531933503,nan
196.02223031915534,201.72678798834116,1.3834948440247827,nan
175.941917666161,227.36836611510756,1.3839049212168408,nan
142.22918559344973,245.7765236300602,1.3849734655168568,nan
246.71858000802268,200.44010007788518,1.3856178213975305,nan
245.00961583699203,201.35447924776483,1.385999246259224,nan
177.14324447520346,21.654536647297995,1.386959950691998,nan
120.23982898918034,23.381938616306837,1.3871739126486167,nan
183.25016409033523,40.67662409092503,1.387380516693223,nan
187.24463100089363,37.16402304634637,1.3873921732211796,nan
179.92079696917702,39.83298423004207,1.3873970974202892,nan
168.6572701989096,32.169611162724124,1.3874012021175501,nan
168.60530405424183,29.287179774514865,1.3874167039927578,nan
178.36350610913914,28.164728733668998,1.3874704725206504,nan
180.07353577970963,23.17818811505327,1.3875339374213218,nan
176.16071713300042,225.51895170920747,1.3876411040788432,nan
177.22013211280225,33.30044587518148,1.3877081757731884,nan
169.84371790811613,37.27667363465587,1.3877250777060217,nan
176.56803118807414,43.01755113253333,1.3878201782467394,nan
170.30610050110124,154.35340044323888,1.3882174627530013,nan
176.4056314246518,37.82692099258955,1.3882581865471437,nan
233.15795008508866,209.9016052737816,1.3883560772712844,nan
140.8585578551166,240.63334555353995,1.3883698883541291,nan
177.77494189542628,35.219184761934805,1.388620103874763,nan
167.49657567532898,159.68846685765368,1.390502191257861,nan
143.71510990628008,252.80611915774008,1.3914708022515307,nan
115.08559155302886,143.0086682736512,1.3915636507770448,nan
52.92785817519112,128.81066684237464,1.3917561008009331,nan
241.32360491301253,193.80769658564225,1.3917637500784994,nan
223.71321919708942,84.94924587698247,1.3920212068724296,nan
234.5729837764583,182.29163592488393,1.392026910133443,nan
241.51726064792354,186.24211181928356,1.3920396241899373,nan
235.3495495910228,187.06712011296412,1.392149552326194,nan
175.97835884358952,28.73593946239975,1.3923198745702483,nan
136.30327875686058,9.580102089162393,1.3923271403984894,nan
141.67630345354502,0.3781759994099895,1.3923298696458781,nan
141.4298282524928,2.5717272561685274,1.3923543678822128,nan
124.62598310792201,11.222392263479087,1.3923607085102547,nan
136.5648933978404,11.047393851424435,1.3923635390727807,nan
140.33144666045132,3.299501649670089,1.3923840782777792,nan
132.99586277363437,11.691062341858037,1.3924198260638652,nan
128.80065906034707,-3.885233658372763,1.3924287417552048,nan
139.89596849032168,5.369304102830639,1.3924473432681137,nan
141.39755954191557,5.111154317090552,1.3924520106973444,nan
222.88069531308057,132.3128275535586,1.3924886424625322,nan
139.49378862879504,-3.8749241979727023,1.3925333833956675,nan
125.12821864982037,2.832676562576028,1.3927617402375718,nan
235.149025824468,172.29893377874697,1.392978633802326,nan
129.08105648015447,4.506903724404483,1.3931364493191185,nan
131.76922783678305,24.920983241876353,1.3935194744261512,nan
97.32610056605847,93.02348695129817,1.3938513039055125,nan
92.46234105592104,94.86678249529999,1.3938634929354972,nan
106.08936316143372,92.84836382621474,1.3938645998564054,nan
93.07340370975919,100.89189440985348,1.3938714025953265,nan
99.56867069464101,96.96018431580842,1.3938785166816126,nan
100.82411867853367,89.71799924387282,1.3938970075249677,nan
138.27909405231077,252.62868229207095,1.3942932969213981,nan
86.05084666611633,99.03542810481864,1.3943175084314618,nan
84.7041152045221,102.626114397624,1.3944822088507955,nan
55.33779696929298,151.6103188009815,1.3945058925003542,nan
65.52028529682967,153.79789365386716,1.394512064215544,nan
59.82237815645748,139.60351306012097,1.3946045307721366,nan
101.37849050825778,92.60467454608016,1.3946898735830955,nan
60.15666336210499,152.31677535728406,1.394757670776486,nan
53.34483250849762,212.4372630023419,1.3947927242747968,nan
47.176511755190184,206.97441935304465,1.3948069855266587,nan
47.25780556892203,200.68918774007733,1.3948303705485263,nan
55.69508016003946,194.34960762128054,1.3948491136874093,nan
47.06368376403218,202.39535574164123,1.3948982328489308,nan
54.48145520853772,190.58490579135568,1.3949833567266212,nan
52.65344081074681,202.08627560551426,1.3950027953415467,nan
43.47382691500787,209.02266311556093,1.3951428905099723,nan
210.17345967713038,76.22807363372156,1.3952599069704732,nan
56.863405247521094,200.3606770996743,1.3953609966339737,nan
180.7353405780579,147.35392510940326,1.395700685350806,nan
180.27925449249182,36.048973997055626,1.3957348947869879,nan
134.8053016570042,11.443131251438048,1.395984893610691,nan
93.58875501613606,97.18591427986821,1.3961095517056452,nan
41.37774407137572,22.222238856453096,1.397373753562241,nan
48.15843998029373,15.476673229921095,1.3973834170035127,nan
48.275650076378525,13.132141643620093,1.3974706717665977,nan
40.74124359855347,7.956866786619705,1.3976298403377316,nan
173.43240168036652,167.46279364584694,1.3977907022287968,nan
58.410529402672054,147.53638347931175,1.3981638171598834,nan
92.94668988611622,92.35286669677215,1.3983563388996225,nan
232.83788829796822,135.4782390509376,1.3992265024592834,nan
54.38456950015696,200.323116289201,1.3993397440882422,nan
45.858217560549846,207.6795376090077,1.3998493607921276,nan
183.2618022495369,211.40665816707605,1.4001490171571689,nan
42.479657220454115,208.20217802199812,1.4006233849225398,nan
242.20344365441312,189.4563020381263,1.4006815029120405,nan
46.92479330965595,209.5897849405596,1.4007632058379331,nan
45.49792412546901,206.13899260159207,1.4007830910666108,nan
44.28436978365508,200.8494910669902,1.4007944288224374,nan
39.0439940858088,214.1648886325023,1.4008235231107269,nan
42.009719969217215,208.2825186839327,1.4008593146318185,nan
36.74945122534144,207.11273448423506,1.4008598055358894,nan
43.39818684681154,200.1673116651607,1.4009093801217083,nan
47.79008288528322,205.53015224654442,1.4009491878613443,nan
49.134280551216975,194.2156196610096,1.4010433518102372,nan
176.90935412052255,40.888769754364716,1.4010554197245106,nan
42.20261852265653,211.263290167911,1.4010874564400064,nan
36.77394678565506,217.41986191686473,1.4011045431470253,nan
176.61252013251942,32.269680257605714,1.4011923443692134,nan
134.8303163847101,7.365831580764304,1.4012047159538759,nan
40.70421530940387,206.74063226252704,1.4013666000915659,nan
35.06551693379198,5.422448452661872,1.4015432796829312,nan
41.70749579158286,203.13821933399487,1.4016237305244186,nan
55.39686241886941,226.35145266137135,1.401655798188583,nan
166.97777446673513,32.33258120275766,1.4028186196423948,nan
172.56248247880308,153.2447131239877,1.4031938283630847,nan
32.4408512845409,208.5241045388408,1.4032635567709641,nan
244.60470644298087,93.48290751098718,1.403456448740696,nan
231.66000626619171,96.00820903208181,1.403585917426513,nan
220.51474646143606,93.79221913089255,1.4035896379550967,nan
100.88392442058448,86.06434895485087,1.4038058833684002,nan
98.9841472463405,95.5487442918067,1.404098723275905,nan
234.8014042101004,97.10878197974074,1.4041216895309963,nan
63.79453630979465,163.64892058230365,1.4042001799750115,nan
63.642766454459,161.1569753605589,1.404200240872647,nan
57.266729431884485,160.4976542063998,1.4042113733026267,nan
50.912849273160035,163.25952596740515,1.4042217222377902,nan
68.14005639800904,165.03756519040178,1.4042332265168043,nan
232.53636201027345,98.16307002656237,1.404291590596924,nan
65.56334956932234,162.95357421293866,1.4043520877892595,nan
63.5886793709055,161.93061590239375,1.404388020877878,nan
46.09198020437661,208.8956870947064,1.404533519606966,nan
68.56230712988831,161.9965773652916,1.4046256244845299,nan
82.90113699544604,164.47749281851642,1.4046425386191979,nan
236.2658286620944,191.62547622252671,1.404715682613351,nan
64.4704603553355,154.31215573378697,1.404815718558332,nan
64.61126840646386,165.35544635299257,1.4053832583753896,nan
102.60467090770008,98.45412889168146,1.405532811020301,nan
137.83559913965803,9.574738383513585,1.4056407502917556,nan
184.58632936296982,203.38444611652406,1.4062018243029597,nan
66.38533060437618,169.8406161515561,1.4062553004670901,nan
38.247337251324204,213.6259949549066,1.4066157706091957,nan
54.522717746907695,158.69015228466358,1.4066475757076626,nan
54.909987195341294,211.7970639188694,1.406741042931874,nan
64.58772445799052,167.4964423552865,1.406775609395566,nan
171.55079095167997,196.54471129221508,1.406900920369148,nan
232.92128280818997,142.08828329905506,1.4069778617957938,nan
186.09448504673267,196.50336076004376,1.4070315383358716,nan
248.5318039167372,143.05422641567102,1.407098709114715,nan
237.49631524783598,152.56943107866758,1.4072165455071948,nan
226.65021141936472,87.81057237166941,1.4074478238162271,nan
230.47415818226992,99.23729995804409,1.407483411563697,nan
47.74630380411966,207.44854266380852,1.4075009244608339,nan
72.63705204529532,161.30474936065409,1.4075342093218874,nan
128.7449583086279,5.378735451583909,1.4076643494503864,nan
135.15270560854324,13.295950707862797,1.4077252603064696,nan
63.35222401490837,160.1867890005878,1.407885691222124,nan
34.279987133008156,210.51820836028924,1.407929327034628,nan
186.02941608520635,144.5262792055346,1.40798892117723,nan
46.655993351994226,3.0133122358704165,1.408515501705763,nan
110.83646756380887,13.256024357222676,1.4086279134131348,nan
111.99457468300079,8.802634260489592,1.4086401345588309,nan
107.25770967719711,3.489421862112467,1.4086489447338175,nan
114.26578988627503,9.921902196815738,1.4086517236143594,nan
122.40247737648802,11.996668843452365,1.4086546883124262,nan
117.31631796071066,21.678526044900373,1.4086764483004186,nan
114.65633394307025,13.001882101766588,1.408681665482133,nan
110.44108245559516,7.861356611576803,1.4087008111727815,nan
114.7483332071254,6.754555455924855,1.4087023027314791,nan
120.84324240131585,0.9298842016854321,1.4087046433167996,nan
110.27019500210035,19.82967376226507,1.4087519694412738,nan
113.92426989668834,16.937448855920188,1.4087733156172308,nan
125.51142714739504,19.709986502498804,1.4087830517577544,nan
42.03412582941495,210.32522307229715,1.408899403042582,nan
95.54109456466782,100.13216776518448,1.4089449566843335,nan
110.39166900877915,9.293922432576156,1.4089845813702664,nan
241.94878322297438,195.48685064315592,1.4090172164510941,nan
113.01748506407137,4.214562285608896,1.409061029098144,nan
116.49872495988498,9.216223727879699,1.4091807928294964,nan
174.4807213586379,155.3316801153624,1.4092513623924607,nan
187.5070847648401,41.3752281492231,1.409429104262643,nan
110.13408613359744,10.094265590660678,1.409605301239802,nan
40.09543254069142,194.56003100578738,1.4097700010199745,nan
21.66935496616354,210.77016376638198,1.4100090409596229,nan
23.919932076610923,200.70793280494289,1.4100194500279013,nan
11.380028381967064,214.0778061893858,1.4100195904766661,nan
16.47043968875081,209.26939425629422,1.4100319241338426,nan
27.722675463646258,208.4541702749525,1.4100357016828817,nan
23.164691364512013,210.22768675212984,1.4100767348696956,nan
107.01316661271593,24.57377952565418,1.4101665987655554,nan
30.15078142442324,223.32694211485705,1.4102588812897254,nan
38.31148976494209,198.76814966189627,1.4102981076037737,nan
173.27261434831883,152.91826329021634,1.410338813811705,nan
20.96805739592886,219.1091038158341,1.410702435090734,nan
43.64163697362154,208.88150049217808,1.411300412466967,nan
15.240076549616951,212.57203335840697,1.411355044863397,nan
10.552568332520119,209.81717840220983,1.4115202372969706,nan
107.67035099788036,13.161102222166326,1.4118009699946723,nan
33.65441189918472,82.84547266043805,1.4118217560050932,nan
40.475203123777675,82.34747968909784,1.4118239639122396,nan
42.00548500578257,85.13866534019826,1.411837299224371,nan
36.651239357579605,80.67630112682701,1.4118388176415122,nan
33.64858367793126,74.75704947666243,1.4118389145319417,nan
42.26535013583187,80.75012466937505,1.4118429638148369,nan
43.03416471540023,82.19087289458732,1.411911240119652,nan
32.78683005234118,77.1027597352188,1.4120257919093937,nan
31.103896027662515,77.73955982797587,1.4121005501026878,nan
114.67268093844639,11.5012230527973,1.4127386462815803,nan
51.010698121201095,88.48251548590197,1.4127645549793046,nan
97.36766652413937,90.79647449430661,1.4127866800065645,nan
229.28306567685289,92.64101808663719,1.4128378005748004,nan
110.25483934235152,10.765500564547247,1.413135167027056,nan
33.97422621511357,84.61782920883537,1.4132452520751857,nan
228.98718966902194,100.01364662143972,1.4132656055894595,nan
120.64952034893909,6.5242554665476895,1.4132868928820739,nan
61.67304363743814,142.76261618403402,1.4133445436146193,nan
141.14213036121248,1.4951495643396104,1.4139759012122004,nan
47.538622814860275,204.0493665116257,1.414013553754454,nan
48.33134100860329,80.44047909671932,1.4140988508346801,nan
39.52358733570595,83.12418782239716,1.4144421180118822,nan
230.7352303685559,101.59636612356404,1.4148039553947056,nan
98.29614120825894,91.69769551684834,1.4153778901636076,nan
46.38389804895549,69.4028668109784,1.415685513241757,nan
50.02433108760426,72.96297300458141,1.4156856180627728,nan
51.55972130646315,80.05091255259023,1.4157029531507686,nan
48.88256905770021,71.61406568450435,1.41570367538423,nan
40.10356818780965,69.17097585584584,1.4157264557717457,nan
56.959965549841215,82.3097552334944,1.4158613770897561,nan
52.494731957907405,74.39349694532379,1.4158776206443382,nan
45.03581755860183,65.5584148866203,1.4158913260695225,nan
50.983016232805596,68.92323670428641,1.4158922223563106,nan
47.966848829515456,212.47000257274908,1.415919585268316,nan
49.82855775683351,73.60877155447237,1.4159381179315793,nan
230.73475252487543,89.47687345247543,1.4159904488240673,nan
131.54649487981163,5.172115911186651,1.4161043758403893,nan
64.54097113202985,205.40438161576338,1.416207182774073,nan
100.4532926337567,93.1584267736873,1.4165380309794529,nan
18.22658421797503,214.77770555883768,1.4166423036457885,nan
41.77446388337186,90.54285221109589,1.4166569852154953,nan
20.992249727568776,205.26040433932909,1.41684316961436,nan
27.23453918220449,209.33671191220867,1.416998256231579,nan
96.26322901709905,89.31963643780783,1.4170301270165129,nan
15.845331223366701,210.1120655688501,1.4174023525558317,nan
169.8005611619579,152.77270454277186,1.4179279850812103,nan
169.03400132021198,33.54323228825314,1.418184909199754,nan
241.9126827317433,140.60335267273823,1.4183977597663888,nan
110.25912756456403,7.1856409395559515,1.4185024951044996,nan
35.06136087221576,83.39201010315574,1.418708572918268,nan
168.74924947402974,161.10141440553562,1.4188667751524087,nan
15.696690912474036,251.15765161440362,1.4189346423222857,nan
9.47213554012924,237.03719408742964,1.418941141345557,nan
45.100088726619184,212.82892102812937,1.4189606017154852,nan
17.61911092532124,233.33356092914676,1.4189703897703507,nan
111.11100736758335,89.17399599267524,1.4191439042674445,nan
9.555787856633543,247.19090950593062,1.4192352659963865,nan
21.313896458911234,213.65416942858414,1.4193021815215336,nan
7.699784803941208,260.3111513229405,1.4193700489288352,nan
50.73425859239872,211.14324313082435,1.4194656731274415,nan
11.687618980407235,196.7816094120788,1.4196667789191713,nan
179.24275966407808,150.2571049638466,1.4197167726122564,nan
61.72536587378648,161.57931227213135,1.4198163587465278,nan
175.49974581653936,164.83113970787514,1.4198570262731955,nan
12.240170432172953,247.5369772998979,1.4199266423430073,nan
17.64306901662804,249.1616888374741,1.420171338329897,nan
174.81496747431018,25.56482880180226,1.4202245320681754,nan
11.790675191808951,250.3546948445054,1.4202303986008153,nan
177.87899840731436,201.20321232924724,1.4203375871620996,nan
21.714790666011634,244.86182990685393,1.421149525659787,nan
101.82035468078011,87.80470650867922,1.4214803605537623,nan
216.67461495698944,94.6493706628755,1.421499172320098,nan
18.855418851754163,199.47484124634533,1.4221696906613075,nan
21.442190789173363,252.19100945224562,1.4223420400218172,nan
67.2794624586344,162.32779493242708,1.4228401074520565,nan
112.30114169814672,43.09827397558425,1.4232027842500272,nan
108.5401352927105,50.63263773252228,1.423222450747817,nan
143.4517250501984,146.68985993457704,1.423248030852936,nan
160.1521343632001,137.52523699096668,1.4232504502590981,nan
153.51822536175695,144.13579873916794,1.4232520012667569,nan
150.85593874886845,137.16894427280639,1.423261563464864,nan
160.43085870127362,143.30151471479397,1.4232639123410524,nan
115.59347688806702,52.3916388526277,1.423275898188186,nan
119.09985442971397,49.405545403344796,1.4232824482657735,nan
143.49820940903757,143.64887199386527,1.4233079342093957,nan
152.98688427925288,155.7538945854994,1.4233638715686472,nan
154.29196884148737,144.13085435897656,1.4233667203954055,nan
249.33775864082833,142.66909441683612,1.423484324133928,nan
113.35834048329555,14.796379182735233,1.4236952331261894,nan
115.04241392020494,46.921152885824476,1.4237026476947523,nan
123.90125353903095,50.19517006790234,1.4237137411225225,nan
152.41290856044628,149.95807842724562,1.4237572235277658,nan
117.12424976332143,39.69360325921312,1.4237861445628586,nan
7.463565638489775,247.32439484960443,1.4238747654447086,nan
40.75366195378711,64.92782851161908,1.424059714467517,nan
115.58733102427874,12.101222359219154,1.424065303247706,nan
112.37189488185761,41.90460331233444,1.4241110686694836,nan
9.056604028205621,256.781540940182,1.4243841746335546,nan
110.2605585963408,85.91590752286412,1.4244835753740115,nan
173.97343527062503,200.21694223221334,1.4246510346917076,nan
40.152279491674776,79.11991864271738,1.425279562179637,nan
155.49264773505337,143.64140319096737,1.4253047341773106,nan
105.70696619293447,10.742345984585748,1.4254077418011726,nan
34.68383409677832,219.3573762224213,1.4254754823410865,nan
10.954490941959296,253.50235429357818,1.425479471134869,nan
117.41636738982629,45.03453668921815,1.4259760831680708,nan
244.55683588758595,144.02208374505523,1.4261792134543039,nan
120.29318818386702,39.57616819481886,1.4277176729860832,nan
132.47455487010262,10.186660930156064,1.4277360100769045,nan
119.39550298526507,43.59550893084206,1.4281315466920075,nan
153.75040476711482,140.9987098172418,1.4282442034538696,nan
106.07393637540898,4.8443183153858485,1.4283865475954312,nan
113.83103799288605,49.39664055493649,1.4286097108357265,nan
111.1239296726538,47.16729168982222,1.4286827165287443,nan
45.01556387552704,23.980191350106807,1.4288905860846923,nan
37.822018589685534,13.44323409361012,1.4288917364850302,nan
36.42194154797453,17.063583718721375,1.4288934174626957,nan
42.188062564682504,12.447930056802727,1.428896683529431,nan
43.14266929930809,21.631891637897702,1.4289085336252374,nan
46.610130948286205,15.014391192555774,1.4289115523884335,nan
42.256510913604885,15.783601572465052,1.4289184757797198,nan
38.55935272949946,18.842337071135738,1.4289331496933593,nan
44.86038812471563,3.628847758858936,1.4289342987034506,nan
43.915024224652626,14.98435830500923,1.428955526530945,nan
45.3105825049749,19.13114936885608,1.4289712777048371,nan
44.938869918772205,9.683197745933251,1.4290067168247242,nan
42.59816531691185,19.946193503977387,1.4290990705687625,nan
112.78041872564361,44.148653594621095,1.4298284161433177,nan
173.50255880352373,203.95651398987337,1.4298390110899146,nan
64.14253287571145,158.88707371438855,1.4299186807888438,nan
173.6688096945227,21.593830477765525,1.4302217316252561,nan
41.85624516879367,22.330891242078447,1.4302344554337507,nan
37.27588621306545,17.778866589963272,1.430540646335104,nan
101.19164254555383,89.34043519420497,1.4307417526372315,nan
51.85774963467461,201.16365501445782,1.431319732548878,nan
41.196679002518245,5.763379611517879,1.4313563548918398,nan
21.936466467450824,205.28939078659727,1.431543844690471,nan
98.91557385542762,158.90773522882736,1.431626617264054,nan
107.76545080316916,163.58867493798527,1.4316333739875309,nan
98.87051370976464,160.00690416994843,1.431636205105666,nan
109.64534146193533,164.49123680281636,1.4316426374132876,nan
88.37525510979883,153.72264041728445,1.431656868899951,nan
87.84321077343921,163.45627363243295,1.431668849708428,nan
104.45024934770187,156.61830789628624,1.4316794868905254,nan
98.69368126226478,156.79382968162156,1.431733573581454,nan
96.20656135469854,156.37113180816235,1.4317820251471625,nan
100.73220472064104,162.58580600852173,1.4317839727331971,nan
104.39803426348375,171.2083812398692,1.4318018786602527,nan
95.34483861781536,165.59513620894896,1.431824260511849,nan
98.25096142836897,165.30803107624052,1.431878940185548,nan
35.62135909249881,11.915516356212951,1.4319001883302893,nan
106.30390360027515,152.07566782962283,1.4320173756711732,nan
101.61025217626263,158.9333969736326,1.4320582923621703,nan
166.35301072388714,137.54934329213427,1.432136716120837,nan
168.5088765941623,141.18198191531766,1.4321834297250826,nan
166.3698687529329,137.64541225267695,1.4321925783388127,nan
98.56775244739315,161.57176640114997,1.4323433414390032,nan
11.264665043282815,209.38129976352147,1.4328849194448903,nan
102.38145841241653,162.3056011375181,1.4330002483741573,nan
101.28926937003295,162.01318669084102,1.4330915707534917,nan
108.1059364773997,154.54909397362042,1.43311099005558,nan
120.59612147256202,40.11759225185747,1.4333299934285966,nan
101.85063364917963,161.6185291493398,1.4337394407087718,nan
4.62533084517173,247.59605205824144,1.4337947196042418,nan
96.93400711711097,160.08768633516203,1.4340900875429092,nan
127.71004367921657,100.12713869225401,1.4344153126561265,nan
115.11531992127415,10.227692526986523,1.434776280576591,nan
18.446498636852148,203.97760368685462,1.4349460785015156,nan
165.6582875427166,130.30853542971565,1.4350064665406235,nan
178.99237959670953,136.5106983840544,1.4353396766816564,nan
41.8759839104672,13.167309718752362,1.4355320974165602,nan
155.9977807602304,144.47548424193172,1.4355602671588268,nan
34.55922770374824,14.390244800855767,1.435662838026603,nan
178.5160988985182,178.16645931408274,1.4356855924297647,nan
188.71834342316257,145.0093768546576,1.4357170574896019,nan
193.3150470884385,141.22837276145876,1.4357308790194816,nan
183.64795974986086,146.51953070573884,1.4357563890901994,nan
191.44099724044457,139.74060939111638,1.4358023188566431,nan
186.6970662328279,181.12149760391867,1.4358558351722477,nan
193.8286541965065,153.09807221775176,1.4358885865268816,nan
110.10908831002278,16.28738517298646,1.4362030192634472,nan
209.85630250576304,176.587949418448,1.4362482085197337,nan
211.62593378332502,178.61566521094664,1.4362899774837585,nan
204.94710393339784,172.0459658401931,1.4364310316079343,nan
204.83452784996734,164.26512069212706,1.4366697714427734,nan
109.71407761206427,93.97655845071458,1.4371882084496608,nan
124.36637224475031,97.85703481781199,1.437218003896376,nan
118.95043182575525,94.60687106728544,1.4372724914846908,nan
117.51839154716788,98.72626296019924,1.4374204617809045,nan
56.5902613977795,66.21402580707424,1.4378161283990107,nan
104.06083407726673,86.65023478850293,1.4381172533020887,nan
229.86943029549315,130.84277890921163,1.4382527959843265,nan
229.99745270121096,137.9668039219472,1.4382548433333529,nan
200.32829122224865,173.42762315671783,1.4382579234981447,nan
67.73552801736251,237.91133987529676,1.4384359484554086,nan
70.85411991953174,232.56334845099775,1.4384490963200747,nan
57.64895831811772,237.1253131576441,1.43846579849211,nan
60.85654638752487,238.0581139737376,1.4385125038640005,nan
67.0311805671059,235.9174609200341,1.4385327423181604,nan
61.208346987895546,242.76086266446038,1.4385400450479404,nan
106.68589950271166,167.7047983439342,1.4385864799125905,nan
68.2118949236341,239.87108942545453,1.4386020980256593,nan
41.78586415532495,18.778489719747494,1.4386117205390478,nan
64.15473122082089,236.09186357296554,1.438626564880809,nan
61.16694470648835,239.17821173307271,1.438664156801463,nan
61.41889387131607,243.56726949385228,1.4386895972355829,nan
65.5141478251034,234.62127585657808,1.4387886258082527,nan
71.56407506733863,239.06851684600437,1.439038526160053,nan
59.854309866714104,246.0741839095293,1.4392293977122925,nan
56.84829080573628,244.25314569031292,1.439311537210634,nan
60.42203823333842,243.08138377321407,1.4394216424528772,nan
176.34625440940422,138.8656718526255,1.4394852448607498,nan
65.7952964476077,235.45927505579454,1.4396617604139346,nan
66.95809863691376,162.98686918978316,1.4396645680048228,nan
58.930474946491536,238.69903636077697,1.4398977369213068,nan
77.9396517034011,136.89386715737018,1.4399027093677352,nan
85.49970844072908,142.80245943358824,1.4399029225704263,nan
92.36652172147919,140.1787439344942,1.439933429823626,nan
60.970521642911116,61.756181235829104,1.4399413148184894,nan
132.01521461583334,-3.821645436251805,1.4399647942747595,nan
124.28764810489405,8.123147566957195,1.4400696704968343,nan
126.14759696836464,7.409184978662989,1.4400807112697207,nan
81.61575728383617,143.71038136068606,1.440088213976267,nan
120.99945244734884,-0.05674252324801123,1.4401546744657405,nan
84.134641068184,139.17696663027385,1.4401651611173871,nan
120.32146474500992,96.66337750214629,1.4403529840693479,nan
155.83493853512405,154.27504868549988,1.440360041564289,nan
84.91552143795329,148.30155703622606,1.4403642004173114,nan
154.6017686880828,145.72270953986842,1.441442541275387,nan
54.020316387730944,205.52453351484186,1.4415085655175779,nan
40.74121719788685,81.25949900138589,1.441973622461967,nan
233.99220738035655,243.85872578314644,1.4425672090239818,nan
132.30530840523662,136.6173878126403,1.4425959720925827,nan
142.09956030192333,129.1557949279442,1.44259949830333,nan
138.76638946819992,131.41714987701658,1.442607615598326,nan
131.25643915451602,137.04159172769403,1.4426137146173414,nan
138.40865385725226,133.22361653493616,1.442635387592418,nan
144.90005194780528,133.13585914538442,1.442700599960658,nan
229.5476328924702,243.0162377178077,1.4428656237954551,nan
243.62493001321002,100.02318000169159,1.4439526126933189,nan
248.56552547525348,96.59538603711198,1.443972701986433,nan
258.6753473844774,93.55693538342193,1.444016885924783,nan
235.66888916976592,93.06004491751585,1.444047824624704,nan
244.89246252122442,89.18167084469461,1.4440612367276253,nan
119.38871269243174,94.42206584971343,1.4441899571205263,nan
130.2665341013271,140.45527806825186,1.4444483248887763,nan
259.2389535241229,96.38281355795074,1.444571522289262,nan
236.43444834737872,122.82647053933186,1.4445915208074296,nan
103.9689734795714,97.97770590191001,1.4445943887978236,nan
219.6406370666859,90.847162248312,1.444918042341096,nan
120.99189626351847,95.17282583026017,1.4450267438956694,nan
145.25565293875204,129.60304492489487,1.4450584754060594,nan
237.9276100218389,127.34005400279916,1.4451181824483654,nan
63.644400877217,239.47932214124464,1.445128212683287,nan
166.5544643074607,191.79826838723164,1.4452436892820495,nan
9.951974652797901,15.607946483517738,1.4453565410241944,nan
15.633741480469983,21.356289385448484,1.4455087659154233,nan
5.655468688826256,21.1841701247502,1.4455699800654591,nan
197.40679452394943,145.65961906836554,1.4456252062848995,nan
1.188773969373874,14.081710059725959,1.4458632560107245,nan
0.9617561039653783,20.01660981458913,1.4459672083617645,nan
239.5075096437096,91.06200005592272,1.4461575275593053,nan
112.63406143509597,104.20933575023851,1.4462072765320693,nan
208.31486087394052,171.74866939438908,1.446325088789919,nan
185.60222402000912,252.2749073263157,1.4463514602831735,nan
173.9635695590628,237.19364100421546,1.4463640240569737,nan
6.31945834690264,17.402068425735216,1.4463653898166402,nan
174.048384912121,254.2453833420484,1.446368704088356,nan
177.6952382006962,246.01101429971067,1.4463731557974944,nan
176.92911071766713,250.9638087104116,1.4463811412432273,nan
170.78960956801774,245.21771618815424,1.4463905757986137,nan
179.40532600157553,241.21371293053932,1.446392563238821,nan
178.50149201690954,246.6597736690758,1.4464089991790903,nan
178.5108512527433,247.25854443792613,1.446413108869464,nan
179.92858350880616,248.4437891263889,1.4464270352610769,nan
171.33876234512184,249.1590871826179,1.4464816447525948,nan
256.64062051167724,84.02187399122634,1.446539230500018,nan
141.00725125870713,132.61524491525876,1.4465464108041661,nan
130.51060070402963,144.89312443462097,1.4465609243392543,nan
186.33937357052437,257.5094123903878,1.4465651930383914,nan
179.61801482090908,243.99854947235005,1.4469553439549243,nan
174.18794746128742,252.22630422028183,1.4473072954074242,nan
202.3345244400823,168.4738792164689,1.4474322910385886,nan
7.9581808284037585,13.035030915032243,1.4475069269281156,nan
174.0204764306582,244.02202012902342,1.4475991821352225,nan
65.3891462567509,227.31422943943335,1.4478180121974855,nan
172.67984372016733,194.30313096380368,1.4478561434281434,nan
169.25444582117757,252.79573077311986,1.448131841290176,nan
249.52013656588275,101.11249097021138,1.4482015042481013,nan
89.05039950125688,151.48679857342103,1.448225710757199,nan
113.01546259263795,95.07272251911733,1.4487634882394864,nan
157.431037482862,199.50778650243538,1.4491064489998344,nan
195.98751841798352,163.75440666235204,1.4492255844069684,nan
140.40866267031296,137.91087624585336,1.4493520681327337,nan
206.94506504003738,171.46441720667778,1.4496611638535306,nan
227.7910425244229,238.7894183323199,1.4496925002396652,nan
66.01016759696498,240.28673202825414,1.4498185690626613,nan
181.45892817926898,250.08875065051646,1.4503301179596335,nan
209.47578414172378,172.06197997432204,1.4503704754539513,nan
116.73807085512284,98.39232689170107,1.4505107435916895,nan
226.31113407623243,241.30369374281779,1.4506866292813991,nan
179.80484713522557,161.21770325830678,1.4510555435981005,nan
174.93379609532883,168.91456079401163,1.4510605539486656,nan
184.86599408846956,159.60490424948705,1.4510773624261177,nan
107.08547092347916,96.56609827128979,1.4512708895229673,nan
2.598808190731942,16.76214212895075,1.4513351245005115,nan
180.40631409762952,154.10351029775305,1.4513471012628527,nan
173.65324240014166,244.93345710039387,1.4513809113576082,nan
182.75658894901517,134.6846302213508,1.4516757867733978,nan
59.09722463502476,230.05356985971125,1.451795153697926,nan
63.49908764346158,222.58928435019178,1.4523836118926534,nan
57.19383798054638,216.29579522099738,1.4523933623141507,nan
69.14142492819208,213.1211611415884,1.452418647688677,nan
72.43117860971715,207.82952536981966,1.4524222600065058,nan
71.54272386951155,218.02130784244028,1.4524248376700135,nan
77.65657787216388,215.14287074142928,1.452449963310928,nan
69.61014289878136,214.95855496697456,1.4524612527093743,nan
110.72100559886744,164.746328362782,1.452479883868161,nan
72.02998904462103,218.94505502382825,1.4524967334358756,nan
52.73238120668904,212.71474877366552,1.4525733507333314,nan
234.72830502158448,260.4378814347945,1.452601571324296,nan
66.78815735267182,219.06152863884682,1.4526367630266535,nan
177.94827688483707,172.07214735720217,1.4533756504702746,nan
54.076521945030926,82.81124690401815,1.4536054983432667,nan
104.64774973948094,162.14531632350676,1.4536900704579685,nan
130.00988042628836,-3.4005905179989027,1.4536973119890848,nan
186.70533826093893,154.90645397963482,1.4540434153062698,nan
189.94843261073046,150.75872511683895,1.454046745972946,nan
190.85399154947018,140.6514671145694,1.4540678399091238,nan
178.59318127986853,148.72830462795284,1.4541428802355887,nan
190.31915242855806,148.32502017632237,1.454194310183065,nan
179.32792073527781,143.63108123891047,1.4542094262125544,nan
228.54009747977318,27.114399647974558,1.4544299602409214,nan
246.0871701445002,31.329782543971714,1.4545111969147548,nan
239.19895281127958,30.73238503622872,1.4545352710003847,nan
226.30688017656396,28.070998477662858,1.45465420047057,nan
108.75829360273421,99.67236663149475,1.4546600501547968,nan
185.16633082510418,147.51083956107004,1.454707123264623,nan
201.63217910000668,186.7285128862268,1.4547318054899872,nan
206.3816698836679,184.11637909609146,1.454734232987096,nan
201.25923999916674,179.7516281680529,1.4547413292623175,nan
219.55650447532625,179.3988963957123,1.4547470506551319,nan
69.51781856714108,239.122166263473,1.4547550061307244,nan
206.13367388893707,189.73045714360558,1.4547591727384312,nan
199.62992078106132,179.1011706237632,1.454761187282432,nan
202.26880181593114,171.56034700103206,1.4547771776854745,nan
203.71105787077025,178.48453653679564,1.4547966683639217,nan
203.65938923725705,181.02079144615257,1.4548006928166448,nan
204.54268430579438,186.06281429900048,1.4548111338083496,nan
200.73389743521597,184.32517337180315,1.4548303565311136,nan
199.61923514799707,181.54787952047278,1.454842023126471,nan
208.0893721977943,181.63729307079132,1.4548741919593706,nan
207.290865428247,176.84412321032255,1.454895163571091,nan
198.85889109912122,175.84803581696562,1.4549047066773795,nan
205.50611335890846,177.55353713328833,1.4549130591847446,nan
52.53386420747784,224.1511531739541,1.4549328748272727,nan
202.97952071244612,178.3349910794139,1.4550728085900533,nan
206.93507743226706,183.4098850944237,1.45511902115315,nan
205.03177854221713,181.21590650125054,1.4551559572888677,nan
132.76640972062262,1.9825388084842643,1.455316711838668,nan
108.727096935596,50.06897358615032,1.455397566442602,nan
169.33102112631644,243.7837337409915,1.4556769173681747,nan
207.2570431388772,183.79828448718177,1.4557525928338118,nan
208.82673569946095,186.00194237199685,1.455850492315702,nan
179.98247988346557,156.01740426926676,1.4558725881220889,nan
68.78085489109843,216.39506865852405,1.4560176572253765,nan
225.51880972929632,133.46476528955264,1.4561050140793586,nan
206.35345853480973,184.53435929597632,1.4561256094706265,nan
210.2067634145355,179.17788658524094,1.4562345998027437,nan
219.62607685484372,177.92396862028235,1.4563414572688924,nan
198.02954178431398,152.37812924839642,1.4567228668674028,nan
204.971355645473,183.6090260915255,1.4567530928698027,nan
143.75459565750785,10.831940619015016,1.4569890460253598,nan
143.73182475761635,-3.123587885605853,1.456993756930629,nan
147.98980792454907,5.9626811573991825,1.45704928566128,nan
145.52431879407612,3.4910450633379018,1.4570551678843826,nan
150.81948792395048,4.581991087043127,1.4570955341605283,nan
146.2766365582853,3.7967686164843517,1.4571821790710193,nan
146.74139688389536,9.933166854582048,1.4572076477099742,nan
68.36640479522656,221.31303341309217,1.4572395281123562,nan
153.28298866206995,6.945188302288561,1.4572414689305118,nan
134.77542946182643,10.633746865695295,1.4572830566764277,nan
147.90672425095988,6.824174700691033,1.4576356635492473,nan
148.4007946059199,12.304490612053469,1.457670040051615,nan
143.38635185132458,-1.5939204537654141,1.4577779124919614,nan
154.1367263324409,7.187311744356991,1.4577882752150115,nan
225.48617324219734,27.43166201821307,1.4580594977658181,nan
246.4100734222081,103.92681797851988,1.4580675058419357,nan
150.60641923839478,2.5869915461650503,1.4586996056425199,nan
145.25503303181316,9.79208775094356,1.4587697328487066,nan
22.40175719676632,219.9945704951339,1.459195819296492,nan
207.31802747722918,167.97791613432338,1.459246195660522,nan
185.71227200628627,241.65364179887857,1.4596826734693298,nan
144.9567884747618,6.261711822455661,1.4599271596034795,nan
57.79695874748267,141.62194997492406,1.4600670918946896,nan
55.99852245132195,133.1627477230196,1.4601019073434405,nan
42.95739289929321,144.92895322575887,1.4602592536975305,nan
206.57574904303027,181.7295555984207,1.4604624805693092,nan
52.56689985859373,136.69621681024708,1.460711767224361,nan
50.49433715494775,148.64521782162657,1.4610086505357338,nan
153.39804318051438,151.23644374954176,1.461083787683775,nan
176.13456092944975,161.56110563389865,1.461274069996716,nan
14.743829392700533,207.39021632560684,1.4613008116446067,nan
173.72484698586007,244.68355174658964,1.4613327157055203,nan
4.2166210120705445,16.200332655467687,1.4614180706278181,nan
112.4578642240713,9.208332116988785,1.4614609393730646,nan
110.82791670673461,10.310191743519683,1.4614625296523414,nan
104.44505694011418,1.3212520661684584,1.4614628338459807,nan
157.75311427601346,5.157522245046765,1.461650870707659,nan
44.510743420340425,80.6076713392168,1.4624399306039613,nan
33.18197879929586,83.27323595100438,1.4624451707338888,nan
35.87784691049512,83.91814344819745,1.4624457968643922,nan
38.91263900383921,85.2755390586482,1.4624556458603575,nan
118.29540739538562,1.7634333858956102,1.4624602348428746,nan
40.812026240757696,79.12790241662286,1.4624723078294315,nan
35.675245831115824,86.72321581516283,1.4624760808180004,nan
37.29506164236861,79.99408367555043,1.4624976123223172,nan
44.67856717918629,74.87989668776528,1.4625517980101552,nan
44.09451180476341,85.16217231100248,1.4625907749358746,nan
35.764528289911645,72.79490728926058,1.462601745390422,nan
46.818364778952365,81.66193569984519,1.4626238300597016,nan
44.00068985871416,94.12593810445784,1.4626489352504164,nan
34.05430897507085,81.22262375667053,1.4628252669990194,nan
33.6535097644366,84.496444284165,1.4628821796617932,nan
64.4469737739078,216.7673090766466,1.4629001643990864,nan
16.911153308191953,20.86472751143675,1.4633765723665595,nan
39.01435438928319,81.44292644405391,1.4634636270161372,nan
33.356663252773274,78.21820493574039,1.4634792819466464,nan
39.531486581771006,88.26534817816778,1.4637069451817153,nan
-0.45413084286487226,25.953609797061784,1.464534107522137,nan
44.57628177438579,140.4230284213306,1.4648211430228477,nan
169.46569934239312,133.00802783561224,1.4648733783416488,nan
42.29291296080494,79.25650581606564,1.4654368524670869,nan
104.43274773682936,12.113996504847997,1.4660426694080566,nan
120.55360381254454,49.08963940338651,1.4663050736735013,nan
172.37058125624176,249.6104110955877,1.466507665637148,nan
38.86879942119934,78.10187393495254,1.4665424894779013,nan
251.16932338902384,91.11936739084854,1.466582237760253,nan
226.74010378887738,30.123884876048717,1.4666679459332899,nan
51.43922491020804,150.34107315080814,1.4668880757364202,nan
184.87333330778318,165.63432557445122,1.466983073288408,nan
42.324392467442614,80.77566641940028,1.4674916755748078,nan
132.96962843610947,131.791763839445,1.4674957661951376,nan
233.84424064957025,138.5707548432491,1.4675394901245855,nan
253.39060927017704,87.86605771195117,1.4684578742186523,nan
39.40004362110177,148.25229138714556,1.4686940968517046,nan
146.1842121441071,-6.613617619296762,1.4687699323707613,nan
34.528186873875896,214.5094421925392,1.468848150398432,nan
62.11214191984406,243.60589871814395,1.4689593670899481,nan
2.9168153158967707,18.980182503842727,1.469978162658771,nan
181.3798387718615,151.47983578790905,1.4699795421130588,nan
263.05365624163613,94.49450237078234,1.4704210413952288,nan
99.9558333059946,164.3186381141255,1.4707110424282261,nan
207.29799394829763,174.9418355251896,1.4713299205959525,nan
257.44273823734494,87.00021192074199,1.4716728625734297,nan
113.04475625275711,161.09084824507627,1.472533081039603,nan
249.23240734806134,37.98108131511844,1.4729068068442006,nan
254.54929572439892,46.46931966114805,1.4729410080667236,nan
253.20715827618346,36.76299689678609,1.472982218633991,nan
140.0454969391712,170.02772817780158,1.4730457940403043,nan
137.1991512324215,171.96477345826415,1.4730615442336779,nan
138.44135626452106,172.849516343271,1.4730733555386537,nan
143.98542948706046,174.2408087259614,1.473106350318554,nan
130.80863452258498,182.0824201757406,1.4731253957332657,nan
139.7321010233939,170.04765823551722,1.4731754588968804,nan
248.19814265907974,40.07453501178983,1.4731981436083494,nan
251.13293002304536,36.282678170184376,1.4732360412597396,nan
74.73347480893466,219.05738387247823,1.4733828955104828,nan
116.96756812185826,8.49707145451179,1.4737302902778942,nan
252.01591996270312,33.84504287150111,1.4737851911116127,nan
145.81676983913476,222.8775566699346,1.473820503486997,nan
137.83511268894006,234.01895368021897,1.4738340382808872,nan
149.99219867905256,220.44057569080277,1.4739073042966677,nan
57.96804769179499,221.53364474106345,1.4739535617867017,nan
250.81565961480158,37.34410753239694,1.4740216188828164,nan
45.963647798435986,20.389192060214558,1.4740687003669999,nan
18.37565314548302,237.7461237148913,1.4756538441402092,nan
252.41207935420053,50.35901212999408,1.4756695717284765,nan
24.457461961971028,234.52190971793692,1.4756723507918563,nan
256.3469014153126,30.80775996562182,1.4757801197128833,nan
25.574229596936707,256.99101973363145,1.475853442896311,nan
147.26147234766847,-5.1956184251413955,1.4759549688699318,nan
11.455060538990791,237.71900833403686,1.4760763718046332,nan
251.20850973285656,34.3434312421909,1.4764609937563726,nan
106.76141511374392,10.343067672648916,1.4765071752090753,nan
257.5359666040278,37.633176787365706,1.4765345924333582,nan
113.07924952334989,10.489038936452099,1.4765907739306112,nan
250.14841802476863,28.455326576675862,1.4769385899762766,nan
18.646874275956023,236.3749909946703,1.477172712658391,nan
172.55885200693987,175.3621231029001,1.4772007836314862,nan
20.10063277274482,231.67956963156826,1.4775724453946957,nan
251.27922605134003,30.466670600439443,1.4776939033074858,nan
24.898320631885646,245.99905646082098,1.4780593314304342,nan
6.67880020075407,10.700954560526927,1.4783126234553567,nan
141.63691798913902,216.0506305558961,1.4784850169298354,nan
22.97412353903946,142.95219465504755,1.4786380678256636,nan
31.133655406609815,148.8149121843449,1.4787956097651502,nan
125.55823232985061,134.11596697776065,1.478849897354132,nan
127.24988550841368,126.04040125318522,1.4788540826880883,nan
126.97031841520636,136.5580381361251,1.478868584623257,nan
123.09091446407001,141.2377277452298,1.4788725325850454,nan
127.75038260837083,141.69201876253547,1.4788816348094405,nan
135.7609602067198,133.31977936217436,1.4789050282681817,nan
245.01800270808283,33.001899790076806,1.4789268547782755,nan
122.23842018850341,133.26212705025495,1.4790079139327472,nan
208.6751253447579,171.17515661779677,1.4790755709717578,nan
129.55046660268056,133.30042202548742,1.4790844951865136,nan
122.79290242797481,129.5683777506557,1.4792176782183148,nan
217.95205098192898,29.887698784026064,1.4794042359389994,nan
222.84064038112206,24.739064902737386,1.4794138197942488,nan
232.60012273084072,49.028556929165674,1.479476794268714,nan
230.8751297722479,34.2011200005317,1.4794847431669462,nan
256.31597105641396,44.17430275024152,1.4797364440899659,nan
116.44974278512403,12.968733041831387,1.4798426264279987,nan
19.238465462017082,238.5842302942866,1.4801065117945433,nan
151.84645752628452,228.0726326502721,1.4804774945769248,nan
141.0147010383339,175.08119549016644,1.4809129894404713,nan
258.0979988454412,95.56173119525178,1.481042752789518,nan
129.29114209767155,145.19068168164088,1.481257401760518,nan
139.8560850698648,232.6632782756691,1.481481079431949,nan
156.46140349445676,240.00915362208536,1.4814997130824357,nan
143.38907011686211,241.12047738869586,1.481504055111047,nan
144.22859899349652,233.34799076238502,1.4815041874093182,nan
62.25651242070508,135.06505095166108,1.481511219436911,nan
144.43916691636204,233.23084264236428,1.4815254132933044,nan
76.41906274960401,130.3625584923417,1.4815478614160764,nan
140.78984175216283,227.7599893048552,1.4815548627557111,nan
76.94518945424258,139.31575975767578,1.4815608080499176,nan
75.27634662814161,144.2067090865588,1.4815683713116743,nan
72.63532212724058,127.32675586367931,1.4816130572759205,nan
74.33768156877535,140.6688607734402,1.4816462162159811,nan
143.55117379020416,231.15537124124705,1.4817197435677743,nan
149.3720849851697,232.4800886114121,1.481768721938634,nan
160.02683738674102,230.0344021664984,1.4818258208025548,nan
142.31650258832605,237.516336467491,1.4821412374013818,nan
12.545735567449906,154.06302225120794,1.4823968452595402,nan
19.01000770040425,231.47048864145765,1.4824061499958736,nan
153.75672837565753,228.14958408669239,1.48244222361626,nan
26.058140673695558,246.6690784403752,1.4824566112621405,nan
80.89368792446496,133.52318251817425,1.4826775927684288,nan
251.3473096514985,32.43635441318301,1.4829759747337516,nan
171.54783538699488,188.8060362121329,1.483128782073606,nan
32.04904839965965,90.61721772352895,1.4836040987647328,nan
138.34556536353185,232.39852614447233,1.4837002736366474,nan
16.60207348205821,146.27128771666702,1.4838527124122716,nan
148.89229809607593,234.50934369824358,1.484504511433734,nan
65.38621226287596,139.38174115279662,1.4845859369567689,nan
153.85215826904218,236.3663273733991,1.4847150655542374,nan
20.225054579467127,145.50740841888162,1.4848073404675957,nan
52.96917265866439,82.20862150183206,1.4851302154457355,nan
155.66936508448438,239.7469181735639,1.4853972751906594,nan
175.80848618516802,158.25762029134657,1.4854261449423813,nan
15.914349704516571,236.72943471302634,1.4860511254471722,nan
128.57880061909145,132.1809254383774,1.4862266545436595,nan
153.55630593181257,226.7053759101102,1.4864224396957804,nan
155.83105132638406,-10.695497419931524,1.4867288351479546,nan
74.23548244500321,137.12442688521057,1.4869458165050193,nan
124.81661328311101,140.55312658699387,1.4869871425806105,nan
207.1184639984632,78.9637243272707,1.4871564333594385,nan
137.45695492755905,170.98482995756592,1.4873296542213237,nan
10.5005070975276,147.17765033628615,1.48733830536247,nan
3.1558964565113206,9.797346398541904,1.4874686806113016,nan
228.8850979498513,116.96762600906344,1.4874924210965936,nan
144.44024191723486,3.711096853276954,1.4877106317359154,nan
154.21996382520044,229.3689840395259,1.4877709154321006,nan
209.0549347622456,81.59619619957377,1.4878596238375739,nan
153.07262352200235,13.96730357210403,1.4881187257399153,nan
68.84959668401581,138.9351224472053,1.4881362644934235,nan
32.763677540345746,79.71995545051064,1.4883451173933313,nan
207.60971921058362,75.96621901368333,1.4883864190344287,nan
223.37639070135177,43.06228178256542,1.4885223633635964,nan
63.17647537713858,232.42279011572487,1.4891294924942218,nan
221.31360685949056,34.64994864801964,1.4891591433111981,nan
221.70607953491415,44.29791116212111,1.4892642554704998,nan
116.90350014586302,66.4230145354078,1.4892964701025764,nan
67.58776025580795,143.52495794815545,1.4894482037785348,nan
119.58432356111551,149.1748923897392,1.4896657870439667,nan
114.10433650748764,151.77047656789176,1.4896658269817866,nan
124.09357833688777,152.06839495068934,1.4896826962566954,nan
120.43201348529338,162.44384209261153,1.4896856521144937,nan
120.90912126699548,159.75000821388937,1.489701988795939,nan
125.59875131687997,146.71598911220033,1.489731870832887,nan
118.43605597735238,147.37594234122318,1.489766436845724,nan
111.47592048675179,152.7507667864443,1.4897693260003648,nan
115.80437048481677,153.91622456468968,1.489770351216722,nan
118.89516827365557,141.4801245526373,1.4897728193016846,nan
128.85823263057233,151.50838305505565,1.4898769988200415,nan
116.623187698348,67.02848686293581,1.489912989884639,nan
128.19803489215536,152.8068650845322,1.4901567220686651,nan
121.96703102143735,142.42206666767473,1.490449324749845,nan
115.94322515781539,121.47172554845727,1.4905389848837411,nan
114.61543708645942,146.1754679897457,1.4907228278322953,nan
139.70796869835223,174.94745863976596,1.4910724265297386,nan
224.4336045539832,17.29891926386505,1.4912768374481022,nan
231.5907465982037,33.97320259800088,1.491293394989649,nan
239.06654830298334,16.59052006277258,1.4913041592731184,nan
230.3148555565897,17.681395103988898,1.4913619124011952,nan
117.47423234333887,147.2958582459257,1.4922651146267127,nan
223.14016222954,165.99850165633381,1.4924121784338826,nan
231.5948387005901,160.29446443530333,1.4924246132593113,nan
226.02042294978475,164.69914105346732,1.4924469783783851,nan
10.042695797563956,149.20625524085702,1.492496566688846,nan
225.28608273256822,166.16857174719752,1.4925254302217832,nan
223.7817403563042,148.99667154662862,1.4927663997615142,nan
134.92824096799143,141.36951949543476,1.4928195765719792,nan
222.4630017963626,162.48223080702553,1.4929972083809855,nan
19.026752938479827,222.1913725944298,1.4930703323602081,nan
24.894924720606532,216.43351763989926,1.4931106243808128,nan
17.6017447276152,245.30982918244496,1.4931395034308697,nan
27.32756164572682,210.3140136085223,1.4931409387595544,nan
26.967025672717554,207.64694114568124,1.4931430468975502,nan
32.94184247854026,216.97834974641788,1.4931875320314305,nan
21.78019810377655,208.5751119792185,1.49319754936113,nan
219.60601025652215,155.70352689096225,1.4934118037466553,nan
22.952802031269723,223.1347802797503,1.4934765867394193,nan
70.90158980430525,135.41542057059772,1.4934797142820564,nan
30.752222470484075,223.20215651770857,1.493976203542158,nan
46.86924119152629,139.9097416127472,1.4940933541151222,nan
204.12731730270636,159.66785227913056,1.494146292772879,nan
203.5295148620423,81.34865735635802,1.4941694685999258,nan
25.39964727487969,223.61600705217606,1.4942616606129082,nan
115.65478747267876,153.8755753527913,1.4945063574861008,nan
146.80369891685777,226.6254898891768,1.4946504456147949,nan
220.55365071079518,38.945642123569854,1.4947332774809863,nan
21.62696599699344,145.8021827409822,1.4960775287633052,nan
216.9173093355908,153.58823744407462,1.4963836998292945,nan
147.6820305992102,225.01528524505352,1.4973410533442943,nan
217.15229555735317,163.27813345967397,1.497370385086266,nan
46.88935828968359,70.7861204977224,1.4974870023936249,nan
42.17257936667237,147.2945881333622,1.4977382060153235,nan
40.878499171026306,152.5359986751622,1.4977711997233292,nan
49.55560555598922,151.93201760171505,1.4977773173761604,nan
47.25686078698847,159.74023185899188,1.4979923063100453,nan
129.63464487808275,141.79189334292482,1.4980723333948904,nan
43.07700144773782,144.62578168751102,1.498075729713293,nan
147.98905586591246,236.94091944759967,1.4980930824104712,nan
147.93629688651208,230.04460574793708,1.4985404037738472,nan
51.6848548971602,140.56654913985986,1.4987490524071245,nan
75.38254331718768,140.5804136909831,1.499231497363454,nan
155.56553304766769,235.60881745364705,1.499275553273908,nan
120.0172219015207,204.9336596040944,1.4992826628338427,nan
129.96851013509993,204.28817802763967,1.499282865177456,nan
115.76066418354029,192.34564736911756,1.4992841319615595,nan
128.02195289927164,195.67280513057645,1.4992854395960877,nan
127.04020183910475,199.0360045674163,1.499301636148113,nan
127.74034433188449,131.1354242612473,1.499364519540754,nan
127.54469173746163,203.5809752219204,1.4993653488696355,nan
249.94684651526063,29.226741002359443,1.4994364424143212,nan
225.84136272829744,18.3724261738031,1.4995310909006203,nan
126.70638009112214,198.15992696749987,1.4995634262831175,nan
121.82415369415781,199.5567747308037,1.5000938662371366,nan
116.63350504569127,153.4600739824272,1.5004897535562196,nan
134.99521039534477,120.96013294341948,1.501093626479789,nan
131.32042981335456,116.26427620184248,1.5010949763326007,nan
126.53920632288461,113.48870366732149,1.5011066951960639,nan
128.20107892642253,121.0007338880626,1.5011111646790825,nan
132.5260447244188,114.31764203848945,1.5011403027685832,nan
133.76448678784632,114.32974208462424,1.5011889139086319,nan
250.71960864468102,33.66068387770532,1.501233523077887,nan
128.84607761218982,119.61901521111731,1.501249471222952,nan
140.50373312158507,107.24173873047927,1.5014141865505712,nan
135.19936270649993,114.59634958725752,1.5014342167687016,nan
135.67807799919524,115.53624307152973,1.5014558405257057,nan
130.937427339501,121.02282242043762,1.501624029867188,nan
134.909001771707,114.69188723100825,1.5025267863052898,nan
68.33386394263698,171.9087597170057,1.502602045340673,nan
148.09645599428472,170.60264248646178,1.5027498702035502,nan
137.90574664355998,124.32861940284667,1.503205390240839,nan
25.288412714395548,208.62175201242442,1.5033533979687137,nan
125.44875068366014,202.26414254922432,1.5037287760356417,nan
216.43358570599003,24.237911775531693,1.503908837086816,nan
126.4490750798659,143.10962365598107,1.50438951264768,nan
117.46536427626444,144.47386833247617,1.5044737832116706,nan
19.655635167756827,212.83376475749085,1.5047512021096665,nan
123.95288595036509,108.70129258809457,1.5048746876547883,nan
16.932954167492085,218.7480238232752,1.5051179456383537,nan
38.494981981710296,146.40503985265815,1.505310674226372,nan
111.07006470416295,156.71225357164147,1.505457964026313,nan
119.87913288428258,109.88166008029214,1.5056702994552587,nan
126.05194959674876,158.1575514489513,1.5058056547618948,nan
119.6121360183693,69.87324961009975,1.5060660133495858,nan
21.414616153251128,206.8182452088363,1.5061812755886463,nan
49.34069838346858,146.39575749997883,1.5063240086784333,nan
45.17763534371414,145.63254778070194,1.506551199807587,nan
251.7746864855524,35.62100273761023,1.5067160323795514,nan
217.91066692579813,23.719983722544608,1.5067521204460996,nan
156.04729318901934,237.7518059310297,1.5068125712853673,nan
119.25983568640824,122.12007049632574,1.5069084570858902,nan
97.46631817486369,0.3943611708379986,1.5069469669464082,nan
169.49769783586257,179.5231516971907,1.5070323628450093,nan
128.63145137165046,113.48604224945828,1.507528781560402,nan
63.66787876258673,143.03232780258384,1.507658483092268,nan
253.24116398252542,36.089638273928,1.5081287959492178,nan
19.397353314037034,216.13227397897882,1.5096505343449846,nan
29.01683663558928,217.0319728105758,1.5097997874301627,nan
75.25153905997203,183.92712903700362,1.5101347293401797,nan
68.33716688943096,185.3257841889055,1.5101529181363318,nan
122.13707178032578,203.33664485312624,1.510971784475848,nan
117.07362637906121,205.15274787313248,1.5109962081530401,nan
110.36633143603915,112.8107551118167,1.5115379426439544,nan
226.45974565875278,256.10726975881664,1.5118012002289285,nan
139.6719133067299,226.39037488643544,1.5118416493206184,nan
122.0632158868891,153.16277388836008,1.5120669776800078,nan
76.50565789767812,174.82091698861925,1.5122792787394035,nan
21.936029881671576,206.51332544973317,1.5125011098630692,nan
12.003984647591379,151.96971878282628,1.5135614232545924,nan
74.17582895027012,134.60874550287818,1.513986998893335,nan
79.55005481605446,218.9122157610935,1.5143014930488208,nan
79.47702232761617,208.71646464280883,1.5143078655130204,nan
81.04395261391849,195.95891278709973,1.5143326579351526,nan
131.7400697863501,117.17129530770195,1.5143401154465221,nan
85.8433464318693,220.54855372660907,1.5143681777863511,nan
84.11378142681805,226.4720856303956,1.5144326532310233,nan
77.28902330793395,211.42758594503442,1.5145008000338132,nan
74.62578803471213,222.35078290482326,1.5146015568265085,nan
98.74141085768998,10.889703716946887,1.5146484604186923,nan
73.48979633180157,138.08516239352863,1.514857508413948,nan
146.69545808941234,231.14641099941008,1.5150363204660335,nan
79.53173334412426,177.0195506810502,1.5151426511323483,nan
123.32321539726213,150.29562238036127,1.515365349693004,nan
80.76199280500205,205.68081270645817,1.5155755807932254,nan
174.32609816438443,137.63969080309414,1.5158834555653895,nan
233.97522863647205,226.6780575265966,1.51594571038062,nan
245.79335873503607,223.55649966218897,1.515957968399315,nan
242.6125034129974,216.13295801642465,1.5160018796228838,nan
13.25193568112554,246.79118217320223,1.5160344064916795,nan
222.6688165783133,151.0384678791683,1.5160827543049642,nan
239.3796205156765,220.40050123750092,1.5161088366438193,nan
166.33431798272048,125.31027540762,1.5163131735464463,nan
0.30913075566747855,243.65643731834678,1.5163741388546181,nan
8.015326945303995,235.21424103652765,1.516522376630448,nan
9.985005909484729,242.7747550336997,1.5168999732407782,nan
46.774746390620095,136.22094157266116,1.517076034665478,nan
173.6699226544632,126.5531452404885,1.5173735946690208,nan
2.771538352479848,232.0304179693333,1.5175292758075636,nan
121.82889922176999,156.54476414352695,1.5175871659780413,nan
170.02486499435057,130.493978793489,1.518035884181307,nan
3.3088104779280707,248.46027368843815,1.5184980760369091,nan
83.8063346668832,215.4767703589695,1.5187629415415675,nan
78.16560879068653,92.01220052729931,1.5191571570176685,nan
86.25525327663726,98.68758751216622,1.5191780722783237,nan
75.89333170228225,108.77348764418821,1.5192737427919658,nan
80.24904960182315,216.07631963757407,1.519477152900881,nan
137.26229114828024,107.0307360515385,1.5200183343425768,nan
48.72156860647662,81.2145636695785,1.5200612657295929,nan
85.74615898250694,225.7540158827558,1.5202798734231489,nan
104.85928922451542,198.37664955387177,1.5203385877747322,nan
82.3984299400817,227.98899022119915,1.5203430920722498,nan
166.70169048232017,263.6217698191189,1.5206313880922193,nan
87.60523437886025,261.9640253952601,1.520758695047462,nan
100.52097618685778,260.84148127869867,1.5207752007856938,nan
104.22714812348586,253.27705756656047,1.5208410198166578,nan
94.56193172722293,258.22742393055535,1.5208574857697434,nan
93.09207135102403,249.30712931078048,1.5210206777267665,nan
95.96994818709787,250.97688564794626,1.5210970766560934,nan
250.62369769263532,173.6797409741337,1.521233448844807,nan
248.51543932579114,183.79006314294867,1.5212376237750225,nan
259.13861976785176,187.33070484119435,1.5212427596903422,nan
260.91761522429584,185.7017166803295,1.521250555132652,nan
106.75215451602367,265.7115487305948,1.5212727590954425,nan
253.32834506857716,186.8024767858062,1.5213043434498865,nan
250.9263556459481,188.2340095173628,1.521363020833997,nan
260.20853412362493,192.06485190803213,1.52137690597586,nan
210.15500426152443,92.34955459759773,1.5214680794504567,nan
254.13602203658928,189.545527710843,1.521515488136679,nan
242.4016178319827,190.10028589114538,1.5215181904835695,nan
104.50133309169905,204.41710705649655,1.5215298059457416,nan
96.11000350159175,259.33781831905014,1.5217882022361087,nan
86.72149997907738,212.17857003232768,1.5221422264572795,nan
112.71512266105978,202.654102530704,1.5224440560389956,nan
251.04895856541376,190.6228935479527,1.5227062592961926,nan
241.71572132857725,235.15017972822233,1.5227604972923174,nan
72.93714817549355,96.86266575398713,1.5230948153102455,nan
122.99560051835721,117.2549573798914,1.5231551360850208,nan
105.17931179402113,260.8090020771027,1.5231686973177234,nan
19.434250991803488,218.58180863166388,1.523246364514708,nan
235.56527675569475,217.12651138040323,1.5232966439773423,nan
103.28158385685957,243.29218592878527,1.523455104482661,nan
96.9277832309484,202.9669503175556,1.5234928577954256,nan
107.33768812036429,209.98417341394037,1.5240175749469995,nan
55.23039828956804,151.50373160742637,1.5242041480523747,nan
85.92785124943174,196.25438654254512,1.5243239013014183,nan
73.65941282596073,133.78885132510834,1.5243792066337483,nan
97.66561165786617,264.41942110998997,1.524528018479543,nan
30.76560344558852,142.92908697253694,1.5245510587587319,nan
127.70356970148232,142.37740867285692,1.5251989929488439,nan
120.87036017288698,150.67664444443542,1.5252566377425747,nan
174.21712600803892,120.4359289040244,1.5253118443062506,nan
132.32336946820365,114.71818885337538,1.525973064156993,nan
75.52101410782089,218.37707320030975,1.5266546782757044,nan
82.01260723745548,181.28375537961253,1.5266737877266296,nan
18.309436676609792,190.13144500731917,1.526993076001643,nan
28.569109031016897,198.9500892452007,1.5270461034038352,nan
79.52048471944308,212.24580788389918,1.5271542978530421,nan
78.38405044840225,209.57559901444208,1.5272791991214119,nan
88.32806286163714,220.089351714217,1.5277456977565842,nan
79.10315222688102,181.3349360848561,1.5277490322388467,nan
12.619091991448808,13.608414971414296,1.5279029441644225,nan
81.54567260310347,217.99744077812335,1.5283720007531023,nan
128.00808742669943,122.4950508944925,1.5284566034752196,nan
214.19828879805527,175.21376598616598,1.5286836973434736,nan
203.49203895225116,167.04812693757728,1.5286862846651996,nan
211.92069127266612,175.28235045746058,1.5287060051740418,nan
246.37301242901768,223.8819471489178,1.5288674655975085,nan
241.65317109195783,219.0710510324879,1.5288682205533617,nan
234.12889649483412,236.93098026874353,1.5288742351158469,nan
243.85999263542018,226.3037284672092,1.5288767775234269,nan
239.9421709821351,229.08625883698014,1.528878799771274,nan
245.71566801953185,230.89787214913076,1.5288810346309496,nan
246.7495847480235,237.14006594432294,1.528902599349112,nan
238.18009962039153,235.7277354597647,1.5289430244113786,nan
241.894312918032,227.40992043398552,1.5289616954995797,nan
239.61939958396408,234.2519309863065,1.5289617041381938,nan
244.83890963626627,225.54575905011282,1.5289920993835349,nan
240.2804255063883,226.01391935734497,1.5290440243095684,nan
238.16157160454102,229.46618417903974,1.5291001970533635,nan
242.0198903276148,228.0325553179908,1.5291408806953026,nan
217.763994171774,173.70350082945973,1.5291663626455372,nan
207.31360683709383,177.40518376161302,1.5292707625231805,nan
215.7082096787319,157.15039215673025,1.529324463503394,nan
206.2271667087986,176.00840807781594,1.5293515329021663,nan
36.652217537975076,197.11873443277327,1.529405771387619,nan
40.38115147876953,194.14977077972398,1.5294240072742553,nan
11.540475710529599,140.23409183945293,1.5294812723435438,nan
21.772319217530303,141.53201410899288,1.5295128721657845,nan
13.960705397867914,126.55197119300959,1.5295262940499796,nan
245.04948058612828,233.1931402345813,1.5299070174139624,nan
240.84408822629385,234.39967816093846,1.5299981582698634,nan
140.1791378452216,112.39334387862675,1.5300503203072755,nan
181.36002767933527,176.2461650342502,1.5300893380810692,nan
178.71326899916204,179.23940892567802,1.530091311703,nan
165.24565095370627,179.3050946258624,1.5301032561692955,nan
152.8824877532833,183.0366221031445,1.5301242954179015,nan
249.41066052955696,232.69872761444725,1.5301332544840094,nan
174.4975016426606,183.38796868472096,1.5301597632548345,nan
170.3526048122127,179.7472824654406,1.5303736661524798,nan
24.21884499019882,195.18687351882386,1.5304262320922593,nan
179.85720517412312,179.29026433984862,1.53049296518272,nan
209.96938736295596,165.3860940439573,1.5305611770204035,nan
39.42180228987835,187.04544430607854,1.5309049590343948,nan
252.29680146821622,186.21997474754934,1.5309115841048142,nan
238.42960532811819,230.04316062952532,1.5310656124751547,nan
208.1247897515384,153.1139975178711,1.5311545063682632,nan
208.50097858401844,149.71418228722698,1.531164352807619,nan
181.14477129527504,144.20205668401428,1.5311701481012676,nan
203.5613361104119,157.91000562881894,1.5311782978620945,nan
202.93003351568012,144.3192623094225,1.5311954694198997,nan
198.20700732164056,139.9820594578216,1.5312800994508864,nan
204.22707981718662,144.0443634545937,1.5313168573542955,nan
227.3151979496707,164.38691507007576,1.5313419356625195,nan
188.46214674326,145.32182748285726,1.5313422021054541,nan
201.82059495923787,151.75063593228822,1.531442850730784,nan
38.73961391855269,132.3330906647436,1.531444984323383,nan
33.96280933870563,156.69624385581497,1.5314480396495151,nan
40.45593177103011,145.72751717362013,1.5314572614066833,nan
37.29566695216868,144.99900808838484,1.5314661800136828,nan
41.41970868446878,149.1219488636129,1.5314924191197354,nan
207.5086201028972,135.7477916392311,1.5314978441373273,nan
40.7534005247336,143.65248035681634,1.5315109137749048,nan
41.284970073881816,151.0653097262568,1.5315379368693829,nan
43.44858952649161,143.15707287100307,1.5315773174490674,nan
81.36509282001262,187.42441401094283,1.5316426596094563,nan
95.77590604844606,186.8585967602439,1.5316462859387499,nan
201.78691709591786,146.18873874893836,1.531647363819802,nan
89.58179373568973,184.84168656905553,1.5316474753666922,nan
94.70443245250308,178.43072173168142,1.5316538036717733,nan
94.13265520450814,185.68382135167613,1.5316625421834833,nan
92.54262511650157,183.9700577758826,1.53166510875897,nan
81.81913740840922,181.88117719541364,1.531702467355247,nan
98.95054160108435,194.08030738130196,1.5317320845941085,nan
80.66959117555554,186.0215054937494,1.5317971007424447,nan
205.95502238637476,146.54117780142386,1.5318098760890388,nan
248.68605012746397,186.06485513834838,1.5318534803172759,nan
98.60130012170158,183.19679570060418,1.5319378332006157,nan
196.48158378001122,147.35146887864602,1.5320514873086435,nan
97.69767747670495,175.60690900516764,1.5320610241985062,nan
42.17316636143531,144.77922315328496,1.5321807785154862,nan
164.99226485417927,142.773768176485,1.532367810290873,nan
160.52551894567347,134.21726690914105,1.5323752514206617,nan
165.10579106513265,137.11964295099256,1.5323813105344752,nan
166.8767009688345,127.23331632156753,1.5323933434471375,nan
166.7295329306002,140.60453746219608,1.5324107810971899,nan
99.85631261430221,187.1595896144227,1.5324555260222992,nan
164.7246745891286,137.74246509431154,1.5324627531341504,nan
90.17007284095493,183.11467593736197,1.532476678225635,nan
96.18336399256457,181.60184222545803,1.5325385158118645,nan
166.5770908527544,186.9139433419114,1.5325908210927752,nan
161.62891274185256,136.55299252349548,1.5326431066661863,nan
63.95994287237926,137.40438459070157,1.532666797015612,nan
207.34332304749879,142.5878315823837,1.532678608901339,nan
164.43447305596987,137.5755926064175,1.532715433430587,nan
93.42937401809446,177.27302899385694,1.532766835838497,nan
200.49983157263406,154.4039008809703,1.533194373652012,nan
42.48576776028141,153.305644236694,1.5333895871586813,nan
164.09817361938997,133.32001993239413,1.5334282371444152,nan
88.62736216611782,181.8324811076808,1.5334771767353368,nan
38.34455983926221,189.87511377514497,1.5335442497971936,nan
164.78889967844225,135.80810680841344,1.533567858306505,nan
97.7578507415576,177.77287739355117,1.5338095807102112,nan
170.50156490988823,128.35015792745824,1.5340016326677295,nan
-8.370743330936056,-2.4751461821084684,1.5340695767902386,nan
-1.4181852469257545,-3.8371953595057984,1.5340764909002726,nan
193.9805720643823,149.80213782548572,1.534083165242749,nan
0.01305530782695438,8.353426798169748,1.5342009506128476,nan
79.743061406634,95.73042925654462,1.5342838635911553,nan
218.43960805494658,170.5194059989343,1.5343510414966366,nan
88.15957928056427,186.08117941316567,1.5344559012298642,nan
88.10766464472277,183.78649814579126,1.5344942687332308,nan
133.62237096094472,118.50584279110245,1.5345542079101244,nan
-5.300479071851071,3.230914764277374,1.5346410063987745,nan
6.787967543936025,11.287663363539842,1.5346983251547375,nan
4.064459172945553,3.1024152490765786,1.5348279090542034,nan
38.41345963374124,178.11320738836275,1.5348658657840961,nan
242.4211816137467,239.02643183712865,1.534977859609659,nan
172.28138380634653,138.46220421026132,1.5350660448064595,nan
200.18375145405452,148.72811875255286,1.5350875332439886,nan
10.026111194019052,-1.209107874359286,1.535221294164806,nan
201.49244359320014,150.49668281087307,1.5354504216917213,nan
15.560339234150078,140.89826817130017,1.5357939366044167,nan
195.56884377036118,147.3429230954078,1.5360820743455819,nan
173.37079553318745,176.6236488817828,1.536247890984571,nan
157.7659217662374,129.50141470888354,1.5363118950332013,nan
51.17582719002197,185.48876288791584,1.5363287562645915,nan
201.8175124713404,173.715412463463,1.5363691958358154,nan
201.62056581322864,139.00423065998234,1.5365536740905494,nan
92.33878195617432,189.4071727323229,1.537428637009331,nan
86.41977480233261,101.45570935816744,1.5376661693486902,nan
172.12449904307005,145.97283013278536,1.5381147581767407,nan
179.8678407121955,156.39431105462495,1.538303213993341,nan
168.1784462463699,164.84985516705746,1.5384753702912048,nan
171.92682395452013,159.51093965803295,1.538669018987775,nan
213.73191494818974,181.87594582270873,1.5388331140653568,nan
132.77097129836645,186.031250878369,1.538948970041543,nan
130.27916073900514,180.8036465135121,1.5389664105556702,nan
46.23291285759078,189.89703426309595,1.539001098509245,nan
133.5477658734713,190.98539198033959,1.5390348509737926,nan
29.312075907195776,144.09102792538,1.5396883593343578,nan
170.27393761922272,150.07881588220675,1.539750492322026,nan
108.26460156697134,231.17288760878756,1.5399844229333342,nan
170.91538034945506,129.73113411498974,1.540076082593721,nan
134.2581404171341,190.62628209568092,1.5401385240356373,nan
176.37619561265433,149.05785420235085,1.540228677824213,nan
238.03497272149707,236.87032252756305,1.5403118161850893,nan
248.05355257502325,191.0629730026499,1.5406380345028576,nan
24.14182315312004,200.08817924327448,1.540737741029923,nan
84.06329203673762,177.1031204905911,1.5419407552761426,nan
200.47237995524912,148.04426996480572,1.541983467713304,nan
1.3379209487331682,241.35673689515292,1.542267984468415,nan
205.43188206863954,142.8110083946388,1.5423838070224465,nan
100.91035090338262,254.1076529716737,1.5425769802763318,nan
250.9114369022277,187.72146835339422,1.543023651921829,nan
170.07829157853214,132.04646613651627,1.5431498987579018,nan
132.75487828464173,180.30272256030517,1.5432371469994326,nan
199.26464011686355,137.68650185581185,1.5433131935000932,nan
163.27048843493967,132.07409773918764,1.544011179569195,nan
82.40751818482711,92.93219847172347,1.5443654691563866,nan
242.4693016798701,236.01907114930268,1.5444637663202072,nan
182.57976711719593,157.70343549691253,1.5448447197921682,nan
201.60243435892403,137.37454489456633,1.5452804742074715,nan
48.78837610695713,189.28892438972272,1.5453568463233467,nan
94.71626338855116,184.49167562947463,1.5456829041815012,nan
46.44522531634132,173.73511645504885,1.5465690737984532,nan
91.77061653139025,203.43688443934664,1.5470037963798768,nan
102.76292683363107,206.89414187308645,1.5473575055649385,nan
86.39758066698606,213.56085301156318,1.5474904146655928,nan
-4.121807137318665,-2.7557059600543887,1.547789817654952,nan
209.98097854564125,171.18924118994332,1.5483684066919094,nan
235.6826680733553,222.93812022177488,1.5497507879872467,nan
112.11090030996344,227.03969343066498,1.549811157734764,nan
43.75150241085397,152.73761048928088,1.5501825029454803,nan
211.48851063844887,166.50729594307654,1.550203533993504,nan
91.34202165288804,186.04564508736956,1.5509777538634302,nan
126.15477274216377,179.24057604034672,1.551070795308321,nan
6.233152224579872,6.784273512625195,1.5513553913048603,nan
166.29111952899555,149.9719347186239,1.551585642694128,nan
162.15703885799425,128.1976171260593,1.55227343288316,nan
239.18388075039678,234.45659993850438,1.5524685514924719,nan
223.37926456393552,116.23862329039943,1.5529487400507913,nan
225.6021992742011,125.26553114131646,1.5529682296983127,nan
226.71209013879795,120.49385500609685,1.5529731450722304,nan
220.8231705760849,114.57211081023198,1.5530156329255032,nan
224.8060583318492,117.44135604014004,1.5530201490370998,nan
220.86965676066927,122.77594254851003,1.5531007241342027,nan
232.82747475620098,123.4214120835858,1.5531143832822303,nan
245.32776050929758,222.75078377904882,1.553152292693412,nan
24.424402264614177,208.62772775242897,1.553199173119969,nan
225.98000025482287,115.69202089108661,1.5532338712262166,nan
233.44419845671555,128.4441056636507,1.5532601512632185,nan
221.44731016407854,115.38433609771438,1.5532620881763184,nan
224.79860042715535,123.64902436207144,1.5532651456419981,nan
221.36363499683335,121.1964569460378,1.5534190779323787,nan
5.166361455912082,0.27394620609458914,1.5535773396671682,nan
224.8777006857506,133.59207782975977,1.5537151123670478,nan
176.8687919946995,138.09507870659752,1.5547858690455987,nan
173.51734123549883,153.3415554322969,1.5549375432666048,nan
188.7149947342311,142.92644435061362,1.5554118748314831,nan
233.94848850691238,127.79311380385813,1.5557831719271316,nan
236.3337526183387,126.60902729067442,1.555784770074707,nan
228.77316986364093,131.69271081190354,1.5559938570531018,nan
128.1729792227348,250.44736740906893,1.556052876605743,nan
119.65658791219072,249.48953584723446,1.556072558747331,nan
170.0916175378722,136.16085298649182,1.5563086201004406,nan
219.81742798671058,123.61480846809769,1.5565485726914137,nan
123.13057732692143,246.82842983501865,1.5566442085433116,nan
233.07419449856573,134.34461169435602,1.5570011133819048,nan
201.42683203078505,144.49556666114415,1.5571131021899496,nan
28.62838872024217,137.11168291157927,1.5572203190537286,nan
52.733947509576325,43.99290695247183,1.5576204208967512,nan
63.36533129266201,47.09628623869785,1.5576237917382965,nan
54.69184268969655,42.72725787691188,1.5576322041304183,nan
58.27300172721652,38.490979366397106,1.5576525512269868,nan
219.49612444849558,115.46364824708246,1.5576628961273686,nan
52.389556732256246,45.53708532864613,1.5578244567660935,nan
50.69651666718439,45.8470924495764,1.5580199001952926,nan
231.898697058115,68.48487827035032,1.5591187482113191,nan
219.50292865153406,74.11008823705653,1.55925451028555,nan
45.25544888608361,193.51456522274586,1.5594130098658274,nan
68.68585484199825,188.30463911895117,1.5597207433760913,nan
141.04697660464396,66.5931091476543,1.5598409202977301,nan
65.06564461915839,192.1617037277214,1.5605068293045234,nan
127.22809602758029,249.04069188007057,1.5610881843224504,nan
220.4044717952328,122.4690305727588,1.5611522905498574,nan
72.54079887948346,182.27091271041493,1.5612404293910562,nan
43.78792459775261,46.91651774761963,1.5619780526958742,nan
68.94961148878788,194.09209513629338,1.5624684587099853,nan
128.45455098839307,70.46162834245254,1.5628802169237717,nan
133.97771814620745,67.41002001343813,1.563005677348685,nan
34.27300715982532,146.31760163864257,1.5647313901139779,nan
131.11478139040221,70.39569289074295,1.5647697397898397,nan
167.53480819831185,134.50289484328943,1.5650735626969896,nan
48.063268956258,56.47936300070865,1.5653829929185579,nan
223.1682895981041,75.1224024965906,1.5658629222157767,nan
63.27389857570196,86.32988222188992,1.565883653092442,nan
72.18674342045908,80.9738364013452,1.5658852193033208,nan
66.0025668852661,76.96788220255057,1.5658978550107006,nan
66.74799865057224,74.48608420241692,1.5659235124784732,nan
60.98560771399219,71.10280625544027,1.565955848144687,nan
70.18175915392897,73.3326177501725,1.5659767908980649,nan
72.25515190180553,77.3066818932179,1.566010031065777,nan
67.51655897533887,69.22198741564164,1.568031325822191,nan
61.34444570926901,74.39023386302947,1.5680978194024655,nan
67.1721816449698,191.89374627661414,1.569463706814061,nan
58.603903286905776,73.0530964827977,1.5697493595108598,nan
123.65198827116356,175.40216731445844,1.5700695826065094,nan
59.79243884426453,76.33236189331512,1.5713447847292819,nan
14.598048036465327,132.56610136810042,1.5716772464439113,nan
73.00660381831753,184.9667234459285,1.5717371691126463,nan
69.26835896442093,100.70552212494415,1.5727921661171145,nan
61.499534234445974,189.976925352361,1.5731426595534475,nan
90.65727677394187,177.59041146972373,1.5733969663210847,nan
228.23679246165457,122.22632224386372,1.573401162237093,nan
173.98779634948036,34.71478662004474,1.5734039239364332,nan
165.04063466869889,43.48327055230365,1.5734295648003396,nan
162.02767081688742,37.71877058699586,1.5734538217182563,nan
171.21429392301522,37.47819486528472,1.573473930369234,nan
161.5693886516756,41.99547507060416,1.5737903454400126,nan
173.84915791635154,42.01470792372858,1.573813979154449,nan
74.54950493281672,191.61169983907348,1.5740428065973697,nan
135.23832628691062,190.82285259150922,1.5748145514992495,nan
195.3110763692207,222.70346693883863,1.5749884922429809,nan
224.09683265856674,107.61623029084116,1.5758720549970562,nan
130.01288324548818,58.7909183629564,1.5766892556447918,nan
42.7873869880368,124.54857207239584,1.577323073422078,nan
50.02222223020844,128.661859987212,1.5773232867636806,nan
46.287862190376146,126.02622116914814,1.577324206662505,nan
43.315075333476614,117.59905398138532,1.577333831426895,nan
42.004352383705324,130.65640622171074,1.5773583762965275,nan
49.59512051254636,118.54373035762119,1.5773760955221832,nan
56.74026197164232,120.22787259438762,1.5774015542847815,nan
50.18674724676626,116.7698002542822,1.577406632620521,nan
49.51355563632663,118.91393082265948,1.577422506727013,nan
48.192894757280584,113.09133933923567,1.577721276072798,nan
60.94259025006814,118.9668443015152,1.5778918359496255,nan
168.10232064568976,39.39167965661324,1.577992079584169,nan
226.66720416837282,110.81626107257773,1.5786553957994727,nan
44.04217380344551,131.1322093324692,1.5788643826433555,nan
233.58971456332262,70.51604712700293,1.5788939498927208,nan
106.36745238915476,29.01726667265486,1.578984064551229,nan
105.05179357054952,28.613772337922924,1.5789845363386352,nan
107.46293918503105,17.984809983399288,1.578991400365516,nan
101.18307884802925,20.499212943622066,1.5789918241569556,nan
107.92303852412104,25.934449998942128,1.5790223811578064,nan
107.836808892005,22.04465056835285,1.5790227629172655,nan
109.17591324926032,15.184354978282622,1.5790252587556226,nan
113.5474937064106,23.671601023032824,1.5790496737953943,nan
115.62961981073148,15.804442597498902,1.5790843877597671,nan
106.2489236593232,31.32352116645904,1.579127522480791,nan
112.59273086963967,30.44976044678261,1.5791338023597659,nan
112.79052460506857,19.997131142002498,1.5791745925217602,nan
107.0979694004381,25.41252042090814,1.5794775010141824,nan
220.2169535026582,176.1685874452395,1.5796485830022147,nan
48.437135413936744,124.0462420031274,1.5800976341406565,nan
200.14233332141185,144.3692347875982,1.5801654439284838,nan
166.52178365056042,42.748104429229784,1.5807224025349842,nan
52.90044105962379,126.54140996345748,1.5808355495254565,nan
88.56922295590151,166.73299384914728,1.5810167387516896,nan
48.719831787288,116.94588569077469,1.5810229482629263,nan
81.34218500128603,149.192161815043,1.581035304171519,nan
105.85117988562814,23.34700735824013,1.5812536299955346,nan
80.88629890043127,149.08317949705832,1.581535112234758,nan
50.37160803969468,121.07066295137162,1.5815823429723967,nan
95.14191053660976,155.42822854894206,1.5816473153434305,nan
217.1153023985103,164.26639401276765,1.582956065239762,nan
182.07481343370384,89.60487010543754,1.583404845150104,nan
233.4488669177534,59.09965727117593,1.5835026189787647,nan
232.62151484534255,52.88388109090626,1.5835154604862984,nan
224.9821881891671,52.177124668956566,1.5835349646241772,nan
233.5293801476018,52.66975212417159,1.5835512441521657,nan
232.16745358269392,60.73443620226677,1.5836468711786091,nan
242.85558633122986,41.1290548238434,1.5836735619603928,nan
59.16906150805589,66.5307888273408,1.5837438409124083,nan
240.13196458586233,57.040627327684334,1.5838049366587128,nan
246.94928695630534,68.06010914428768,1.5839785985703967,nan
50.8653491076254,118.7998007870934,1.5849787041299173,nan
170.2423054338362,46.25893771324337,1.585093780128951,nan
178.83495428860377,100.64645602618361,1.5868690330432242,nan
195.83979621192648,110.59285356684275,1.5870239254738159,nan
135.5519335649086,183.26898382134337,1.5871233233659436,nan
191.5115371537974,113.99227413858574,1.5871693148799868,nan
195.19449953638116,103.48003434074438,1.5871957902425027,nan
64.47780717981976,71.13543420169655,1.5876480363395182,nan
242.21432825773468,210.9830344399875,1.5876872608155403,nan
217.04962013743804,116.64460079552984,1.5876920180499223,nan
243.87791636114508,205.53361331896346,1.58769712983826,nan
239.39050802856366,55.994051522496775,1.5878379260285282,nan
204.86793678203807,168.71246943176257,1.5879211645523623,nan
229.54539164213273,207.1073480968971,1.5881439800610544,nan
117.22700087391395,14.97956874451746,1.5882239588304339,nan
55.73124891753333,189.68362947986702,1.5888502910158913,nan
129.74059458054143,119.65963937817426,1.588860481286352,nan
186.68250879766887,112.63903893314321,1.5891790203988918,nan
48.4214012874146,120.3718061739385,1.589341073888222,nan
55.523748461256,43.9864292647538,1.5900850649761462,nan
243.99629286606157,204.7969835137547,1.5905147132987694,nan
179.68879842875987,85.41766957810684,1.5910008681375114,nan
48.06078371045213,129.50082845445965,1.5911766328338433,nan
23.259380132992085,62.45944995129134,1.5916828905573235,nan
10.541365873577547,66.9840635179775,1.5916869225530887,nan
63.97920933340064,68.04149615362905,1.591831478702548,nan
49.20854632478288,131.25930459663985,1.5934083760139455,nan
241.94730414603876,52.209196386479945,1.5944135641603339,nan
101.43503662689133,263.07798187001674,1.594559299623363,nan
136.1707843260419,54.54088068690341,1.5952015443187508,nan
233.30876997415663,47.24728429626226,1.5952943348393016,nan
115.93956053079583,22.967093489224283,1.5952951291000625,nan
232.96451857047595,214.37957915375188,1.5953584002736059,nan
185.10497890348734,6.193394059131864,1.595611994485387,nan
192.29095020005767,97.77686816942722,1.5967058006246426,nan
186.46006399933447,10.673253012463377,1.596947127678418,nan
124.68704840096494,221.10133244500946,1.5975241377872376,nan
111.85370687717895,217.46466469723174,1.597525704734763,nan
117.99500505598459,215.46754234728044,1.5975333938927032,nan
108.30932486130098,223.96045708455742,1.5975400009008074,nan
113.09654232104805,213.74373677102156,1.5975430994466608,nan
113.94069117460789,211.22344164111288,1.5975444308062465,nan
115.71490906949329,214.26665719802926,1.5975567385772909,nan
112.84820881464529,225.70326163569356,1.5975689525373236,nan
109.67067724780722,208.5170688758002,1.597683520473499,nan
116.02163624742438,212.30777212687286,1.5978632338005334,nan
118.12600980607888,222.62644499508144,1.5983009330198497,nan
45.790249924387815,128.9782612739804,1.5993368333143945,nan
226.6336381484617,63.86217749445326,1.599545461610021,nan
136.93900308865992,57.129063244910185,1.6004059225358276,nan
8.20469817053857,64.13291187271926,1.6004980692387052,nan
72.55495825330674,68.02094966059082,1.6007225838832877,nan
65.79357772096259,62.832054790913304,1.6007229804148722,nan
84.05668500026918,66.61443986654595,1.6009837224190713,nan
106.29973183476532,213.54689879363784,1.6018228084293655,nan
113.919843582854,27.5014747702827,1.60213853143438,nan
116.69985530140765,214.17591765331198,1.602164371263835,nan
242.02673714852716,203.68305849131855,1.6023042465631312,nan
73.63915279478546,59.240961638572216,1.6025750291296985,nan
85.80348123234955,154.18239836843208,1.6034444882723384,nan
112.02044467452355,220.71399542888003,1.6043434805162036,nan
231.81355991437906,56.07591650943937,1.605495324223028,nan
242.6081543172753,207.52563876194236,1.6060600041246387,nan
230.73570387913455,215.75242545346813,1.606303403075205,nan
159.80768648137345,121.58614150238132,1.6064143849484982,nan
164.68748972819017,124.27398429468919,1.6064205414817072,nan
158.88576472280863,130.44918639917063,1.6064416027063475,nan
160.48430585552688,115.95220622879367,1.6064510950871045,nan
157.0445533813273,127.01060817615259,1.606541566749524,nan
151.8049893082591,129.6388896597985,1.6070782442946994,nan
139.6726091666108,117.26287573652554,1.607097096791139,nan
136.24175365279658,135.61277400840248,1.6071309749638893,nan
158.8427741722702,136.13027631951377,1.607247343704353,nan
82.34791846571997,61.7195148178291,1.607288322926563,nan
80.51688343606584,69.83050285052299,1.607711372430079,nan
245.31853210362019,218.53022454313552,1.607799013755111,nan
144.18984632164478,112.75198127486648,1.608033079458896,nan
180.31368037176537,88.27559878550197,1.6083282842216635,nan
145.0095751495423,114.29686922121297,1.6084964810902558,nan
106.30660427395593,22.665938612645796,1.6089242703483555,nan
143.23151958690795,107.17796953521793,1.6092280731507864,nan
112.83478304413208,202.05755152178287,1.6097234604218196,nan
70.10722821032623,178.2298481244122,1.6097394311498177,nan
59.92905363796026,174.10203643265962,1.609740545586011,nan
73.24632818820402,185.71079983217354,1.60974779443457,nan
65.80420389366381,173.7340001887072,1.6097578242949995,nan
67.67028045289862,179.2713094455233,1.60976520997655,nan
75.46379587232107,179.3412131870493,1.609773045178896,nan
61.04493980504168,179.0260517052207,1.6098190730024586,nan
72.87375468083349,177.55038845619973,1.6098908911643552,nan
63.15663825121659,182.4329751749637,1.6099783445188003,nan
62.7120087565168,180.93719163032353,1.6099883056286193,nan
71.4348309531385,186.1030358779264,1.6102014195655605,nan
66.56113718457453,174.08726105227169,1.6104443397846946,nan
81.16221857031017,67.25035696336676,1.6104462359439715,nan
106.64544194564273,15.051933095844666,1.6107247520172066,nan
118.9452189168836,224.6775948992989,1.6108685643812464,nan
70.5403615187973,174.24334238579686,1.61182282170368,nan
137.4262549203274,109.05043225020509,1.6119747650455634,nan
157.34279686687174,122.83626133646996,1.6121481617662405,nan
143.06132534936103,118.08063938263189,1.612414299562637,nan
107.01687229113098,217.93780789252747,1.6128657923829437,nan
238.17356667071505,49.10877256453691,1.6130107509475249,nan
141.9385180263818,120.15301478384067,1.613601205278894,nan
160.0632857793051,128.96900685194774,1.6138741773645955,nan
162.90840360171654,126.60019753005183,1.616019619149578,nan
163.32909722087345,122.43199448816952,1.6170683607752,nan
64.16302011272907,183.18150181821838,1.6173080429621913,nan
197.25388326751977,28.33412318352125,1.618057904353,nan
197.17779009814205,32.96561681775342,1.6180591769213055,nan
195.07525679514885,29.32121880109369,1.6180696303791706,nan
191.95413712344345,32.52265228139309,1.6180706387257229,nan
147.90341119007553,108.73124086075516,1.6180787036343367,nan
200.3745986968966,25.480793477980885,1.6181429875850017,nan
193.20200441403378,27.190315186021454,1.618157851903232,nan
196.55166236515927,22.36741802115939,1.6182282902186862,nan
190.64860919041328,23.471531118592814,1.6182758253682719,nan
69.57753968606653,178.88406018899119,1.618875321393509,nan
120.1830914122705,252.3310666678792,1.618979345666527,nan
79.22403261731239,68.98109826858587,1.619559173332029,nan
14.550661888187198,200.07561142239263,1.619960011511656,nan
13.839276233974385,191.99947659642785,1.6202386927816494,nan
97.53744266156613,48.331198535953234,1.6212022290365768,nan
93.5252360325243,43.977133220221766,1.621204229751537,nan
100.64216376835114,50.60133219069996,1.6213346565477413,nan
93.97746635754534,47.719511526274786,1.6213515241489584,nan
89.30689655633168,43.75921623683373,1.621448225232617,nan
82.47548618967635,48.64744766520637,1.6216609967219795,nan
150.9943956305285,125.24842699863076,1.6234023069126977,nan
193.03205715190614,20.196252523416238,1.6248708833875474,nan
189.23552903652944,24.885366927715932,1.627118490864485,nan
189.43027124670337,216.72421635730313,1.6273948491587953,nan
100.80132639485277,42.95914030152925,1.628207469082227,nan
67.09224516443307,175.98216902522066,1.628459783083777,nan
59.69351530578571,83.20667083710866,1.6294946172277511,nan
92.08588268697663,51.35947396404482,1.6296841242272504,nan
242.2409685687216,108.30245407654883,1.6300096788935616,nan
249.68464672589195,111.85864642908362,1.6300329644571683,nan
236.3945816129889,114.89847152978732,1.6300334602763888,nan
237.388951028037,112.49236773891907,1.630034841622168,nan
237.08831961905864,108.28285453017418,1.6300409330017256,nan
240.6721173370152,101.89217269682999,1.630044511303895,nan
64.50644842412933,73.22016547424624,1.6302659116297855,nan
237.61346212547596,117.50266193371192,1.6302977426577352,nan
228.50901500493495,106.33499171430519,1.6303980414855772,nan
230.35560021533448,116.1303686228611,1.6304070849130754,nan
235.067520027992,114.74931027919239,1.6304452597108545,nan
60.31222432045949,77.52822593393275,1.6307716104550125,nan
148.93141628342272,134.6346849937452,1.6320307007315469,nan
198.65726027806892,38.5607133458628,1.6329536294410274,nan
188.07000566151714,32.06556263329376,1.633271669700486,nan
99.87276727065485,38.23804793963576,1.6332748803667445,nan
235.57349469814147,98.60638942182126,1.6338530726622138,nan
237.9327727945514,104.5278953198142,1.6346288066345318,nan
234.62793358240066,106.07978990644544,1.6360862842867037,nan
82.79537549438678,207.70369289336037,1.6366570372440652,nan
90.53528490815155,208.34441102405944,1.6368812987205708,nan
77.05604123299172,162.8823587338792,1.6377393478450915,nan
77.50329982583412,169.2688128835539,1.637749343721196,nan
88.57885717130154,166.99561744424292,1.6377680731114603,nan
74.15424921098753,142.86635663915098,1.637778775730528,nan
89.3864580284719,153.36012575645998,1.6379091354311004,nan
73.86156434904532,64.19126979056706,1.639229833227741,nan
232.10838261464235,108.47171120933828,1.640226416559043,nan
90.56775474300078,207.68750150856485,1.640330529129879,nan
29.285757832702803,203.87703976806958,1.6409669344990094,nan
81.23015011077494,160.86996969987578,1.6411589216064373,nan
253.6163203480268,211.68783535741684,1.6414322384911042,nan
235.72459990472893,220.27729976330147,1.6414354417865888,nan
83.52486022383478,210.5552451150289,1.6416757562867208,nan
78.8536354738745,158.52509812075058,1.6417050837717293,nan
237.82759671467272,217.54365122961013,1.642029593644311,nan
135.71872356425155,45.580016801551004,1.6421879396517673,nan
208.5740427916552,41.00471991881221,1.643370567722177,nan
190.8843509009845,55.013914726991125,1.6435183895218273,nan
204.77201207423195,40.06720533784704,1.6436693712111565,nan
78.00902856323283,169.5753876444156,1.6437582971921154,nan
83.72353732947025,101.77282564689726,1.6438359115492087,nan
247.6295304279334,214.55095931659852,1.6440360680528672,nan
93.7442437766075,212.38938400936252,1.6452736455014478,nan
140.15447037419517,42.82609794479858,1.645284995634022,nan
106.55589008753935,31.917325049932145,1.6455979576283275,nan
243.04092181781854,116.82953956016564,1.6457514916554117,nan
115.27168117697826,20.987103186186793,1.6459736329277688,nan
76.54758140203857,95.14270262821715,1.6462300441311308,nan
67.82055302344953,93.82031531289546,1.647053322484572,nan
81.94159803323502,208.83483877048377,1.6472643397357747,nan
140.13788354090704,56.9984797789328,1.64730400683966,nan
103.98292548349906,35.33506291128414,1.6473764112074873,nan
147.28803121537337,122.08331956173687,1.648026187866968,nan
168.34900945258624,70.86133533233883,1.6491277210538953,nan
21.873221246629697,55.53686230891303,1.64925630746036,nan
26.099978525950224,51.36363852149133,1.6492805618554127,nan
8.859004416947787,58.52794086429689,1.6493225807102114,nan
15.452457923018157,52.09466650090847,1.6494221307215262,nan
122.44259321263071,208.14126004280126,1.6497626506896734,nan
110.08461886242809,197.19607763503882,1.6500084648589732,nan
117.85966674995704,201.26549708743016,1.6500823324639362,nan
71.92501831373444,102.73264052154792,1.6501928264073373,nan
243.17310571667616,215.29835100832005,1.6502298313493973,nan
94.20577456398682,37.18344108290397,1.651281105292367,nan
182.88961350781233,88.69908194420718,1.6514596298902566,nan
179.4015294816397,89.03982103101174,1.6514761224512753,nan
183.23288368032271,89.03324504352135,1.6514829602017806,nan
182.53857819583664,85.25298177795477,1.651517592514131,nan
188.39494740706297,92.84669177077896,1.6515841570936136,nan
183.3750230585705,86.16927334289261,1.6516152511648376,nan
85.31268533331522,153.47604641596175,1.6520577308847142,nan
185.50700726319334,82.42479284509054,1.6531908400388178,nan
89.98404453159739,204.75093509397533,1.653528870134443,nan
190.36784423765,48.37944882258814,1.6535959433379526,nan
215.78448602735375,226.91822991850304,1.6539029868030144,nan
165.34112580160374,78.691762920477,1.6539468484819393,nan
214.76275574376663,217.8311001120686,1.6539827216113523,nan
107.86500864917187,18.682917838780323,1.6540603839412196,nan
31.090224672257236,52.54658317468934,1.6542870635715552,nan
23.736692062252597,53.0328162620154,1.6558150001255025,nan
229.34011771275826,222.64460957032054,1.6558810769067034,nan
26.25684924132196,45.38769797189907,1.656231691708563,nan
79.98275891699875,153.86975055257008,1.6567762579489707,nan
188.38919387341056,88.19711911555689,1.657013732852102,nan
8.460965845605948,213.84931866683476,1.6572130752090626,nan
12.517002052302225,211.1554627161194,1.6572288513065057,nan
6.230782643221223,215.3912250324616,1.6572442225917952,nan
4.632350075806134,205.84899933680396,1.657372287410719,nan
104.44662779302782,96.40784382403841,1.6573809133882802,nan
106.38705796127769,88.75302725655526,1.6573814798067517,nan
118.91522044079917,96.79121837362027,1.6574261980112124,nan
110.02592091127457,102.80297391504178,1.6574346297001445,nan
103.35517359077453,91.19260485713704,1.6574771123780663,nan
2.0462304732219034,202.8955855231253,1.6575075232933902,nan
116.25093953412012,90.63962749902007,1.6577924591130855,nan
116.84098235185063,100.39811741095951,1.6578046297036497,nan
7.8304054440671615,206.55912036346146,1.657850794177171,nan
11.662204034513262,219.6332666228571,1.6581567906104921,nan
12.564303011280769,213.0925502641316,1.6583230558657156,nan
6.406145011501055,202.7920265285482,1.6584624753943875,nan
131.80377979972678,149.64483665035544,1.6585621749260706,nan
128.95462665584745,153.63179626205257,1.6585710519824592,nan
135.45580384570437,142.15519913824778,1.6585821442236077,nan
131.77068707933418,139.61674167758392,1.658597966482879,nan
127.22466722390466,152.74832189602628,1.658639460575846,nan
105.33303927625975,98.09988552208031,1.658694181446447,nan
128.65183479847474,155.2331601434259,1.6588636008840405,nan
125.04723337722372,152.51727577896122,1.658897957145289,nan
125.26290271479648,146.51967584829484,1.6589358968861352,nan
130.5015323968131,153.0329569334632,1.6595951815525884,nan
113.12175384084746,101.8454467968729,1.6596775507015862,nan
66.69917714524348,187.8982383834602,1.6597169387467652,nan
219.70653553326594,226.952196243683,1.659733846225713,nan
119.81997215249825,139.45735233979693,1.6597556657759147,nan
122.44317010766413,155.25242065582358,1.659783747315328,nan
21.760362966015666,57.11160244838719,1.659961990250499,nan
176.472699483974,85.67170802873294,1.660327083648928,nan
128.85622427281268,155.46248574001174,1.660925742384957,nan
130.79724502427453,147.641301607714,1.6609823980746994,nan
1.2508403199477838,208.62073135020543,1.6614152951524412,nan
79.2760800547691,156.406766643175,1.662396289189588,nan
187.94678783081807,86.46938415689795,1.6629250167458278,nan
111.71896628202805,96.9227838620629,1.6632620265793903,nan
251.4269286768135,213.42543960873354,1.6639483770133783,nan
122.00199072478603,205.49054083225556,1.665164385627281,nan
166.2433864349061,75.06253177067138,1.665652947495008,nan
117.87857379042306,152.24554328998175,1.6662776527259524,nan
117.45152873616408,168.56386241547577,1.6662782819115496,nan
129.5160597291402,152.9573896455515,1.6662937277028307,nan
123.39559707805722,143.41191457150464,1.6666139235698565,nan
242.5817006566525,214.6550724290325,1.6679855876325942,nan
88.97874072969601,35.94997990006825,1.6683548825252483,nan
140.47704874731673,41.68924098006493,1.6689270755426167,nan
4.363059866362116,208.09684654396145,1.6692140568215663,nan
-3.726396701495445,220.0768490010194,1.6693935546989813,nan
193.1147294192463,26.81782299128496,1.6710287188025286,nan
64.55266822518585,175.4432873048203,1.6714927246069582,nan
69.835365806769,178.1120246827156,1.6715245466755004,nan
65.90228750855297,177.40548761487852,1.6715382572467004,nan
-3.0316318948642413,210.68626504177345,1.6715694910730334,nan
71.3304974631748,174.503321219867,1.6716025484326087,nan
17.753454554421175,50.87790877976419,1.672043669730014,nan
86.85012755258317,215.09347108700956,1.6725885180136932,nan
243.55590724369503,214.55366155106586,1.6734229350216303,nan
221.6069873850639,78.52606881681028,1.673937530190226,nan
107.10632646130048,101.9863310444755,1.6742220271655754,nan
110.6553056629355,101.61217501987655,1.6743302162165874,nan
114.91537114864899,156.3598183998175,1.6761308983660608,nan
236.91601516962692,115.53896088709114,1.6764183495204334,nan
61.50092826154453,257.090332136478,1.6766233920218023,nan
53.979449489614964,263.93995252037297,1.6766248169241813,nan
64.70827427125926,249.6154680193244,1.676634954081957,nan
54.30292353185891,251.58201660880118,1.6766708721096044,nan
50.033115205873756,260.9784299250047,1.6767019537005956,nan
58.3816164804173,252.75456873952382,1.6767463210209586,nan
66.2437657552242,178.29555726599105,1.6768546026941833,nan
71.80773067061679,176.03082425777603,1.6769826149457996,nan
56.135697325627135,249.77549771118044,1.6769937628758333,nan
158.34551437245278,169.05652941017584,1.6773269500965804,nan
151.65213772704627,181.53552353498165,1.6773270642508653,nan
159.62407658753284,181.90110087313178,1.6773338855811157,nan
161.17898575767686,184.09435111396502,1.6773545021072915,nan
136.9947019820644,170.98881866517956,1.6773587922978472,nan
157.54121198151788,176.5200464264488,1.6773589126808284,nan
151.62347669768508,183.62489157769417,1.6773724511756967,nan
156.85819000426696,170.40125581328496,1.6773740660601735,nan
156.6156524420127,191.80022417640598,1.6774134857859195,nan
154.9995101404952,168.11154699902593,1.6774198257071922,nan
143.72446716735428,187.50103864065545,1.6774357270473201,nan
159.59083326593924,174.55965804114862,1.6774452968249087,nan
154.75177976488277,188.31794274985162,1.6774559750534377,nan
148.97235292091335,171.47441588792455,1.6775138384091726,nan
57.42376839532388,245.97581040836306,1.6776569204144705,nan
56.01918473409249,247.27595853146954,1.6777526732619918,nan
148.46009681877447,192.4811427457369,1.6778374493383412,nan
156.4350582691004,177.7554495699062,1.6781865692385547,nan
151.37219373685238,179.7617491541744,1.678336870108286,nan
193.18751564836677,76.76689074902484,1.6787984282970094,nan
192.83287892432182,73.23985733775524,1.678807069586016,nan
54.77444631924655,253.3022340436014,1.6788298374299806,nan
191.56733760158485,65.66278546018019,1.6788652621924887,nan
150.66294107633846,174.01842873744513,1.678920688727268,nan
195.97022127475802,66.49790580736408,1.6789293749571896,nan
194.96407105354206,76.86687444930338,1.6789394742889354,nan
195.40950034160718,56.3897485321354,1.6790767356574123,nan
117.43934239016174,153.7815281864347,1.6793599158364845,nan
198.81537324130065,67.24342456715416,1.6795500801504908,nan
159.5208511237246,185.7195243466761,1.6799092391233637,nan
153.35237667434387,178.52529447974356,1.6800359161897638,nan
153.51545899305904,182.70956223226733,1.6801259590653903,nan
60.99409236253249,259.3806021964179,1.6807631065731592,nan
183.93082705274514,207.59213588835894,1.680891539339842,nan
177.95517697615887,224.84411129216824,1.6809143078640685,nan
179.24895432126755,209.22831973522676,1.6809213119572248,nan
44.44308505310799,245.91819963110603,1.6810874068755277,nan
61.95029349457833,161.32394095601825,1.6811254526174582,nan
8.76678744229224,212.9064294013606,1.6815395566686087,nan
184.13037478875796,210.00731380736883,1.6815524403851392,nan
152.60136703355775,184.23988007884003,1.681554909399805,nan
193.44409395999307,61.546993550500304,1.6817705454442196,nan
199.3644689504614,47.887863125924135,1.681785290663753,nan
200.74987090342097,51.350872067980134,1.6818371511025054,nan
196.7940771451171,60.409490702538065,1.6819081964245313,nan
192.16095875854893,50.151160886361886,1.6824912148690574,nan
5.628454564086595,212.82062584996348,1.6825260604363574,nan
202.90207299687088,69.86897024892804,1.6828393595183178,nan
119.04222412785869,148.25830186833778,1.6828438623264168,nan
192.09417042332242,59.22973191642567,1.683136309381035,nan
191.9111275491414,62.532177620957725,1.683203058639959,nan
59.726640850443424,165.51421963185044,1.6832905228699584,nan
205.55682057645572,38.32643671501196,1.6834525830934004,nan
53.48457151622053,121.70347898038435,1.6835031118922978,nan
53.55216641707598,124.84874729359639,1.6835114697033418,nan
58.53765711613016,120.58740904153107,1.6835181842300633,nan
52.15150280347694,116.33650520046572,1.6836497636298173,nan
64.54836719972481,251.19351664378846,1.6836828299297641,nan
173.1817415520944,217.07061369583874,1.683727468449521,nan
55.87348243888493,124.72409366958325,1.6837276335229787,nan
44.16481982651698,121.97525372523971,1.6838461664522892,nan
48.05540935604725,126.84815675837343,1.6840664713836786,nan
115.60841925405818,96.60008577880612,1.6842637094819153,nan
43.789368726523314,122.25417223102471,1.6843825305022484,nan
188.572285480888,203.3372777919784,1.6845252241661797,nan
189.1756111597029,194.6099585821774,1.6847126141649502,nan
190.40725302931853,63.94580658525313,1.6849465796775127,nan
47.961326347916575,122.92843834746024,1.6850751548106648,nan
77.12226586318424,53.93591685608914,1.6853370576280153,nan
83.53040620655057,55.212996981840995,1.6853465355166157,nan
199.31690678983335,64.1222406002173,1.685371867876218,nan
199.5140508900547,60.89788172694536,1.685690161465672,nan
54.44717472812691,123.13141924232016,1.685978400284745,nan
202.1592864964407,53.21369020952014,1.6865027817071045,nan
176.70883840149259,221.89359681746166,1.6873287856439134,nan
229.26184705553683,240.93362962746548,1.6873413987700139,nan
223.11816139210814,225.47076286591707,1.6873422978657289,nan
218.0605264126865,227.56554766167267,1.6873544308764459,nan
224.26958142714432,231.1538670501147,1.6873575827865148,nan
221.8781469335536,225.88597788913816,1.6873701443088738,nan
152.63310549023453,181.14220521472396,1.6874118349054938,nan
226.11196334943403,232.49352087976555,1.687479003558737,nan
215.77401840865164,243.66347463342868,1.6875104149357896,nan
179.01072859994048,87.1788526377348,1.687645556007469,nan
30.396495684534678,43.453098891822165,1.6878436984094731,nan
146.47153566927085,187.4650909431705,1.6879448773378543,nan
116.18100909368903,203.39673267837605,1.688057837692852,nan
55.50487714863189,249.5999905831574,1.6881802155557086,nan
199.67053719246178,67.67411959713688,1.6882244090984009,nan
255.19440616642675,39.04804749560075,1.6887803106948038,nan
197.33529403420445,64.77084423971047,1.6887962081019325,nan
245.84078240914522,59.339643259526255,1.6888089875080523,nan
246.7276583747174,54.900601365333465,1.6888802309938031,nan
248.72655307115758,37.07671680469419,1.6890538999722724,nan
193.9080327449136,203.4989065448761,1.6890624664074179,nan
78.57473481519843,60.62958592750983,1.689184160955175,nan
194.59319458709277,62.06907988060808,1.689330097393754,nan
52.89746517420517,248.88124144656356,1.6894837276259131,nan
180.46593646341802,227.63934363859602,1.6899275378518532,nan
161.166039956278,65.56824119152242,1.6904916190285948,nan
152.45851162992963,71.29085888055499,1.6905323265444694,nan
162.5505699796795,77.07938305347626,1.6905432959002336,nan
168.77078020760723,70.67084322075488,1.6905676694379856,nan
186.5538842900679,218.78002247262606,1.69111063890016,nan
158.86932957201955,186.8935513567164,1.691337230496966,nan
167.08040728468515,64.29613898625335,1.6925215093538708,nan
224.19665046313935,227.21163305593996,1.6926251384411752,nan
113.10584214503298,100.23106801093259,1.6928327224554016,nan
54.14971767816306,55.62175063228832,1.6929223477185928,nan
52.8001648494616,64.67736360004373,1.6929372979795914,nan
45.57070336159529,124.91770419750134,1.6929626514152294,nan
46.82699003707482,57.1240280727245,1.6929749311124143,nan
166.11851127620326,66.4915687421888,1.693014258982389,nan
52.66359464917664,58.92946563577046,1.6930845679128006,nan
53.73979771403524,59.779606222875714,1.6930948088197109,nan
221.68884322148924,217.59625031896425,1.6932105641470423,nan
57.011375692938756,62.925862050023134,1.693244699164033,nan
16.623514357933704,49.39169011360876,1.6932892204616712,nan
58.84095276752537,131.8798655483495,1.6933930446043024,nan
146.41749318719374,189.21884856820583,1.6936688903373887,nan
246.9925619094603,51.116086390642096,1.693764359876271,nan
226.97749757793795,1.346366552857319,1.693853609051662,nan
213.80587446296036,8.86850640905122,1.6938568032867238,nan
214.16168376291537,9.868990441468291,1.6938700022933135,nan
219.00687264641186,9.13003621077737,1.6938978846237331,nan
196.23148838616746,194.203115626232,1.694138568382236,nan
220.60860748791455,-0.09204587684101716,1.6941559727025806,nan
228.2344945544239,228.41306656391788,1.6943647678286209,nan
153.5475912370789,179.21147159466247,1.6945255485101345,nan
221.63890575882746,-0.10771980549954413,1.6948029842943202,nan
47.9256700817098,129.4838713232555,1.6948106678889179,nan
210.83849758362734,-2.2425598855241793,1.6950920576941613,nan
216.6230009055991,170.17125164366746,1.695120341390904,nan
209.29144298475626,166.7868764712957,1.6951532020607116,nan
214.7979331175616,177.6753700572899,1.695164416667287,nan
13.762434175287902,212.34636634208826,1.6954865549806277,nan
219.16119626811533,176.01162544406378,1.6963215349435004,nan
219.22251876592776,0.7705009127316284,1.6964752769237021,nan
155.61572876347526,61.602480032106556,1.696492014637002,nan
220.1548569496486,185.59506909730376,1.6966027223853404,nan
214.92311889094225,176.87557174515143,1.696744047171365,nan
244.34994811516725,44.01473962898393,1.6968852135705008,nan
224.69865795408145,12.898215518867326,1.6970947082010275,nan
197.41636353289582,66.99083481030802,1.6971616624827042,nan
189.4182112432994,52.74460259863503,1.6973378281579925,nan
192.99039005689403,59.8893274068995,1.6976792322118257,nan
250.39738368689336,37.54853436375151,1.69787307722031,nan
10.02204993556709,202.41508247080986,1.6990236708458146,nan
-7.573864621443144,127.57435168846848,1.699077823235744,nan
6.9551100317468855,127.85124990181033,1.6991035855313465,nan
12.768511840168186,130.91708240960662,1.6991420454989963,nan
-2.0637144081998295,122.93136709440093,1.6992188021685264,nan
7.133320812063252,133.56979723089142,1.6992188309863716,nan
158.19009535156542,73.40119478139404,1.6994193685780041,nan
-0.6994786909813865,129.89216288045242,1.6995363499867613,nan
252.28399257015397,47.629308941912676,1.699882722097299,nan
-0.37961642726396655,122.7435607078571,1.7000396197936376,nan
198.46366089238555,50.91653852834646,1.7001183475786164,nan
-4.271047346749464,121.1273039185471,1.7001353232720176,nan
0.7176577682676821,119.995771102118,1.700301701557927,nan
196.25191656687332,44.181173840411475,1.700331172689644,nan
-0.8613364540863285,129.9256383543605,1.7003425852986287,nan
167.30921442635332,93.2138439596615,1.7006275009594063,nan
127.67689849670334,162.21408189153766,1.7016889218069027,nan
187.87600921090942,144.78315680216346,1.7018910676866992,nan
189.96701616082615,137.11254204643626,1.701893884259119,nan
175.30369359120647,130.59016425576408,1.7019111398061784,nan
166.79605710718246,137.13548368029936,1.7019167922692182,nan
179.56767612893395,136.35246971809977,1.70205692707482,nan
182.7211975171194,129.31638390974896,1.7021345541154331,nan
194.39674633405934,150.59842596346357,1.702143569140122,nan
187.3288360919925,140.37962298296668,1.7021531008837525,nan
179.25610981008433,141.0579509749467,1.7023022548521163,nan
186.6634670369768,132.69081007059444,1.7023128957606297,nan
210.9543489774146,186.6776385191896,1.702316490007471,nan
237.33953402261454,237.09568330731886,1.7023210315368569,nan
-2.6018924132933083,126.50583036901574,1.7024170446707105,nan
209.25875566244343,4.951012122685882,1.702662386947179,nan
192.73893458869958,54.9012534951265,1.7028017821801882,nan
181.5657724982815,144.01709721589674,1.7031740726615803,nan
186.51870376812306,136.84915071257154,1.7033843242946058,nan
72.47248575980737,170.68403211595532,1.7035007640529778,nan
186.6996409976269,208.49527383086314,1.7038422417938812,nan
210.83993578662557,2.6802388611216235,1.70414959456028,nan
195.93930955816518,67.2809937191275,1.7045771413398836,nan
250.6001272066482,50.12167546734854,1.7049597373850442,nan
193.98356585530752,60.15865264015686,1.7054285759353716,nan
-1.5050433886488008,129.23882278159417,1.7054669163795277,nan
185.32245027876886,134.61798282597655,1.7058736057272381,nan
149.4263758197413,183.0420791413579,1.7062466733534007,nan
220.51851232578704,241.8671177183118,1.7067815005182079,nan
189.80943561073553,58.9191796212192,1.706872699037368,nan
178.6594385948237,136.46087446826877,1.7072110323780334,nan
254.66496781126133,39.51636535668594,1.7072320644078667,nan
244.2357733284426,40.28835488472252,1.707340958135147,nan
83.8478617353692,170.26277660153215,1.7073888449446097,nan
88.84323550642014,162.8842978829106,1.7074005154260445,nan
90.69585469149187,175.8729992232697,1.7074069138501984,nan
87.47318882240626,175.57082309512126,1.707440686633697,nan
79.45356131087179,168.01272142247007,1.7075980158596524,nan
76.12591741579085,165.1407408241039,1.7076124069854692,nan
83.60259799097972,163.0105896299253,1.7076463595876261,nan
84.96591437159745,178.98593029423435,1.707708645211391,nan
82.98818230777871,161.72875985587334,1.7078961082849764,nan
216.3924786854687,-2.4427254968252337,1.7081343939509903,nan
158.11667456911474,185.45251124767933,1.708191223975711,nan
68.311133630207,179.49192090910887,1.708913224537812,nan
64.12270438703379,60.6149999898584,1.708975292007201,nan
7.706875900311473,125.60295814451395,1.7097912746048507,nan
80.08077025034774,166.13827182365125,1.7098795370608408,nan
86.57935918559325,167.10779122599104,1.71010380570049,nan
175.39751546349126,219.38487950559872,1.7101855327104563,nan
150.67337466421273,190.1137945492987,1.7104560278937886,nan
215.0857735527594,172.62515786053774,1.7105206247950548,nan
247.94986629517595,40.41500988423466,1.7108598446278762,nan
243.3800720377251,45.24001773831285,1.7110482972275287,nan
183.02150023818976,142.09477654467847,1.7112523222503235,nan
24.04145573891729,18.423663381711407,1.7115412838037216,nan
22.312254782873154,23.92828267571989,1.7115431083708164,nan
18.239814225673644,22.084785198815457,1.7115470979249405,nan
25.282920945220418,20.451144253463504,1.7115551123159973,nan
16.80269236206318,16.856499866658734,1.71160989236581,nan
24.866828617114656,15.738615290472902,1.7116485383802968,nan
23.047434519632827,22.417575991153722,1.711675711612241,nan
18.726633390937728,19.54139373680164,1.711704878952923,nan
21.80882849015631,19.42459352644783,1.7117245783747421,nan
22.085209357461554,12.6730611354629,1.7119698811835844,nan
25.035826296926196,18.334306855667858,1.7120234646929908,nan
80.51447386756924,167.49634261819332,1.7120775144239437,nan
30.183893882569247,22.878202358480994,1.7120992281209548,nan
22.690115499675294,23.872311723151366,1.7122254276482527,nan
59.63168795132879,250.0815607430047,1.7122710746119647,nan
20.059281993440187,21.81447893505662,1.7125350051846717,nan
29.668819651891752,15.890866827617911,1.712877920151389,nan
24.385336267084853,21.111904105793275,1.7130986089127798,nan
82.85037679397334,171.16966440388546,1.7131124299835399,nan
85.0397475387085,156.66033963030404,1.7133308258547666,nan
-1.4588841179529148,121.18786546583324,1.7134506470352595,nan
26.768911123142864,20.818467680733924,1.7135201087830443,nan
229.26094647056658,66.17516443737321,1.7138052110410036,nan
226.96772862555187,66.45964984166166,1.7139457448639663,nan
27.369176581064945,14.01108340031852,1.713954708681443,nan
44.34354896739293,20.934220747138664,1.7140054050257274,nan
5.067006105581463,131.9251824213005,1.7142891161655929,nan
226.94386537857656,66.27946168394338,1.7147169117992944,nan
27.865545589397794,24.662070412053872,1.7152459040014392,nan
76.81353656903339,180.7266006781262,1.7153922445905418,nan
23.378260333200647,18.960030914272973,1.7157863569905194,nan
1.0130212708659838,116.49330115186548,1.716584367730597,nan
196.4388468591374,48.115485473098026,1.7168771259947522,nan
0.5796112717298559,198.04536603352105,1.7168939319740015,nan
30.796134803452745,11.695671859962264,1.718817344170999,nan
10.173673421580855,127.74497226756804,1.719256780394523,nan
222.77140701888166,63.84076648807283,1.7194686636047787,nan
11.479300198440193,139.6109074742678,1.719742503236984,nan
29.076779592110533,28.273117419920784,1.7200045590844972,nan
97.93130824634027,158.47187146229254,1.720928802270773,nan
67.91489716359158,174.0335398255817,1.721396705203018,nan
186.8181137030673,132.3671095462229,1.7214196805861712,nan
26.898854120186364,19.40530419684801,1.721438599672004,nan
251.799622067426,42.45384182797003,1.7214719682197441,nan
241.0122408787668,32.63664544075616,1.722022676550445,nan
15.916052281006031,14.302849537673481,1.722945937697283,nan
135.3221552717188,139.72937441869374,1.7233033523414278,nan
137.0180155619836,127.86488103134906,1.723357220742062,nan
141.08474737445664,145.37870620623087,1.7235403683553354,nan
185.37189233448584,73.26180144212951,1.7246048729199042,nan
186.1192092456037,135.67252500469766,1.7246266846015599,nan
31.309787672947785,9.342475961216694,1.7254075813951195,nan
29.608860314788693,22.632365035112944,1.7256508554965322,nan
225.84507535378407,7.017994886611124,1.7269371981245938,nan
230.97151600817892,65.99079664301162,1.729076704097656,nan
214.94547281982435,180.34676022525358,1.7293240233577323,nan
127.37076873468526,136.51019215008807,1.7293649503936366,nan
-4.754186026393538,126.28886375245592,1.7293955665475553,nan
186.46770335740692,141.80742369721722,1.7303806191308604,nan
75.66007747651005,173.89749768109493,1.7311185872110124,nan
133.18467412373388,133.6467454067301,1.7318594888715593,nan
174.47521666342845,217.89782089557676,1.7321110339111248,nan
229.8676910414148,59.800105677309176,1.7349948009038032,nan
77.94003965802145,178.71615031764128,1.7351008873053526,nan
188.35283769727837,140.4301270019486,1.735829683799749,nan
83.74789005808302,170.37646161699425,1.7360784525900852,nan
17.75872239839239,88.73671310283108,1.7364597095375178,nan
19.191343197982487,80.45239703005169,1.736570542636784,nan
108.42248180241194,234.8386059623917,1.7372026345313945,nan
103.342243226599,226.87289076103394,1.7372213417112226,nan
117.86677205073772,233.86656623597273,1.7372258217283632,nan
8.169638769430062,128.07739751429745,1.7372475084920647,nan
105.29965310623497,245.0871022803193,1.7373040090632745,nan
104.20516927181426,239.62706947289496,1.7373067638441937,nan
140.94247946797316,4.121074318647655,1.7374478652222891,nan
111.3274276526713,242.9974530439512,1.7375991470088687,nan
5.22691417911938,212.80877745551135,1.737753943064173,nan
227.9009855485548,57.99311208244135,1.7379179416289,nan
108.2208935328066,240.04669261601734,1.7381141809949205,nan
187.38951384966018,130.10799726226932,1.7384344471656406,nan
194.4564089395677,125.04844370101578,1.7415965963155,nan
195.42277190550288,132.53285610308274,1.7416154256830088,nan
182.4534183815374,128.68385883113493,1.7416363589289063,nan
18.57269852187518,91.93095452660522,1.7429130003107756,nan
89.19449513676909,176.4887844303909,1.7429974978729066,nan
91.8926102428301,163.77923186805205,1.743022608979211,nan
85.29844530218017,173.36241635937358,1.7437795545220252,nan
192.66644861834783,137.79259658818066,1.744974348267038,nan
89.9633802856171,166.74006532792052,1.7457712204726643,nan
245.49525781847083,83.42354236075757,1.7482721377157469,nan
240.35668073584122,73.95621525747772,1.748276090925368,nan
251.14211935473986,70.81823128897723,1.7482813359169413,nan
249.5457230775057,70.35070668256537,1.7483317080451968,nan
255.13926249856422,76.28648788792145,1.7483393573510195,nan
262.1115682119026,76.97383669292107,1.7483683099768432,nan
254.42943075568192,74.1027644090464,1.7485769630603973,nan
253.0607255272964,77.85358293911395,1.7486909151004844,nan
223.60362012467948,58.28484449423077,1.7488487350854267,nan
250.88953516299802,68.44203725792629,1.7491745326705337,nan
245.0069820941489,71.27043575248958,1.7492925304524751,nan
246.3660210078224,191.32895261998502,1.74976540319114,nan
255.691596908729,195.36207781688498,1.7497733604148185,nan
257.36229177857706,196.92421147884374,1.7497936979308328,nan
245.21235302543008,198.5026486513846,1.7498547268824156,nan
248.50180541484468,190.09122868416245,1.7500310680264852,nan
48.34441693751274,74.68402088806616,1.7500642153357273,nan
46.35745390988236,78.90339442855351,1.7500756157449433,nan
45.73949957030328,74.98567656419011,1.750075824062134,nan
53.260932815975224,82.94196676729054,1.7500820527125056,nan
44.81042309883152,75.84560866436269,1.7500866404762525,nan
42.776001691541964,79.97874100133285,1.7500931730661589,nan
46.56534099405789,70.87960673981334,1.7501186734747667,nan
51.94494994299459,72.78453474352453,1.750174443017082,nan
255.25504828746332,193.6160701348613,1.7501999775605341,nan
260.1950165569431,190.87744822143412,1.750206732956957,nan
260.2055958808953,183.82655074883826,1.7502320957121957,nan
244.6209149247503,85.61377931953116,1.7504186195358955,nan
50.88601799773383,82.74367666396375,1.7505598841830672,nan
245.21154049534752,180.78802749229249,1.7520611058555315,nan
245.4452359251614,82.56874268314387,1.752157918481048,nan
55.266338067998305,180.06517153468099,1.752172877080823,nan
53.602881470758255,188.28872577932572,1.752185662397392,nan
51.10550763080516,188.71970550954302,1.7522732093461033,nan
18.504479934238635,82.98502583387801,1.7526177835088534,nan
10.324746123075709,197.91704239687434,1.7536197164271787,nan
140.2989109040318,135.00716546498387,1.7543220069629768,nan
190.6516386577552,136.7523865857561,1.754973005903639,nan
253.5242267822181,80.08076183833754,1.7554670134696475,nan
183.57923772914606,114.31520536805007,1.755535657924216,nan
178.07858498075723,110.73939773195626,1.7555359304567841,nan
180.94076338267482,123.6513978576964,1.7555550589224769,nan
181.99781551134652,124.08823517003513,1.7555763181300765,nan
179.04433061351386,120.20965029206559,1.7558234063043363,nan
139.66994922300134,133.5014613108894,1.7559275629519957,nan
43.674823899076216,68.11499756302169,1.7562495406053302,nan
189.92398369992796,66.88214638427392,1.756366064017318,nan
185.22148613589547,68.33604536430515,1.7566890417164824,nan
22.326454281953495,34.697222945016335,1.7567436145383601,nan
223.16931837082262,59.767051474888454,1.7569358624899751,nan
255.60066882801925,189.6503212363732,1.7570830724196156,nan
169.63963547433855,134.30363886888725,1.7572883418020007,nan
199.307761550491,138.126950920656,1.7588063543562429,nan
135.77330574609888,143.3789399631296,1.7589624742543661,nan
133.7982734018673,153.4469731596456,1.7589734600596962,nan
137.48331681971476,138.33376964014116,1.7589769215298932,nan
143.15026171669368,150.0572466153989,1.7590207715970407,nan
142.93716605488967,153.5042184449378,1.7593969205509226,nan
56.959679633687024,187.93963764118388,1.7594332784555815,nan
187.83030450233167,138.2380112789243,1.7595697467923443,nan
135.9408647656915,150.85976561799953,1.7600628629245973,nan
51.38942859891364,187.84828002581168,1.760295076275378,nan
55.75624928125039,67.27138758904907,1.7608424877781705,nan
89.18069077481498,220.86992928174303,1.7616592882932174,nan
102.92183152895987,215.09455993489937,1.7617032071844974,nan
177.0787517234737,127.89977655227317,1.7620386074846408,nan
158.597635505404,187.91758866619548,1.7623309141590267,nan
255.68469208637003,179.96806109818533,1.7624773333618218,nan
171.32206191909756,188.18050601748627,1.7627261342049632,nan
140.62285543103016,138.08146442573366,1.7628189654692459,nan
163.06081769195637,180.9531797384334,1.7628895252650982,nan
155.44923531201394,180.27112043764257,1.7629288120958815,nan
194.9493520797751,200.36811374086457,1.7633571437869877,nan
194.27491198243385,188.9547648014171,1.7633863396625191,nan
187.23629000434045,199.5212422263103,1.7633912355393284,nan
193.7876958872081,201.60224604199243,1.7634274597675985,nan
150.92027227407627,138.07555349961189,1.7635124160523818,nan
55.61783695094783,183.09340730487833,1.7635324433691124,nan
168.36475070135066,188.24002934285286,1.763666751209028,nan
122.51027507320494,-2.366279093814304,1.7643655510388365,nan
159.46356527715034,69.42672759863466,1.765425825283372,nan
168.48495311767726,79.10993183743923,1.7654383666200302,nan
166.58755625665518,83.71804021683451,1.7654410094148254,nan
174.0541107680852,84.05586633049138,1.7654699595778947,nan
166.36305605946572,84.10346956078808,1.7654741576955897,nan
165.1709834894671,79.87793358888612,1.7655595647597648,nan
233.38471059813483,65.94472621199782,1.7659420418809342,nan
165.35404490820213,81.69753267355635,1.7661224703168603,nan
186.65739768696864,127.20420073354036,1.7663457233513489,nan
169.19849437687904,69.94524602468529,1.7664187521607442,nan
108.20740454197154,237.86581248340676,1.7665407976736165,nan
124.31099789192685,176.9752898314787,1.7666077107680411,nan
107.17066875825958,183.56571465943057,1.7666172823748583,nan
113.50717850234943,192.48294457204395,1.7666387799600403,nan
116.1445979885482,183.0422859778628,1.7667771569850255,nan
207.20960938240054,230.41344963562256,1.7668974278521756,nan
215.23544574047827,234.6164028371408,1.7669118725301132,nan
208.41232264061654,235.82835104056886,1.7669572234960125,nan
162.56075559663878,188.99391136101963,1.7670692988292975,nan
186.43270236555674,193.26282422399083,1.7672334691973834,nan
107.7428717073934,181.68471319816314,1.76769284213802,nan
163.74763186540477,178.12608533279715,1.7678251795400588,nan
168.80497961633543,78.53816000220068,1.769288649513481,nan
209.2850012702539,226.58958111606424,1.7692987558209636,nan
151.57589007555515,178.59604318317895,1.7694352000038192,nan
245.43640908957033,192.24041515536086,1.7694960519356286,nan
157.97784484523183,228.85307030568086,1.7697315561624662,nan
112.93482356499649,237.92798256500657,1.7697321669960717,nan
164.29989140918818,230.81639150277692,1.7697791895488222,nan
252.41157613825393,73.41504350879606,1.7705931589089519,nan
169.24513798518547,81.06782571753797,1.770926094990859,nan
245.72734456803232,77.64451234189029,1.7715826956909184,nan
155.15285192573933,76.2218609110568,1.771908144292323,nan
164.61487647533934,233.83179298105134,1.7723134806744891,nan
52.44446873824602,173.714247589981,1.773368103607289,nan
85.7841572768447,258.76038222016183,1.773429256360513,nan
90.36629524645879,240.49363723322045,1.7734436751988754,nan
96.15605461517222,245.08363239242266,1.773445675218559,nan
102.84221663437145,247.84499643465674,1.7734462031356104,nan
94.72315788983012,257.52408479927175,1.7734486420625124,nan
85.74705043353833,244.6089424979712,1.7734726618055208,nan
92.40914056527438,243.02830404250562,1.773649607968172,nan
86.44827589383422,251.18974711585238,1.773828709878679,nan
94.46954668196895,244.74994172066528,1.7742269944104472,nan
115.27845838302788,182.41743606374317,1.7743879194081285,nan
250.27479946129165,68.51883009218157,1.7747268680199326,nan
44.61314709696484,80.61802861645147,1.7752218174536893,nan
176.43177996896722,202.86726402067174,1.7752397104384479,nan
139.73754975641484,150.2719342476958,1.77559387006485,nan
166.94108705310882,73.021881489997,1.7757097767702796,nan
190.27054396012508,114.02609043655204,1.775767690377514,nan
158.2996456363773,129.04613659629365,1.7758713618509991,nan
165.9243737816409,128.80582705802007,1.7759955013706068,nan
164.82735005521147,196.2799738833083,1.776453368803683,nan
247.65840942234567,77.35824768047249,1.7765376489027072,nan
82.37163782948132,110.57753614225878,1.7769062837854828,nan
82.5010948583535,101.02670121272708,1.7769065487977516,nan
82.50022298689278,106.5549053050167,1.7769090604376276,nan
89.81052606745989,110.15013105714281,1.7769097516279189,nan
86.74806425114474,101.50791024310573,1.7769379127379636,nan
89.27132736893549,106.32625374054219,1.7769743916655856,nan
83.29278175141695,99.26527580237118,1.7770069455910946,nan
94.39058845520896,91.96690143829328,1.7770342620993098,nan
87.71495049015004,94.18278860357043,1.777164147161117,nan
165.44979303357775,133.4222106363136,1.7771885283048068,nan
164.5402861902052,226.76613011624784,1.7772545990765647,nan
166.55803323465736,140.60648501438226,1.7776696288283942,nan
88.09144782963644,256.28963987381303,1.7778664545787346,nan
110.62420961185914,208.76916372113536,1.778722114099135,nan
180.88789715631248,130.63653652945496,1.7787524563124195,nan
84.70711818930846,256.8096208515911,1.7788627132404136,nan
183.37928924746132,136.79082809464765,1.7788768855212256,nan
89.6375596902148,94.34625062937405,1.778890276754635,nan
207.9344693409787,221.37816148501724,1.7796649076867352,nan
91.64371830768027,110.97024282386289,1.7796869633532648,nan
256.5193178635695,194.83992628209987,1.7797004412595283,nan
118.51835706526134,217.06665264116674,1.7797094366246093,nan
220.29500251734828,162.33213968866036,1.7797455242498421,nan
209.76908669735653,167.1708002420406,1.7797456227128012,nan
219.8440329753653,166.35421580312897,1.7797462867552436,nan
228.14996116430535,162.92728171067844,1.7797580764929681,nan
223.59619002527754,175.84034612259455,1.7797736267598887,nan
228.54545406299022,169.86055663374609,1.7798046926019484,nan
217.6062349487452,172.4138532929377,1.77984911619934,nan
73.59947889599114,97.49112437410747,1.7799047182418586,nan
217.8589009736864,165.55721986624474,1.7799143172190062,nan
211.21777008446247,171.26875011571366,1.7800339479618636,nan
82.17943173290143,247.3358334948809,1.7803815738140467,nan
165.03787271730454,182.75005156673095,1.7804945217435622,nan
81.18244436390322,98.89709107062664,1.781270071894058,nan
2.328978126493759,132.03354435306989,1.7815635555039466,nan
226.53705780389575,167.79350240862613,1.781805555095219,nan
126.62582425467694,174.55411214263262,1.781914236608672,nan
37.498673718891546,47.55902736870006,1.782144393080366,nan
16.655754263797853,55.19454376551554,1.7821449464371086,nan
37.43908474791292,46.33503690238473,1.7821531053107635,nan
228.84050427981845,170.75408846333207,1.782155172825965,nan
24.58440733008138,53.10834025533653,1.7821626947583815,nan
23.805315909457793,52.83907837598613,1.7821696013868737,nan
20.955382875408702,37.81612603974931,1.7822261898050868,nan
25.377862600830756,50.96188190102978,1.782235554489391,nan
189.238851272633,120.23444908687414,1.7822425946258136,nan
85.04067432554872,245.92864945190226,1.7826542817152862,nan
165.05908235388478,184.50775861650962,1.782749441543822,nan
111.70651895813893,182.8363477449527,1.7830471391684277,nan
191.0925227603382,128.89086326400468,1.7834941531048072,nan
163.63714070856807,91.89998381260851,1.7839855868210865,nan
169.48638583876652,94.23641251103787,1.784094853017351,nan
87.305073683115,254.13630947913617,1.784132405265075,nan
21.419360662709366,50.163394964277344,1.7843194000593838,nan
163.52966173787615,79.64362262865014,1.784552524397672,nan
21.540881639795522,36.30259870032492,1.7847680970432611,nan
161.5067053056811,79.30313703392986,1.785351156770671,nan
224.91786190354355,163.80823673878052,1.785792471366246,nan
85.78302969942207,89.05256218094148,1.7858075140551475,nan
157.92691888959465,96.02725545850144,1.7858426757155448,nan
18.963213077134107,125.83631474391328,1.7860355763756965,nan
13.990594691865946,117.93747632476192,1.7860365302385026,nan
9.129114779631394,127.64575364582558,1.786037498804548,nan
3.9480124047571246,120.71541533935915,1.7860466417056315,nan
15.181548744120004,119.90696432451239,1.786053940727976,nan
6.645358463272437,116.26371601160469,1.7860878420457658,nan
-2.223692952699026,120.90938669968949,1.7861385364755271,nan
31.804174011962047,51.32362017471592,1.7861546384323004,nan
21.7053097333227,125.95665964089527,1.7863694511808748,nan
168.9515611793391,81.52600636149255,1.7873044198171026,nan
184.24991554847594,132.73111470899582,1.7873322594722492,nan
69.85464917599832,132.18133694602633,1.7875461753977169,nan
52.29432712694068,213.67418497572865,1.7875617438941742,nan
59.04808948439566,148.18293457761132,1.7875747455224722,nan
60.58058219518807,138.84947511066937,1.7875798013607345,nan
71.82612107382045,138.8065057558401,1.7875994499790486,nan
242.8305948877137,152.9874745232929,1.7876201623946046,nan
69.93198671866485,133.3155602955597,1.7876353289691664,nan
16.383910122004128,113.71819290737362,1.787749109019769,nan
64.50610282846064,131.13042017298056,1.7878962588424214,nan
64.2537513374165,134.15886767406465,1.7879643761007806,nan
76.32479709123218,133.78416948403267,1.7880230735979734,nan
153.387701746838,146.87039151374023,1.7884272421077598,nan
162.51573595439717,139.15387114097533,1.7884356184589916,nan
157.23490238195518,134.35929199139173,1.7884658023039344,nan
83.079724868229,104.60246674148432,1.7884961175205514,nan
197.28080236562792,128.92053340997566,1.788567566099375,nan
92.16185438297657,103.10572297074081,1.7887043501390858,nan
150.53911937723515,133.4518432794742,1.7890978304005745,nan
83.68238107065856,247.42045806945072,1.7891814369526662,nan
203.36738387233493,230.106523446452,1.7891859376504715,nan
242.63000632925028,155.17932050171441,1.7892305890398164,nan
79.72273389446453,134.54839453810135,1.7895112698086948,nan
82.68286828349073,96.60400295991445,1.7895893803754457,nan
150.30453165396918,135.98609884706343,1.7896161713296501,nan
237.48279573957174,54.04462468325738,1.789643672489431,nan
247.08912235394217,40.399697219783924,1.7896867994791894,nan
105.82538944453215,214.0409150708449,1.7897773072526786,nan
224.23318522388783,169.18486825966997,1.7898123045698873,nan
239.79346140149607,44.97169207276328,1.7899471971357503,nan
247.93558746844352,45.87981981997622,1.790516233366092,nan
248.64916288933148,149.1934391969277,1.790558189897843,nan
27.09218454158272,53.379417076415926,1.790588375482135,nan
197.20559146249775,222.78562803531895,1.7910969247583994,nan
120.5404356325281,215.20275780381024,1.7915790039907444,nan
217.97172301801962,155.38206299897575,1.7917181939944833,nan
147.8865258257456,67.85782354517359,1.7922307443885541,nan
84.32939939327474,97.63858220981201,1.79235699245085,nan
48.70187917908776,226.05377670661193,1.7923859377822429,nan
64.05656702170158,222.61987171146217,1.7923922688039493,nan
145.05784391287926,74.39247148863586,1.7923989803589788,nan
47.87043452497861,222.1736401130045,1.7924258893181375,nan
135.91187389496488,70.94208985670575,1.7924531225345142,nan
135.66057188780917,71.18880967284903,1.7925416555168023,nan
235.40095858516776,140.2952378815429,1.792660453761871,nan
223.75768103476713,135.16183608018773,1.7927005040529438,nan
226.4788666685177,139.8771455861811,1.7927247311432613,nan
182.3875754012716,145.43355835955313,1.792854273736064,nan
224.5199119376931,137.86587311005954,1.7928740859133268,nan
219.67281616029936,136.22412348965804,1.7928905510765392,nan
225.24834243731328,133.71720796588065,1.7928975182946985,nan
222.48175811615124,134.5232260054431,1.7929036356587873,nan
9.762358097093111,128.07398108618764,1.7929660645180536,nan
256.5739720174456,157.03267819374418,1.7931790687959308,nan
169.49502548210558,184.78977980477538,1.793321202041841,nan
233.440719356524,139.1397485967006,1.7933320182419852,nan
55.13470295577735,225.73801255336437,1.7933433162647567,nan
64.16766572661881,221.39686501784138,1.7935777304997196,nan
245.9192484735971,49.448012845664344,1.7937411992001346,nan
246.8394568075828,60.18606289371124,1.7938365783178012,nan
238.5730327288113,53.74691400778091,1.7939178614262832,nan
69.99228784509637,135.62894019608268,1.794097918706771,nan
160.9280483785743,220.15582374505442,1.794408422595579,nan
13.262011198829505,115.52290914979751,1.7945372718137125,nan
211.84179359582433,240.2856231153518,1.7946021610629737,nan
6.450732850099224,220.15595021754376,1.7946721637953835,nan
6.149448842423742,218.46466017295046,1.7949718101206005,nan
-0.8445177728679473,214.0332999513343,1.7951315455700372,nan
90.73388352489995,248.4228933488564,1.795331179099023,nan
229.69182224631555,55.47779342659196,1.7953450423192159,nan
229.0127033292882,53.57756887691039,1.7953492176059331,nan
229.9513125168636,67.18742941072297,1.79545774168412,nan
232.27503642900805,59.353720402755066,1.7954982249710854,nan
104.38544873275511,32.5268083349842,1.7956870329355068,nan
107.71331196712285,26.813855536612618,1.7957244106192547,nan
99.22067805647993,19.543274225695324,1.7957434740756146,nan
92.77860803858687,22.24768436805069,1.795769260153036,nan
88.28839492431845,38.00637508791793,1.7957708173542142,nan
92.02980822308378,31.672419672387463,1.7957888464378513,nan
237.0853232851292,125.31113777167978,1.795868069299813,nan
99.05657071160128,23.976060207245336,1.7959017540887285,nan
237.71982732934774,50.898898799664906,1.7959137720211837,nan
91.79169727102843,21.00984392229133,1.7959335984768052,nan
6.561607841044495,42.35483692628246,1.795984668694633,nan
162.11946865250425,90.63000973437181,1.795985692134618,nan
92.36497098732971,28.83353451474536,1.7960153831789532,nan
98.1734774712485,32.02133263275889,1.7960338116833614,nan
11.650008384189192,29.707865458919397,1.7960410443510806,nan
246.3430296932975,7.796719751566295,1.7962935352645268,nan
235.85310680528653,61.4105469688502,1.7963347882442235,nan
-4.966028773004578,52.91126220047197,1.7964301144719246,nan
232.384648574572,137.81619592979365,1.7965144453205772,nan
227.3763409241749,57.87348725679413,1.7966353948185563,nan
67.7332621318074,184.90080126204157,1.79664574451113,nan
74.39124386249534,185.75154214189445,1.79666993269332,nan
79.03786240277822,187.88571293124704,1.7966869534095062,nan
79.47125345579053,163.43064017521303,1.7967021897183235,nan
25.18802792119356,45.211684889602815,1.7967295368220015,nan
70.12592509254591,182.54295736008237,1.7967644660858824,nan
97.60678462742675,23.876351329006642,1.796771169776998,nan
69.50907428486096,187.67187219730513,1.7967860620156573,nan
70.67590915570345,185.41245246512005,1.7968456955919805,nan
69.28977230335164,180.90097182614036,1.7969006763565702,nan
74.93869154140644,186.87546809701092,1.7969601765235357,nan
255.7466987590173,0.1644851624115377,1.796964044800976,nan
252.0391569136487,5.670395122745488,1.7969840897183553,nan
59.4378143256905,224.8896251784967,1.797147089351214,nan
62.163519460463185,177.45854379242203,1.7972472254998673,nan
119.67285178418692,208.69113144131293,1.7973312413408105,nan
124.71657458788295,213.2421361605032,1.7973357669370016,nan
125.20381345044855,219.7672859587224,1.7973633344764248,nan
125.21188317697792,198.88348214060326,1.7973636537346027,nan
133.77970184345352,215.7351202546587,1.7973987313318731,nan
118.81630345019879,212.04860563870105,1.7975333017939603,nan
76.47981442914033,182.90124834575843,1.7975974825740906,nan
111.90321400689541,244.76395043213762,1.797629260170472,nan
36.43982153627421,63.600277475623265,1.7976931727690888,nan
35.81463011213775,64.19200801850533,1.7977118627974489,nan
62.467990557246374,130.75605222536342,1.7977491114248025,nan
129.25768029902386,221.4504625794443,1.7977636421665337,nan
43.52473001448398,63.03870240855664,1.7977939943266066,nan
117.24157769395738,216.3778303339997,1.797801935793147,nan
14.291186855568498,37.435220086662845,1.7978098597672294,nan
76.28334315801028,180.2005632697816,1.7978131462555056,nan
38.59746701840902,59.27815086897466,1.7978611001775733,nan
36.06215442296057,55.00627276824969,1.7979045233017132,nan
133.42269759946143,216.79432011400527,1.7979555411129777,nan
246.18356786214662,0.9180410127609869,1.7982066481092687,nan
165.23177897558134,78.32134500846601,1.7982243175853114,nan
169.4982564910597,83.85813204827483,1.7982875505167573,nan
119.69010105066857,222.00424864974696,1.7984475040718326,nan
17.04029178327578,39.49979465406118,1.7986712299978618,nan
68.54173683933992,140.48999609033115,1.7988475323526392,nan
108.18713218657327,40.735428617306724,1.7991635891870514,nan
107.69113935731576,47.11762698288368,1.7991671016382562,nan
106.71924624098946,41.770088782988196,1.7991777117802312,nan
111.17315699747024,29.438966330590695,1.7991816631197022,nan
180.79250670416525,195.0806164573351,1.7991874555208724,nan
111.84406075248162,44.64066241537234,1.7992021953700519,nan
250.0421948001007,6.482015686131118,1.7992121605157942,nan
113.45531439058361,46.37900653453096,1.799221898471707,nan
247.77161023055376,44.26276291173172,1.799242212132505,nan
123.24891022185474,52.659651081030965,1.7994106402219288,nan
13.57259139136428,43.2596745145936,1.799570844151895,nan
233.01495749810536,56.973237159129916,1.8001127953541642,nan
120.28697139119276,28.0126946921174,1.8004394235786956,nan
104.50315103121316,33.211587492826865,1.800636823951507,nan
147.67429176087916,60.0706001901595,1.8009870070452396,nan
10.238274396374472,4.1294485244906,1.8009892993078964,nan
8.606580175040703,15.875055894040116,1.8009905588403272,nan
12.395731285489672,22.957725330660423,1.8009934773938758,nan
6.629421438317392,12.66047339252614,1.8010084110950828,nan
110.08871164497869,30.00962838350472,1.801020224729291,nan
108.40068524489521,37.30026368352559,1.8010310864161616,nan
8.26385829856205,12.938766312005567,1.801052763552027,nan
11.704732911367522,13.182956347374128,1.8010831277993584,nan
8.927930532847068,9.105922159492787,1.8011227629219362,nan
229.35282631185947,56.32059540928399,1.801174243664259,nan
16.03767148340473,4.443392909858341,1.8011856955140908,nan
125.05455059241982,205.65529456756977,1.8012459826495888,nan
24.38673363578667,4.949079302810809,1.8013240240108939,nan
122.91174914748538,225.28119966646636,1.8014051545631613,nan
70.81638871426065,185.64085079022445,1.8014246145735329,nan
10.088749779173982,2.7064989434462827,1.8014863747399794,nan
17.119725618027033,3.3865117825984927,1.8014935901992077,nan
210.14781061629364,175.67780281807026,1.8017307322889529,nan
205.56817227938342,178.9301588215956,1.8017350462315687,nan
13.6369167228825,12.014774012175819,1.8017550226395154,nan
217.61110141880974,175.1531543677997,1.8018751135411681,nan
9.94507704888178,16.95118156243159,1.8019025515063842,nan
213.07401061125503,173.75326212038885,1.8019652673268225,nan
73.3171069446366,185.31738464520419,1.8019921181566942,nan
228.3540908752068,135.98423539539527,1.80211466275974,nan
217.43597286290077,169.23384101981102,1.8021621546603819,nan
155.1400801162524,88.21782904435835,1.802176557425748,nan
6.564781533911033,15.040011286807275,1.8023911625483584,nan
148.9832666304695,140.47471291089906,1.802822933843172,nan
215.2716666203918,172.29570942564007,1.8029011234470558,nan
127.66055906239433,217.21214897148624,1.8032256635438697,nan
3.9119659787408256,4.453335664829443,1.8037044500693358,nan
54.896993029711254,223.68025118000202,1.8038474636203607,nan
221.06316207176954,170.42522733296695,1.8040660576951522,nan
40.43500383784876,53.28075358451075,1.8043796533496803,nan
146.01970043048888,140.0157114226121,1.8047571945972405,nan
82.00702904482962,173.59166000587513,1.8052253032245584,nan
216.85884156634512,174.04593024848427,1.8052675055085479,nan
146.52466334133098,149.17457749795864,1.805634660207945,nan
91.5377701941955,31.730902948512192,1.8057916630472515,nan
76.30745028341089,182.2869817122666,1.8058167448417946,nan
119.04967097479353,46.97272458863168,1.805822244966283,nan
68.0229387223687,143.30770402912802,1.8061018908657644,nan
97.90368820905513,131.36477719965754,1.8061358734249524,nan
88.74842839112021,130.0959172467776,1.8061438152729141,nan
90.98003072707513,133.93609167032497,1.8061449929701476,nan
91.76869070129922,126.6709762392801,1.8061453950495738,nan
98.68540188566482,125.18217367360968,1.8061707406351155,nan
108.41367061968546,122.66020795179239,1.8061948633397067,nan
102.58371740761676,41.61881645612458,1.8063085920321231,nan
94.80432100953664,124.19480135818347,1.8063515928303024,nan
9.245460320183833,40.72978474032826,1.8064100969663826,nan
107.28479223502717,43.321449143594116,1.8067031083646365,nan
80.80185069750094,168.61751854146564,1.8068778245736155,nan
96.13563802385355,123.51685697354326,1.8073765623526779,nan
75.67137375465424,187.4529073938517,1.8073894492547957,nan
76.87589674119833,183.85640178948384,1.807407231191118,nan
86.57367945512767,42.163414694172495,1.8074464457267958,nan
32.90592912670291,58.90078104975163,1.8077018903113946,nan
-0.2524838652931199,212.0622796835034,1.8081539620860883,nan
216.7870366764769,93.50758457761225,1.8081955103454193,nan
220.35280122937596,89.45734654984047,1.8082107630824387,nan
218.90300132917557,100.04298938905238,1.8082613888172947,nan
107.43069957329793,42.28561108617212,1.8083673990329894,nan
100.04419366235975,40.37302844384578,1.8083857204631353,nan
221.65679935418297,92.0925176327817,1.8084293616700584,nan
224.75728607624387,85.22088603422011,1.8086444317472223,nan
220.1712431910622,126.44401573429381,1.8087499572010197,nan
3.835709122950539,209.40179315904132,1.8088222412802746,nan
150.99666611706286,141.86797532558046,1.809001198229721,nan
224.06614913608013,134.69093518988637,1.8091075921705606,nan
119.33755280998503,41.8719042327736,1.809403152439841,nan
95.99052289512238,54.568567312264335,1.80944670729561,nan
229.5336157478822,135.48191585556313,1.8095074310385886,nan
185.60175431604796,203.3307839355386,1.8095285091607807,nan
45.32035270448052,57.76170146676357,1.8096160681932925,nan
140.43134992705075,58.641863996134255,1.810753594513822,nan
166.402149890473,94.08321680167184,1.8107947122229515,nan
55.19119620927733,229.821793560878,1.811242123852455,nan
249.86630704011313,6.142953246232614,1.811263697335997,nan
7.928919107218142,34.665922778222765,1.8114683085418788,nan
95.79071526984508,251.9562894675613,1.8114983573334933,nan
172.8683620423093,231.53315549945393,1.812126734712959,nan
255.11073665452165,24.47665153453264,1.8121797230850014,nan
242.33074512392102,21.09637779144113,1.8121807157584127,nan
79.61612272458201,190.01229844609614,1.812182985458172,nan
252.9042924816041,26.327125829650413,1.8121848777319953,nan
242.09422114541084,25.765385090309287,1.8121948110163104,nan
244.8763010223376,28.599895435680867,1.8121962015368611,nan
236.2046228826199,11.89780359688239,1.8122073320191636,nan
246.4216527239184,23.278033825148803,1.812211092085084,nan
249.196226649494,28.13129274222703,1.8122485410335012,nan
248.5682633963593,27.63866028035803,1.8122591751026986,nan
244.14798821753104,28.897726965249355,1.8122811180506049,nan
253.04311194641778,23.966465654074938,1.812564216082351,nan
251.99784772400025,25.093352429975496,1.8125842483266559,nan
246.73960101993632,25.66663721822608,1.8126443524122726,nan
81.72608547139637,185.69756894320176,1.8126573957646497,nan
232.43964998158182,65.3324312891783,1.812668178896508,nan
246.95900461089255,21.26310526252565,1.8126872022250062,nan
220.30393120058167,100.35496178105772,1.8128604572802636,nan
84.07045773842638,240.8261398353884,1.8131300237386496,nan
256.33124030686923,17.817990120267147,1.813208405356315,nan
176.11969974812808,194.1507709178224,1.8133665452843213,nan
174.51786436583032,197.03342453478646,1.813371212153281,nan
114.76687368001198,171.09378855521175,1.814181013692745,nan
176.06249583861597,197.98037497244187,1.8144029104886426,nan
214.99914246864714,176.50042760943742,1.8144684786599992,nan
-3.353796092069115,4.496664628648259,1.8146097323282153,nan
251.56215768813686,25.86255028719244,1.8150522951510044,nan
74.52055005028092,173.2474672368949,1.8151175943755937,nan
168.43196328536018,185.7732614667185,1.8152606107980864,nan
207.83055033700634,177.27465405868884,1.8153479910536845,nan
69.68886838390092,110.31535421962661,1.8156291369095174,nan
61.36521869476427,118.61732344227987,1.815637362467247,nan
64.2825640863377,105.80109877391733,1.815645114563018,nan
71.86655951167397,112.27695793229988,1.8156465013260785,nan
70.1666048502365,121.18042549664669,1.8156678760128815,nan
72.10153658868384,117.27213993229952,1.8156683087828203,nan
71.29792655761065,112.42647982394575,1.8157163157220237,nan
248.9300513424811,38.66052310802073,1.815745975559454,nan
65.81074589503336,113.47680548901864,1.8157676826328748,nan
74.07869396206216,103.30906952652356,1.8158466516585485,nan
72.90900747618046,111.57701792681658,1.8158955847355887,nan
71.10638702598926,113.23531235197204,1.8159783912310663,nan
66.64605094943526,120.40687978691432,1.816141922657515,nan
236.86981439705215,135.364482464912,1.8162727869846638,nan
99.69795741902016,129.91854129506783,1.8165048227292613,nan
67.94431633545325,109.07193546076974,1.8165682519423394,nan
11.49770604585827,115.9393200917666,1.816624300834939,nan
64.9334860896654,108.45462078902243,1.8166982677874433,nan
10.14082204961233,10.347646437904505,1.81702680909724,nan
93.16804771544257,252.18675333326132,1.817123311914455,nan
111.53485293752449,47.51643765997202,1.8172565745632978,nan
163.32575321780246,191.9438553285022,1.8176894517777573,nan
71.84217964780655,170.3273893246314,1.8177009021014494,nan
13.134281421184566,45.769067215880156,1.8178729104227842,nan
64.1082022790452,117.21465354094826,1.8179623178599285,nan
245.2287659269319,33.217252424617705,1.818039673545559,nan
64.92097631411816,113.24732100396625,1.818108762743897,nan
139.41918037537636,67.48772591675636,1.8186653447005134,nan
58.04414754753763,19.485130707398213,1.8190034758033589,nan
48.5260286145961,22.589453116441526,1.8190079717604886,nan
107.81879805728515,122.375821403585,1.8190136833558512,nan
75.5770955175382,100.45598869896676,1.8194409090600288,nan
226.8199583170285,136.87668830367858,1.8196557443394998,nan
59.76618798929526,35.33146666002294,1.8203019867017323,nan
28.997268209277152,108.14549267379148,1.8203289692117999,nan
37.460004505650275,109.82543867435628,1.8204814546681265,nan
14.140170157133406,7.40106005956498,1.8207556758986219,nan
19.30054700697254,118.77563901589134,1.8209610023735365,nan
242.27287384670214,21.57736931776864,1.8210182308825462,nan
76.30099932853666,179.38782003360856,1.8215029537408784,nan
-0.05032143919236604,76.83743694334603,1.8215657846618158,nan
-0.6599942848702791,78.61185047860609,1.8217036038868728,nan
176.61419894674034,196.95273414865986,1.82172295273971,nan
16.235510929319418,11.54585657211437,1.8219992930503364,nan
115.31581372470123,34.33490958947245,1.822492806797566,nan
96.05411779631469,201.86934635264006,1.8224998466883036,nan
98.71323629745126,205.9004806596308,1.8225122087289165,nan
90.09312297323483,192.54568361570577,1.8225212073582342,nan
105.07213154891701,204.3028683804117,1.8225225537784375,nan
93.60293822307013,125.88424779784488,1.8225395512364184,nan
2.290210083824254,76.46522818778503,1.822762313551246,nan
94.07925520175283,218.74795689441095,1.8228267909028486,nan
134.65189097711027,222.34432170345121,1.8232339654178227,nan
107.3811604295652,198.58036303950718,1.8233513870200992,nan
108.1651432148346,197.27459356033629,1.8236894497374467,nan
25.751590925198766,110.8450081515188,1.8237426902111233,nan
52.81725744282126,105.45366198041938,1.8238881458037328,nan
133.85066392890155,118.66718714938415,1.8239831939479894,nan
160.9313660466988,183.6692982805039,1.8242778078622541,nan
34.34405143663825,107.00213149359907,1.8244162218316786,nan
109.93906388997083,181.6514038618479,1.8246131720291328,nan
26.118404501796523,59.7243649471853,1.8246297246443022,nan
90.43572578278959,200.61038875110924,1.8248057751554285,nan
245.81230254173298,148.69568981695605,1.825232774020556,nan
129.0284749536539,224.6320615492997,1.8256426518719706,nan
94.12768099489585,208.68434264962258,1.8269795660416457,nan
43.062892929074465,50.356147919015,1.8277166071706963,nan
102.33408715871381,24.526309239502755,1.8299266167654866,nan
219.14247052936392,176.35899273707994,1.8299485449726098,nan
35.05985886638986,106.84938704059876,1.830009168808497,nan
94.07741052964789,202.69564736558473,1.831144905239794,nan
149.66866266796177,63.34319002625255,1.831617368443561,nan
65.88171353112176,205.06177882405237,1.8317924953768137,nan
-3.108703289068385,90.05025708306943,1.8319905604672078,nan
53.02315591405829,34.28368019083028,1.8320968773216897,nan
132.73086502444127,61.692217947231754,1.8322557587300434,nan
130.97471937893425,67.35385640564641,1.8322725930417987,nan
139.65275746798773,64.45239331860058,1.8323211863510842,nan
128.57061715636664,67.85876275201935,1.8323358469817477,nan
220.76179226279012,97.17930596014459,1.8324440144991465,nan
160.9597991798929,90.00827095829439,1.8330216384928821,nan
127.56565629898532,60.50828865629137,1.8330792722463678,nan
125.24172412922914,77.22507922528001,1.8344993843536843,nan
175.81741969895617,151.95414444911034,1.8354665677536917,nan
171.1396396089193,145.05088547011098,1.8354847967990153,nan
175.85297340612652,156.89703069579593,1.8355114881336365,nan
244.0102918521076,18.943993052377245,1.8355433637323038,nan
164.78262814086725,143.02999356334666,1.835583938253156,nan
38.69473074954064,71.06428805749337,1.8356939758729731,nan
42.67856460173449,83.74727915119061,1.8357097569579055,nan
190.20539303049335,149.3253300625546,1.835717067122048,nan
45.99828926055662,76.6322324845563,1.8357281509349144,nan
29.556581674347303,82.74539538448319,1.8357754323772737,nan
129.5875839617094,69.30785644644746,1.835778944798228,nan
48.773732619766,86.12420566073031,1.8358593385388402,nan
180.06671841080296,78.79155462141557,1.8362477103675734,nan
35.379445498254356,70.86047822589548,1.8364532649966836,nan
173.04413407569893,148.07856333124974,1.8366142643510823,nan
193.29282400841694,148.4233465898889,1.8373088039302776,nan
247.0847562937234,29.77386104446321,1.8378954917639485,nan
215.16361408633574,171.07594191257505,1.837902652178299,nan
52.772950969312454,33.20566103537489,1.8380315112803018,nan
133.98787241646357,131.06215715887555,1.8381576491421108,nan
64.18905655590937,105.30392923421162,1.8383343524373903,nan
129.97138508313827,72.44644877033096,1.8385309400776055,nan
132.2974488716635,213.18851321725998,1.8386997420760822,nan
139.6915885045912,112.90022740849543,1.838919320856067,nan
4.950260592588833,81.31688719637577,1.8392224504623742,nan
93.18116933926224,199.11752657440786,1.839360659449136,nan
75.5359951733508,116.30508522919139,1.8402382140319367,nan
250.9258010099809,26.296250375870397,1.8408920265135242,nan
34.69454444491583,102.6035672981066,1.8408927236692714,nan
110.22308646030244,214.34954219967906,1.8408949213754189,nan
110.1054047847694,224.79444097376648,1.8408949345052077,nan
99.03717563606266,221.71236542703892,1.8409189183161925,nan
102.58695712426261,226.69580792062249,1.8409247211223174,nan
107.01069987921332,228.4743656218546,1.8409314282031735,nan
107.41383283513245,219.63216102576484,1.8409376293980784,nan
107.17040996310804,229.13300450663738,1.8409605255543966,nan
109.96357236631941,226.38056725012666,1.840985019219537,nan
109.84512245166519,229.5124204554006,1.8410232952999181,nan
107.20415075587498,34.76154649522586,1.8413280530132496,nan
100.26564206606899,237.257992508984,1.8415555708256417,nan
108.02429249722854,226.8930349764313,1.8418069443525917,nan
106.99144952065012,230.03334318218376,1.8418675619960794,nan
110.17012394398107,221.85977905078576,1.841895552222387,nan
105.47003106868752,231.41573794062074,1.8422472014451576,nan
25.93304921098394,74.55124888803431,1.8424034433876488,nan
107.46514997419042,226.6330451031962,1.842754913576576,nan
114.99088997225502,232.87556064261844,1.8429267596741783,nan
104.69423487387385,234.45802828666072,1.8431741490474969,nan
137.79383051094442,118.78466176741681,1.8432741637921688,nan
106.8939547553983,226.57173663637704,1.8437469610047341,nan
101.36811482226618,34.39101711729463,1.8440186667423246,nan
92.4040649368338,31.754196540516883,1.8442609087606314,nan
109.31878072088782,226.9515030768375,1.845249766378196,nan
61.62886326534065,116.97475175814778,1.845917446533028,nan
12.653624317659878,5.768879038142973,1.8463438405777821,nan
95.16859164271618,198.39468506237247,1.8465690576504639,nan
35.404633382424095,136.22959890326683,1.8472578220359395,nan
115.32778418147105,232.68140502119667,1.8473567492230765,nan
240.3148122026389,150.9777314715626,1.848839124834034,nan
121.08235303894057,61.174562094320024,1.8488489165206607,nan
47.78807863077514,138.2800733956529,1.8488750855065974,nan
193.12935835717522,25.800288647937457,1.8488879187402094,nan
186.50082038341418,25.84716883085561,1.848894482386522,nan
194.7062914186383,19.113346530069663,1.8489012272454108,nan
190.16158034253806,26.37098598115742,1.8489660514526753,nan
181.0545438550745,146.8057088135218,1.8492792832905913,nan
95.09048528367823,34.262136173618146,1.8501624470269946,nan
254.76806827006158,20.55983736834073,1.850650811777262,nan
103.96053434185703,224.83971048005668,1.8511118591258506,nan
178.67967828640806,189.14101344808665,1.8511606894994577,nan
174.53100512540203,151.99057794723566,1.8515762301441179,nan
111.93171043033186,235.24260563199158,1.85164650677182,nan
85.51597616530456,204.81557593414044,1.8517527131401574,nan
101.55724014719691,199.71118008326215,1.851761780701012,nan
89.7800414198719,202.45445502470295,1.8518199145804437,nan
104.25209844957762,211.57203816262472,1.85192140501118,nan
97.28089882899536,209.89686796315206,1.8520941629778187,nan
87.09736339140828,211.35767867581686,1.8524434351864483,nan
87.36459355609105,29.959790754124725,1.8525668150715786,nan
108.33328514459356,228.59198939703492,1.8527439607350198,nan
35.04635046082413,86.78009497554503,1.8531074423531368,nan
102.44116833162788,73.54100655721061,1.853273704441502,nan
87.10573486639768,85.9222498115706,1.8532758065319765,nan
101.95886492277367,75.86937237088472,1.8532820852193836,nan
98.04941966940295,78.94635612554954,1.8532822381043124,nan
100.61479197174802,82.68013567381509,1.8532892343837655,nan
95.70038109973349,78.20845365623147,1.8532914901291064,nan
85.3383369127299,82.72821944569482,1.853298776902759,nan
97.8891458985959,77.14248387577845,1.8533042034725788,nan
97.37343655200279,80.97752030117199,1.8533152959868522,nan
96.0285625271407,84.36612363033306,1.8533300023268744,nan
107.67866780276405,84.55221224588786,1.8533342107341173,nan
88.28617630275384,67.01400414900604,1.8533555978303884,nan
84.33535559243036,69.05491581019673,1.8533773719318982,nan
99.2314319256987,76.54601435961297,1.8533956628116512,nan
104.13270323581018,40.18128636027796,1.8533988788808125,nan
97.22142740691541,68.67156687747618,1.8535792503133828,nan
21.16959367122068,129.14942053998382,1.8535949390380044,nan
17.238585981214378,138.03428725255677,1.8536367724054832,nan
15.36853477943213,125.29432560953894,1.8536767221871324,nan
15.762112850976193,128.4555296822499,1.8537389125751789,nan
220.2350160112389,116.28147251415945,1.8537840965435066,nan
220.0366779451297,115.58008910645084,1.8537872652474023,nan
104.96934641085198,63.39952667314682,1.8537991171769146,nan
223.74824673621626,113.91674791188116,1.8538038487140813,nan
94.34651656387899,55.495288917681776,1.8538069471055048,nan
219.7714825450318,114.40066198562039,1.8538072075008891,nan
106.00272330755158,54.277575053484235,1.853812316740755,nan
218.2307348541043,108.83365069726216,1.8538354011573146,nan
115.00898536533626,219.58215109655055,1.8538362558862294,nan
105.27209129136523,52.51521304639508,1.85383987007968,nan
221.56532414514385,111.97924085445914,1.8538399268857266,nan
218.28875043118552,99.26146111553696,1.8538431175311825,nan
94.92623461941933,78.2133891407231,1.853856718837153,nan
110.42319884792204,57.8854777208363,1.853856822933865,nan
107.20625936658942,56.57594863917633,1.8538579791973722,nan
111.35106287300918,45.02866121208672,1.8538581648431531,nan
6.453046865270929,138.10208160257469,1.8539200441698034,nan
112.96975505041696,55.040304236743516,1.8539323986068281,nan
114.2128829507461,49.81909798947315,1.8539386842973988,nan
109.1537340201981,52.551302230912555,1.8539652232219237,nan
107.70628360401318,55.280413373543915,1.8539786274770211,nan
220.1380460169195,112.69918432120097,1.8539870445793145,nan
221.97369478401131,119.81767836619254,1.8539940251510123,nan
221.891990150795,100.66253727604942,1.8539957212708587,nan
222.67198835365684,108.47773923906614,1.8540042567867363,nan
101.14052198347527,46.514494605043794,1.8540076236228242,nan
93.2505531210667,66.015975084051,1.8540767950649673,nan
34.26173559000315,81.2312412083717,1.8540911061693055,nan
17.124526371559504,135.06392210195793,1.854099657161244,nan
99.27034595887525,51.43581482071326,1.8541258916828758,nan
97.85603951429177,55.973911506873065,1.8541395192800385,nan
217.53795892472726,110.35000014227262,1.8541424737307508,nan
99.27549789345757,70.40748464834883,1.8542443228993328,nan
234.14825980782123,139.97044622651873,1.8542755724816784,nan
214.28335836757535,110.34810529450893,1.854430509389488,nan
102.73116003112862,51.03068989011547,1.8546719027893788,nan
220.79986021335338,114.58159999164397,1.8548017197320563,nan
100.9672134526901,225.01868131204463,1.8548402017984524,nan
13.15630017386732,133.58154369178925,1.854848046734329,nan
227.37739139594922,108.02230209059422,1.8549499201581001,nan
113.11940601151395,48.25744852345225,1.8549789815325484,nan
173.99802720314452,146.78063263402439,1.8552678717017503,nan
101.12223548660495,80.92385596287217,1.8554368574507398,nan
104.1211479233745,229.62813848143563,1.8555817471662768,nan
185.39032368247544,16.911515166132478,1.8559526234239552,nan
98.26007953976382,212.34301911714152,1.8559879390784635,nan
104.2356338257824,59.49139095423772,1.8564213280776485,nan
220.17308168364798,107.4664478202338,1.8565547028320626,nan
178.38585601050326,9.320315978843547,1.8566135499081122,nan
214.59257394713347,118.11317275771255,1.8574431439942616,nan
113.9027539828584,223.9061456692424,1.8577385237971888,nan
3.115787517430587,134.2934501244231,1.8579523079839468,nan
43.06953827908994,145.02688516148368,1.8579651718648704,nan
139.3422350149354,149.19122697014197,1.8579663724044424,nan
121.51723889202363,228.01191782358254,1.8581476512646684,nan
101.84867035683811,60.41046966116642,1.8581947064237287,nan
109.26934070253286,53.642725375765764,1.8584003116034602,nan
104.24438389504621,196.04276972492585,1.8589423462541512,nan
108.0391658370342,51.68914060818365,1.8591095909408075,nan
230.4907428325862,114.67371313660792,1.859190790208612,nan
214.56409370964454,107.80624806703813,1.8601774374819864,nan
118.71005664461903,215.8064559384673,1.8602847377353322,nan
75.69873445167757,183.68371836939446,1.8605223318310071,nan
89.6119114777515,78.77732982575097,1.860608500692285,nan
99.77759128211389,48.99768446381653,1.8613338675535782,nan
218.99065816917684,110.00514180732183,1.8618918372033242,nan
72.1094198213341,26.67022469929276,1.8622340563913493,nan
177.43523419721672,17.612244778419047,1.8629012409446715,nan
181.46270780335462,9.339504407783485,1.862906485964205,nan
187.4014493817912,15.182559671390857,1.8629092178437936,nan
182.73604831260644,15.989111631778915,1.8629210506866192,nan
183.5255346359332,1.4534703217988676,1.8629239961541333,nan
176.8133906505229,16.005679434070053,1.8629266090387082,nan
174.44683672189026,19.445514700829303,1.8629338579850443,nan
188.19037789900213,17.301485005917364,1.862939216833615,nan
109.07255817950893,46.73972469811587,1.8632032893950587,nan
178.78987488814403,27.336363732274894,1.8634100380540244,nan
145.23625697996854,141.37296010763106,1.863507588043841,nan
93.45557008567519,80.32142525396137,1.8635354403272497,nan
12.892415992057986,138.3597768937042,1.8640572163491935,nan
187.29958725244447,20.881330907346225,1.8642849524881693,nan
17.87163814351056,131.47346073739868,1.864285174056734,nan
61.08987180501572,113.33002820005964,1.8643456312601465,nan
220.33561513525777,114.27930609663278,1.8645195234641747,nan
230.8650640169424,106.54663849642749,1.8646094093686074,nan
98.59368021788268,83.28309367884623,1.8646200762258152,nan
92.97165888664023,47.74639767680065,1.865089273336264,nan
98.13002435430818,54.902618887741156,1.865632887877644,nan
37.49749262441904,75.48488316425292,1.8658467655594657,nan
104.63499738973613,42.59741994825842,1.8658682813343146,nan
93.96863036648207,77.8359661557935,1.8665236037997155,nan
111.48918597688625,231.58448836654875,1.8665271762531166,nan
97.70572150384308,53.466431784453434,1.866658937287459,nan
84.64092678298996,44.45433840643933,1.866692436612149,nan
83.33491160032406,54.0740636869347,1.8666978533720853,nan
100.85908730542289,50.27321847723051,1.8667025475318662,nan
98.82734816550284,49.24501903734808,1.8667092997504493,nan
92.43489361399122,54.2831589009498,1.8667228773601643,nan
99.65578811689305,53.094377741547376,1.8667398093607215,nan
106.23119015789446,59.83386324504644,1.8669961670481132,nan
96.5778427087896,54.34568475407618,1.8670651872309485,nan
174.3156579576103,12.66524775586888,1.8671486630819816,nan
105.67256858925802,55.48123277719838,1.8672612806923181,nan
176.56751096092364,5.075485862180924,1.8675015807927964,nan
226.57089191656252,113.36204454884273,1.8676067022963099,nan
93.48812106602877,54.93728086470363,1.8683918738056011,nan
93.44690184921456,194.12028042544455,1.8685315217040712,nan
163.53480433112674,240.5517964498105,1.8685714547618104,nan
174.83713871154268,232.35811534298955,1.86858001984412,nan
100.93394502732096,193.54104609944164,1.8686076522599924,nan
98.20205320294825,85.08679297456071,1.8686951514200376,nan
156.35682045603397,234.02546067704387,1.8688228107247096,nan
17.728324846657557,141.2630507461634,1.8689411988726805,nan
169.64576130270143,230.8036892532538,1.8694474113365425,nan
105.17464552530635,53.22735779508922,1.8696405679694699,nan
109.36618534223446,44.348744623830754,1.869694708762446,nan
249.96382660557552,28.135248326591906,1.8697661779742274,nan
167.9563570395387,233.98027492957854,1.8699923254055442,nan
163.45261106861454,234.9575424110423,1.870655814061046,nan
89.65539132453281,206.21335298530386,1.870753005321191,nan
175.55944198084862,140.8396289747033,1.8710020832323029,nan
166.67946990719997,234.41272225230676,1.8713267943203895,nan
94.97024927123083,55.709052011195624,1.871378570274927,nan
135.9097935829864,80.13215290547475,1.871884437761644,nan
185.33486089685366,17.182879573060685,1.8747444377197222,nan
98.0989803735232,37.56192290143188,1.8756101201609774,nan
151.59697571510964,212.18488960663947,1.876109489272032,nan
151.30255794395322,200.9523076747991,1.8761164309762448,nan
149.85116033611803,208.07260911825185,1.8761382690541892,nan
220.36324456629401,157.9919739500546,1.8762306640621016,nan
207.70394812936502,145.73736578690054,1.876253961498732,nan
148.98760964531476,213.96574644742793,1.8762888615872428,nan
143.23129746669997,203.8568955722776,1.876407693992249,nan
211.84721026126064,156.4855028828818,1.8764088997230897,nan
65.14133491286667,183.4974993208019,1.8766197484933365,nan
59.92002049569231,196.82495059683845,1.8768928108720986,nan
225.31057137949486,109.41774912362844,1.87690713168192,nan
208.21766021490905,157.67536554936058,1.8771179812461096,nan
54.496926547465954,189.8417446427951,1.8772664017512781,nan
150.29832338666063,205.63794571818062,1.8779632798802037,nan
146.9644701845754,200.5745412574574,1.8792547123139858,nan
117.75329218057888,233.05137754453912,1.8793692029324356,nan
149.01654650500936,205.74435443911185,1.8796311743692173,nan
213.04563048826543,113.48767685044552,1.8796673971662596,nan
190.3516831595591,17.459551046688293,1.8803033487020073,nan
110.12670262786605,156.26648193516553,1.8810751796802596,nan
111.15119442229886,136.3710426504356,1.8810983769559224,nan
116.82681520764758,143.35970294124766,1.8811192978557136,nan
177.2683539133269,19.048665243235266,1.8811306849391258,nan
108.79268974158852,145.88841036797234,1.881142706925265,nan
100.98237705318495,150.05715376224416,1.8811503849787141,nan
121.06130913922253,149.5964971953574,1.8811753502383377,nan
111.83890716603543,149.61122721078416,1.8811942609683567,nan
105.72852032694132,152.09392462515734,1.8811949447880227,nan
114.01586237013818,144.94520174894356,1.8812015712348162,nan
113.53579341870261,154.06691476872555,1.881215575344125,nan
113.4392428633282,150.12297185618806,1.8812449748706928,nan
104.53750494084186,148.0350098456481,1.881371471446218,nan
120.03179941987607,139.1357110076494,1.8814640845570765,nan
116.60281296744267,147.64024228540322,1.8814737317218215,nan
96.62029621509429,48.455097968756924,1.8819574508621224,nan
220.9311970579097,153.9786556886154,1.8822371410940004,nan
70.94621359074212,138.50463801256203,1.8822388610733864,nan
189.95916122871984,17.67448976326419,1.8826762639366983,nan
20.208957996239384,173.48780050593004,1.8831750736089725,nan
16.251439146956358,176.24767863644064,1.8832016033699948,nan
16.742701367742516,167.88242165616967,1.8832359720597804,nan
22.144401520295553,173.10376486255663,1.8833038440995231,nan
14.327477149662737,166.36626625011039,1.88336535365135,nan
15.085877570760243,177.75315677164824,1.8834176642034972,nan
40.87305781085646,195.93758538414133,1.883442232300226,nan
41.23897839825945,201.3516910880586,1.8836441967918225,nan
40.016676954241085,201.66529496429663,1.883658573989466,nan
41.83733676993751,188.53454925738947,1.883703396885066,nan
41.515853893783984,193.35642206533427,1.8837862471205913,nan
20.281783145378974,169.80518118101503,1.8838391631475455,nan
99.18340993382904,76.57328094726175,1.884036502901319,nan
118.30488359141663,142.45889181569385,1.8841213192461934,nan
211.81170616129972,146.18563807599426,1.884202692322794,nan
16.61471343412933,165.054935721843,1.884443435329162,nan
164.19420443733728,234.9587081079706,1.8847760742760336,nan
21.34047862837854,165.1902550474402,1.8850378961058716,nan
210.74032928396028,144.5836041749867,1.8853624650091163,nan
110.96606526618233,148.1587627757956,1.886275175263143,nan
237.68712855130482,249.01373202540537,1.8862853063247402,nan
244.31478489195032,246.95170212461977,1.886287418463192,nan
243.6681056886125,254.48956668102548,1.8866473974828037,nan
48.08985515394535,29.10160801547048,1.8868597436742014,nan
3.8225501966952145,164.36300599557993,1.8875056260913197,nan
87.47235635574803,80.37454069104979,1.8884833854861611,nan
236.66273202022495,256.2028718801204,1.8886532627937203,nan
152.85345166870644,241.65383443641375,1.8887734225538326,nan
36.59532508800285,197.97712657967,1.8892400248507948,nan
166.50211828796228,229.06045955777444,1.889353361072338,nan
105.39130340533634,222.42319724869222,1.8896807919940817,nan
97.79428740223558,213.5007360639407,1.8896904037727356,nan
104.20559459087845,215.98050030121672,1.8896913402550624,nan
97.98561989217325,222.376478494135,1.8896966861690083,nan
93.41437090609918,228.02143737764277,1.8897056649974946,nan
83.5652653539758,222.3218504103632,1.8897096808832852,nan
93.72097931530324,218.4928035071376,1.8897124732966915,nan
105.5675862480689,220.2243042516353,1.8897997437395935,nan
103.51148493481433,216.53545405661555,1.8898226955508826,nan
98.69916528989093,226.84380160036025,1.8899326952971227,nan
44.547416717476864,195.13618768297778,1.8901277703655517,nan
40.94984541091852,190.36126603325846,1.8901302468321215,nan
42.20716105368898,199.42745916298102,1.8901367996043013,nan
50.663354908185696,190.41946515844413,1.890187425016689,nan
99.18057390476494,220.93828451707228,1.8903369165810926,nan
16.12860049864294,168.39661949427224,1.890407775190175,nan
97.20841453278045,222.95345045163924,1.8906899235164143,nan
91.1198368012985,215.56672221798348,1.890794639397913,nan
21.56476760052633,159.67066126559928,1.8908113784980727,nan
163.03367336214058,173.07415745871975,1.890835091888746,nan
66.55780964239415,21.746630401471158,1.8908874118592764,nan
174.26376209456845,18.051959006183484,1.8909424245161237,nan
116.63711493185545,149.77009600721863,1.8910716996780312,nan
111.41255851861862,216.60528617981512,1.8910833615755147,nan
152.38440988083997,178.53311868099328,1.891159628779757,nan
105.22926625289351,253.844401910169,1.891229826152753,nan
101.91879906497131,213.2832293940458,1.8912404220792323,nan
101.8176714428355,254.3077104494339,1.8912708333379875,nan
103.34332632767236,255.47382173773855,1.891283022401113,nan
210.01529770956927,148.7025009194785,1.8912835337354503,nan
22.20266426882431,125.74299505132964,1.8913440484132547,nan
103.51522497160319,252.3141497608207,1.8913442606646003,nan
97.98807373167948,237.65668739461918,1.891396003967827,nan
35.819693813411845,118.7322251001636,1.8914908276208984,nan
23.399131148540455,125.72413638544974,1.8915017687912747,nan
119.50445748111783,137.09532968557548,1.8915758313740427,nan
101.85843596351096,245.01244705983055,1.8916068899010678,nan
31.98219018026585,126.36033527128423,1.891636317997943,nan
98.14268253779645,245.49612300644137,1.8916470756360233,nan
28.369582105246636,119.15575818574843,1.89169767977327,nan
106.49731759758093,234.94234228302338,1.8916988493232787,nan
106.45871800686108,235.16361391023432,1.8918487585059116,nan
151.20166909303745,183.57821490574895,1.8920858246584202,nan
25.500671973173375,131.93843197277548,1.8926090058195189,nan
201.87131726271244,176.50297215166714,1.892680777329466,nan
208.0670609501867,182.57510577307184,1.8926859466549952,nan
210.45544079454126,176.99663620702407,1.8926872952044567,nan
197.38009727762355,172.2510249864689,1.8926892723524955,nan
198.81230534306428,165.61529422060613,1.8927283597809217,nan
194.91396435804478,182.09989995909172,1.8927672829649937,nan
211.87487472123777,175.93536346967784,1.8927849024180468,nan
213.77293040386317,176.35796471291607,1.8928376050179005,nan
207.3895792884673,177.44196454759194,1.8928376553648494,nan
209.98787209703804,170.06191162443525,1.892866893243924,nan
209.8962384358332,169.1403350247036,1.8929167745645243,nan
181.33551007680583,14.639351390539375,1.8929253866455347,nan
28.04418432197761,126.74377192840198,1.8934704856319649,nan
109.16930526138441,157.1719209316897,1.8936418957658194,nan
210.18416888931895,173.2389452067534,1.8937676519085276,nan
225.85993098176317,154.2490245337622,1.8938326678283885,nan
139.2554832945356,200.92371179530141,1.8940786159034912,nan
98.93552849051162,245.89443027802218,1.8941221167223423,nan
207.00790710471372,178.76828405599073,1.8941626164359104,nan
105.14012911173573,144.61936306821485,1.8942141784391773,nan
179.1588762845565,26.880206892253327,1.8943207485517195,nan
107.13889790863573,141.29529698431236,1.8948730039794426,nan
20.547517093060662,239.06937841971344,1.8951675844945388,nan
24.17487383531293,262.1500736804562,1.895167803030325,nan
95.07946838019558,200.359512462949,1.8951755347036907,nan
218.687670482308,154.90626493759927,1.8951761506605591,nan
24.648165370632785,252.51643895009707,1.895206062763211,nan
31.525849161564178,253.40912106804487,1.8952300218416467,nan
218.41522885111098,116.17730560417239,1.8952656168146713,nan
23.06333481053165,161.08110812485438,1.8954293162093958,nan
247.51825158232086,12.357186615903144,1.8956515853725302,nan
255.93947335767552,6.214028572770433,1.8956595139218226,nan
237.8495677747553,21.77219365753649,1.8956696699628532,nan
242.49996460581727,2.280779246313725,1.8956718254166811,nan
244.93463752043286,13.230809098714529,1.895673592868487,nan
246.71508780027239,9.293289519687729,1.8956761652197414,nan
241.00860950572252,4.844896354114654,1.8957349223634572,nan
243.9274358985852,3.930467449516334,1.8957410860714476,nan
252.95013331044515,9.875349262547847,1.8958556462059297,nan
208.91718580254536,177.64674745343623,1.8959624527587662,nan
240.2146515244507,-4.106779511819145,1.8959803707505531,nan
101.47051262309016,224.98303183079366,1.8963958363862654,nan
6.50983429733661,253.16296910506674,1.8964355261556134,nan
246.53867698110258,21.63905502207046,1.8965770298515892,nan
22.22060430284939,253.49600569034098,1.8966580359860181,nan
5.746508025055525,172.15358347241292,1.896846849182214,nan
17.667208581156466,258.5246648683725,1.8969892535459634,nan
206.68692216838966,175.29967655324037,1.8971488780270236,nan
97.68562698875348,238.4413003594587,1.8972202767689632,nan
91.17177971357658,227.23673682278917,1.8974924644750546,nan
59.456033753099575,128.95288718030136,1.8975062082487302,nan
53.66686288413502,127.91165939348647,1.8975078855061538,nan
64.46365499921775,139.46296389153795,1.8975207196468677,nan
46.85654419798242,128.77175569203328,1.8975300367265922,nan
65.92245400473138,123.97067338805509,1.8975316049494897,nan
195.04310747409195,173.79048367066622,1.8975354891100467,nan
60.51867380706536,122.49468961233686,1.8976374037565884,nan
59.796524616039015,125.03131819088425,1.897639914349961,nan
97.70591197898628,218.44149291328668,1.8977344152110958,nan
51.298588321427474,124.98082353376519,1.897737804221567,nan
249.9209369056002,17.65968731553315,1.897825115460094,nan
96.80763606395699,219.8186792264023,1.897960148639457,nan
54.08825843637677,128.1552790574444,1.8981695917488146,nan
58.79308921552075,122.83689265812806,1.8981827952005699,nan
257.61760186785335,6.889226963885174,1.8982275830607795,nan
26.996761447297747,120.62152835301349,1.8982749531407752,nan
63.60261719937021,133.2166252391983,1.8982764265703596,nan
249.68341531896883,5.594509053417423,1.898438344129894,nan
59.856888256662316,124.2087769344751,1.8984593141215789,nan
64.2590498966008,115.08375024242021,1.898637519749453,nan
248.86320018709165,-0.916497218689579,1.8988680988079003,nan
205.91629736526218,185.5674826911063,1.8990512058896032,nan
11.066057436663884,14.649598047375779,1.8991553268470645,nan
195.8027016747144,179.23512085774811,1.8992039710931463,nan
21.494122586005208,7.53054536467785,1.8992042103444122,nan
10.130977555187071,16.785068476473846,1.899216220114981,nan
9.223933383652735,6.474169848247605,1.899341805149354,nan
210.65311532829267,147.51674680265026,1.8995275039278907,nan
54.080324531499315,126.68537496361031,1.8995727783169474,nan
14.176794530406655,168.88818412725956,1.8995939312410184,nan
25.482417424639095,122.85506947877954,1.8996253026450554,nan
213.53880864404152,171.16863903673803,1.8996497454012362,nan
100.92516288526942,204.76621977413924,1.8996802745947714,nan
15.532314374313774,167.58099975729397,1.8998310688051816,nan
206.21746001588255,173.9383976981845,1.8998851012869926,nan
252.67883371915417,15.45125431074178,1.8999361281849683,nan
92.98433091980468,202.69596694947865,1.8999935945143052,nan
245.9325271899106,16.514454299956064,1.900183069691097,nan
244.01016962736875,11.42042962164183,1.9002144480132572,nan
99.94450980814483,223.3636879233254,1.9002592941950731,nan
241.8313780449829,-2.7931812555479265,1.9002784395570909,nan
107.84412356827887,248.5017899694666,1.9010237660312217,nan
249.41370296467358,10.59066971413901,1.9012500491796003,nan
10.932910268693416,8.722555856673488,1.901290223425167,nan
144.65472945997337,206.24510816181333,1.9013441791304204,nan
92.17450918943177,212.16406162514784,1.9016708915071259,nan
157.13530298604317,173.85019309685444,1.901789989173035,nan
19.213765022787197,9.096852777222768,1.9018089136178518,nan
206.4156138686595,184.80741692539124,1.9019479899731606,nan
206.61526432766914,172.92801475184666,1.90212242991693,nan
212.4362597162524,170.9042931399593,1.902133256713903,nan
166.29559801165257,229.50913595902355,1.902373751090669,nan
207.59530002260942,168.5102401488968,1.9023856764359943,nan
213.48995881631572,180.21239072025884,1.9025561503129225,nan
244.4550175815026,13.36762441548352,1.9026376992699925,nan
18.079583423182267,157.11529762997455,1.9029563485017338,nan
54.15815136574193,128.44106901973635,1.903013175760741,nan
243.16623617374063,15.65262459663057,1.903236155541011,nan
197.02848249599293,177.93439418318573,1.9040347368585357,nan
50.05546793130831,194.01101180736492,1.9040475308564666,nan
99.50702967081742,251.303112337773,1.9040673888529487,nan
95.02362701859154,57.41300994007117,1.9044824132828109,nan
61.64960851594021,131.21769297787915,1.9045113228422639,nan
166.58963800567457,234.19453533345316,1.9045179661115885,nan
30.394276259778238,112.95541375546992,1.9048742929809246,nan
185.81575228422173,11.460690957514462,1.9051904659430712,nan
22.408479265312327,8.148512965694508,1.905212159409457,nan
218.1930642201287,147.5729186255073,1.9052743467914286,nan
209.56613294862137,176.1932049887623,1.905331036859373,nan
10.127264825107286,167.6923866546524,1.905399909056578,nan
17.172780887496703,11.92402146520585,1.9059841261872552,nan
253.7920317496158,6.796085881526101,1.9065510583955398,nan
205.26108020104732,181.01766465657974,1.9065950641410179,nan
237.35080663746857,98.79649122607348,1.906711916163019,nan
230.59377998161193,98.04656879774718,1.9067324114185549,nan
225.0334029193235,90.82738082209528,1.9067434748879561,nan
230.56112187168975,94.60891293255906,1.906799591846644,nan
236.01714956368357,95.3035992590256,1.9069834248865292,nan
229.78534459025732,92.0147277842846,1.9071768195767766,nan
238.13452241747143,101.35006134179139,1.9079402062977895,nan
236.7508250189753,93.1208741488175,1.9081703793057356,nan
137.07842011558745,226.71134407903267,1.9081848067526286,nan
122.58519970033518,228.97358874390676,1.908195081869304,nan
127.76798038790746,233.65277222042272,1.9081966616998252,nan
131.86560163582624,235.68044745823576,1.9083371745155608,nan
81.69904048103614,236.98561253405606,1.9084784920908031,nan
84.10536173850466,239.34212407992953,1.908486792018437,nan
77.21654460381428,243.71222575123866,1.9085078591160671,nan
124.07045486340111,231.38512432915198,1.9086624288109602,nan
89.35258675173714,248.1356303595268,1.9087352588718336,nan
76.62819874870893,242.54308363475008,1.9089145119766928,nan
127.7961637016986,226.9344841326213,1.9091111904197766,nan
72.7637652140413,252.46285564641184,1.9091351902064815,nan
229.74722595484675,97.16298392233469,1.9091629341808984,nan
233.7328141318708,91.88913170848026,1.9093974790001644,nan
128.55268168772753,227.97098363972853,1.9094167271054385,nan
107.07083797602256,147.69441067843533,1.9095603422085417,nan
17.725427698048737,165.53498476145006,1.9099752819431854,nan
27.30547546276348,130.0583632583289,1.910735423745535,nan
207.59962213796612,176.95497911481937,1.9108829870830373,nan
245.47319615088827,15.279689388995614,1.9109192220558968,nan
101.3673149393276,224.94068014173524,1.9112409794306817,nan
237.9910291311011,7.064107451630187,1.9112652185866654,nan
14.909311583821903,247.83147478965833,1.911285807344435,nan
240.61570200978647,87.28812029284519,1.9114769965081935,nan
232.13275029743184,92.54781244609403,1.9117371428199097,nan
56.28109427820032,128.2364128112145,1.9117898550123522,nan
69.77015818358791,103.352552668212,1.9117915422092622,nan
218.86467512160567,180.39936211539975,1.9121413218591539,nan
202.9878496444673,181.37629169797944,1.912342573636702,nan
122.59382049860625,231.0595955676173,1.9124272384404613,nan
94.67134114839345,214.3637746837054,1.9126517806942507,nan
207.73354493919297,177.8569727912201,1.9129467535482436,nan
-5.096179209452582,120.45347402305852,1.9131853936128582,nan
4.226984824394784,119.62792000872452,1.9132693999563881,nan
-0.10095659829890963,112.53553299446317,1.9132695170885363,nan
99.91169967176468,220.61341139460208,1.913292566596608,nan
3.144931650817437,118.12985268397895,1.9136277867723355,nan
8.131222319444081,112.89363565583498,1.9136577070461747,nan
29.553155785584988,121.08840674635238,1.9156801403142716,nan
57.51878553865009,185.1373959668786,1.9157087153311851,nan
82.78293640339356,50.65569458632994,1.9160949032324666,nan
80.16211741062484,63.006937256451636,1.9161208701541443,nan
81.80325750554834,67.59012705381635,1.9161326460878443,nan
82.71022929106294,62.61979301829407,1.916132676538181,nan
56.09477377380817,18.973841265630515,1.91614832372954,nan
81.164523775665,70.39311094831581,1.9161757398665844,nan
27.775955772334168,127.77930156931545,1.9163015974768902,nan
104.85540379930598,185.42505149282846,1.9164116441247283,nan
102.80372541235357,202.73857774403007,1.9164183603363347,nan
111.12907342220234,195.97263943122164,1.91644190262477,nan
108.2004480586622,195.73268455537948,1.916571830952818,nan
93.9330408487523,194.4273134257246,1.9165800802666217,nan
211.71155470009884,180.08757497205679,1.9173107691187399,nan
98.27981207810436,195.93148962604985,1.9178755363265514,nan
250.41955909385308,258.12300452058986,1.9179610524433663,nan
178.80529373594146,243.00671599247013,1.918786512595397,nan
16.097748040453666,174.04465613559282,1.9187894459942438,nan
193.77927061951206,245.0930637342936,1.9187896217136375,nan
174.8508109821114,241.39766258812443,1.918795142933286,nan
176.67003014262087,249.45522449266147,1.9188242938506954,nan
184.88223198069605,244.48454852997395,1.918839000584974,nan
179.77689931828957,251.43720474821907,1.9188426699470826,nan
180.3852644954667,249.78552245646193,1.9190732529420362,nan
179.565298696712,238.53964536540278,1.9191562648525005,nan
182.32858222068307,248.9092263508289,1.919488585616751,nan
184.11388316348527,253.505866713602,1.9195168507807898,nan
115.25132403843058,21.370743138107485,1.919854857257032,nan
109.78658201164336,13.29836434765946,1.9198577222093811,nan
106.20797385361992,7.181099230286168,1.9198645681138187,nan
112.34130915903297,12.270558482311474,1.9198688762915572,nan
119.27986887808414,9.511316206398513,1.919870296307072,nan
106.74828422136885,6.885214079031771,1.9198722409998565,nan
125.66373703542854,13.615886069936133,1.9198736022177336,nan
121.99987175329177,-2.2209008265900794,1.919898624934003,nan
117.40542200741835,8.64454296586776,1.9199010389364164,nan
124.6613029780673,229.9469845138653,1.9199084521046148,nan
115.91357715299482,18.27476991919253,1.9199351065269539,nan
108.00927786567352,7.876074113217163,1.91994151104432,nan
61.20887019516563,122.19964296245962,1.919981787696255,nan
112.10840599408645,4.25049043263461,1.9200773676815728,nan
106.18134953126103,15.662598318039132,1.9201281286367158,nan
83.07944246996755,54.23203257621267,1.9206049940577028,nan
180.26304408862387,237.3052371226432,1.9211343941078685,nan
11.255036121457435,249.2900347515231,1.9213389714288243,nan
7.807678644935359,121.75050390420374,1.9214551311680321,nan
91.06750598259326,139.4154248009264,1.9214871975205015,nan
77.63927934202798,129.1691372848295,1.921494467312621,nan
58.80085296748073,152.34330098839123,1.9215761206910604,nan
60.602947517665214,138.24281011546563,1.9215840658165513,nan
63.2964049755941,151.04115713154377,1.9217030005895492,nan
65.87702742673959,149.88838533951335,1.9217086786329207,nan
89.40905165188278,134.5898561005819,1.9217770839122728,nan
81.63221654897794,126.0258508207455,1.9218544613852109,nan
47.807190824088956,26.247900826587564,1.9218566029869757,nan
89.0056181357574,53.31299129046025,1.9218890482384292,nan
83.39818867386576,131.5533401683393,1.92193294531387,nan
84.41529827185556,135.3960599904303,1.922060633452337,nan
240.42184121043218,8.86687656617628,1.9228782636727415,nan
214.53315860076262,176.83728726841787,1.9235955016752393,nan
64.58926562458468,142.99167857488524,1.9236602605261446,nan
111.80109953824808,19.032881433544034,1.923707581492868,nan
16.41309829343966,259.69914532317824,1.9237201624632503,nan
-2.4606812365593558,126.77272872087597,1.9239659882749138,nan
65.64831474209834,141.30319103610998,1.925062442632917,nan
187.28170460680266,245.56043753171758,1.925080297712879,nan
181.2505843887063,238.11418599159697,1.9253585647003026,nan
246.64257708252998,1.2526882676727225,1.9256355029594576,nan
86.1475534880667,141.51834556297192,1.9258224129863029,nan
248.57643369679465,7.12204628668016,1.925853539365365,nan
27.934960763371812,117.61463378509224,1.9262191633787602,nan
166.07753449640828,226.46482799069375,1.927188617005166,nan
93.4700231037411,142.1396350840286,1.9274449382383776,nan
225.47761699711677,99.64900000604504,1.927830416154273,nan
232.1594941793956,104.78288435706244,1.9282731368390662,nan
105.81862934910355,200.81442578331846,1.9286980741428075,nan
112.2005646708328,198.95592730179354,1.9289278581253395,nan
104.42503269298861,12.850662384963146,1.929617731257191,nan
178.25091241590573,248.6916069797113,1.930032560530186,nan
234.61862770899208,103.10502839259743,1.9326838534020578,nan
96.48899499426763,100.89869099880406,1.9326921129700492,nan
96.476372557587,104.11654701144187,1.932696041133054,nan
104.77871295242514,91.115708089797,1.9327149305272664,nan
86.79926030841364,98.59455740706981,1.9327157224638558,nan
96.99443571245291,90.69787059034392,1.932721333958219,nan
89.93993566724775,100.54103232879353,1.9327242135847356,nan
105.07488669919975,99.61546234515349,1.932730947354058,nan
99.76968272247268,104.94420928157675,1.9331596705131973,nan
93.36534092656858,94.42904200004197,1.9332972583951125,nan
100.1701525064365,97.37195809922304,1.9334824390335323,nan
20.332519865248646,165.99312518023785,1.9339997206636474,nan
241.82013116845405,97.24270371010128,1.934047601759306,nan
71.30337903181925,146.39758555835735,1.9343706292005662,nan
97.55785456497834,102.43881702582642,1.935624331508913,nan
125.16590405005692,3.125004144911833,1.9359575954627308,nan
101.07973434858961,102.98622042848484,1.936190497502134,nan
228.91863370258292,94.51552577197732,1.9363705370325366,nan
4.925039959711951,134.45555393056543,1.9365570540946864,nan
173.49254667955688,9.16067569276086,1.936790508296308,nan
179.6339796618352,3.368147852128112,1.9367999205616073,nan
174.58586419439956,2.070223042090462,1.9368386907833546,nan
97.32736400715987,111.05309657327327,1.9370638850238746,nan
168.95056477080368,5.728821953660923,1.937193047093708,nan
135.00651348400743,71.00684207621464,1.937336798375039,nan
129.0875224736003,64.32390997931458,1.9373461557342424,nan
124.22717250500105,65.55300686973293,1.9374034747859636,nan
124.37593755201912,52.70529043399227,1.937405319681176,nan
124.96753618982356,60.896117044035066,1.9374299740455196,nan
241.39540401875922,6.431018789128646,1.9374498608031647,nan
96.7659063599335,177.59471058196294,1.9375009018248381,nan
80.91393758901782,165.85028747684004,1.937519573965572,nan
68.70065324656109,177.57585574167715,1.9375418909386952,nan
80.65119174242716,177.3588843819206,1.9376174996090747,nan
81.1310289394054,173.82671573905145,1.9376836861715265,nan
87.55926212536099,173.70828720260553,1.937704911090403,nan
90.49966100017764,171.6454766740392,1.9377244415861379,nan
78.13530754543814,180.5320749297703,1.9377744207927288,nan
123.60761114350848,59.234709243627165,1.9377832181155772,nan
94.28097389042301,178.56170215092928,1.937887638098044,nan
85.57397412206367,163.69507641959484,1.9379933107540586,nan
244.5939108800473,14.67247961974378,1.9380041164508868,nan
184.52101122592694,-3.797627603614712,1.9380594777797902,nan
118.69664855862408,65.8056169787186,1.9381821915014399,nan
87.90603245144011,168.05888976047882,1.9386720585169483,nan
243.47651612367198,16.506825733415855,1.9387931696035239,nan
115.42504280833225,104.49664380604636,1.9389966359374717,nan
18.10577959962195,162.26248571956648,1.9390896865738394,nan
20.64773845999978,126.64064332208251,1.9394190404361342,nan
98.06950282577398,104.88406493007739,1.9394746720334106,nan
2.915786495088244,113.6385825361299,1.9395414690088268,nan
99.51441318426414,223.08812817040894,1.9396965865283002,nan
83.54351804984391,176.17681239990966,1.939739572415404,nan
237.52904255750713,89.48245037958691,1.9398513634043901,nan
120.47093621417456,9.141518989366428,1.9399919931936154,nan
82.85753802944066,130.7902937806284,1.9402440630863158,nan
116.58488427515044,0.5993449354033398,1.9404298025696305,nan
225.5417712814778,24.734565345504333,1.9405367078787448,nan
227.3282482799273,33.59819802266738,1.9405611670499567,nan
17.10450105085604,7.340732860914976,1.940579351762303,nan
230.32218751677752,26.00348891982225,1.940626772705857,nan
234.64516184242402,102.74766206970709,1.9418178790868885,nan
63.80882321740334,138.24398996312263,1.9419402201449358,nan
123.56287611291371,126.096741162831,1.9420417262687637,nan
113.12237732567209,130.62401210213835,1.9420459937028478,nan
124.26950078669968,132.25733070867827,1.9420905576204195,nan
120.5913665010475,127.48926076284567,1.942135328484613,nan
119.98444912362842,138.74461176545893,1.9421817215332549,nan
120.74037350519012,130.60325733027977,1.9421836950037026,nan
186.57604727614694,243.2403025029584,1.9422265566888184,nan
122.00443782143083,128.23050881869472,1.9422496530874196,nan
123.59456507913112,128.88097580825865,1.9423585713752127,nan
123.30256303684007,120.02378144294185,1.9426193810225452,nan
143.54167016742358,231.50024435469166,1.9430277145042802,nan
137.9753003605402,222.82724984684748,1.9430292950602772,nan
147.77985435050132,223.42854797865735,1.9430525950538227,nan
149.2085571414417,234.38732859915896,1.9431174907525532,nan
145.51407698074175,225.59637757252764,1.9431204136597706,nan
133.9208507867177,230.24826519996682,1.9431232438682104,nan
138.29714741230188,224.98847638976903,1.9431967735339268,nan
121.06808646421213,72.20346171050409,1.9432449878424105,nan
174.58517039165935,-5.359457538622708,1.9436387111091489,nan
143.8532748857487,227.91489181946392,1.9438861683107094,nan
22.117750593878498,99.14969701289658,1.944002328540923,nan
19.52973468498001,95.74902803918634,1.9440087847738632,nan
18.35629865688536,96.32539186702742,1.9440528308044158,nan
83.69426952628265,167.39365320298242,1.944108122119051,nan
29.36277592229439,97.65274192500797,1.944162988331028,nan
123.5227857362373,135.03908718768426,1.94423883977833,nan
220.88227046548124,105.39033802159621,1.9443531105201977,nan
76.89799884807576,161.9907796052452,1.9444271741040073,nan
30.920407549282537,97.27718305192582,1.9448125566558887,nan
92.77787470361748,52.28854322582203,1.9449992051903169,nan
113.75798022614735,151.6265197234282,1.9458018144933622,nan
80.16160469697331,170.2692844788408,1.9462620168944236,nan
111.48895328234175,6.553869403801892,1.9463559509831105,nan
16.683290531646076,96.83863941020562,1.9470926057642082,nan
94.33831158740398,100.30372139751744,1.9473505498303398,nan
170.58481389508802,8.669500876272561,1.9474614466474016,nan
116.60089356815402,202.92757376656468,1.9475732517763993,nan
114.35707829372838,61.21132813860269,1.9475955675692562,nan
225.06390523640218,15.313276132632408,1.9482158799017533,nan
11.9807853040068,93.40150584897277,1.94823150685792,nan
2.613476564217836,128.71820198958875,1.9485789334889283,nan
-0.02587104212319274,142.2254883509882,1.9486153537440283,nan
-4.439526898393227,128.67353697573697,1.9486189110176542,nan
7.524247745591973,134.5549591963714,1.9486341662324584,nan
-3.015797628985901,130.12527732601137,1.948646885997809,nan
181.19830847918334,7.552161829053057,1.9487143794550963,nan
3.744614614909274,141.98985482802405,1.9487214596621707,nan
129.56681333012494,227.4231435986059,1.9487335871043394,nan
18.554682407768926,252.80198109304803,1.9487862766456656,nan
5.123265432258123,133.00300581740416,1.9492734074269011,nan
1.8281829823778348,136.84830209094446,1.9503698911006015,nan
130.81418707134574,55.7813697214923,1.9504809341483726,nan
122.46293322386067,49.81806573294106,1.9505847899290636,nan
117.72239457136878,55.31696300668953,1.950604793000422,nan
122.32686656045395,45.57883501591553,1.9506336932666757,nan
118.66210249712091,44.836500267625695,1.9508239238021328,nan
20.310032568008673,96.76008600326635,1.9514438900141586,nan
92.0996591214663,101.05346050147494,1.951598384764592,nan
146.62939479158092,225.0269247509088,1.9517578729036096,nan
28.790968854072382,96.59036865170967,1.9519674853165887,nan
3.1448917284042723,132.16141510552916,1.9521340479784624,nan
147.40874123561701,233.38811078358123,1.9523601448208434,nan
152.76137022544788,228.390600871828,1.9527200234982487,nan
80.99644366588952,252.1559433414129,1.953388063280373,nan
24.28599301274482,103.95536910087098,1.9534060148352297,nan
154.22902749759803,244.1431634706878,1.9534341553314398,nan
-1.692639859778859,139.3528655166786,1.9537300129371966,nan
124.94655063358844,71.48593987416272,1.9540062166094645,nan
63.818953696609896,142.38804305258398,1.95413018793229,nan
75.93580016897818,50.63206887207052,1.9543779180419876,nan
69.88554651271282,37.12885038656108,1.9543795512447253,nan
62.089248251196544,46.40030726039261,1.954390105019404,nan
82.48677468479278,176.33079126904545,1.9544409650799288,nan
64.42502155192398,41.68910672043532,1.9544907861690712,nan
66.06143387792407,47.08191355173518,1.9545294453982514,nan
57.652552044536144,37.25136065976901,1.9546494409301334,nan
120.50843792963708,131.0668919837411,1.954759408997637,nan
60.65188041502224,50.24741448551685,1.9550077443274922,nan
101.87885690915965,155.61159678635175,1.9555066106359436,nan
68.25158212884025,40.59130524730101,1.9557299531063814,nan
129.06590817826935,54.62101666174027,1.9557745186881346,nan
88.89561038466319,63.19343968540191,1.9575482595345306,nan
10.366977266870474,13.58215313106265,1.958266422440239,nan
177.8087176081373,230.95543935799594,1.9585258858921393,nan
186.20590215626797,224.16694089444934,1.9585329476559052,nan
173.8613352061053,211.85131880335354,1.9585513435707316,nan
179.81155661580385,231.6886761276146,1.9586159011771578,nan
179.8476017919557,225.14624424963637,1.9586537200859249,nan
127.40048641267202,221.60454765846458,1.9586951154478927,nan
132.23883105678738,225.97797912360733,1.9586982890358078,nan
21.284429133534342,98.99492907273334,1.9587294532815085,nan
126.04461112027928,232.03577540267597,1.9588060193534353,nan
196.84030063923612,194.77741996908372,1.958840873293358,nan
118.45701444095172,224.4830689837893,1.958863704598764,nan
197.08791463661152,201.6457294515948,1.9588667286124535,nan
191.46331039145662,194.29999822296014,1.9589363448211687,nan
194.37118275106565,210.28792812473125,1.958942585680662,nan
201.01893042649456,200.94855124365873,1.9589503524465848,nan
175.16292677724954,224.62730885734496,1.9590145176784302,nan
198.327657698082,200.33607966749776,1.9590161720153747,nan
137.9499195634439,212.6295684644404,1.9590679917458411,nan
82.10113121248393,176.49923922630708,1.9591139164869968,nan
187.3007786514489,220.60728753860735,1.959289039762945,nan
191.8809254095619,203.40331616792704,1.9594094159986946,nan
93.38959254159269,64.12545046152832,1.9597574666953053,nan
21.05260827199944,58.748543236188354,1.959859316573396,nan
20.384342384341572,52.54159716686579,1.9598976278452698,nan
138.45486242860508,229.22310030288355,1.9599262286096297,nan
27.130104401713492,183.84266952735288,1.9599721179447693,nan
22.96419681209103,180.01556769687392,1.9599735208236022,nan
18.608933790761007,189.39489495896657,1.9599919584971002,nan
13.422265038538875,190.7184450170244,1.960030549072298,nan
18.494583437145128,187.65050838128735,1.9601223858372259,nan
17.966436915657678,190.40638680298076,1.9602144140357614,nan
13.738106771154992,183.06130711884683,1.960295293844719,nan
171.18744427320163,221.35882717977654,1.9605318446186366,nan
21.685176380331306,250.2145097975931,1.9606368224985367,nan
186.09216991276685,212.70232443643172,1.9607385245127835,nan
5.232046433098543,137.17649462204358,1.9607858731133552,nan
99.93920404359518,97.84712830368431,1.9608819005487188,nan
196.03223774493907,194.13077659351953,1.9615167854684539,nan
21.89772625610968,48.474128420347924,1.9615219461917555,nan
187.08356527506635,194.76936929702276,1.9617961386659974,nan
22.28160829634777,103.45577321537853,1.9618598167474095,nan
9.968756833037896,183.24229339636096,1.9620602223599541,nan
123.65126328880223,52.41621953064477,1.9624434937361483,nan
138.23164832302015,231.31925794656962,1.9624539309488833,nan
19.10083285020551,182.14779027977278,1.9630699379885705,nan
144.37535552567957,220.4709701341039,1.9638613653288792,nan
179.94951794711966,209.50214952613024,1.964129556042294,nan
20.429406374844,188.87850562805096,1.9643342736833223,nan
22.68879053176509,188.91576856661482,1.9647007975649888,nan
199.12248559932434,194.41580783754029,1.966034680119955,nan
14.279664387190923,42.44931879123839,1.9667307814519421,nan
93.02621543144566,112.37047817523435,1.9668326256152842,nan
26.252126009920822,186.254530132853,1.967261359849385,nan
142.1222911300587,132.43043718118022,1.967823311230807,nan
139.51400759371478,130.4531670232145,1.9678347428983456,nan
138.12085245906002,134.4382749091159,1.9678450714048803,nan
141.6737117300153,125.51744191963567,1.9678583499234676,nan
6.849815388833794,45.90848583840592,1.96790038839914,nan
127.31807952213822,131.79694591764937,1.968022053138667,nan
9.880830567849376,44.16342542620655,1.9684386934659583,nan
86.9453393652365,131.5140956269117,1.9685633997461578,nan
53.566763220918695,14.092424220148743,1.96868919512609,nan
42.19369501450968,33.324401098855255,1.968689615869918,nan
46.21174312358944,15.803715065939816,1.9687016756900453,nan
45.86552351111607,17.588050665335462,1.9687193881056,nan
51.170889590639156,26.875268822284184,1.968722900610005,nan
139.88316028744092,136.22748535766752,1.9687380653072952,nan
14.037763390170708,129.52828594034898,1.9688455381081027,nan
49.33560402096051,31.998576763113952,1.9689584604429384,nan
49.689984860462005,15.58416893503414,1.969076254058598,nan
14.395190411604617,184.84649246413346,1.9691353831797156,nan
46.309507924644706,27.704944538320262,1.9691681654672446,nan
43.35685906862544,19.846199665851184,1.9692542830010549,nan
233.28392584283816,244.78716390155964,1.9694131072251257,nan
50.14160381449928,121.81459212508587,1.9694817394543673,nan
197.83278691057924,202.42609857078617,1.9695225588324914,nan
97.32587503934624,102.59591616508544,1.9695392936979301,nan
20.677045547796762,180.34194396698325,1.9700626770798149,nan
129.12089507227594,56.25679804697259,1.9705329408562817,nan
59.236513259963914,129.6261790821698,1.9706686220907126,nan
21.398172917722185,134.51948951804562,1.9711300794027096,nan
140.10540779207477,125.44133156894362,1.971156585362466,nan
141.18186922544638,228.80803622013985,1.9712584028596265,nan
120.30782566688535,224.20382197078928,1.972056913487951,nan
31.47312240440847,93.1746696763727,1.9720876083525722,nan
22.482952105202006,179.7527091973602,1.9736087755099114,nan
103.31211205464123,92.51100479846322,1.9738887600951345,nan
106.95975248910993,80.7742177499981,1.9738889828737733,nan
104.90233832535448,87.95361642659165,1.9738912475215185,nan
115.41827658480236,88.45649364031424,1.9738922538240005,nan
103.71396224737055,87.58322287822739,1.9739391287262318,nan
107.47532273600002,88.89584676908966,1.9739447623187472,nan
105.80378037525226,91.56762502463887,1.9740032393101705,nan
105.42134783597527,80.28091564527809,1.974023181238447,nan
108.27553085181908,84.34838181123504,1.9741065365815444,nan
103.99032466386707,88.82310887550791,1.9744478351280064,nan
108.51128063881788,91.85836245591054,1.975673190836766,nan
197.77015650596866,199.9224557052179,1.9759890346572475,nan
123.6114095406757,68.59218764807645,1.9765563202597238,nan
103.92021022353913,87.3946363058964,1.9768181772206528,nan
13.242087348737797,50.43540500502913,1.977156724733088,nan
42.530534906939145,28.155216515754564,1.9773444910983082,nan
43.86952226979886,19.86536822474436,1.9774888555165122,nan
4.586623691770665,181.3524463382012,1.9777604673170488,nan
48.98247212820975,15.848654445440546,1.9780243610325927,nan
137.34993995941596,129.68127942695386,1.978136182416298,nan
64.7497771823665,37.843689173033155,1.980080243050756,nan
116.53981308646121,105.709588219698,1.9801179928617307,nan
102.19081731376734,102.10587432052519,1.9801442696350295,nan
108.70961456883167,104.2758680820287,1.9801468705665444,nan
127.48114024485267,92.62885992887716,1.980243384210658,nan
135.12453794448476,211.60651938061292,1.9808381010042873,nan
184.71785114454352,218.6624454252675,1.9816062196312683,nan
107.76950679714709,206.05871923522503,1.9817498562861968,nan
108.33989591846057,212.049172439732,1.9817550160965378,nan
110.91676197473085,204.82384135566022,1.9817891229558773,nan
102.66487359857125,204.2851861091688,1.9818793156216006,nan
109.69314332859207,206.7787264674827,1.9819697684058322,nan
45.554459316224175,18.686294795356293,1.9822036146325586,nan
230.02321369757414,227.01428954075433,1.9824425771553738,nan
219.24111101351957,216.4705002540477,1.982460710193452,nan
223.62348655615136,220.61115002118456,1.982469160098156,nan
224.4023161502337,220.53136561924316,1.9824708120845935,nan
218.79562063220544,229.59427844014178,1.9824895999058743,nan
221.0976162619529,227.55333757437003,1.982548777008232,nan
219.6823853570431,224.9673750059029,1.9825797176509616,nan
222.64127895711144,229.43840564861875,1.9826507408916019,nan
25.54748753127275,230.29215464224382,1.983313589847635,nan
24.758053127353428,223.7940324390244,1.9833163925197634,nan
108.92258659048599,202.7601466182113,1.9833301460483637,nan
103.23296472702661,87.92915687964893,1.984125309460881,nan
205.70017445417847,199.69735421866326,1.9841861058837866,nan
98.95480912295272,205.06847000835577,1.984451447455472,nan
124.62711132687905,36.2563625774818,1.9851378986559935,nan
113.07178004834334,34.9362115729342,1.9851398056232936,nan
119.26712520860951,38.849003279697826,1.985148424443833,nan
119.20966287382012,39.56007406993504,1.9851866020766318,nan
125.99194815885342,36.838506973366435,1.9852192898497685,nan
124.18870415428584,41.87356368084773,1.985303439242953,nan
220.22098813994614,226.07646677315725,1.9854162601756953,nan
219.5411443888052,219.0885886634806,1.9857855456680147,nan
90.84602411300335,170.39372547851823,1.9861763014131968,nan
116.74212321038316,30.871092033032234,1.9866141658373122,nan
235.0402062592586,26.550870331728376,1.9866877138162882,nan
20.873974045092243,188.96256591255275,1.986857380038067,nan
119.25493102299501,39.54028983054217,1.986962322359928,nan
68.05324536071251,137.2811111008383,1.9870647829907295,nan
110.03759435816266,165.01456811344994,1.987809517897275,nan
114.0044800397785,169.2247316152479,1.987880581645779,nan
122.38136374856686,176.78699421814352,1.9879596996935742,nan
120.85185253802851,45.88262141871533,1.9881059551494935,nan
176.05561860367283,2.603542743332156,1.9881545695642788,nan
45.48151852671571,201.1024364134395,1.9883110610959116,nan
53.26408352880919,198.58099576327405,1.9883242004813868,nan
54.08311621157559,199.15299046380207,1.9883512812267001,nan
114.93138683444778,165.99808612975374,1.988405002024246,nan
44.607921730298884,204.83909765680178,1.9884061136673539,nan
50.40950952779077,198.54258943323993,1.9884505133994645,nan
46.01098155188306,190.7553482686959,1.9884600368264254,nan
25.52267381565961,218.9987677293092,1.988529576388789,nan
45.6249817597398,199.36376143327837,1.9885637581285684,nan
53.941436447298216,195.72132980506436,1.9886888813048378,nan
60.24986607281519,167.5908919068813,1.9888577434685197,nan
56.59559354054805,168.9628879760792,1.9888763148123112,nan
58.29732806539081,166.39609126156472,1.9888823183917432,nan
41.2809153616812,204.93496013483426,1.988885923269196,nan
62.77967132425356,155.87492968233732,1.9889076984229632,nan
66.98210248399735,154.06295478540645,1.988912186643096,nan
20.271105630898862,183.55608338155008,1.9890429433068983,nan
213.77450621178016,224.9177752105576,1.9890475127235454,nan
223.42934311986033,241.5336171682057,1.989097507025758,nan
68.63714132563952,160.52929689048358,1.9891621029569635,nan
237.09975322543244,120.7794453724757,1.9892553323704867,nan
232.62052697276076,122.9785406144295,1.9892561384400005,nan
239.9446110970533,119.5454008582046,1.9892719243967674,nan
234.71683980845373,122.25333105831851,1.9892912411333408,nan
87.86506082495303,98.11412733428415,1.989313847858932,nan
243.42363882407025,123.64436778482859,1.989328575205421,nan
50.961790942391815,168.45533763296805,1.9895263510964787,nan
117.01529457146631,36.85080797893104,1.989548486200764,nan
239.04625422718814,139.06114682163704,1.9900326691583452,nan
237.03809796055765,126.50877989569709,1.9900524706987686,nan
233.3523468759441,112.49651566351571,1.9901787004216005,nan
240.39458452576415,115.64330798056181,1.9902091637467285,nan
46.34874722244882,200.19523365381602,1.9909486680027868,nan
121.25299140710487,39.44334985557633,1.9912649295990918,nan
99.20297649787116,197.12213193920903,1.9914208979647028,nan
49.18367393444401,196.1047483415536,1.99142454734062,nan
39.85442411333052,220.99385519767273,1.991609944933796,nan
124.27766894937814,34.81868326962632,1.991829144379212,nan
120.32686066094375,27.213819588144005,1.9918568328884143,nan
117.93405026145582,38.18436578166251,1.9932879435002402,nan
219.809564965441,225.51475423810228,1.9939634067857819,nan
235.40560899236434,120.19629305707235,1.9941128681411555,nan
117.92322701185546,169.06882102599715,1.9942278554720068,nan
119.53532100635579,35.7007759389342,1.9946337793179174,nan
115.87309480431118,28.199975452672774,1.9962282647562797,nan
106.24122319038014,87.39488420165839,1.996717503008287,nan
105.40799669530634,195.98271668326794,1.9968382836710297,nan
27.27672646804588,25.61276006522513,1.997271157526869,nan
26.002643896783187,21.443450359068247,1.9972774674233653,nan
31.68525108090491,31.26277299111488,1.9972840161483192,nan
38.329352020024274,21.507926148636393,1.9972924385965503,nan
22.59281945539411,26.33469121699717,1.9972939810201238,nan
31.687358949243173,22.270536698929718,1.9974185418160835,nan
25.414044994018436,23.534888474898903,1.9974282674128838,nan
31.459620315290124,19.73294732806366,1.9975102835175735,nan
38.89963424925833,20.10980324664137,1.997517874727574,nan
38.38834554515842,21.6903429427028,1.9984204031998183,nan
216.8941211036304,194.7718763768394,1.9988477839316974,nan
209.73739495963042,190.20851940826273,1.9988645501134572,nan
203.33123312553633,182.9035010912563,1.998887119805669,nan
214.31488144014156,197.36174997836665,1.9989327846233862,nan
38.20631214027267,18.340214585555632,1.9989410599939095,nan
208.62277463383796,191.6855538976488,1.9989492265129407,nan
205.01873653562504,188.27147236690413,1.9990450272709468,nan
203.84323613020055,189.95277648461638,1.9990976299334104,nan
201.23113625710565,185.32346777603854,1.9991367246181535,nan
204.05348976753544,197.46468767285745,1.9993339768624807,nan
210.51506666225177,194.03000275741678,1.9993447499108772,nan
70.19661724981663,155.0244883992578,1.9995037021565776,nan
201.2313645717985,180.0296792564813,1.9996400904259972,nan
196.21719731952845,182.85856307596308,1.9997087516878387,nan
200.78572539521392,203.69241238876523,1.9998469880871532,nan
72.85469538306815,163.819196615503,2.000116485273476,nan
34.835550127878726,17.77863652383477,2.0006659764767445,nan
34.218866162933345,22.293844657878644,2.000930705105175,nan
196.23986491121036,181.7520003904894,2.000985372077815,nan
64.93464513947256,84.01087187349216,2.000995620691479,nan
71.15750692509975,81.71894159411728,2.0010132188767376,nan
72.28452748595254,85.48088318565105,2.001032657567411,nan
61.25669924846564,83.49553957421423,2.001033335791895,nan
62.89520177254138,94.84889697185078,2.0010355444589183,nan
73.89412251647823,90.68497473082371,2.0010969356992674,nan
200.6916200943223,192.9335405756094,2.0013660194118095,nan
51.69212185000689,12.966014762850358,2.001377702232926,nan
65.78497142741826,73.6908927739947,2.0014463235308257,nan
243.82990293691068,20.944586996867507,2.001513617517753,nan
201.9052293202724,187.72207240163928,2.001652363351616,nan
116.01776637662819,92.7113758591128,2.001825860435643,nan
45.489692778112214,189.45763578916169,2.0029297347742845,nan
22.086828065011048,220.81403438963073,2.002942360610939,nan
111.28990896359012,207.35712295461715,2.0033306551323835,nan
64.01378033071363,163.5484009635199,2.003501649251751,nan
141.60929023997207,217.53528092477492,2.0041904944287223,nan
199.14072862462194,197.15722019026106,2.0041972915175275,nan
218.47578131206654,60.386755751854864,2.004343039124498,nan
221.95695519094744,60.56465533395023,2.0043805752637422,nan
219.28606693421187,70.7006344377901,2.0044067540834924,nan
152.57076484642943,211.65962214318787,2.0044354499297135,nan
128.33502903154547,29.494285603235983,2.0044428147077182,nan
124.14278854568482,23.511467491620785,2.0044826082097758,nan
126.46531841867372,24.9945762333018,2.0045318725492822,nan
215.8138317688911,61.34423256340889,2.0045832915619948,nan
74.44872112083374,71.76155178320546,2.0050048960565197,nan
185.53516466922886,218.32502164391832,2.005125159415631,nan
214.1510187601252,228.8942660465,2.006019660415357,nan
75.48351959753425,89.71151018610787,2.0060426545844825,nan
207.35104237694858,194.40682869377602,2.006061274517075,nan
89.06025313896893,62.51571373966344,2.0061088282632777,nan
83.18393974178524,62.867471350174135,2.0061106233345427,nan
193.34244353647983,202.82462466081103,2.006176225022171,nan
85.70289572728092,60.75626485661928,2.006217110617577,nan
102.63239469811114,51.29945021730326,2.0062831840192987,nan
213.96326816840457,67.85090603293031,2.006363184838833,nan
202.35499122645396,175.0870800172834,2.0064260756313077,nan
208.5206547839818,190.0206821284346,2.006445571698667,nan
104.20981825907961,63.43956790014226,2.0065690272091126,nan
91.5996627820549,62.67561490747229,2.0067174876572005,nan
110.30720153325211,212.8571918460403,2.0067262021818943,nan
199.88416722836422,192.11226559886572,2.0070942867271486,nan
25.846738253692784,21.570590240836218,2.007515700415685,nan
67.78261020392168,134.82628777990706,2.0075247093201436,nan
63.092292529126524,130.70950898490352,2.0075467725648135,nan
59.3213632943765,139.6627566561915,2.0075686000728643,nan
64.53718107594607,122.07552850460576,2.00757315681558,nan
114.6024547151475,175.9697391501662,2.0076987219917903,nan
59.74117474328858,133.4521222145229,2.0077186640240474,nan
205.0870588981623,192.84871345894072,2.0081472872657593,nan
202.93947267463545,200.07186279674315,2.0082871948280605,nan
71.0845162434206,93.04021755058507,2.0084048282036124,nan
248.4115938801351,117.87393249492833,2.0086103186410575,nan
108.62383108559447,212.00411733364223,2.0088478249968498,nan
135.83151706359635,10.531234861744508,2.0089783643899968,nan
142.41481175683631,217.56586872448722,2.009645352228096,nan
202.0942824625093,185.13200995827125,2.009653420198919,nan
25.95959885960957,26.11263704909473,2.0099106048490003,nan
52.23375431516885,131.55670010426462,2.0100060317719577,nan
194.87186523739868,195.40211844961527,2.010099500022853,nan
124.66019871805983,126.67249233132252,2.0101792830791125,nan
192.1586908536931,199.376719255942,2.0105001869733434,nan
134.2056736665701,24.286248641368193,2.0105241025206406,nan
197.85057510168178,72.14077709093586,2.0105458617899576,nan
187.31728581049381,68.57683587731535,2.010558143152864,nan
192.15057464654976,67.34082477275975,2.010623032414114,nan
205.5337711248567,73.25471823503149,2.010634933169856,nan
193.65175319191755,72.82195211130605,2.0110132238720806,nan
185.11319566245643,74.12088052719946,2.011181497362725,nan
58.31087615908077,129.1296299542487,2.0118066720515055,nan
27.811388685412187,25.781147801891407,2.011811400230003,nan
193.0823753332568,36.56804371521668,2.0118429079332816,nan
190.67805089129726,26.11655824447947,2.011847688685538,nan
192.3213172780777,32.49634920202983,2.0118480806032837,nan
194.16333834439857,29.161156140202,2.0118485178532994,nan
198.60769373269846,28.625459171357747,2.011856111717431,nan
33.95905585407106,29.963508938923844,2.0118576923125104,nan
190.33572202444836,24.238003722371595,2.0118589863513936,nan
202.43064961928124,26.32712919079378,2.0118681458459555,nan
181.98660057775135,24.059665185580926,2.0118696158512086,nan
176.05830674237475,34.07421368686213,2.0118697723473487,nan
197.64335415196868,23.21756977914699,2.01187852418724,nan
194.76471361086928,26.345169871832773,2.011904399707472,nan
196.5199199530268,19.448510264669032,2.0119077282829085,nan
183.96473547906774,30.549918873902904,2.0119078839163778,nan
189.514814341431,27.285056275661734,2.012007285344541,nan
149.06997171290843,209.23915416545944,2.0120117583631374,nan
194.8840931435859,22.549414719028903,2.012190458989634,nan
193.78826880696832,31.932073167666136,2.0122896289286114,nan
190.9841182060059,30.243202621685104,2.0124649845405354,nan
189.9313477957099,62.919389023174006,2.0127946464527846,nan
182.25730648130872,25.8794234216936,2.0128908384947723,nan
74.72518593545267,132.60734552117984,2.0129264335974426,nan
28.834704600482933,30.18606892090057,2.0133275195574964,nan
53.300441819444266,133.8927116031137,2.0140038274734104,nan
32.468128777411174,21.877405216734463,2.0144258871442755,nan
203.6601956467501,195.15447550249618,2.014455407409796,nan
123.678865594697,30.924509351820657,2.0147223504987344,nan
185.95239106950902,34.721364994136124,2.0149627938577037,nan
189.14484229833104,17.501778327512113,2.015661842915465,nan
60.252115406020074,127.1122136234782,2.015703252885589,nan
114.781391431031,26.31106445008618,2.016120812130567,nan
99.20821363733009,19.234467225901977,2.016146256210879,nan
102.29558239577794,31.705059699443495,2.0161849791857707,nan
96.97007547984043,32.097714561639656,2.01618874011359,nan
106.23603189044343,23.272243914789147,2.016215401553118,nan
107.45574095568523,20.290848991967255,2.0162721766361535,nan
105.73905875437593,17.1873559072957,2.0162850051258925,nan
186.4251225960445,74.56594176804269,2.016288869637565,nan
99.5898717318163,27.992739795204216,2.0164355151796327,nan
188.85240619777707,31.919697809434396,2.0164974316857363,nan
203.20873287891632,190.40147959072937,2.016645412522256,nan
195.62682380844345,63.231484413080885,2.0171618795875763,nan
62.14291919836409,133.90350724277485,2.017218501283277,nan
102.2846281330336,22.92787272968638,2.017233955492196,nan
101.26887465237623,15.732029233407527,2.017476203513567,nan
44.15616437211831,17.290041306308236,2.0176995877376345,nan
187.7709347123258,34.36741768294975,2.018669999964044,nan
82.82828612818268,250.3030556601598,2.019277146949503,nan
78.11780295549285,245.2283388292335,2.01927882496527,nan
94.15889895313171,259.01479938455014,2.0192960285254324,nan
81.16168473590237,246.84491269065492,2.0193040773043713,nan
90.68532618470294,250.9126481403544,2.019304856376783,nan
88.89297316236468,251.30706247630184,2.019323210864402,nan
84.58630350642333,252.6730747933641,2.0193256011439322,nan
86.76097070375037,249.96835599239802,2.0193326862659076,nan
90.62610825913204,257.3179333037168,2.0193740717000432,nan
81.79118346087105,257.4108241078892,2.0193747426217326,nan
87.14752352721024,254.97400795543987,2.0193775589233516,nan
212.11528190675244,198.906664632287,2.019441843454256,nan
83.83104790547189,253.54055586988002,2.019478418957217,nan
85.86654928004847,248.35558835781214,2.019504980224889,nan
237.6550774520054,127.66010250061534,2.0199305959946194,nan
88.57572203085091,253.1611381913747,2.0199888571211098,nan
183.77800373840088,68.7778429558941,2.0206217418276413,nan
184.88356264199177,32.817310482599936,2.021074799705131,nan
101.33081648324512,29.248478376965885,2.0211429280653466,nan
165.79142276192965,86.31408420500712,2.0214684332729593,nan
158.55323588419247,91.00811543335588,2.021530838227981,nan
159.69318569066908,79.06618895544261,2.0215317862548123,nan
158.75709068863594,98.26903284123603,2.0216066043476086,nan
189.11221487103708,23.815827701621398,2.021672515043555,nan
96.4513742335083,63.04484256431006,2.0217408571563413,nan
162.03975296318103,93.36849796979494,2.02180057189222,nan
158.5691365789358,94.12292752094054,2.022619856563242,nan
66.59031767271071,138.47197048396026,2.0227129462341598,nan
163.15667554327146,79.3356299110393,2.0232212650790053,nan
70.99790156646065,137.3028680985163,2.023274607967846,nan
189.54937670131423,14.399803040541537,2.0233062031074662,nan
179.2559207637704,25.835088054764203,2.0234685984680296,nan
81.4664463127333,57.49984627700347,2.0236901032752703,nan
61.8730082967225,137.56275844998135,2.0249296068729628,nan
154.93097693737437,76.90118823812595,2.025350296809169,nan
85.2688282860246,18.38629734965575,2.0254901319650385,nan
157.84744669916753,91.77625065289615,2.025505861355667,nan
114.15541259862653,56.19893825956229,2.0258142733527063,nan
230.3962817307408,130.0318051861549,2.0263336753434045,nan
202.65506596373592,193.148982825646,2.027003828721972,nan
102.21488794550596,205.97360301578277,2.02727221542443,nan
86.88358137810523,250.8425651282743,2.0275735334469793,nan
43.49307498446723,24.178315721276075,2.027812124425819,nan
188.3068189876778,68.77121302610749,2.02804925319617,nan
183.74597392447347,22.427215795722034,2.0284365062170635,nan
56.492110783755315,151.97513977871978,2.0293863965340697,nan
83.22783348954809,262.5202299863528,2.029901874437988,nan
145.5339992750829,192.2527933954854,2.0301302954333,nan
133.5176754512093,196.5626248914816,2.0302040968787316,nan
169.18952001691753,15.850333901893892,2.030362249043706,nan
192.20979386650365,32.80883646996337,2.030790068372844,nan
37.74411567290809,131.30385258155368,2.031089636185017,nan
42.50502397539664,145.91404693800416,2.031090063268411,nan
55.35006335228816,148.92320133316517,2.0310971860005727,nan
39.77913166880619,140.32483500683563,2.0311040874101915,nan
47.37639546259886,131.73840314102063,2.031110002438544,nan
43.18671774215209,130.60755177538636,2.031110330511477,nan
42.45363099637381,138.49247820971132,2.031142741702169,nan
48.42592653263131,148.43126510944336,2.0311556513372735,nan
46.69142189794651,148.7247774575339,2.0311576405718297,nan
46.61083745509622,142.725372662571,2.0313949001687566,nan
43.04802947212658,146.84693210583262,2.031489396523403,nan
159.22477704115735,89.5924763932734,2.03158619686669,nan
79.22524055236215,204.08268119677516,2.031922981593614,nan
73.91514217383686,201.86152488007684,2.0319994830708454,nan
89.25404012146412,248.08688038819247,2.0324032480073586,nan
44.89724591806373,145.86669418476694,2.0329384400641763,nan
55.380529859734196,144.31035107399623,2.033197158600291,nan
45.37775649450394,140.79250942559847,2.0333124923806465,nan
192.53036628425278,28.95423787565768,2.033424550872589,nan
69.20723639084603,88.2878982428956,2.034171301668172,nan
146.70542950320726,191.02456802554258,2.034176658586545,nan
167.2066405470166,70.17257387249653,2.0347014772419,nan
178.10182257420297,73.70460874898279,2.0347060027885724,nan
177.31934228556108,70.6702553614614,2.0347186827136614,nan
153.78467776337698,91.72820721920394,2.035080305117746,nan
180.78228658105468,62.471636313594395,2.0357306310482617,nan
50.5888588670308,146.5154466429275,2.0357880935416413,nan
197.46148256218956,76.14109878880339,2.036319437047937,nan
199.36501341599129,70.83164701466774,2.036328066054998,nan
190.0035868518175,72.96929826824272,2.036330129607826,nan
77.18934844842687,201.86100389187828,2.036345502092352,nan
192.16840597550205,75.20164048650625,2.036371282188247,nan
200.07799668627865,80.07783279449687,2.036430105199934,nan
191.8131575999548,77.26701064640754,2.0364702511964956,nan
201.15574552668775,78.07747518477014,2.036584174452165,nan
191.12439273010483,74.94061580252557,2.0366252732837324,nan
198.4479223316171,77.15503334132562,2.0366483426977307,nan
167.32459610044384,228.11850772990334,2.037540266067131,nan
163.24898539024767,219.48056683196202,2.0375581330059678,nan
166.55502088235048,238.76252918239365,2.037563578294982,nan
168.28768459738262,227.58568184732033,2.0375692634836655,nan
168.1187905252791,215.64883838001572,2.0375749399089824,nan
172.52959900630825,224.27412911871698,2.0375858446120314,nan
171.4208187484839,216.9886839535912,2.0376310257650627,nan
166.85771880135016,221.06389907548794,2.0376992195360093,nan
190.77157735666066,71.13328835725295,2.0377283822683054,nan
201.29065239895414,69.11072784123881,2.0377328803926464,nan
188.7708849917934,81.49696342538115,2.037736407856582,nan
191.23071942623494,73.24152062761782,2.0378034179677305,nan
190.48951452557492,80.78452089722467,2.0378237408920303,nan
180.7907735994099,75.30140261002973,2.037829535978338,nan
193.4617560328382,93.84560586589694,2.0378318344378434,nan
195.90137320327932,80.42550312027592,2.037863713039846,nan
187.49366537414522,73.02944324233785,2.0379183931421636,nan
192.52594391879052,87.92803810627579,2.038090560820028,nan
198.44036431749038,70.56124238437175,2.0390775424907526,nan
194.85988022690807,70.21043467071839,2.0390775907488092,nan
154.46637121714505,214.91192049017909,2.039130451177476,nan
143.45148518423318,208.01139649376177,2.04014923187999,nan
100.49988527951386,17.507679954937995,2.0401735342998744,nan
66.36441208728274,76.89079840113656,2.040211759959712,nan
54.86495955648925,73.40209656357558,2.0402143027970085,nan
62.15327284147055,83.60486086547935,2.0402160504024582,nan
167.10147953211273,224.45688010177318,2.0403558151802597,nan
58.919073907020845,76.02891875678048,2.0404710714629695,nan
179.98859068427456,65.06922801549318,2.04070411118709,nan
55.75588157088308,76.50966645227376,2.0409688368069094,nan
168.6506073117481,69.30899863168773,2.0410215587012224,nan
163.05627993600237,59.59887180166335,2.0411937494812067,nan
47.36420155464539,131.74826267621492,2.041202129205186,nan
164.5183976135772,74.12792986537404,2.041294983734287,nan
195.3747032048488,83.66951649067352,2.041477080720229,nan
173.75768841366778,60.55264712566674,2.041569203056574,nan
183.7078213435674,86.65044536219492,2.0415850259800568,nan
69.13564593097404,210.20515508090998,2.041653256710508,nan
165.7284759993298,69.5913868172375,2.0420145658542115,nan
153.82567879203276,214.72382546469143,2.0421117590108606,nan
166.59983958035738,224.4269708281924,2.042492900057123,nan
98.8083784263651,24.633268425404143,2.0425176718435645,nan
109.80786681568664,17.726082188710308,2.042807978935726,nan
135.15105768630164,13.587970944848484,2.042828664211246,nan
129.38853828084618,8.801552911424572,2.0428287925491415,nan
120.10098599986033,14.416361275552896,2.0428380743336882,nan
122.55478333443733,16.100627359911634,2.0428823295597702,nan
130.67649990021542,4.530479920872506,2.042914569609887,nan
128.1317873377722,11.298418488534148,2.0429556718738557,nan
118.03247114088359,6.630746705141754,2.0429989520410707,nan
78.48960924051843,204.5893908862282,2.043181864808168,nan
203.23076619583225,65.8334938561731,2.0436706942606344,nan
109.7837506178754,239.16504636596892,2.0438275503255925,nan
107.82621337782325,237.13351595626975,2.0438422291853775,nan
103.10138360522198,243.878613850113,2.043870374891911,nan
102.16816863353678,253.4087805374863,2.043884575633862,nan
112.3043982680209,240.63806110701208,2.0439309531583247,nan
118.21856404649255,9.379459607925286,2.0440060039886156,nan
182.78254430238044,21.043268321032745,2.044038617863656,nan
71.11671732696482,39.76003556900677,2.0441665986815636,nan
71.18541239984974,43.18409108244902,2.0441755919875333,nan
77.56078640249356,54.16932476864264,2.044214063281553,nan
198.58560699187103,69.88001856698179,2.0447675128265477,nan
116.66300639513459,9.397276306359199,2.0449937377872516,nan
58.60758405378101,79.50157453005538,2.045282007410146,nan
130.63596649422075,210.72176822635208,2.0455308829524594,nan
166.15826796195864,222.98473180290623,2.0457514687536347,nan
110.12257781900303,243.8106410045763,2.0459373301302843,nan
141.24603234052213,254.15465446844624,2.046235122797657,nan
68.85882879885926,53.19900052407607,2.0462417154570667,nan
77.76353007407768,204.1762110704674,2.046734158428945,nan
147.95998227488255,243.12100452285915,2.046902015040736,nan
45.950080203314755,150.9778302170259,2.0469069526043,nan
54.87280734628065,150.34433421513367,2.0469408842079186,nan
115.02250637166681,14.725604794837153,2.0472509902578078,nan
168.14044780132267,69.76122593052958,2.047258754724786,nan
53.54308170399394,143.5325132381952,2.0472993623880478,nan
51.10602748207953,137.7075373852418,2.0473948270141364,nan
157.260846616247,218.26129340919917,2.0475066306421525,nan
120.69404099137196,27.88648349731923,2.0479646017350084,nan
59.368563532501824,75.40733141255544,2.048343221936864,nan
205.2861743362282,81.16034261050397,2.048752840722875,nan
188.86182717036732,34.551934489251025,2.0498951474233267,nan
163.03126794569695,215.24786326383557,2.0500666668116736,nan
111.16839396943759,16.68495524712252,2.050432222079054,nan
75.22202868286507,238.50934187827878,2.050686144699251,nan
64.30585058279428,239.7665511534445,2.0506930498447837,nan
76.81373027452486,242.44630986047926,2.0507468128274597,nan
68.14985079438873,241.87975177762112,2.050757555503973,nan
68.83177609877066,241.18886578782048,2.0507853053477687,nan
174.29173941102385,60.79382994674538,2.050818465394784,nan
76.20658693796553,241.43009136127188,2.0509100963284586,nan
70.92413703884195,243.65197431481647,2.051134104861099,nan
71.95868830440385,249.51172171781374,2.051147175081408,nan
62.07569619849865,120.89966722371926,2.0514357877572973,nan
124.32877224939357,226.02465561776268,2.0524248158007095,nan
170.26905251330024,249.47188524645355,2.0525616419839823,nan
191.97854644033413,87.91570388793238,2.0526851508357105,nan
124.36147109689017,12.766287300067722,2.05395833523745,nan
48.158829221358154,141.31198266088245,2.054529592245448,nan
43.19712204620207,144.22276441134892,2.054932053614812,nan
172.45964557682933,65.16540415233412,2.0558845630236644,nan
75.32756789099983,245.29571583993493,2.055992037283785,nan
197.844025435486,83.29627297889273,2.0560086379025915,nan
166.2306284967461,216.2939446957134,2.056298761058039,nan
59.024093090802054,125.35885790270011,2.0564202332012527,nan
199.41394381638514,78.30861059377328,2.056819254258187,nan
170.94985508982742,65.619357163085,2.0573781724139635,nan
118.72025230716963,9.194391526778052,2.057786199661221,nan
63.16877774748128,56.85073283057745,2.057804048416008,nan
184.88630314780454,74.02524011960365,2.057853147646431,nan
167.3542963304422,227.02207406069795,2.0581029542941627,nan
63.44431627424972,85.73801652226369,2.0584854625195628,nan
70.54516850736269,46.74308953371405,2.0585720894059416,nan
181.60252047347998,239.46082915043195,2.0586492976966193,nan
173.78393350777657,27.981021234203762,2.0596781503325907,nan
162.07549237945915,71.38450016294087,2.0604969952308196,nan
123.10850925087136,7.283879935043396,2.060858509000995,nan
165.03952532503138,58.70314983823895,2.0618315727766405,nan
126.68028959506984,13.971861150756848,2.0622280817888874,nan
80.25667982753681,239.32600281690816,2.0625148996429044,nan
119.63587924434302,7.120617608785653,2.0625464733965333,nan
127.36082842019229,22.177074563521423,2.0626790863156437,nan
192.2151180419529,73.25662126729196,2.0640648320363004,nan
107.41641314635793,227.57562023448745,2.065609453036827,nan
196.33945206213843,65.67655508680285,2.066304555015394,nan
69.26490564505389,246.69802338410702,2.0669366700956955,nan
60.23229134494863,143.27587489415163,2.0738701255279333,nan
43.624940952642746,29.794237000361218,2.0752693282057426,nan
51.74754736234032,78.26412217979514,2.0789055045063978,nan
76.45483753897363,239.74298511078686,2.079010170717797,nan
71.36286962728657,240.99678233946963,2.0817794661788502,nan
74.81996352999457,49.29241769200071,2.0900626665428685,nan
78.80472810662386,241.1945210827152,2.0928465580046085,nan
170.80543443494494,215.9456798003463,2.1105128567769755,nan
110.87744495939629,240.31168025503501,2.113728413232921,nan
