x [px],y [px],t [s],t_relToExtTrigger [s]
60.402000755347316,231.60858916306367,0.002178027369664681,nan
50.04643506539592,235.33115059427197,0.0021800936144067084,nan
58.70026522588812,226.06084887668112,0.002182718209512369,nan
61.27496569337873,234.34396111529918,0.0021843488204087436,nan
42.73983444428511,222.74581109718724,0.0021855512378728182,nan
47.90123060837912,229.85096272199726,0.002187968487676617,nan
43.7921277790565,227.406431543609,0.0021885836483021117,nan
55.664357449093394,242.2255634928846,0.0021899840668053285,nan
65.15888369727156,240.4359993219354,0.00219091363342222,nan
44.50268320101974,229.18436076371503,0.002198668921424751,nan
50.40989584322543,220.78654605387888,0.0021999518466904624,nan
47.609373466005266,230.10090513071108,0.002202067818639808,nan
51.571804110451545,233.4987234512762,0.0022031427410776796,nan
51.63250652063682,225.14291254393936,0.002208053554189671,nan
61.994423594574144,228.89695482988446,0.00221051912899628,nan
48.750668628237754,231.353342524172,0.0022136501096851613,nan
54.78962533539434,232.78675234382604,0.0022146783537280836,nan
51.759214996324594,230.49829929846177,0.0022188540650398547,nan
43.53658011254281,234.34970293839953,0.0022262350289907196,nan
54.93131952653776,241.01665680835444,0.0022282484062550625,nan
58.12584241702649,235.71557545357993,0.0022295568543857615,nan
58.249298521195115,230.4257087552916,0.002231423460953197,nan
47.51461091818991,239.77359708709923,0.0022390833031169957,nan
49.54988699287379,232.72581799842555,0.0022495315628166313,nan
51.41851249878611,244.45666405245302,0.0022638768515780396,nan
58.68673681433645,228.4500093917008,0.0022730184435739266,nan
62.761172686161125,239.2472540554568,0.0022756111406620817,nan
53.79690617496469,220.10199693730837,0.002276704196105195,nan
53.91698377832341,235.20355067886456,0.0022839624338297673,nan
62.04447424006346,225.86499453251585,0.0022919230842292637,nan
57.786580583893965,234.36050801143608,0.002306732252736321,nan
51.434545296261994,229.61791760744015,0.002319009082542922,nan
54.69881696949919,239.81367956147986,0.002343909667052713,nan
59.030810581307804,233.48883420228552,0.0023484269240940715,nan
56.924615913406875,227.34907736769975,0.002357183155083309,nan
55.90547493038687,220.7222617485596,0.002389855256977802,nan
46.952140540049044,228.89867750013792,0.0023991486001622045,nan
47.15003831907285,224.80824370770108,0.002435792677201132,nan
56.12260143440933,241.8192328194652,0.0025052463549059324,nan
61.06975354520171,226.26182264487502,0.0025245389664469986,nan
55.77360971323184,246.95112769386444,0.0025501501734569334,nan
224.93551971948395,126.11714325747296,0.0025728827439974733,nan
227.19995399401174,137.77076625560696,0.0025759626307681914,nan
224.76179217892343,131.5300968213365,0.002584220935135562,nan
229.4293455353564,134.50412587393592,0.002586358723244797,nan
42.45058937540649,233.87462956789747,0.0026097039341051787,nan
230.9423636790512,135.44790296452607,0.0026242612517821673,nan
54.399858161578194,232.49617984290848,0.0026258395286200553,nan
225.4372222079815,132.852110389893,0.002662936325361942,nan
228.36161781226937,124.27841248712534,0.002704034155030288,nan
234.84936298009467,132.38500994394107,0.0027146165862487748,nan
224.95119173125573,141.87277912909516,0.002725071102124543,nan
42.64814063669948,228.3047595841902,0.0028034803344262117,nan
225.74347431714617,135.0905040675007,0.0029291570105129394,nan
45.72859569446749,236.9645440244127,0.0029939161626168277,nan
46.053928032007164,230.02090128225217,0.0030693849262059315,nan
59.529062567563614,222.84018174186323,0.003077141123288252,nan
57.54279962979994,222.47524018642105,0.0034369722608095345,nan
61.5829305651548,227.20750012653372,0.003586836010294392,nan
56.84887898744005,230.41590776149937,0.003759683681164705,nan
56.341012659712916,224.6624519838439,0.004403641258075774,nan
47.56100053553669,231.8427286801822,0.004722586535960871,nan
198.11383563332328,113.75669178875017,0.005332513831055931,nan
200.2565135998532,105.52427715210426,0.005338584342571974,nan
202.53216249108505,95.44044669667126,0.005348456231643007,nan
204.60942353975076,108.31687306654051,0.005351724881393895,nan
210.06888737250785,117.00688383516207,0.005372463442132004,nan
239.5717808168189,133.49108460967147,0.005415831378065172,nan
204.92884040351294,115.32978452487282,0.005525179802055215,nan
223.9700633714348,131.44286512233302,0.00586372833384673,nan
60.09998024421359,225.8273696306847,0.005905022727740417,nan
51.60395795229893,236.08488264856115,0.0059107945587907,nan
202.77330633624865,98.64019592670334,0.006010056190268999,nan
226.17832112021028,132.9486789016652,0.0060306537799440065,nan
201.45010298668652,111.37052767066682,0.006147296001888071,nan
216.46837314852075,114.31964253792748,0.00619146621038983,nan
133.2790047743878,66.89979873182254,0.006223706372159777,nan
135.7957225965257,67.82234790931133,0.0062264136866603155,nan
145.73611675642113,66.55696416772099,0.006227015689041771,nan
135.84940731803178,62.32790060146913,0.0062290525658074145,nan
140.87675975882922,74.70901387515212,0.0062324167839874715,nan
132.30504468539954,73.30425641106305,0.006245105522146599,nan
133.32677522889196,68.20211935544944,0.006246583929349215,nan
143.61313839866392,74.52539589125041,0.006251238735825993,nan
148.69176677109868,67.41853994023289,0.006251300186592291,nan
133.04269894677708,55.96959883342415,0.0062521382457226835,nan
137.5181746547804,66.21967352611924,0.006254736058531086,nan
138.15624044770337,68.48978570618097,0.006267651585312695,nan
141.7339700212514,60.06264576853716,0.006277218655176931,nan
132.4139112507334,67.96020521710959,0.006278761577239478,nan
148.28157313712444,71.50466314780888,0.0063028562814358546,nan
149.69501214289753,69.17994624034813,0.006319085457872132,nan
140.5927500746219,71.33610905271493,0.0063505441063226534,nan
137.96418834708103,66.86300302407987,0.006351382006967844,nan
145.00657703273077,69.11204726593746,0.006371939308552788,nan
201.38583400851326,105.8679166178273,0.0064444605144090795,nan
195.8361594046857,105.89386939039817,0.006475646542211301,nan
141.85712370481062,75.08835331058498,0.0064888840309921154,nan
143.65145757992252,68.35110764576594,0.006495338156813758,nan
46.8288744627535,227.74362738879415,0.006714864849732971,nan
140.6068906484322,74.50282170015684,0.0067176919404502,nan
129.99589061520973,64.82443153134594,0.006864543738196239,nan
241.3435762661928,128.79027644871908,0.007002717515866619,nan
136.44673616885834,67.92297004839443,0.007096318438011873,nan
139.85340210838248,69.08566509465128,0.007119369431460543,nan
142.85985905505234,69.15801631487649,0.007280436351656073,nan
196.11486447562643,108.81431717948581,0.007454158835769643,nan
47.631529981024435,219.5874618530784,0.007782354473723019,nan
44.84322164736651,206.0303243514802,0.007884974007794206,nan
32.42759148664199,202.6563772759706,0.00788774476191901,nan
51.80823334040876,214.22125402394045,0.007893402200418639,nan
45.59570004606891,216.39761828904355,0.007903368550833864,nan
137.08228931487253,68.01496391040207,0.007962027491872649,nan
48.76730457251723,208.58377545259137,0.00797600437235146,nan
132.23082208352545,217.18989123383625,0.00813135859776074,nan
145.7663164354582,69.13863963921193,0.008137244194955373,nan
134.1298483258145,215.48647763739467,0.008140981750218745,nan
111.13813866344645,211.43105902873708,0.008158169563681438,nan
132.68080651329575,214.8596843143011,0.00822366229845115,nan
50.012199470197025,208.47317770551595,0.008247355653125807,nan
130.55527060798576,218.2968063740105,0.008280015613270285,nan
132.35258095217398,218.7445208588502,0.008289276901093344,nan
125.71561709998328,217.72022171625488,0.008322846927086756,nan
131.8168304303705,219.91954021270803,0.008359659165383247,nan
53.6881129379124,205.36188037639764,0.00836713890669026,nan
133.18289614136077,217.38380157990198,0.008415991996983329,nan
48.5763521468532,205.406861972324,0.008474832394017313,nan
125.27646952062388,209.79020483202657,0.00852817352331343,nan
131.6100396288536,68.63395302935285,0.008591275660572939,nan
86.01786324369942,159.73740010650735,0.009036919416721603,nan
80.00151392991346,156.18974004125727,0.009037912491920265,nan
82.65884103027332,169.37394042083767,0.009040412365962603,nan
52.50831396569929,209.2785208924566,0.009058319436872395,nan
85.16443817059199,158.517559880907,0.009062241476331436,nan
82.07933793410292,162.68923577836802,0.009063673706990407,nan
79.49531775967843,162.3762874298823,0.009065450367590912,nan
82.62051305116306,165.21824177935122,0.009066814344214193,nan
81.8905515268832,164.54353681280148,0.009083530461576618,nan
87.16619223208961,156.6923918934981,0.009084536661709865,nan
77.58048429784961,166.3045608006743,0.009097289896419815,nan
78.76935000914662,162.8014460616279,0.009100666245971457,nan
82.22176673825466,163.73243891594376,0.009100786008329677,nan
44.4017169242656,207.83262150308488,0.009125499124743494,nan
144.05746004157737,64.71173371231394,0.009126085907055492,nan
94.31570228680962,153.76665150840603,0.009145585719809958,nan
82.82298417338592,152.48147461103264,0.00915831403728106,nan
238.4416363193711,132.68582888505296,0.009427846503642113,nan
199.47794269411435,119.56080849724454,0.009438723175601817,nan
136.18639351956497,61.019790996760655,0.00944396363842236,nan
89.34011389568323,170.93679403461306,0.009457001109120601,nan
51.6394193540399,194.39646251566091,0.00946363331033185,nan
54.61607589449576,205.38712312080307,0.009707645295352514,nan
88.52703441704335,160.1767741949471,0.010125709518747207,nan
53.565493316682264,219.31830898004358,0.010403440668116146,nan
51.97991012286319,233.0506220062728,0.010452229592443008,nan
48.53244225890983,234.40111065398048,0.010531025899716362,nan
76.77377439222167,156.35852152637548,0.010544525942582707,nan
208.40557966812156,106.86065322911581,0.01067966329745772,nan
86.02897738674045,161.1778133678014,0.010703796434940273,nan
50.8452801950225,237.61802501919573,0.01073070007982857,nan
80.7802121965548,164.4975361902145,0.01073411458327176,nan
83.81963256453658,165.90727215524998,0.011199087137522237,nan
129.51511650559488,70.70157410192846,0.01203235288927712,nan
84.20839847265852,162.32222860015278,0.012091446979728861,nan
55.3778101417001,230.609002399809,0.012399554044573935,nan
206.66855147160305,111.54740505461305,0.012465540167147772,nan
234.00018759310365,132.9851282518655,0.012501269636279611,nan
51.758548610583624,234.3340096984146,0.012777809094360193,nan
46.307869573145084,225.5268086407209,0.0129854722469689,nan
53.978393146596865,212.83643459497185,0.01307187810115757,nan
49.932252771549116,209.83227382610585,0.013098785834392598,nan
35.16534646966352,200.5994112781856,0.01318133580493723,nan
8.70292256423696,38.175306997601304,0.013241987091698696,nan
8.06912494040955,43.26934488943237,0.01324439509952196,nan
-0.053690048389940556,41.94275021212611,0.013249053273836645,nan
135.88781120931242,64.05130719389645,0.013257166899712004,nan
7.791198687551424,33.43974914327391,0.013268009777385684,nan
9.866923539797453,40.99903131906205,0.013273109440786794,nan
-2.5546906393482818,36.39108799724906,0.01334800695347447,nan
15.8461332183441,39.84731009504671,0.013590031581934885,nan
-12.115630706350258,43.8237454193601,0.013613175787119139,nan
3.6694174216763455,42.322907990563415,0.013726908658596007,nan
47.023580888593074,229.74749049995827,0.01377422447911153,nan
5.607822547587997,47.41115854141978,0.013850844687044542,nan
166.46684288762447,197.22050266480926,0.013920881821422544,nan
164.38481149452082,207.40224382877443,0.013924096334270072,nan
174.19154306817552,215.6790866247824,0.013924548005304667,nan
167.82959650088014,204.1122253368815,0.01392553445617349,nan
168.36195699211575,224.85791020334145,0.013927799059914644,nan
166.6085407611704,199.90122585506012,0.013929914392545014,nan
173.91147664344976,204.48068644203713,0.01393812913127382,nan
156.07741590823497,216.35684579166713,0.013940861461833216,nan
159.34972729164724,209.45160167682855,0.013942265351939317,nan
164.9665595729903,199.33238002526573,0.01394392734761449,nan
159.26656280565953,202.7696485288323,0.013945088093434695,nan
161.73531804919176,203.22688936380933,0.013947552853174202,nan
169.06167545400876,214.6411000045677,0.013947593819753142,nan
165.17485838848472,207.8157134119401,0.013953045130389726,nan
167.02344854368474,196.75365310366556,0.01395399360216852,nan
171.385509035441,201.7549402026713,0.01395927061727725,nan
170.8223854602671,209.97879328635287,0.013960674380966083,nan
171.85725779629715,196.2732616702604,0.013968856999979858,nan
162.49258048154013,195.4659583896609,0.013969122476037618,nan
168.24587080256399,200.69238588163003,0.013970887830817921,nan
175.74015091097894,198.60817698099362,0.013976134512945144,nan
178.99573962296068,204.37489167838928,0.0139832578818279,nan
162.42379236645658,203.624024984183,0.013994901576529335,nan
162.33416800400684,211.11739184645157,0.014002086320075631,nan
163.16536472489557,197.1861668256229,0.014018463883996175,nan
161.37621980405623,197.00423364919533,0.014029175854998296,nan
168.79460941033008,201.4375379427019,0.014049984518036315,nan
160.54179191183513,209.14534852221513,0.014076389018768183,nan
165.74723706945733,214.32091875568514,0.014091706025682845,nan
167.01194953571803,202.78221142394884,0.014096206664312435,nan
84.65984494115672,162.31825307768213,0.014103259835955964,nan
175.31852062157134,207.45548124120128,0.01410467917248784,nan
162.6650738813391,213.66645744592682,0.014135064313940822,nan
215.8510378693414,108.18171156567433,0.014142109442705466,nan
154.69654982029033,205.0870229636731,0.014251900341042774,nan
162.24031077979825,201.11215529179907,0.014257173550491171,nan
157.53674847459462,198.08707970723103,0.01426296662904771,nan
167.18064943840028,216.0895065063552,0.014453264951630058,nan
158.70761322015733,197.60458727145055,0.014505897634520478,nan
228.50588597445727,133.42836578286284,0.014530842776841047,nan
167.64592147766322,200.5159966980409,0.014570198464447933,nan
38.70131056560691,211.00600982941816,0.014617745150745839,nan
9.940539931301084,38.40884239429435,0.01464878984389876,nan
155.91038711479632,201.31336602688478,0.014660266021967445,nan
235.6813952098265,133.5503730055632,0.014708094617784296,nan
163.79695596185064,202.8754765558971,0.014736389325097384,nan
0.45450915354038945,30.91082652521393,0.014841835517351146,nan
169.23782148434753,198.66910570093873,0.014888979658124553,nan
168.94804770043996,192.31974425330597,0.014985009096983866,nan
169.41067810179973,211.45508155329094,0.015012555013459291,nan
130.93659488638977,225.0573413600761,0.015123055007428055,nan
166.2342904562089,195.49282298281415,0.01548205782014423,nan
234.58605536296835,129.43902456209162,0.015584224077941434,nan
50.54641605812783,225.8995687946241,0.015631154066320208,nan
15.95680358798157,33.74352934892566,0.015650270576993235,nan
76.45960848161417,159.23182684188217,0.015746953538303576,nan
3.4417411382442964,33.022721822455026,0.015765276701152714,nan
170.3957046437262,212.06473812483355,0.015768443128236137,nan
75.3922354891279,164.68162737158306,0.015783923399817403,nan
167.53548002287204,206.9901685735306,0.015838492707732493,nan
167.142627808736,215.5624168261548,0.015909935279351237,nan
159.08252448529166,197.62328675081918,0.01601571387460082,nan
167.54473077207015,211.60504988858966,0.016017779307314378,nan
168.31570984149522,191.6205212068862,0.016127373533026918,nan
163.28652386738733,200.6003501325062,0.016169382134550433,nan
143.79745883950977,79.12791789437061,0.01621392111004292,nan
31.58604412959857,218.73825422516776,0.01652792426380021,nan
31.748324819425775,228.41184841606375,0.01657859575046483,nan
31.049721902601068,216.66461381096642,0.016591553459901542,nan
154.27896556717724,214.59969448024182,0.01669786293700842,nan
165.2246445009946,203.4513747736628,0.01679333086155334,nan
26.121705126024608,218.2596604376323,0.017055704626918678,nan
129.7985861135118,220.08090235346958,0.01711670768604957,nan
46.343169727709295,208.61844017092102,0.017320707117933362,nan
13.643186311916143,31.53941103830142,0.017552934635085032,nan
49.80671540726837,211.70460463999547,0.01763441880747245,nan
187.20692246161403,183.09117033749985,0.017684676347165234,nan
166.00949874111097,207.6646130371683,0.01768477559263559,nan
191.46361663221833,195.91283447118252,0.01768535887572237,nan
194.96365604061714,187.13601079145346,0.017685404916486607,nan
190.26675424531862,193.80003564751416,0.017689877624731346,nan
200.42032861962952,180.13078778166334,0.01769624208710681,nan
198.15812807117754,185.108792653928,0.01770043014900521,nan
200.51415167239364,196.40730626212522,0.01770709378268254,nan
195.74160835672268,192.15489691509785,0.017710110904144285,nan
186.6555992184389,194.88552099030179,0.017711501232455986,nan
197.27856461535555,198.9058150553024,0.01771928028842087,nan
196.652333292722,192.20467900715275,0.01773897421574513,nan
192.7184152333617,183.1532881264928,0.0177528633991828,nan
191.02050380826623,196.5387868783696,0.01776413113535166,nan
198.07812866790732,192.27258398282106,0.01777823796323003,nan
200.73418053384685,200.20093987733117,0.017788072708427364,nan
200.0551404075684,107.86795821656216,0.017800356560532797,nan
188.46671153830283,195.96069697402322,0.01784293412865168,nan
189.51897483274158,195.05513712988468,0.017850647805168898,nan
187.5659818190129,193.28975345648917,0.017850749226565214,nan
197.10625072363484,200.23385463954932,0.01788783478513945,nan
179.72547594989865,198.2538668678315,0.01791118304115487,nan
197.38819089968158,195.11961713279536,0.018080674946220125,nan
138.68478820699812,78.52904318498476,0.018107218669066984,nan
196.0636020838407,194.7796150527992,0.01815113322705934,nan
178.43616730752612,203.00626353742175,0.01816453004546055,nan
121.98151761410135,209.85173348534644,0.018368110363073883,nan
31.507779917686435,225.3721929102709,0.018370361660459435,nan
128.20941878257705,63.882298337580245,0.01840266428515025,nan
177.14249105813573,211.0769314495131,0.018448739734485804,nan
181.22741552569425,184.55471142026627,0.01846239907215436,nan
166.931063906673,204.94692078882196,0.018532698722573945,nan
231.79347053092383,129.7037666528791,0.018564963147770164,nan
55.843788267965074,236.9054599383352,0.01858285738066018,nan
164.1276882081395,215.06820996055862,0.0186521798073591,nan
167.27411697583898,198.54590228521462,0.018773055526773327,nan
184.29039637827043,182.1621877205256,0.018824343293489858,nan
181.4859746188095,187.78151734178724,0.018917825562507064,nan
50.60408942657517,224.47544834599236,0.019015072615419,nan
46.16465227557911,227.77630124661076,0.01901912631485183,nan
43.4675997190122,223.05041569274982,0.019020351933798373,nan
37.516154713286944,233.56091347662735,0.019023842365959852,nan
43.197582327792254,230.69485554192204,0.01902386587373528,nan
54.223067502190744,214.07564529105449,0.019031633669653568,nan
54.09794672533834,237.07437375221232,0.019032535453099696,nan
42.86564021851539,223.61673749033855,0.019045739443948526,nan
58.68874070650898,236.112162122702,0.01904922336841719,nan
53.54135641292583,236.62289094933232,0.01905042768765751,nan
45.03022855814521,225.97652730413344,0.019051721721844703,nan
196.47734708847554,193.18394427504936,0.01905906797293743,nan
45.5113090374666,230.04272187278167,0.01906450533925966,nan
48.47103150561248,223.54714932756784,0.01907209296398934,nan
40.320526295840615,234.62073271643345,0.01907695453722039,nan
186.20947062349347,185.1430521002517,0.019089878876569936,nan
53.05432072170055,228.84120303808322,0.01909508387838149,nan
52.92463599184627,224.48172611549188,0.01909517681387227,nan
49.93056112284139,229.77545917884882,0.019097650124674525,nan
54.132071460019695,220.9397878429202,0.01910122458266554,nan
50.84821937622419,230.60856921954547,0.01911634018038344,nan
48.767617343552494,232.76113696509609,0.019128322197894454,nan
40.75094272766665,217.56271903724053,0.019145864081333296,nan
43.53177544400863,229.08119678427778,0.019160170518720453,nan
58.89012526828734,232.2940093397967,0.019172364434160948,nan
44.232438658551104,221.32100351381115,0.0191913117604513,nan
39.31486951790045,224.45926784439354,0.01919584783502659,nan
46.1577535619398,228.10141366899074,0.019214782472470503,nan
47.866478406034844,222.3181496911199,0.019220857347071074,nan
42.52225358697091,219.54896756270315,0.019232629720402936,nan
46.287150405846546,228.11743078283118,0.019242511271754168,nan
39.630995122517696,234.0458311861044,0.019249887613798988,nan
133.9539691289076,212.78009796370492,0.01934148396185651,nan
50.20273982420159,235.14061489222772,0.019347516175156718,nan
43.90489113295461,234.50693947772666,0.019369193482904466,nan
46.33161059720214,226.43506224571559,0.019392841011933115,nan
45.67194467172768,223.72473154293033,0.019570009298379265,nan
55.14060162445293,231.67392283461467,0.01958431916765911,nan
52.41988679555076,230.37685011086802,0.01962224209572647,nan
90.6240548893866,154.50736193047635,0.019725425110496433,nan
39.52415680204467,225.333169216894,0.019857113985695538,nan
170.66670992092145,195.44826898851258,0.019873823114461918,nan
212.78052404179448,114.74478671770956,0.019893174517389922,nan
51.55326935215162,218.92029562640005,0.01996041555158122,nan
44.70644493262377,239.01902904922048,0.01996890106060446,nan
99.36921976890285,151.01598603487562,0.019973649530371743,nan
47.67185088420135,224.51822105302122,0.02005690443132524,nan
191.76817906694484,191.59437112677327,0.020071733470038725,nan
169.959861716592,202.29379406612838,0.020079398279805157,nan
84.38022148144402,155.449574278644,0.02010634206479264,nan
187.5146824138193,109.57185709741186,0.02014305429033361,nan
55.65154107256125,232.64368115557116,0.020178541608122092,nan
52.38388396535555,224.04547139416871,0.020197638455593983,nan
49.99967746424211,227.34158922124706,0.02073198084219141,nan
159.74120006313137,208.69339806291765,0.02092039312652707,nan
44.67609917756788,236.46713972101043,0.02120232622633765,nan
166.4830558032155,200.42776516323136,0.02127041563762576,nan
26.016897330182207,222.63153001707758,0.02132213141627255,nan
209.947767233959,109.80855784719388,0.021452936311983074,nan
199.64034681763115,197.73515085265444,0.02166299757772769,nan
82.44883939328278,156.91345719765965,0.02194260265129864,nan
87.30801102886723,158.85869024809907,0.02209823462050501,nan
41.369125962929814,233.11811346625214,0.022272482590083853,nan
199.74388045243978,194.65503181291749,0.02242534110889321,nan
162.82863585874645,198.3499347953643,0.02260149958873415,nan
141.2489985243386,70.77247532955259,0.02274875803598574,nan
194.97486896727546,195.84675730260582,0.022980017264040378,nan
134.42542911750633,62.11778217945929,0.023770194907241738,nan
135.6164542047187,71.50851998627435,0.024233296113025184,nan
189.53299604964968,179.8867312766858,0.024287273181182317,nan
251.95812044406256,207.1693407921768,0.02440591023983948,nan
256.59939880847764,204.75287185899953,0.02440698325265829,nan
245.9907275854623,196.45754048318744,0.024415416483873,nan
248.88750309857832,219.04734349972284,0.024428493557026944,nan
246.94795944946702,203.3631634433581,0.024487585835895945,nan
242.43569515057854,206.15965107681836,0.024490478831623464,nan
170.45493514398112,207.69981909752616,0.024827332181740353,nan
55.11474033727272,236.1847900855071,0.024907328849869435,nan
250.70488502847633,205.3456690885787,0.024972070596307395,nan
192.16467387394684,194.05002550686538,0.025085491584430325,nan
236.24465323366582,197.28824740852858,0.02533556622433654,nan
206.6171000973072,112.48297553827406,0.025367774340930453,nan
193.4062772834233,198.09745442956927,0.025405152758263508,nan
107.29464806356032,151.6026946331133,0.02551034522086574,nan
167.12422010305744,209.361759850987,0.025934996510954152,nan
170.7101393409907,201.85844099175233,0.02598055109370234,nan
171.20964994754482,204.32376966166183,0.026074456230297548,nan
62.710904161417275,233.5837667346981,0.0260943433884171,nan
50.599165097056755,235.8756656232966,0.026110902329889066,nan
11.53559364256373,38.57542084159834,0.02648263969938253,nan
74.40588684690888,151.4793707664454,0.026612548763867427,nan
187.5880124433283,192.5894796617142,0.026927732574085254,nan
7.26466036124717,33.6559895981887,0.02697365013600938,nan
41.67369929248699,207.61175833072747,0.026983145181987776,nan
48.65070395932827,229.74856046552864,0.02715079219758606,nan
46.508276345919334,200.75068250110132,0.027205095671002585,nan
47.624702119154286,229.7048176889393,0.02729207769118692,nan
202.9199819773687,113.24066071131028,0.02757764245081087,nan
50.96638338255943,234.0209475704063,0.027584834529828663,nan
249.28758475777965,198.68938344607344,0.027726296039684708,nan
174.13832954082636,206.80378435954816,0.02788350614196508,nan
55.425394642725564,233.66035586469022,0.027911190070728634,nan
167.97795812544172,205.24496149995366,0.0282404440798307,nan
210.79704607284833,110.94207753382854,0.028340823786281936,nan
45.27587775199052,230.13020417785162,0.028409739614470256,nan
193.10817745688547,197.5852335720991,0.028860735506717153,nan
87.06497975745432,164.78783292170772,0.02891942301420352,nan
224.38382668168538,142.01833319064608,0.028976159898198087,nan
243.96507859516825,197.97839197453666,0.02923042939273386,nan
194.5213827142494,195.17041532013735,0.029938850287165867,nan
55.10448964311239,236.6220764365693,0.030108232837337247,nan
172.84652305748995,201.79775583546808,0.03036817179625908,nan
46.16835709088739,228.25497793463794,0.030567775648358206,nan
250.12011582352,207.53881870933023,0.030737986616996307,nan
172.23510096152262,198.90478317468646,0.030775209641928175,nan
45.866725877302315,221.7893055482037,0.030916761408994166,nan
170.67208849692477,196.7017040738093,0.031017619952416392,nan
12.321630003799742,26.884189556141976,0.031236743521835503,nan
142.0925246132711,66.09280869129496,0.03147378105964416,nan
43.95268650151661,225.17770840920866,0.03160260534721906,nan
191.40386006510153,194.60303168226213,0.03170866070018108,nan
52.330773236677196,219.55226075829628,0.03182001754953731,nan
73.14082717588134,162.6997180899563,0.03230847252766089,nan
162.73059428372528,200.93520425923376,0.03233749570047416,nan
17.371504736372977,169.48902454360768,0.03250402166117893,nan
19.31783739484167,170.97901829533077,0.032504762962436144,nan
48.2560531876148,226.96825960524015,0.03250673785785244,nan
18.761568895533603,180.11604257596287,0.03263711825817251,nan
21.969747829008707,166.6839390570225,0.032803282445910416,nan
89.19908992776821,163.83966673899033,0.03323496994018499,nan
194.0388308191404,205.2440330152435,0.03324031860729393,nan
178.92766503846235,195.76678438885648,0.03324809602651363,nan
162.3121206075708,212.17243875356368,0.03332199658959348,nan
142.63648799246383,58.72933222538725,0.03350077226895658,nan
-4.711324806071689,32.84546245792831,0.03364691634647722,nan
249.99394967188874,203.94979977265905,0.03377238978124569,nan
74.03967420442662,163.7752245795764,0.033898035478338806,nan
163.42231343178474,196.9544441333218,0.03418358965343834,nan
206.26822807031124,109.61233067349968,0.03490048607801366,nan
192.07475617391518,187.35360064713893,0.03493791354989916,nan
161.16884925082107,203.7093905897781,0.03524026221104948,nan
45.53794091168935,228.91720528325976,0.035514399281218814,nan
169.23191309008968,201.00693616444525,0.03584501378308832,nan
38.702011469132174,231.0028790705661,0.03585838184825613,nan
204.2021584810269,110.70076463341836,0.03586951324490467,nan
171.69902776059942,197.03272973729077,0.03596523937558169,nan
128.21864630664282,81.18592784713056,0.03601279653143605,nan
45.08778183294002,224.04503913561942,0.036450456825353056,nan
196.5376289448285,203.7910297623866,0.03722999656070261,nan
188.8048292837665,187.16436905377566,0.037263139550356365,nan
177.69755526659998,200.6278120760393,0.037270219587866915,nan
234.33765863244696,140.3027642584485,0.03800944617345162,nan
160.78651270443945,199.62860486143114,0.03807344885243889,nan
168.22633293105335,213.5386672442171,0.03808473642316482,nan
198.96782732663263,192.68881489773506,0.03837900099441359,nan
54.52215090603868,227.57730295249382,0.03847499568378695,nan
166.1701451814054,206.17842859480248,0.03858625341572621,nan
194.90760756652898,198.13517261406477,0.03906121833587996,nan
4.811931424513306,74.59305355429066,0.03956598941446215,nan
-8.456349060505067,64.94849967173012,0.03956951779743486,nan
-3.834764306570202,80.55165686225901,0.039574228174411884,nan
-1.2513760758069097,57.61784070265222,0.039603651016104496,nan
11.567952552927741,75.94546629307949,0.039619850087306126,nan
4.715274379470847,64.32279629405483,0.03963639570556024,nan
3.1975590102028555,61.508970803237524,0.039659994441174094,nan
-2.0379651915488983,68.25046363088114,0.039687666781737935,nan
4.973733554920938,72.54482816002806,0.0396920735329728,nan
-7.220942068107335,61.08136389897403,0.03969578223582791,nan
171.84547825476665,204.4284043248233,0.03970625882454862,nan
-2.9448471578455115,65.85674591435767,0.03979937281329587,nan
-0.2894354844579931,61.47258058323967,0.03980915416161598,nan
11.025300965078761,68.2667915594697,0.03983069378451767,nan
-1.413141602366562,65.4119129416062,0.039911092112920286,nan
-10.562017121699599,68.20726740229881,0.04025859994753532,nan
120.725836594264,218.56781500673358,0.040295855613425954,nan
4.248516618822156,69.47620789678254,0.04044636837097024,nan
-7.4459101927951785,58.91857734587355,0.04104345959760535,nan
47.77799395280441,221.2080137200164,0.04113606484722716,nan
249.62091756388352,119.3289315969276,0.04116908147595254,nan
259.5894406586399,116.35228541213789,0.04117245715886609,nan
237.8172431067512,114.41349729311652,0.0411771374001498,nan
247.17727081190168,112.87885593235623,0.04117949911199383,nan
248.76511414823466,112.2730002137284,0.04121691988093739,nan
252.7604666210104,118.3579717905145,0.041219306060260134,nan
253.95492525527385,113.75582810837867,0.041240208436048524,nan
252.06323381290795,113.69028711831672,0.04139191972829625,nan
26.046343300975867,226.0655188692755,0.04164900545262306,nan
250.35357693874784,125.32687118804859,0.041793151879721845,nan
231.14217904466034,120.69794434075895,0.041824233707408,nan
-4.478144706936498,57.94490085453719,0.041836208990799144,nan
250.70416883540653,116.81913699906335,0.04195437862146294,nan
252.80580901329566,132.12904701496825,0.04198156486258276,nan
250.2907396064828,114.97262341553377,0.042093266476047816,nan
5.026402220963679,31.299575146381837,0.04209410738710721,nan
49.387885612833486,223.96590262378086,0.042871793974287385,nan
40.37397656025777,210.7734002369212,0.043278174059059704,nan
264.19517530534824,121.30364251635098,0.04333041132237789,nan
107.92340510249221,136.45706193181923,0.04380200807079311,nan
-2.4048507873085545,61.91193353286508,0.043833651511378774,nan
250.22457917770421,206.59827016857878,0.04485798723930272,nan
-2.296353212162331,63.81675865775262,0.04491883943210927,nan
257.53654118297084,125.86611524029789,0.04497077622177362,nan
248.1726426148426,60.28605140264798,0.04557338839105373,nan
246.73314045725604,59.60243728815547,0.04564871010102463,nan
263.8879500070003,120.57923429837469,0.04578902445981752,nan
76.75781615937329,163.46793459002032,0.045947859926580494,nan
48.786694624144964,224.36401476681706,0.04604904178827925,nan
159.76651917018137,205.1119930718847,0.046065645904212624,nan
111.99846991261865,150.10857936519784,0.046360140739250294,nan
256.1187586616747,57.130954955468454,0.04655619368844316,nan
264.1101846490217,115.86036530314536,0.046962856990892365,nan
8.382480657135307,58.84225425353831,0.0473380721242747,nan
11.780264921369973,40.28159137087879,0.04739501451848119,nan
247.7466426244201,62.0870227023408,0.04751046491871569,nan
52.84644510256906,207.57156359648488,0.04802852316675822,nan
76.8603429799701,161.72729374152982,0.048564604665015644,nan
23.365964772113575,168.404903666041,0.0486378943128721,nan
24.951357431123164,182.9829198204842,0.048639294813216105,nan
22.20820794174516,166.6518598553718,0.04864093005906268,nan
33.1887179352235,174.32553674925595,0.04864236143797474,nan
24.158204658270414,172.50578669950718,0.04864743185131313,nan
22.631650913132134,179.12887910045748,0.048652016608881556,nan
27.685682635488142,182.18673983714683,0.04865970928497215,nan
24.800966268658335,187.9049580692566,0.048661985277038786,nan
25.407441822836777,166.59564022570765,0.04866373763997238,nan
26.66845453430245,159.86502020326606,0.048691438334799504,nan
32.750013616430515,176.1494334765824,0.048737756751446766,nan
28.816631960251954,176.5728004679887,0.04875851601145481,nan
23.445668384354473,179.7893910012893,0.0487925716085366,nan
30.66536213029281,178.7274493504105,0.048797141023964194,nan
33.98937536889853,167.8559051713023,0.04880140788563547,nan
51.423277977830395,225.33070963014006,0.0488460087751093,nan
35.07329845766591,168.3397678091191,0.0488466162486351,nan
30.249077473173624,167.08478869646137,0.048868074099119384,nan
24.328007257841307,174.5479771259899,0.048869742463451535,nan
31.796561800214636,162.53936277891347,0.04893249021474689,nan
22.997378323435854,185.7636404202375,0.049002355353071105,nan
6.112300418249959,68.0934951336336,0.04900874711192862,nan
32.811649013818624,171.95285305981295,0.049034168124385435,nan
26.26100346674749,171.92980012492913,0.04903454248400333,nan
36.93716406323785,170.71199098060754,0.04910991699684238,nan
29.23341476329862,168.6326311327856,0.04919924647478134,nan
24.985595392612954,173.7792136699449,0.04923380911965095,nan
38.55759318325867,181.3652406625402,0.04924507170066261,nan
41.062266111592756,190.34817102919237,0.049408145837139796,nan
32.0247123693024,177.94564512843422,0.04942335505382763,nan
40.80984318630713,232.06674582936796,0.049561763143269336,nan
65.61763996046189,86.1259031461678,0.04959756957440882,nan
70.55397008728217,77.45404994779175,0.049598934599299344,nan
60.0256935548461,71.88456213798925,0.049600816071712434,nan
55.47784090531652,75.13962719923397,0.04960221063037601,nan
66.09153189508004,81.53958250408118,0.04960809752274673,nan
56.93647801767411,72.78507238551849,0.049617927703715425,nan
67.48372240882925,84.93270086122516,0.049620399719349076,nan
65.93845271224986,83.6498815765456,0.04963406401036319,nan
62.78304882400967,81.77764869849314,0.04963648199603668,nan
70.6385115943612,80.46731762215245,0.049641105433641475,nan
61.45934071094588,80.10837263435891,0.04964234020423988,nan
59.326633643294734,85.2839032189766,0.049642987013601605,nan
63.970209378800995,78.57476887300244,0.04965743423833331,nan
56.217699009753225,71.93481765886241,0.0496724356481006,nan
71.32188724021489,72.95993333885248,0.04972440950716829,nan
62.483641043661,82.11490853752477,0.04975584782728585,nan
58.014116663713274,76.06525747474788,0.04977503705980291,nan
32.70627131270057,162.4806733166311,0.049978235950804785,nan
66.15109053384688,72.98643001097554,0.049989702715740936,nan
27.225584953651687,180.88918724814758,0.05010807063162585,nan
27.511822819429234,169.60008844163238,0.05011868651431332,nan
61.37971878900789,72.33330734965544,0.05013955101253492,nan
54.34040135189088,90.62934968440456,0.050247515301816294,nan
53.67034380615525,78.75968313113452,0.050412935235424394,nan
68.17614721033556,83.91630768890896,0.05044393375583783,nan
239.77522317258487,128.25388414698978,0.05075675353181026,nan
244.6923874191663,130.6825965307418,0.050760329212865524,nan
235.80462013936884,115.41279811001006,0.05076529115583013,nan
227.3205993725195,133.68960940386017,0.0507667504040949,nan
229.1780642581402,124.97831375207431,0.05077262018786552,nan
230.83123798310157,121.38538374050029,0.05078493854947253,nan
242.1773165727984,122.24476720113564,0.05079435314687787,nan
224.29855595711385,139.2864723196105,0.05079906993789966,nan
225.58821395113281,129.838658910313,0.05080108477677578,nan
230.70952792810667,127.57277367763291,0.050809328923386236,nan
224.3627788505545,132.97528446980155,0.050816675850477395,nan
237.7073487920037,131.31693105581851,0.05082340541370394,nan
233.4399442497035,134.84903296282783,0.05084489946291429,nan
239.10959617622737,130.63054168086782,0.0508760773623885,nan
239.25914339887746,129.6957193192884,0.05090517642887707,nan
166.2491827092762,193.3947281712994,0.05094468463641259,nan
62.44826403104598,76.54713823589843,0.0510029826917401,nan
93.15660056775054,131.70432672542688,0.05104429484935244,nan
33.988822674949695,226.70608873731692,0.05106984577232602,nan
235.65806956432368,127.21723769104135,0.05108003345236634,nan
235.5659454487049,122.62180657726708,0.051099199346159814,nan
257.78086759252756,118.539260524144,0.05117746439872345,nan
56.072647227446865,80.54451082740405,0.051341494157813694,nan
230.52975053488203,125.89985977104455,0.051380511515888336,nan
49.949958135152826,77.69117116318323,0.05179715456455114,nan
238.8224860853109,128.57032195372295,0.051931927358875626,nan
239.0864338426957,128.74202281021195,0.05220750227389441,nan
225.95131721528722,136.97659844114554,0.052268905221238775,nan
51.67966097599147,206.55961245100133,0.05234571729054824,nan
-2.6003160445910796,54.272799368625854,0.052514313652675525,nan
28.388468617757585,176.38480742068433,0.052827401430911324,nan
230.045291132987,133.79506701368413,0.052897495440806803,nan
243.82318046738285,54.941823598423966,0.05292489966715527,nan
130.81306230948988,232.5948547240534,0.053214216457555905,nan
234.52323504089074,141.19937283727396,0.053218088986618756,nan
142.92530444265313,239.6695934966408,0.053218360904571334,nan
136.95377536365712,231.23635278453736,0.05322698963707288,nan
137.3385175300095,232.9787457565787,0.05323576827387039,nan
140.34116061867627,232.42605972121916,0.053254020519573265,nan
147.40748076121494,221.6176691445261,0.05326423075608825,nan
140.9650452753447,232.40257709925373,0.053270387867000446,nan
147.65612459504874,225.83411172132676,0.05328823273118703,nan
131.46790500263972,228.08416771407119,0.053415087256984725,nan
134.03729759242202,218.30952272381575,0.053456810816829105,nan
21.960069707190225,181.22002390979156,0.05354107446171455,nan
128.53141761314262,229.47883479903223,0.05360659359077952,nan
145.43118115286325,240.2128327490039,0.05372519210273341,nan
138.64076214760877,226.2456938629532,0.053864517933066645,nan
243.99158834999727,113.70035648215031,0.053906434349477145,nan
139.8351677339875,236.96922754566066,0.05391175468934669,nan
139.611197030426,225.2220391974803,0.054480018363834135,nan
60.504918590601605,73.0738934786517,0.054724950876031,nan
144.34625997949945,229.17872806121417,0.055155936789562675,nan
49.732482131806975,231.11881176830238,0.05527287540343455,nan
132.08882191916618,236.68103661963178,0.0556196069387462,nan
147.91535960067492,225.23922016040416,0.055724865016568766,nan
144.40679290804172,231.06960113566527,0.05574483881468245,nan
139.5789225988542,233.06782676971534,0.05618063617625752,nan
131.54903575454904,209.48565957097486,0.0564469716510604,nan
234.5480068410568,134.027471999456,0.056972966827881194,nan
74.30146356892173,85.34743419159452,0.05706936188158827,nan
32.816789016951205,173.50624055316612,0.05714476983758645,nan
48.75846652808672,220.8419413188982,0.05740471910721902,nan
135.51064723245457,238.84107256578454,0.05742147827270559,nan
109.63122030130916,138.60763994033616,0.05758337891363724,nan
164.24612441017098,199.77897760288693,0.057733866994270765,nan
136.87344974404883,235.0314481334264,0.05779398198960347,nan
231.6443040860204,130.90400934745176,0.0581005991036364,nan
27.644783309977278,178.48926476572004,0.0582743120941064,nan
23.233197976408693,106.80936176549638,0.05862879985576006,nan
10.766362008405592,128.54645172685602,0.05864221850359028,nan
11.42348221583362,121.49512737366109,0.0586578181645083,nan
18.78065333964319,117.02689273385884,0.05866272182828531,nan
59.20840616661554,74.12920580227598,0.05873672177814716,nan
12.98683378394296,117.96310698402056,0.058748858951536045,nan
14.159943752940858,117.0416619824588,0.05875459166981294,nan
25.361795103923285,123.47967588787854,0.05876022722614506,nan
16.20844542916999,120.25501032418879,0.058845144166136135,nan
20.412247421602196,121.23296396151513,0.05884559504156273,nan
16.571792686129385,118.62817281896851,0.05886566782134684,nan
30.683230486666158,174.8563491494283,0.05927744157100138,nan
147.74536152586808,230.39650270897627,0.059514107474858226,nan
25.86098077297442,171.8992317760888,0.0596840657859342,nan
64.71092205033943,112.6030410097252,0.059708518195365046,nan
70.4782592451145,99.6754863160955,0.0597085662517427,nan
68.04598176375556,99.44711455886383,0.05971770656456027,nan
196.8482769370956,187.4284900603494,0.05974458446427941,nan
63.47584843688616,107.75756304755468,0.05975237037039065,nan
56.64758646830493,108.8951118158567,0.05976801416161025,nan
68.88448515114635,105.99914733567202,0.059770450744203486,nan
23.9596641650289,115.07080261351972,0.06002620093452502,nan
69.84847276237454,97.28790199255556,0.06006048883391237,nan
69.37306398855412,97.73312221008091,0.06008970383072666,nan
70.04134540785724,105.78040843712299,0.06016270234080782,nan
24.83827591078012,112.71519814299533,0.06019454347661001,nan
137.81442850855217,229.5439440999748,0.060196531303635746,nan
67.4791196503476,96.8601583016375,0.06020810941169136,nan
66.99387580609563,115.89136790454624,0.06029774229622784,nan
14.299720744440226,125.27765348444643,0.06042122284501077,nan
67.95791584165389,105.28731400113848,0.06069642960066476,nan
69.81671726343932,97.86301505390348,0.060826603525611825,nan
137.15694576907413,231.8543357513948,0.06087421496792159,nan
140.9630837505318,5.796675978905185,0.06094037109620153,nan
153.20656264522304,14.664184102713056,0.06094067830140626,nan
150.30951157169173,13.318296566078379,0.06094498123386998,nan
153.02647967176347,16.09801908115993,0.060947744017666984,nan
146.4422387575986,10.184351278526384,0.06094861374055858,nan
142.160743650366,12.11913994604672,0.060952533127497315,nan
146.47549858366932,7.627252768530944,0.060958569698003166,nan
148.65943671935332,23.74271381509243,0.06096708650549502,nan
5.31350840107249,246.97664096348518,0.06097314468877447,nan
141.42660957450872,22.23573096318809,0.0609792122229075,nan
146.84888259891753,7.562794139119521,0.06098317946293339,nan
145.7968428628428,7.670610527150159,0.060992108922405766,nan
139.64741481175412,4.370143082210841,0.060996938756615895,nan
137.28720167848826,21.733886750114934,0.06099783834004931,nan
149.10249905203162,13.047654220700975,0.061000964107137214,nan
142.00745861394915,12.333603537304429,0.06100103664590201,nan
146.8089981885282,-2.4629439900909484,0.06100176361410277,nan
156.78561012756154,18.750530290805173,0.06101778730692508,nan
149.96196102160872,4.340782941968053,0.06105368518386246,nan
3.2572039003016626,243.86332165506997,0.06107119749578722,nan
140.948286148843,10.210834622418242,0.061104007096708796,nan
141.61363959947943,12.622250685398695,0.06111857029334329,nan
161.1019617503394,15.54483128020212,0.061118631675326676,nan
5.292625466848106,239.6574417989166,0.061147427348769205,nan
1.483502168972447,243.08079637170044,0.061216321789735774,nan
147.46645854843888,14.628360790833616,0.06128274844763165,nan
-2.28649107430496,246.0208152195015,0.06132080976352997,nan
1.5605601079371227,240.2007506566197,0.06137662481437239,nan
138.49926145827877,24.7595932990242,0.06140771728177357,nan
149.5764384315918,23.697612687999023,0.06141454245657218,nan
32.91935890908448,179.9165268146711,0.061523151184334844,nan
20.436987402508795,119.95895058683907,0.06153615828671571,nan
9.947526604403205,250.3851403588474,0.06162882810011823,nan
16.010155232660697,115.9151599652555,0.061757176140608265,nan
64.0974170588758,232.93201905940623,0.062081191152017094,nan
225.4977358053867,123.53044871966698,0.062086631510693366,nan
145.07364608639216,13.255263034251401,0.062355676762838756,nan
2.3004952003039474,241.55016046459608,0.0625009780891232,nan
142.30568233374026,16.537651109803555,0.06277764391275498,nan
62.13153693603726,85.51354695990834,0.06286332541261815,nan
152.523290732225,21.543584905012377,0.0629851739131119,nan
211.23399553444142,101.41289163445371,0.06299699163146222,nan
66.12735808580581,63.784256255765015,0.06307842158893032,nan
4.464021257024431,244.35967923841633,0.06317439437566746,nan
168.34367613117013,199.07584057548362,0.06325788881744676,nan
10.31231742260662,34.19593149375968,0.06343817520961482,nan
167.49419724810502,210.40397344864678,0.06392922938622966,nan
67.95953188881816,107.1449780679746,0.06423308365282733,nan
225.43302138645277,121.79109254832339,0.06429092540216144,nan
148.7755470625947,16.78017762599185,0.06439852254781318,nan
-3.8787951626629646,238.00192699446563,0.06440451468370616,nan
156.9407581496046,19.252583689315472,0.06458777822697162,nan
132.5233685071583,227.07058141560907,0.06481199253287181,nan
144.58148264277696,12.583829939265943,0.06535923281272435,nan
144.41808199005467,12.909309902606692,0.06569060165013814,nan
62.32185232556775,253.3965836856725,0.06574191872152596,nan
190.6523282035096,197.41025669504256,0.06574482520738296,nan
60.19734530876832,250.7314427464457,0.06575403210449296,nan
69.37992452344956,253.87022043793024,0.06576108318730652,nan
65.04520993078974,248.45478239814307,0.06576303871978496,nan
68.9010117529528,260.72077019089636,0.06576847820816308,nan
68.99865191616806,258.5636168876424,0.0657714533047456,nan
66.68263174437122,246.26978471303582,0.0657727673447577,nan
61.94929668032746,254.7315550009428,0.06577956504384191,nan
56.46783673790053,252.29337707352812,0.06578602590311468,nan
65.10704738259781,240.37934191008804,0.06586514160754109,nan
66.22424509576251,252.82649897562885,0.06587986559836738,nan
62.235752294379445,258.72690011056,0.0659044335573286,nan
55.4638120817337,247.8857257400207,0.06592553639988917,nan
69.19339011286102,254.03349321901004,0.06594153135882931,nan
3.426605076307298,69.12204239175541,0.06599871614347191,nan
53.21559864985765,76.11110914442261,0.06611719082910789,nan
201.7395455604151,24.985213044571303,0.06616155017602875,nan
218.20345037000055,33.239260473225386,0.06616606236853258,nan
205.4811443098433,33.510621541776885,0.06617215365731337,nan
206.77181944620204,26.982182923753427,0.06617347049934695,nan
208.1105928986921,28.982947435310145,0.0661866015723581,nan
239.2929791184337,144.34421850658157,0.06621445739614037,nan
200.74813891488165,29.16424988769561,0.06623757670631326,nan
242.98228754559872,152.6136897144114,0.0662543465572459,nan
202.86955904059752,27.701114148122876,0.06625787746097496,nan
212.25024858108003,34.75753383293224,0.0662586758173511,nan
206.59900029728524,33.83596722044182,0.06625970233193536,nan
205.61441387757134,31.804296468729234,0.06627010310836266,nan
190.87710187252367,36.25441749532238,0.0663280708807487,nan
236.8972586615202,121.5696793077468,0.06635275900754996,nan
244.81648007297872,201.79109532370342,0.06635433308107651,nan
200.6746432036211,31.48827892692762,0.06640013948555962,nan
203.77237309970897,31.524876170140313,0.06640178803815633,nan
238.38443030610264,162.53444634924372,0.06640343223145043,nan
207.4471291623032,27.018997369554008,0.06642067333784414,nan
58.002698056517815,245.65989399973037,0.06643716680336759,nan
200.6284810309503,31.869410185519385,0.06647184351822248,nan
199.3937784546402,32.52562826960548,0.0664747558101113,nan
249.60502068730133,144.41053248791155,0.06648147786877576,nan
134.37953003876723,235.4703921428089,0.06651015699858773,nan
137.63888047980865,228.4982086015728,0.06662085268119793,nan
64.68272464679248,255.312893339998,0.06662324397067511,nan
243.83098154949255,148.76696593916046,0.06662674738909376,nan
143.03489607984508,14.115557457186624,0.06669880593346103,nan
201.2120136770504,34.042120092273926,0.06670310083868057,nan
204.62688827444043,22.850971301277905,0.06673012861555237,nan
61.59081101281925,251.76316001351938,0.06691909321781976,nan
33.95809287992823,257.9998509899804,0.06698059018272079,nan
36.524800507584025,244.39102660580525,0.06698558693458029,nan
40.248901071157526,253.4528127649967,0.06700560280397908,nan
28.28926645875355,241.54037932820742,0.06701587932517056,nan
28.105589012429036,248.84392250319087,0.06701614998351009,nan
27.859258989363152,253.09298100740475,0.0670226323530312,nan
30.66211355751587,252.3511713063803,0.06702619484831367,nan
32.45682371880177,244.98254643710766,0.06702712313631416,nan
29.50677868670636,248.50564746014518,0.06704526387422374,nan
42.13091074101996,245.2657741343559,0.06705534387861033,nan
211.24693812217987,32.11301679162326,0.06708422569090493,nan
29.288271989920744,253.52677905197547,0.06710830575301398,nan
40.94386596433573,245.45234219839068,0.0671342978283842,nan
30.378835185666468,248.45065435017975,0.06713885198570918,nan
29.96968337207486,259.55776239193744,0.06717439603223245,nan
30.299648916433267,247.55840992042118,0.06721732189724741,nan
227.51466254293956,128.25858732257495,0.06724089899350466,nan
206.9553177144731,33.20894294701862,0.06727177877902359,nan
68.01463240442219,101.40896948065054,0.06735099474382497,nan
39.955018883172514,247.1928604227114,0.06738084054842351,nan
239.87182301755112,123.82487458531811,0.06743287794229186,nan
39.660132713772256,261.31428870936816,0.06744342622861231,nan
211.907762527953,25.80926122084247,0.06744347265040816,nan
35.05105417699198,250.46658630671604,0.06757713362985317,nan
207.60979775338407,28.266346355661433,0.06782140814199021,nan
52.44029186724585,255.14935905106032,0.06799470344634218,nan
125.71175238630097,226.51811964669736,0.06822511100103129,nan
113.7109830385976,229.9306707847868,0.06823101936271134,nan
112.38376640067531,222.7941592410115,0.06825351971940573,nan
109.34510620441263,226.70204299900865,0.06825385084011899,nan
129.48271008097421,234.31213468908638,0.06825567475967836,nan
124.17622503484574,222.098833646606,0.0682607483313808,nan
144.22281117310087,238.9927481163044,0.06826673922186435,nan
120.55030489705261,234.98148299832425,0.06826775148495651,nan
73.30833659305847,108.5533353523772,0.06827026583457453,nan
116.21619645374884,234.16120708541715,0.06828978815914571,nan
115.32911578364137,206.50706013212906,0.0682945133606831,nan
119.88825018445006,217.52080516914728,0.06831451855632788,nan
122.61422831196494,221.58810138910633,0.06833404932598272,nan
228.71035166368932,151.0436331875866,0.06837802932405487,nan
243.22891922511678,122.18021013275045,0.068400676327598,nan
110.18828506406408,219.4926383885247,0.0684033607069256,nan
153.4294378367874,12.523782455798333,0.06847589465384658,nan
125.44234191817792,212.29187429674627,0.06853938180671494,nan
115.77000011787877,224.63191017469364,0.06855019146186887,nan
134.24965418419455,223.48657067726168,0.06855416620218852,nan
6.170492627422944,247.29618014131748,0.06868501283418432,nan
124.06260572450265,227.98851620178348,0.06876966532363021,nan
71.8450706864494,107.36762520343213,0.06882402086502473,nan
254.61391538161422,151.57045598859435,0.06901413269232338,nan
85.11141534578296,201.93465349946274,0.06914176971166137,nan
76.26742111531088,197.6141997664673,0.06914285183718515,nan
74.73106130962348,199.32844034122022,0.0691439579279323,nan
74.8979827512571,194.62730592051193,0.06914626182482304,nan
73.83629230199588,196.77794510866877,0.06914701925637985,nan
82.1578562290473,192.6104653531865,0.06914988841592648,nan
75.16176697146473,198.25952615153187,0.06915011499805027,nan
195.13240291402255,196.60069241520608,0.06915234666405642,nan
86.90644142709392,195.4555498484824,0.06915801048714224,nan
72.79449895231193,206.56833229236184,0.06916144660862869,nan
84.74906428479622,198.4100802408219,0.0691624498776399,nan
71.24323892163264,201.10418815512546,0.0691661994957285,nan
70.05263765032733,206.39729237234033,0.06917285837754833,nan
71.15125908732286,193.99603651288282,0.06917992920470184,nan
75.82504461651432,196.4528908803887,0.06918183107314811,nan
82.83198393762439,190.64256299211425,0.06918186287008161,nan
82.65043407813843,210.72507204570073,0.0691829698616515,nan
83.4678212506,201.10228617747836,0.06918454773117932,nan
78.6504873743387,196.92441808278133,0.06919474473433503,nan
81.63584366616321,196.77918572502898,0.06920294571187377,nan
76.60009891084131,191.79535060319202,0.06920900818562181,nan
72.8449580098679,208.03623482720258,0.06921102079326623,nan
8.981740408155934,36.80362142960085,0.0692197782380074,nan
75.42615083164036,195.87055742387128,0.06922163591371296,nan
77.75342813678202,194.1559294391114,0.06923511986984278,nan
115.59723113446657,225.1150966840914,0.0692486722775607,nan
86.67439313891698,199.75201870801988,0.06926410430074444,nan
73.159268705989,197.25729002589554,0.06927393097306747,nan
55.18990274633871,70.15211640761986,0.06929865918131684,nan
76.22140244860277,201.09619359931156,0.06930741105035831,nan
70.13184548866514,195.41850842168685,0.06931819321746731,nan
68.93922221352875,196.68869720448762,0.0694300251823766,nan
74.14674141697265,198.58321623838435,0.06956454438597322,nan
75.39127954137633,112.3500606659046,0.06965014355271969,nan
79.14136104001895,193.6133297565875,0.06965104885622264,nan
147.8863936566842,19.411217987122413,0.06987796205790976,nan
77.46392643956955,194.40993531519555,0.06990935466005799,nan
74.03804088836891,198.08680847791493,0.06991673537731381,nan
64.27200249929317,190.8325397435997,0.07002386076057522,nan
-1.0626141638304116,242.98108405151925,0.07003007110357351,nan
195.38492916508707,28.95958004753047,0.07004306656934135,nan
62.16127435278172,84.12037865508816,0.07013597688136121,nan
17.216656964912023,113.27741609394671,0.07030053731791414,nan
248.7049037557348,118.04084334904108,0.07032999389484632,nan
155.34272855225305,4.312742941265516,0.07036269510593708,nan
72.2162267892369,204.62423359346252,0.07046327608750673,nan
72.6344063567628,111.79117509635876,0.0705275688294507,nan
36.41716538373391,246.04660024069437,0.0705474015472041,nan
112.14994527742813,223.22003629364855,0.07055733886978897,nan
39.72559175792159,245.3665367259856,0.07058411805260922,nan
151.34123943327972,18.018541291785063,0.07069240577830799,nan
133.939923179118,220.2733318133021,0.0710186580815361,nan
208.77651894570184,240.3307983524183,0.07108799620385362,nan
206.44998910769982,229.39877467341176,0.07109017421371965,nan
38.838140537421324,251.84173481328182,0.07109070986625439,nan
204.71820286121718,235.3260470365263,0.07109409117493229,nan
204.87116016509873,241.76319959098467,0.07110329029804484,nan
209.9502603790863,234.7642082261228,0.0711052079133173,nan
232.31679721713706,127.21929922769488,0.07110882916046721,nan
198.88866711096227,228.20497270909894,0.07119574398974925,nan
207.0319204252541,223.25920689809155,0.07120058004157824,nan
205.07034885457486,233.47574251094815,0.0712308450576541,nan
189.73408486777336,234.9367946854991,0.07124786270395345,nan
62.530210097192594,249.51652282354033,0.07133970198547047,nan
151.9881601190927,13.667127976556992,0.07161508481152483,nan
193.3222637113604,41.102794859580214,0.07165733427774443,nan
78.63379812185595,197.89284368901005,0.07172817626452398,nan
7.446009114809133,55.74847870511754,0.07192044228511114,nan
145.24363362745802,14.367913517161355,0.07198649409218309,nan
233.32598408862836,128.30154663065503,0.07229499974981932,nan
197.66108892430435,33.674051084357565,0.0723637012354467,nan
201.1554296567114,15.352594024820139,0.07249492526433786,nan
62.73978666181315,71.76908854729672,0.07255855279812234,nan
207.3145125283106,32.97742647234293,0.07257011171667896,nan
132.28411986916956,229.54363123524263,0.07268146265598999,nan
197.30687588572277,245.79549077412588,0.07287869242691322,nan
208.6415247853339,29.307033069590208,0.07297542396170996,nan
198.406476490254,237.3053922541976,0.073023462823909,nan
186.57865613951773,45.300275835224944,0.07304189774356318,nan
181.14395394397366,45.84784228856,0.07304362967463245,nan
185.04894955274304,40.0593618315973,0.07304461658599727,nan
205.5320129723005,35.021243744069494,0.07305155546708361,nan
186.97725891230562,36.149662989934306,0.0730639222962231,nan
199.3021025529239,43.02490762290319,0.07306728502477396,nan
181.63877180561005,35.05774838739326,0.0730675127117751,nan
183.0169813625414,41.59419046914026,0.07309129358818071,nan
193.58516607816776,38.51819517550963,0.07309343427319956,nan
188.86519824437926,44.75548031266025,0.07309582064073687,nan
193.61122797735027,47.336617501969464,0.07317871826167745,nan
61.727952900247054,66.59370071879555,0.07329748942954396,nan
74.66502141412512,203.33751828138097,0.07330191442814966,nan
203.94724279178135,35.09009802780189,0.07331985085739523,nan
69.96800859820951,106.66232412014224,0.07358750125057105,nan
75.96940139293986,110.70012975982523,0.0735945181373943,nan
69.75166114614218,101.98704985803359,0.07359606203240592,nan
67.83766828928196,104.65388108930638,0.07359703304183349,nan
76.03380552570309,103.96217073342295,0.07362097001071088,nan
78.105677119653,103.42698279995854,0.07364993146755895,nan
77.37391269709225,110.54988931627841,0.07369233734501777,nan
71.32623261246225,110.92536369836252,0.07382903748783719,nan
156.1951828450086,19.60616745369159,0.07390025145522242,nan
122.42247595471778,215.91202456261172,0.07392122256973577,nan
192.2312754608165,34.48570664351346,0.07394997516930926,nan
205.23468637423542,31.827844272652214,0.07403231695165133,nan
192.66497044931955,38.126997843030296,0.07423741782611028,nan
56.825967826131034,246.2715236634341,0.07431561550549533,nan
154.77374028574974,11.669379232770286,0.0743267993575046,nan
25.492513570086064,112.62710497084726,0.07433404472946337,nan
118.68334465496199,230.51018215720603,0.07437424219746407,nan
77.93069365631828,102.36806227843086,0.07439707564648246,nan
137.64850067589563,224.48557139302574,0.07441026444060389,nan
147.27869157161462,13.330105119843868,0.07448404655321608,nan
127.12625246882295,232.9038694252213,0.07451468920351495,nan
211.45909524680565,101.73867755339637,0.07453541822707721,nan
64.17776913318737,198.69722862993962,0.07456780063647457,nan
236.03486920728972,151.8194665378044,0.07463731451187083,nan
148.21217050344066,10.702707920382474,0.07464771669490317,nan
149.8805739290558,227.95494095631096,0.07470526537238634,nan
16.616030395794937,117.93738236994845,0.0751702482920298,nan
201.89968237979613,234.1289957110967,0.0754759184287853,nan
32.29522249183566,241.6309913584007,0.07551173681797625,nan
122.11677211689748,224.17283252350992,0.07571623841915251,nan
66.569077603987,109.96201977516182,0.07591681241270253,nan
0.32000263506493054,57.00198028550159,0.07591908459361157,nan
237.25487359536962,147.7978388143949,0.0759852533165799,nan
68.39659854261986,196.96251383705604,0.07599351983348014,nan
79.09857410602159,103.0282367016091,0.07609062789793708,nan
61.76148266370349,259.8665392221942,0.07615323667347434,nan
78.36722588245621,205.46442319356387,0.07686609632275662,nan
208.946733069169,240.30668674748753,0.07691392073263359,nan
33.94959672672743,169.06343176462522,0.07701950521343669,nan
129.60267473566978,229.19603319025452,0.07708838828271343,nan
61.57314506760463,256.4970772916914,0.07724039623179062,nan
63.09516591030873,201.7283084829268,0.07733107807599132,nan
150.5247456395024,231.68759261940644,0.07758223406992473,nan
74.12639432066906,197.2498760506902,0.07764104556639818,nan
71.13995346743071,186.54661180472067,0.07766132867549205,nan
198.9062132456785,221.1903933714989,0.077755663061942,nan
127.958828532279,212.70177654930262,0.07790967339884296,nan
65.23342905372037,255.4489095570458,0.0781340823380211,nan
145.9467532215758,223.73944882757172,0.0781345463388948,nan
31.211919146015482,257.04118022742705,0.07816940694046665,nan
199.5411561129397,34.10431654447529,0.07828297500146743,nan
26.664548655404975,170.0657964475596,0.07838701871650797,nan
14.845471700569236,118.77085673123591,0.07856799438022267,nan
187.97946039531325,39.17077774403568,0.07862977127424191,nan
175.58376496322717,195.56391538409383,0.07863766540464291,nan
28.23403804735813,252.53779828041036,0.07868564287545741,nan
35.29559499947914,242.75085004789133,0.07895629653558141,nan
23.171247580955523,122.19108680777298,0.07896572987138555,nan
193.78482977057246,44.03762775009168,0.07900676130411667,nan
144.02876836283758,231.09117319550919,0.07920869217410795,nan
55.993728144789316,226.40190840869957,0.07924666520051299,nan
68.17419676530429,105.80916643710042,0.0793475474100792,nan
11.751374735386369,116.14972402882039,0.0794728508378088,nan
118.88153263497188,225.18347432290108,0.0796816042561939,nan
70.41102306247782,200.35460588327828,0.07970188998810956,nan
66.95335234397155,111.20215950877844,0.07973774977395545,nan
149.5804235721039,185.0702416016959,0.07976391558744161,nan
153.35340480807508,192.38414355901443,0.07976581879689262,nan
147.5227959727546,191.86141428314073,0.07977489213883979,nan
142.2178673000842,190.35757743992733,0.07977624120475411,nan
156.27636248921468,187.9559192598636,0.07977717949577857,nan
145.45953262458468,186.49606798060992,0.07978029129450231,nan
147.13862156195688,189.6762247064526,0.07978287714969011,nan
151.57318938627995,184.9951634368676,0.07978722334342546,nan
154.2799986937548,187.35528191700536,0.07978966541701948,nan
146.87053745580707,182.44477088304225,0.07979086213758786,nan
150.21448981916427,181.4070011325544,0.07979633745830152,nan
148.8843509973144,190.54862995601582,0.07979935039683729,nan
160.9046942533293,186.07497699139054,0.07979966815639611,nan
144.8039201108508,189.7994391526406,0.07980234222826185,nan
153.3685040149517,181.44629603768982,0.07980610139863085,nan
148.6809614529409,181.18545398751914,0.0798092607882544,nan
127.19948778014054,219.43274829516312,0.07981128713500737,nan
145.80911245206147,184.0174847633545,0.0798159447679444,nan
148.6831831454805,191.52190728717096,0.07981933365756344,nan
143.95420663347363,182.50214817982413,0.07982221867027621,nan
147.56903816726052,180.04999466644074,0.07982624110334968,nan
152.40677098176025,191.32836072862372,0.07982716229006112,nan
157.7754133687985,194.8351495394899,0.0798344490211448,nan
148.2312209346551,177.73696528135898,0.07985140166592736,nan
142.76812300632406,182.7156595970977,0.07986509036291722,nan
149.49981612075362,176.96194097403614,0.07988419783861134,nan
236.92858522128705,123.355053332721,0.07988429743804315,nan
148.82041598724865,22.347987518808942,0.07990592918436713,nan
140.13456129713472,186.61104943555947,0.07990656572752197,nan
144.04657262554406,181.63217885436967,0.07992452273804414,nan
194.95432292106003,42.401855149067195,0.07994283543634181,nan
148.73016220213378,200.33717030428804,0.07995232953197068,nan
145.87820432629155,192.40715074953266,0.08001611290396522,nan
148.8566674251533,195.12834870067712,0.08015946625433416,nan
188.5473210359877,48.025874674091305,0.08025824925762275,nan
155.80048203615524,187.7870988637165,0.08033551856443738,nan
258.0241117411329,115.3308112526529,0.08033700437474708,nan
145.56540870968124,182.1938129680463,0.08046332457950978,nan
154.80642914102006,181.90498080857247,0.08051933461982795,nan
153.4309074052037,175.9025834334739,0.0805538608838496,nan
138.8394864272073,188.70844666110764,0.08055829683795383,nan
148.7908544961342,180.81408250383072,0.08066343293992623,nan
151.1207683946184,184.54506022242566,0.08081807276924705,nan
266.70511406321936,119.57818461871842,0.08091784272277328,nan
116.41309976662141,220.8849484958444,0.08112264915565154,nan
66.989830398505,72.67344005839539,0.08112447599194014,nan
79.15610628093388,94.26633520195077,0.08129890202455863,nan
75.92292448321845,112.06132346299317,0.08160889635141476,nan
147.3991312499674,233.60309878401316,0.08164577600704288,nan
63.31738651701001,200.77242193673635,0.08178973184202373,nan
67.4208121771462,198.84648949711334,0.08181623871246523,nan
193.44053938044263,37.5468719647739,0.08185766847666938,nan
149.1273799669668,185.56292110376972,0.08218111183590489,nan
120.14804544282073,225.33173952401057,0.08228234881264421,nan
76.55455944608399,90.18082611874873,0.0824244792558798,nan
203.42389583221035,232.72934725578705,0.0824623935452271,nan
153.6155792486052,192.39366394766344,0.08252871283413106,nan
257.52763535084443,118.39949386163356,0.082650658539181,nan
141.1710906507924,182.69017125314258,0.08266954263629993,nan
142.51757341205337,193.96556862118032,0.08270212679139448,nan
150.35012675212667,192.4254383382619,0.08294472402310621,nan
142.37781922969396,194.86582677114612,0.08301213254655804,nan
143.03494709057162,188.5741741750671,0.083300209963518,nan
151.4055712076079,186.29505617965978,0.08331163832608653,nan
59.11022051044301,258.67511122233407,0.08350192709934492,nan
145.3362810587464,182.98587114609268,0.08371598839922134,nan
-2.292983634275822,71.28674328140634,0.08394991579060879,nan
204.45819489476415,38.54476065796238,0.08395097904246168,nan
7.080515802726472,240.88139345518974,0.08400918934265161,nan
156.05108332834223,179.57164059734257,0.08401344144542898,nan
144.84970288156148,12.884765543905273,0.08411158702180571,nan
77.22783461079803,201.43453816187684,0.08416289217961,nan
32.53513459716736,249.13457353311438,0.08423680018829491,nan
154.56341148730093,185.29967341511176,0.08454259929434793,nan
72.49143523087919,98.54779071631245,0.08479953834444205,nan
119.7705351658364,33.92465558051841,0.08502658106281043,nan
131.3740202061854,22.718817258276932,0.08503619367127493,nan
152.29401825426334,183.94264393274105,0.08512252896227837,nan
132.35138426589845,26.229996043340424,0.08514657962049954,nan
124.86508052778024,21.081736417079807,0.08518360297764448,nan
82.29813853973126,200.25792444594367,0.08519343198171947,nan
86.13485628807972,206.70233316474003,0.0851960360104145,nan
121.50850391642268,33.49083011745201,0.08522009289176335,nan
194.2028890539369,27.464555104652305,0.08567552479279095,nan
122.01459109209527,23.79441510754993,0.08567636685777505,nan
129.19677079149577,31.34528305652454,0.0857446788576657,nan
149.9809249201622,193.26000908130766,0.08639908370585564,nan
145.97351058914745,177.174735865428,0.0865765479973345,nan
155.8753513736327,8.79999447527813,0.08691881950075461,nan
188.57916266010443,44.13665244255143,0.08692474934760787,nan
143.9088996619295,192.29648218983004,0.08694732509000419,nan
127.814711445254,30.436301192326017,0.08702590961512678,nan
77.64895915874655,239.00377589384843,0.08720311321357141,nan
73.89268836309833,236.43339701102883,0.08720618271905327,nan
70.49095536452364,238.57977708061975,0.08721274499289718,nan
71.71496958000326,218.29130386881477,0.08721908062929785,nan
78.06119719831207,239.1341545435779,0.08722207326983235,nan
80.83332917319694,240.561157306184,0.0872227199418422,nan
72.97581013996557,232.8846254350078,0.08722629539121965,nan
73.60460106632809,229.1265087081904,0.08723031037536912,nan
72.07800584372032,242.53956395586087,0.0872325309269436,nan
74.12118480366415,228.02225691982122,0.08724288321995889,nan
72.09457345998429,239.5620097556376,0.08724486101541327,nan
74.05926458865056,108.01860049623085,0.08724894868447317,nan
61.987725438109166,226.91265561342695,0.08729360692485344,nan
71.26954101435307,231.5525746871633,0.087306477094589,nan
75.99479594653374,233.32795830586548,0.0873371335910459,nan
76.28851852504194,237.51195674942576,0.08734052048156662,nan
72.75379058568637,232.6901405778828,0.08734491568138468,nan
69.31668429246402,234.3049483722354,0.08740129267599303,nan
78.7881372384031,237.61086249068134,0.08742546692657097,nan
80.68065050511845,235.03238019040785,0.08744879425429794,nan
73.11218281407305,232.89809478516355,0.08745156335585352,nan
87.63696217952027,241.61041475900936,0.08759171240936792,nan
68.15297393020072,235.62293811762024,0.08763043817057838,nan
78.34853410241696,231.58351946306485,0.08766390467148676,nan
76.33105267306073,228.5676643786152,0.0876807704655741,nan
164.35588622693692,208.06908606932333,0.08779110763905285,nan
145.50053538007683,198.06001718762357,0.08781683345955772,nan
161.19344864391365,193.15633679831987,0.08798088124968574,nan
122.73733652183115,26.415752082871713,0.08802435714741992,nan
144.39071572525444,185.32199839381423,0.08804737278770478,nan
73.00311748787519,244.78788782227292,0.08806467508472178,nan
70.58526313165414,232.35692178575374,0.08811365980799173,nan
145.3881937831475,19.156388604224237,0.0884114068039197,nan
78.58617102581248,114.18706694102467,0.08857865611913304,nan
65.37450894572883,233.91738949703074,0.08881316593448532,nan
11.344858500335194,162.92387642376173,0.08884253992124551,nan
0.7123237323857897,175.8236480349362,0.08884284703988135,nan
4.646407299315061,162.77151603517754,0.08884376185229005,nan
-0.6980912261377057,168.8807415287887,0.0888481366305621,nan
6.852936102895956,163.67436114178744,0.08885043287001167,nan
12.817757980006641,176.99777076397075,0.08885943274521257,nan
13.072812911997678,164.99161271239205,0.08887671805785778,nan
10.8792936567679,172.05694145150028,0.08888322912133258,nan
9.484606840712095,167.50770170729675,0.0889036692042873,nan
13.3398369293529,164.18941201417837,0.08892887089593356,nan
9.867476701411064,163.5391682657519,0.08893199919480702,nan
9.080276356228941,162.0110815806596,0.08893296321747196,nan
10.76454731024362,168.44647306379335,0.08896681441810894,nan
-4.521805208966055,164.1329356523138,0.0890092958257754,nan
17.254328084279564,162.2331705780562,0.08909057619795609,nan
10.376528163891061,167.53960199161628,0.08911033439927621,nan
124.4138142502041,150.10566348488166,0.08913090313428765,nan
129.82094854805595,144.47360096214612,0.08913329205770153,nan
120.05859847352508,138.72283281190641,0.08914672976251455,nan
6.232178906570995,173.90975678680607,0.08915355023763911,nan
125.02540060599044,143.30174778342445,0.08917326638930369,nan
129.3213971925183,143.65503471818806,0.08919069021875492,nan
121.45848389315088,140.85871103030388,0.08923172618796156,nan
203.62775938333544,33.58957674076246,0.0892321665296644,nan
129.65045911089192,142.35830437013675,0.08924140370329371,nan
78.0930495349357,193.64562914357458,0.08924611478183005,nan
120.78246770938681,136.4374041446234,0.08929479760996412,nan
129.02060494322325,149.49893334819362,0.08951109590610104,nan
134.9660146365239,151.89701914516385,0.08952018591238346,nan
243.68895005743093,149.98461995753848,0.0895500856091533,nan
118.86976595517731,158.9373776391216,0.0896553820044128,nan
7.891042666229502,170.98417138573714,0.08977814172408317,nan
82.09701807284392,234.55154593426627,0.08980256042892053,nan
15.52124039420572,168.3744438353579,0.0899304046682427,nan
58.11596186914575,258.1338768358988,0.08993740251805814,nan
69.66339887205163,233.86049377542076,0.09000426338189484,nan
75.3492719181509,200.57008800385302,0.09031563396206549,nan
24.124464505815332,122.80225027341433,0.09032213997902959,nan
6.788897598253077,157.78249387549687,0.09043919230126442,nan
188.54879029526165,32.897468069636375,0.09045139516653534,nan
3.818602695135389,157.8500883513234,0.09049104211588845,nan
137.96682984933116,185.4483074232313,0.09062684516232299,nan
123.77688025517047,148.42651390651167,0.09066432667431178,nan
205.8281264624081,25.334184093232064,0.09081650407370405,nan
1.616695686245954,169.297821994352,0.09082308109368709,nan
241.54688111197015,121.44608475177158,0.09085100827499645,nan
140.09422900787533,190.9775393131615,0.09086609770277135,nan
127.51086428407889,138.8339726342595,0.09094796093320597,nan
153.82126972002447,186.37198893485572,0.09162445131786422,nan
64.30029368279392,102.77210539236061,0.0917066092853279,nan
75.68497968245073,191.85347854410628,0.09176760489499565,nan
125.33219438756852,143.4688213182949,0.09186277496092601,nan
123.70981857604455,139.7915945732775,0.0919645148847739,nan
125.5429806965334,152.32242974709737,0.09217192460250265,nan
124.11654564259328,142.03039807891133,0.09223232980072647,nan
0.18201131508429733,169.90050722049068,0.09230218345522787,nan
9.781206390908505,162.5707961831119,0.09251954125994535,nan
132.6461435778845,28.674136949140422,0.09254076184133633,nan
138.80388972445422,235.2954981337135,0.09278523941023703,nan
75.58094752854392,236.55476407785235,0.09287220656590756,nan
150.3641453219097,184.17807860805445,0.09296153712806385,nan
119.98972170056773,148.90895659546487,0.09301424170698497,nan
30.32630344243655,167.85597829159542,0.09338532695871682,nan
74.0395632825009,240.96944018521347,0.09347081943897252,nan
8.364740315666925,170.21776544883735,0.09359428388191995,nan
78.42044280865498,99.85259616209193,0.09388686531572578,nan
4.3520228175462545,160.32397667292295,0.09397973267704221,nan
87.18801349536753,199.477213955126,0.09404982051205728,nan
9.508290929556145,164.6935980176895,0.09429669488863796,nan
143.0689875187008,194.49053687969248,0.09454442388148862,nan
75.46933994317514,230.8795457026609,0.09457896345473202,nan
80.03165215378976,229.3954915524399,0.09467265116611956,nan
57.36914967527942,242.54444995861266,0.09467966267838639,nan
126.27727405605891,138.99408850608023,0.09503855015404832,nan
81.21655003759683,237.98782913180094,0.09527497535869517,nan
8.80703729676601,169.35478257456674,0.09535511727692801,nan
72.00507838018544,249.80064500245794,0.09552754210833568,nan
72.97743481562745,112.76700160146501,0.09553208197005544,nan
204.20740354820975,239.8908664597615,0.09560488425203995,nan
79.95337302321667,229.68014823093148,0.09575431572263522,nan
6.2091622579696715,161.66618646463726,0.09576847303224496,nan
153.6623131805005,186.8034273892115,0.0958361845794955,nan
125.92125872234566,142.67037788063766,0.09590036751025781,nan
133.33637953595922,141.4309712661324,0.09595478081779296,nan
143.79343090110535,8.706061190097602,0.09612677026405822,nan
117.50978804164724,225.94538862779126,0.09622279552228859,nan
17.16260595620787,119.70420439863929,0.09651284870989452,nan
15.505562385507796,167.73617057942326,0.09671065031725279,nan
154.22749437669464,13.503025293687395,0.09678500267530615,nan
151.71674646525176,180.64752711003774,0.09681877938345561,nan
221.7050508749977,132.21335727476782,0.09687690402702605,nan
218.33695354659312,138.64223503698273,0.09687828666818622,nan
219.41456583073827,134.2540019051162,0.09688459958589278,nan
205.39699277355368,140.9894853483651,0.09688949327946153,nan
219.1981617752872,137.47536044704992,0.09688967107579384,nan
200.96757739900892,32.895978890360205,0.0969062190874841,nan
208.68100075599085,140.58356327779353,0.09691119123416898,nan
208.59218706272125,141.50035063067355,0.09693521874611706,nan
222.56850057065628,132.13335546227,0.09694071545306346,nan
121.93591327756333,222.42955158544734,0.0969604297434934,nan
128.61970773509574,140.99850442372133,0.09697177139942463,nan
207.8249178426668,145.2456977796705,0.09702918298143717,nan
213.3660096596349,129.79056919719818,0.09715743370822519,nan
221.1048377581021,138.19432810610826,0.0971974759261149,nan
217.15004651137198,138.05580130753526,0.09781976698656752,nan
207.5618049956842,127.00579592539054,0.09809800579099891,nan
152.45278411477423,180.5462670535759,0.09834286333635621,nan
22.96066877891014,242.37568874949503,0.0983606020893965,nan
139.43120558201022,176.69774122033294,0.09839371580183286,nan
185.1134200193823,37.424202005897186,0.09846797713569902,nan
128.44139044127377,142.618287766905,0.09860001109889455,nan
0.6311430836618028,166.7442252449185,0.09863559206134069,nan
198.55313649757804,44.868984240919794,0.09871924423163644,nan
-9.887416054845541,168.95958308589195,0.09881215211517885,nan
212.79032181057693,131.60139957586412,0.09882123044062761,nan
71.68213821294468,255.12700568354728,0.09914929078631643,nan
126.9945045330079,137.42718713087868,0.09939699047496751,nan
72.97755135128573,236.73790944705212,0.09951785587120365,nan
49.32009275513734,208.01154837555436,0.10029358423096381,nan
67.52681403453005,252.2565184790116,0.10090949432102361,nan
216.90891642888175,139.35883227504138,0.1010752601473195,nan
212.97546153035833,137.30171719719195,0.10131163912720641,nan
13.259186515348183,166.90368445490324,0.10151310718472556,nan
71.5476031798573,206.33516662128386,0.10161658234403481,nan
68.92674651476898,255.27092454073835,0.10164782908423858,nan
221.43201631606215,132.83495460811756,0.10180281145847263,nan
153.18063777823588,196.91948032690755,0.10188063782940733,nan
40.12134832437108,250.2311255051837,0.10196294114534697,nan
121.89393750034834,222.06259322028637,0.10197195685939164,nan
124.58735603065693,136.66680136057886,0.10237060308785689,nan
214.66338582898328,143.55229235127248,0.10251619439417535,nan
8.791348053879291,165.91415961458176,0.10260577463500346,nan
130.96516245452713,224.5570123684661,0.10274260736960114,nan
132.58376104210112,232.34856594815616,0.10289236018803954,nan
22.028368719117317,170.2146221287562,0.10302159075254327,nan
72.86776659198715,203.72312480456424,0.10330265877425325,nan
44.6189208016827,261.76714112678826,0.10333652968169174,nan
210.15442148579461,138.21626259472094,0.10338501771397572,nan
195.97416748209346,190.9286280246814,0.10344042485959401,nan
209.62624316129256,134.48804658242074,0.10348653939963434,nan
200.93665899014724,29.70400126459942,0.10359584702469149,nan
204.91581996316907,32.6075408252253,0.10359605244043127,nan
203.950450363236,27.219315266071533,0.10362826608193,nan
204.30666106083015,25.556750762678345,0.10363977640201776,nan
215.11436068906784,19.850568658870674,0.10364791844285408,nan
8.105212490982826,175.05200436586588,0.10371988049184083,nan
206.44755338301354,30.152962211065915,0.10375412595503827,nan
29.372627750892093,258.8801800687109,0.10376590987267725,nan
205.27936213392374,26.339243290545564,0.10382369579730362,nan
203.24346415927806,34.72340532589151,0.103864690679318,nan
202.74309766571497,34.57825185409374,0.10396477678538656,nan
211.48083263029136,138.8224374951174,0.1044213400117668,nan
119.40538932489714,218.3670466983475,0.10493412573315328,nan
148.10213665525976,181.70384392428574,0.10506902563156267,nan
30.97548901267405,254.3596252586988,0.10511804424303597,nan
143.7596379397627,10.289294035221241,0.10513566909555125,nan
202.41513450030064,26.460499538172147,0.10525835185390062,nan
69.47634092735487,98.12041614044975,0.10546406666042712,nan
211.85174828064615,129.63850410665728,0.1056773804018609,nan
115.80214639348387,236.94790008396996,0.10571721536281267,nan
108.98343217210474,237.86355827829755,0.10573761813108552,nan
109.59760378977414,244.42130618123528,0.10573809723077346,nan
99.78399186241819,239.06661498061598,0.10575349174396341,nan
105.90532097070918,246.21576465702904,0.10575745685475073,nan
104.61159785578718,233.2189243935225,0.10575747080619649,nan
101.92912218713674,235.07100338291636,0.1057627729024628,nan
105.3267076693463,234.17485865614847,0.10576514068700672,nan
112.19942454817573,242.6884121051768,0.10577510683929904,nan
110.92238607108688,242.06812555092762,0.10577578751355936,nan
110.39559014224312,235.18663727507015,0.1057813118154525,nan
100.03237864466546,240.84278022891488,0.10578311363535557,nan
104.43570641095029,240.41403365520137,0.10578807149720525,nan
110.46310995752194,234.44727119529745,0.10579430326873601,nan
108.1530066189949,229.63517752026763,0.10579781918908,nan
108.38151026361218,238.22104988613026,0.10579800511018855,nan
107.39067295055747,235.6702632496607,0.10580158699897088,nan
151.01812962754585,179.68689374450955,0.10585692710916593,nan
89.3562675595111,237.42649933044947,0.10587515572488213,nan
23.529164439177663,73.09605257648465,0.10595303321091432,nan
34.20275563136538,67.34844299300833,0.1059698089638348,nan
32.17949547718347,65.40853836265089,0.10601435501032197,nan
102.9998048392874,234.45164669903997,0.1060941514568505,nan
24.366196478386925,72.26942820144579,0.10610186443618554,nan
25.69479126905695,60.602811703729714,0.10617627190223941,nan
105.73240582699538,241.5576654561841,0.10618056467186236,nan
105.36266161141425,229.30325032912748,0.10618219094188007,nan
210.96964476855095,123.90100739365906,0.10619615929480765,nan
37.107729438940474,71.61079319626654,0.10621809703544509,nan
211.98173800509716,144.56282178592366,0.10623974197169052,nan
35.614572746274305,253.35566475442283,0.10625523222659089,nan
22.577895977855164,64.50579712843411,0.10633308015036098,nan
115.0088898017845,251.78693415646376,0.10634198317049769,nan
32.04964651446938,69.65798323575027,0.10638116778533653,nan
27.592733193741832,69.22506515095091,0.10640703155113582,nan
29.582176285469217,65.88626921904292,0.10641284300128655,nan
225.05866278270528,140.5291367171208,0.10643874316459281,nan
111.74369731801404,239.49237920493513,0.10660724178351781,nan
153.74347981509183,188.19380703881345,0.10666402214177348,nan
108.40794708324141,238.5190866952082,0.10667787990533688,nan
18.932379884271644,164.41149075581697,0.10668961515667713,nan
11.1680866344584,163.82760994148305,0.10678533080950367,nan
220.25998977335624,132.27048346878865,0.10680629784031777,nan
14.773868333312828,19.274907581887003,0.10682090089622881,nan
12.335497527229585,29.400826637131,0.10682256678443969,nan
14.291085020388808,27.63002229237569,0.10682653563820207,nan
9.682478326200574,34.22630396754992,0.10683250705794413,nan
6.927470408637838,40.14944781109221,0.10683483048085575,nan
3.6378750384865035,32.241102318699845,0.10687018633020134,nan
209.00196932837048,34.829084420937754,0.1068730203219797,nan
30.354599400957007,73.3804987779008,0.10716663436730207,nan
2.5501011497074435,31.097043006026933,0.10718220724607266,nan
204.17667622796498,37.45648774015351,0.10721959346190965,nan
122.58415719759184,139.13584673144487,0.10735772731285476,nan
209.8875303336931,27.593860714186633,0.10739605321350296,nan
221.5738189950756,136.47446991602789,0.10761189133249331,nan
123.3225291073816,220.25398776839586,0.10761635920440725,nan
219.29266825995387,130.87135598323957,0.10859361460441204,nan
188.25143615711028,204.40094250568904,0.10880934617705292,nan
123.28122210337457,8.919958830171835,0.10883057830627173,nan
204.76107645062447,191.931953220355,0.10884820258065091,nan
125.78731922551401,-0.9839533977397574,0.1088515310699065,nan
127.3321231166731,3.578508014192005,0.10885822699333579,nan
127.69826831074502,10.945044049090946,0.10888086403438,nan
119.45489444432991,124.01575547134182,0.1088937696668525,nan
125.54493043712426,116.86435094154533,0.10889786583769137,nan
120.5659364515843,122.1918703644877,0.10889883606777452,nan
121.73509141539382,119.33287098495028,0.10889920578103944,nan
111.37090026183449,119.33003576127474,0.1089001059438513,nan
115.39720766703799,110.43381217844593,0.10890382615883853,nan
138.00926800852108,9.277533207985622,0.10890985773494416,nan
131.31098465645982,6.084676331988826,0.10891326883435526,nan
118.89586320440849,120.36664228128588,0.10891345948127513,nan
115.49152596370706,114.91203492837289,0.10891428939111045,nan
118.34012772790479,114.81335288619015,0.1089235231760046,nan
120.90825125381528,121.54588665170903,0.10892444372846095,nan
108.39301380333451,121.51373380101427,0.10892684213948402,nan
125.64281872790878,134.51656222354208,0.10892799352435181,nan
125.05603001790831,117.01817010766871,0.10892912902677061,nan
137.1578030792173,4.940741397828799,0.1089329224321806,nan
121.07036781346432,118.7850925652151,0.10893441380438236,nan
116.20467653949687,110.94229667131556,0.10893906166889125,nan
126.35891633650684,128.4680078728207,0.10893966069194885,nan
120.92617887831878,126.56476813745084,0.10894366170514043,nan
121.78551622148731,132.33220934681572,0.10895463388638724,nan
120.36497378269658,117.97818303668069,0.10895581001143366,nan
117.8774280036798,120.31425443856105,0.10897067568011033,nan
117.72495253381942,120.11688350940945,0.10897137261463503,nan
117.12508301531076,120.34372616902097,0.10897348115084195,nan
201.65941901137663,200.97769028616972,0.1089874850983568,nan
114.46141670193764,119.87007452552128,0.10900994750626587,nan
113.8373599688778,126.46692956680458,0.10902408086142859,nan
115.88350030342285,128.01692028112763,0.10903552087279975,nan
110.64162995031813,115.86761914366366,0.10904137357962487,nan
117.0352309204323,111.01162677842174,0.1090613772137624,nan
130.2951790204177,124.66281538055779,0.10907425791217877,nan
115.44357743497154,119.4909202040041,0.10907807975140081,nan
126.44915563759291,121.00714193713576,0.10909200596814743,nan
121.14439066792244,126.20509319678978,0.10910515926086442,nan
124.58534054938588,120.39883996754376,0.10911427979540268,nan
124.26223915892609,123.56853053838792,0.10911630549181536,nan
120.43475910378625,113.34100859112243,0.10913991836742905,nan
120.47464282094349,122.4081911048229,0.10915851631261754,nan
116.89246130747478,116.24139731086598,0.10916228734121412,nan
131.39269992899258,4.027629970997305,0.10916346167161825,nan
122.11588384607647,110.83724806261277,0.10917672667747885,nan
144.6095279036761,186.9093909341885,0.10923982075910031,nan
137.6732636444221,-3.168589811530048,0.10925326250872511,nan
116.01064819575743,113.56121515836315,0.10925486590001202,nan
123.52533954609795,122.98893239357432,0.10928336363167686,nan
129.4628750902972,2.296081837861559,0.10928552119179452,nan
206.69886116981516,32.17545360089142,0.10941120833852377,nan
119.88936111459105,114.02966815164726,0.10941607013219318,nan
199.63334071237963,199.4238050009005,0.10942976996098407,nan
111.97542134897131,125.05399343424537,0.1094398442591451,nan
108.17005280729703,115.39732766216893,0.10945619424122331,nan
135.04027192883677,2.6193835139634536,0.1094925700962343,nan
121.80170807055173,130.75475393524417,0.10951222348018476,nan
112.99750843494536,110.654076242756,0.10962623747883868,nan
1.517459123104939,40.69917138772601,0.10967240029118652,nan
125.84166258027084,108.31046902012386,0.10967280792330977,nan
11.284856761332998,40.57548931051358,0.10968013591251059,nan
-1.6005978665681306,25.01591761534349,0.10968109620401155,nan
115.99257189686674,115.29624959174127,0.10972198922859686,nan
118.74645032318574,122.9905014703888,0.10973635068847223,nan
9.103668460644535,21.566974629314906,0.10979522748215437,nan
116.80412505292912,117.04198948857584,0.10981348657306109,nan
3.1001623496727144,40.21175325310132,0.11003565515798433,nan
120.3888786829451,121.39889544275142,0.11009839151083797,nan
137.75560612682105,14.566572850104638,0.1104209747380886,nan
217.59603251130878,136.96921239248312,0.11053206510372948,nan
32.22155178592711,60.68771355987117,0.11058322839141033,nan
27.933954021014962,68.70742950520847,0.11058754347860925,nan
36.10648405714959,57.83481152310436,0.11061247156710335,nan
126.52306921801974,115.28625414188534,0.11064925010316054,nan
37.9888963193175,69.7336542353628,0.11066957728567614,nan
27.169094023907824,58.80520726326819,0.11071242862608022,nan
28.865690676520018,57.05859541855971,0.11075018390494813,nan
199.5261433514595,187.96716061862256,0.11082507312157479,nan
0.8695400563827241,34.12156030149434,0.11083989927690037,nan
40.690905386785694,55.837419032092676,0.1108886020309718,nan
104.099711612646,120.04814645930907,0.11097129416110013,nan
127.83166503799193,120.16539070810562,0.11097817747504084,nan
38.77763347287764,75.06353308014623,0.1110128504689163,nan
133.2850649118288,-0.2807829981151271,0.11104420456502449,nan
10.903113797951173,32.27862721272885,0.11105125652778185,nan
42.33573098033539,65.91284656162347,0.11107379156163293,nan
37.742511835765534,67.10262741313541,0.11108612724728267,nan
208.27932964158862,31.67123792783543,0.11119572069771362,nan
117.45953724359525,118.55500402651995,0.11130114776723882,nan
119.5885996805043,117.27607309192531,0.11150298203751942,nan
106.96981151884647,116.77300866261822,0.11199554099364424,nan
100.99695195257327,238.5964740689382,0.11209804443671297,nan
123.55717578838501,126.84632160350881,0.11222216489504912,nan
127.6852784312062,10.789091332971738,0.11234017275943389,nan
145.01895573442135,12.27606896365657,0.1125027548911071,nan
77.27573419061261,238.06007718331406,0.11255446502678423,nan
105.76713511030032,227.18822240957985,0.11257368068725397,nan
33.613208828518076,51.877304206136486,0.11261366530321831,nan
31.233439217425655,66.44567607634724,0.11266256559829571,nan
117.1922369327192,123.30437186787222,0.11267031450331207,nan
67.14340304911414,229.3378851415085,0.11269295092294866,nan
202.59448134496418,37.544390528912785,0.11269756505310947,nan
29.152917885299498,60.088242957171566,0.11328048518223272,nan
127.78425970902217,148.12000353121505,0.11349824053031113,nan
11.374820120788604,34.89526405354471,0.11354646988706923,nan
0.1633123147560495,25.970819646155388,0.11365102702843888,nan
138.8456407433515,1.754202272709507,0.11379395519358626,nan
140.3427365589818,18.06294549655972,0.11382984190360292,nan
144.95731198046155,12.555381428397684,0.1138528829799265,nan
209.36931265145097,140.9050625153242,0.11387381447738494,nan
126.79306270679862,6.175074154835098,0.11392391495067049,nan
109.29134824901895,238.90224579176459,0.11399203328842772,nan
105.11709347411096,231.58994714906012,0.11415363930403981,nan
144.4061953704287,189.9845159459838,0.11446680384141059,nan
22.490253438035275,63.69626575171214,0.11468651000137657,nan
10.230274854595361,192.02328829635243,0.11482446043102992,nan
6.913145849570259,184.5871473494666,0.11484782729684709,nan
8.933688472373229,191.91008734234208,0.11485369851273061,nan
117.15520470893476,131.79355572202206,0.11502077626775313,nan
34.53412450057065,79.15014893668796,0.11504354264872611,nan
71.36905451025117,81.26487244778917,0.11507167859379754,nan
82.94482836153044,80.76086428814754,0.1150753350131976,nan
75.30486975759293,85.59816735877132,0.11507555038060338,nan
79.19729421712553,71.54021720555536,0.11508609817286057,nan
71.47863347994398,79.56818097214934,0.11508681767507278,nan
73.78143294299566,88.9266215228889,0.11513091570932785,nan
121.27872655004205,129.41556179470518,0.11515948748333711,nan
11.92767671311958,238.72230849092057,0.11517116701664348,nan
16.170388957521347,236.90946916897516,0.11517411375557875,nan
13.705696703299902,236.9457284279246,0.11517429334110595,nan
8.75517649580795,237.88984674260973,0.1151864437476652,nan
24.74583000619068,239.66928645318976,0.1152159143508793,nan
15.245127588212917,238.65951357444172,0.11523184306026012,nan
75.01753796384507,88.60407194868988,0.1152398281051849,nan
114.63226907229792,119.05437498795479,0.11525734120418443,nan
132.94802753720876,7.850854814873162,0.11527560303251216,nan
23.141316106290386,234.5572401594844,0.11532092048510087,nan
5.4558885910656585,189.12535143457873,0.11535205563455385,nan
80.01149170370999,87.95859517828983,0.11537265590023281,nan
21.221959854675283,232.2158773826104,0.11542862043822028,nan
71.34092944918164,83.01212904345134,0.11551764800919341,nan
15.251823351842184,192.19039906222991,0.1155724393382947,nan
89.25305410066068,86.18680291810225,0.11561418215773997,nan
79.62272664210242,68.90063063622304,0.11563792367906582,nan
12.032968286702168,193.12094243046002,0.11566110986836112,nan
16.46096764297613,229.03299186881742,0.11569083699568511,nan
247.95705754111074,121.02950119350358,0.11574140447513531,nan
114.34773585822836,227.02850197668613,0.11574941059819817,nan
76.90468552023997,211.2857531014334,0.11576702171019163,nan
120.11890045043893,109.76786776622056,0.11578395269482993,nan
75.76531270465917,79.97045695350603,0.11579874772443784,nan
16.66777691102503,27.310766418197925,0.11586274385505385,nan
73.00277274064655,89.06876445180532,0.11597604417859068,nan
99.31244757076753,242.42425169446736,0.11598636379150046,nan
224.7256806214716,130.89408170833659,0.11645439105981464,nan
119.72577485762234,112.51900081946515,0.11656270131197169,nan
210.96926848442797,21.396272406272594,0.11663312586610776,nan
119.63937983170865,121.8714585728044,0.1168875574207713,nan
133.7226343859113,6.679760552537879,0.1169081440364238,nan
112.06529322993562,120.36069836532687,0.11692576613416165,nan
115.27954089317764,125.65744079656943,0.11694116847021213,nan
22.05238253984193,237.91575622120698,0.11700319770263229,nan
17.579972378013238,238.2494528219043,0.11700877842317721,nan
127.45516772561815,223.36774332579768,0.11712427780824913,nan
196.9807715040476,195.60824927129377,0.11713129844174697,nan
14.65120905280441,234.38955654258427,0.11713131175855923,nan
124.3445923182602,145.46161428256235,0.11753709975214541,nan
113.23686472898522,231.69878221772058,0.11784032878442585,nan
138.36183025694118,6.346611733727787,0.11792945163578793,nan
113.87787121266722,240.72236907530802,0.1181147136742165,nan
13.829642296749554,232.86013508678766,0.11811927471291832,nan
18.85006028146858,43.11444000293317,0.11828872669404725,nan
33.28640151469513,49.28351445461416,0.11829407309283888,nan
25.238252378468253,44.949788992789266,0.11829750640716931,nan
25.48440781075916,41.98765723231358,0.11830114831219411,nan
24.498773099448826,46.04760580579171,0.11831494058415581,nan
23.062821827049902,33.93119679545341,0.11831933269612875,nan
19.738222936362195,40.64122762664446,0.11831985272833871,nan
23.571993866944368,41.1014279373171,0.11832798589900727,nan
27.66566620068351,40.90734098587468,0.11833404102736411,nan
26.007725424139505,51.027321188693136,0.11834094436033156,nan
18.591190988707808,33.51505680058439,0.11834272545182847,nan
23.475917805182974,37.40695013436295,0.11834543848545324,nan
34.79360624053037,41.64287133342714,0.11854605669326197,nan
33.621551575324226,41.31537809579764,0.11858802794039401,nan
75.3114425804905,234.86430815642038,0.11863262599030275,nan
20.023311230763383,33.075472680114956,0.11864208139983685,nan
140.52812190432596,11.386594884606831,0.11865440745122516,nan
26.70350154215182,44.06358341331794,0.11865651319680409,nan
26.892911736098743,35.23022357500888,0.11869100034569767,nan
32.597391462004374,35.63618415965396,0.11875855602056985,nan
32.34892423421847,33.10317070244726,0.11876505643626949,nan
30.402304022150407,35.61702662994935,0.11881832984308117,nan
24.600508063845865,37.97892736663807,0.1189629397320313,nan
72.78305839361548,73.24126730645077,0.11900367753069542,nan
7.7571300116008635,248.75170583036675,0.11917593309899044,nan
204.23826758941016,129.51290978907866,0.11940054387962405,nan
119.21966900624214,114.43930807386509,0.11981498045540119,nan
216.3310275684542,130.3510634868495,0.11985281157636883,nan
35.14492410704342,69.4189614407492,0.12039399525998054,nan
7.465421405269593,232.72870359808917,0.1205360220418345,nan
126.89970737675498,128.09788853816337,0.12076827575032219,nan
12.178171929697143,238.55386310081843,0.12079464252918226,nan
14.702664158118246,35.35233035233917,0.12099393768686126,nan
103.54781418061572,158.30891115436577,0.12110887666457328,nan
97.79425650883248,158.38032452344822,0.12111665698628545,nan
97.8098393960997,173.10227800020667,0.12112015103561659,nan
107.39056028825756,164.62681737350923,0.12113236949670184,nan
103.92227695400739,166.86185061049054,0.12113978019307536,nan
105.03909178111334,171.53640973794143,0.12114747141814126,nan
108.48335254430657,169.94141007233463,0.12117549047609397,nan
104.45388370294319,166.34283167828826,0.12119290137709902,nan
124.82975466025843,6.822295667123035,0.12123024690465564,nan
116.54799935898451,174.8595311394582,0.12130819788472925,nan
9.11080882724019,162.43181138385822,0.12208845895067086,nan
127.59766885110547,7.4757866795608745,0.12208938760085272,nan
150.58589699166157,6.3775182309979,0.12210809964677652,nan
4.015254566952111,34.35365597177191,0.12233204225630574,nan
110.17720560165525,118.0411824486792,0.12251795917345847,nan
15.506460992801937,188.94531544061672,0.12270217932101726,nan
212.6477723061729,32.39701294455386,0.12270822364871364,nan
54.693588872624986,72.62929664706806,0.12275149536241893,nan
26.684818373216764,46.67221518481283,0.12275827255984466,nan
35.13321174008217,73.13976316612886,0.12288623763095988,nan
23.72194817700316,41.72319961241697,0.1229482647430268,nan
74.29462273687119,72.89132823661934,0.12323374206691769,nan
202.15358013288446,107.37039989152004,0.12324979616455013,nan
204.80369511821777,111.90722584019815,0.1232586653491718,nan
204.35122941117288,105.09623923881,0.12329281909782558,nan
199.60660559894626,114.33325090184535,0.12330846768988647,nan
202.44198836767407,110.47086715177691,0.12333796572492327,nan
204.15910545083761,115.63053611018154,0.12337896651647838,nan
208.09057627752136,120.93120680757296,0.12341671832878112,nan
194.81595492869337,111.73902591792229,0.12343078928976306,nan
31.353348156676738,40.75714610437292,0.12352087813551085,nan
17.238955716338367,236.94702552871223,0.12355912978349172,nan
35.50892707546633,60.097902622153626,0.1237103744778316,nan
43.11446305278188,54.16058379386874,0.12378129180569677,nan
7.074137765074549,196.25557234574543,0.12397301909789853,nan
199.9180451085691,119.23720168603256,0.12401628715531506,nan
128.74126533113846,123.61873331777917,0.12422395495589998,nan
195.88449105807737,105.22584115204468,0.12430614362193879,nan
103.20761644979068,173.42128922540144,0.1243268484677488,nan
97.6917146472907,165.29675539005294,0.12445417158046962,nan
206.2619974036182,106.91839573296501,0.12446032433806888,nan
155.47783189866348,188.15533286947692,0.12448385984534358,nan
200.84745652127964,109.58141099661486,0.12453851325491647,nan
31.53488149546713,70.21182040374958,0.12454372826468985,nan
171.3765383683856,40.06746983970061,0.12459266650758685,nan
179.73946544360416,42.00339142172235,0.124599444097694,nan
182.80162376171873,49.22242397980651,0.12459958291912956,nan
173.19821317008763,41.751379686041766,0.12461582567048991,nan
207.3305743540318,116.02567382891868,0.12462147776996157,nan
167.12131107478734,45.426584057402565,0.12462313200580832,nan
175.90143750701338,34.93166198219098,0.12463183965964254,nan
210.73364188474488,23.219211838015443,0.12466992247647048,nan
5.909187677713576,34.93285041184792,0.12468116699026521,nan
106.92130758742422,171.43213816806204,0.12471788398464541,nan
174.24107449393128,39.700832596060145,0.12472265277715618,nan
201.89615085013267,121.06844966760937,0.12473241562166798,nan
167.27172995881236,40.92857181875096,0.12474976009030055,nan
168.5057552500272,36.47444082014174,0.12476055074538495,nan
102.22230463831949,167.9870375355539,0.12477091532211287,nan
183.2879835117826,35.68889157000035,0.12479945418417046,nan
174.5038983381481,50.754771583193964,0.12483800030556175,nan
183.1352647932049,44.50910588471872,0.12484076990666201,nan
134.46791451655412,7.091134876006571,0.12487518044261708,nan
174.05157938300752,39.48393539999475,0.12489892714236155,nan
26.162686324739344,42.36995167868713,0.12511707159124044,nan
15.44443020744944,41.23361140746143,0.1253472789640495,nan
202.59471693751706,114.89266606984629,0.12543002343374943,nan
28.70648436194723,44.38726961751713,0.12551968203961503,nan
135.14350476413603,36.3919179064413,0.12558264229352453,nan
10.432891051582551,25.54633412539025,0.1260756105000336,nan
196.98546030961862,113.92087237836179,0.1260863445024072,nan
34.03431100710396,32.525579415868854,0.12611319854553077,nan
202.47017124478688,114.5990529351213,0.1262860034529895,nan
169.6999930970211,43.65597045423904,0.12631058495743552,nan
165.56085191457407,40.5014128023244,0.1264530662807718,nan
110.47431030969004,241.81836156648393,0.12651920991683416,nan
71.13421098579222,75.4454892780414,0.12657823384488767,nan
7.650911689861228,160.3433964714644,0.12689596866179947,nan
34.32243172211442,63.37852475627817,0.12693158347131217,nan
-0.6001876802665566,31.28870694884012,0.12693702179114116,nan
16.494485993380668,239.52591815922008,0.12698877784088408,nan
27.94756858251585,37.40674443467276,0.12704314099440794,nan
41.6838462465864,37.452202066643764,0.12740107115928898,nan
125.86147299797385,7.312133198507285,0.12743960682059635,nan
73.59141472847205,251.5204697553769,0.1274729309671823,nan
76.79286169484658,248.66104410077517,0.12747399090652894,nan
91.99385505018968,252.59977294318122,0.12747476082453085,nan
76.81589323635225,246.29237910526956,0.12748018603849523,nan
81.48942165650172,242.70664109738962,0.12748304114584166,nan
26.9325836970957,44.42755990525802,0.1274844222854321,nan
87.32125516865315,241.48038720066944,0.12749029303069845,nan
83.11213854512235,251.87588267286287,0.12750120040489882,nan
162.9428797792815,44.702911859467775,0.12760812777933994,nan
80.79270419555597,242.02158682654553,0.12763697072505945,nan
173.2474541577102,50.70290194938698,0.1277053631059778,nan
80.85514405661199,256.5044207329632,0.1277276924345702,nan
87.8250922363428,241.97486109804882,0.12774996313912618,nan
79.4739250150445,242.53480141997423,0.12777835303141874,nan
167.6859921387583,108.36519769756615,0.12778753931667514,nan
155.5662129943268,102.32707405844798,0.12778889465508578,nan
164.79190882738584,97.74161678451465,0.1277895152567945,nan
164.37824670433167,106.10219627338375,0.12779103649996668,nan
160.16824614389864,102.11426698899457,0.12779414330015382,nan
173.166456407482,106.97046576660875,0.12780255805118676,nan
160.64771955561145,106.48564802328823,0.1278027817493192,nan
158.4192831682532,108.55154378575448,0.12780361086869188,nan
82.26020632028116,244.74059851731448,0.12780411329554192,nan
165.03061732230526,115.00370556280379,0.1278055625857202,nan
169.19894312875948,105.87463625489117,0.1278227277199839,nan
164.7900669884389,110.95499500263932,0.12782938862642215,nan
162.94238594618523,108.18224863420934,0.12783008464111845,nan
166.09554342756095,107.43395261857927,0.12783239635050173,nan
26.511451672383007,65.79855651441939,0.12783400242925866,nan
175.97330477662422,110.75034401600286,0.1278364066428302,nan
178.60288693013513,115.71225400115405,0.1278382696628711,nan
158.22999286664444,117.06658290951033,0.12784985841646387,nan
165.42739708607814,109.98243757566404,0.12785180592015344,nan
172.95458213805907,105.34467751362186,0.1278532437368142,nan
166.3361480143969,105.7955060989902,0.12785462021118277,nan
164.74657480383445,105.15034895461199,0.1278665678647506,nan
158.50823256793402,105.07503388586063,0.1278930374217889,nan
167.89317398634222,103.8101139312569,0.12791263414893886,nan
165.25483211538668,102.05510278018984,0.12793424088703512,nan
70.45498587744518,73.11306563001718,0.1279776868866777,nan
85.47976729835183,78.09753351862994,0.12797910549607133,nan
79.67337913002896,79.2150756801273,0.12798732124581763,nan
72.51751949375769,67.3162499815153,0.12798767526612392,nan
74.78982179174233,75.6573633293216,0.12798768015951895,nan
70.34727972278564,73.51791582055607,0.1279906813357004,nan
73.01996358181476,76.98799834056958,0.1279913072787794,nan
79.48001812437661,79.81282936141488,0.12799479861066182,nan
72.00441918039776,74.8136431343187,0.12799519691398348,nan
78.06812174217632,66.46524907880381,0.12799528274946909,nan
69.4436042042227,80.53738768197107,0.1279958025902253,nan
166.978302968056,110.37896129647302,0.12799847151810786,nan
77.98035736452714,70.73416058465418,0.1280015722198825,nan
22.002540151282165,47.04000727505259,0.12800858224181166,nan
120.60667486889298,137.07762859734171,0.12801141551463735,nan
75.29629714589558,83.92150189359799,0.1280121207531614,nan
80.64286003406465,66.44698090854294,0.1280158494805407,nan
80.09696163424294,72.15800104381364,0.1280279268598085,nan
65.61919513916504,77.86221792669456,0.12802798158452694,nan
169.3620107033522,103.62984569309236,0.12803015199804463,nan
87.11974726827027,240.64805642821835,0.12803099831251474,nan
84.61985003525862,70.1662537894479,0.12803183144326905,nan
76.86079796873524,76.85856931737456,0.12803207643365838,nan
165.27179473694122,101.70741560350265,0.1280345763150821,nan
160.27522230407564,107.11353042158771,0.12805072462324066,nan
67.32825657108528,74.40963067524726,0.1280653089145988,nan
167.91807903769487,106.21568796627754,0.12808415931627115,nan
77.93754521354096,60.023735401439,0.12809960207806922,nan
73.46474057709683,79.11867827690371,0.12810461344199967,nan
72.88146445345281,70.44470942694772,0.12811519753732686,nan
75.92934799800884,75.68052935772778,0.128135047909952,nan
70.81054391167527,75.0685270003034,0.12816975344273407,nan
74.58461860369593,66.51427336314423,0.12818233723013595,nan
69.93786423153604,225.03342078133423,0.12820233471019438,nan
117.97347316652031,121.26037060189711,0.12821883938139247,nan
75.05152833870267,72.7383727889505,0.12822081730193724,nan
74.54915974549533,71.26583321772962,0.12824234161040904,nan
60.6123263207038,67.99703364786657,0.1282759022047712,nan
70.7503167592351,73.48993295272652,0.1284117864670835,nan
-1.3944855719386213,38.219656677567336,0.12843837577061074,nan
98.24663285645777,163.80658262258885,0.12844608690192977,nan
147.39885237551812,57.10184591144757,0.1284540515798464,nan
153.91758126550738,56.873788248385054,0.12845483273977942,nan
148.01051545963125,68.98421569606884,0.1284605465721872,nan
144.39094108354294,65.137100430123,0.12846097469847645,nan
147.37739225811063,64.5159665377791,0.12846378117780954,nan
74.1560959025384,74.25670014044239,0.12847665113598145,nan
149.18544011012813,62.52654114646384,0.12847893497317,nan
146.81184717199534,57.91279421523348,0.12848698667940478,nan
151.90871848735603,56.452522970985825,0.12849746719865587,nan
153.8076929556533,65.93248279561533,0.1285085510789089,nan
82.52967730929379,63.48225987954438,0.12853083167212026,nan
164.6205003544499,103.7447581312841,0.12859364733307316,nan
65.9216330795926,62.584352749421456,0.1286136711210005,nan
170.50109002132908,109.8544412323794,0.12862416915515265,nan
161.87514882195327,103.37109333973274,0.12862474624955783,nan
137.68495230060188,66.77681567831584,0.12862567933843283,nan
148.8840372095124,68.04371059143043,0.12862714214080653,nan
76.22891049204998,65.07895888441257,0.12863603482286884,nan
64.47813197384029,70.48325695496273,0.12863781302177577,nan
71.08605365218081,70.31914668580679,0.128647089303175,nan
137.79272985289285,67.43367060905997,0.12865056692152102,nan
149.51663047134008,57.4123452096938,0.12870594823777062,nan
70.25265930291881,78.37029356790615,0.12873546378317735,nan
148.46836023301057,63.49806619988684,0.12880507888500037,nan
71.8276607479971,76.7375006546072,0.12886430919509193,nan
156.74045940565298,62.23919465150734,0.12906572223309312,nan
198.1216836458587,34.629433426145134,0.12911583452665115,nan
72.75978461971427,82.14686199253036,0.1291264007762278,nan
74.30453388963035,234.0326265198531,0.1291922485925338,nan
143.76803981316382,54.65281344478947,0.12919455217160591,nan
145.84866511808787,66.95517513281871,0.12927058583655973,nan
77.69993275684209,253.7058610962962,0.129326915489251,nan
162.86381766540455,107.9770518891451,0.1293439957193241,nan
84.10181769263258,244.2239515897917,0.12939073667026418,nan
147.12129128628084,60.071497580594276,0.12939109315081126,nan
20.94782272975861,45.571073569821145,0.12940916150463252,nan
83.7344655656587,253.88652225452995,0.12948212794287514,nan
16.675962203018848,236.47486805154762,0.12952639530256263,nan
73.64034074229829,73.45141118719427,0.12959342213328734,nan
84.55765164895612,248.94096228561398,0.12965857382069526,nan
166.06113110135374,107.56106811995691,0.12974061328281306,nan
140.1115370509988,62.41254283970635,0.12993704454792113,nan
163.54838114891157,103.04069924097456,0.12994005090454394,nan
161.91107561729137,107.35096135667034,0.129991462711346,nan
149.8850537196455,198.19646488776664,0.13019226032555958,nan
22.702631509192525,235.5211421352613,0.13023340096637545,nan
83.16822674654658,252.15220003209464,0.13031209919801423,nan
158.65487672999436,105.98579992503632,0.1305017323192442,nan
172.51433425047105,103.32667775210545,0.13053924102211859,nan
28.670241456917566,37.496237295376176,0.13073094640821792,nan
150.5141625349027,65.90062240527196,0.13080427874583786,nan
170.3031532224258,113.94001533593877,0.13095598649271753,nan
72.90721721925206,68.28264527239433,0.13101058132349405,nan
87.09782496386823,256.43110865125243,0.13106607660210728,nan
69.30231043697884,59.65296261895337,0.13107313858222863,nan
0.07503198050564246,32.365744228192774,0.13148629337835038,nan
172.35435695777628,44.0331158555747,0.1316085351382403,nan
80.40806892423014,82.79458460263204,0.1316125609454297,nan
171.07322733257507,107.28345858036599,0.1316866042911121,nan
162.04243949688941,110.46031904031285,0.1317789874606542,nan
77.3371934774803,73.64088848296518,0.13179174107223643,nan
67.81668650919542,71.07944057744501,0.13181212375825146,nan
84.12256107493953,256.4670535600497,0.1319462861778589,nan
163.6373464374894,103.61724685909059,0.13207704109976565,nan
193.1732263587083,111.17608542721912,0.1321791301656717,nan
9.038196442401752,231.6523122698732,0.1321797272221844,nan
99.00157146429599,163.66135278832937,0.13226805143869724,nan
138.52255591326823,49.64646705802417,0.13236571953470036,nan
76.09136585160175,244.5490510045929,0.13239413362517838,nan
204.0693981569761,120.64428186615183,0.1325366706541754,nan
69.84115119584274,62.57093491126503,0.1325432323833245,nan
177.7046571817463,40.75709576244301,0.13255728537847092,nan
62.56319774448718,80.30225052463959,0.13264477685638384,nan
175.47923342906358,39.069453460481355,0.1327719171634036,nan
150.03231778582085,58.74001918125386,0.1330881890287019,nan
167.9585204600719,166.44057768712193,0.13340582523827768,nan
176.09471902024515,177.01323196834895,0.1334363055972011,nan
173.24808884418366,168.76768723417447,0.13344093353610695,nan
167.49293466697284,164.83884962270102,0.13350527376646196,nan
168.0659842859249,175.94942737216476,0.1337091819488048,nan
166.4052734161936,106.14037328929028,0.1338415083255126,nan
76.9588603329689,253.5832353078378,0.1338471325700523,nan
169.62780976426592,159.49490171110762,0.13392315052666795,nan
175.71956226501194,167.61953971606147,0.13403234663225308,nan
173.6554582690624,45.45787199391746,0.13411051327892018,nan
67.55574877424263,85.64747749675588,0.13436077525371004,nan
103.84089222255012,166.45328872039872,0.13439022221999633,nan
195.88014269264127,196.0588100476886,0.13451941255975025,nan
103.89775665423039,167.28521176347388,0.13455355496568322,nan
9.6653387850438,193.20538582558385,0.13468818454022224,nan
165.47318253954444,105.72153602180222,0.13471742395568656,nan
8.280307077059877,238.48690264010955,0.1347482651856161,nan
34.1057018364668,246.66810478145823,0.134832910568691,nan
201.8908152062458,117.53789441580614,0.13517296787871985,nan
3.1831880272294955,136.07040382005195,0.135486196670837,nan
15.993901551411396,147.27840187151236,0.13549814918690334,nan
4.284152145735938,135.33927632139967,0.13549857039637814,nan
7.163259709111827,34.149014857069616,0.13549941037421467,nan
6.519406178999243,129.4848047513268,0.135505805626175,nan
21.373044869615015,134.59603156027683,0.13550743998777212,nan
4.758680442234778,136.53525408768186,0.1355193900651548,nan
9.192724563542262,133.45435024737054,0.13553625279715398,nan
4.534493987006916,141.21098241772398,0.13553664439923613,nan
13.90757272657465,131.51266075639808,0.1355593018468893,nan
7.21690658266351,129.1721797845678,0.13557164356037227,nan
10.788876000052978,136.9894091464059,0.13558469017277472,nan
10.292386481232104,137.30987170592508,0.13559482603854112,nan
6.272190936932279,129.2268600350427,0.13560715757599962,nan
15.98938013042898,132.50330442186032,0.1356163711162616,nan
14.828839277500489,240.0060009543447,0.13565073715059472,nan
151.141083634117,71.09060600404436,0.13566414918084302,nan
5.162644119943476,131.89847064111044,0.13569639175156228,nan
2.211581025064877,136.73317597214034,0.13570259034579024,nan
7.973578754394761,131.32509205393768,0.13571485979193348,nan
17.84141433886489,127.84102888009865,0.13579707294594467,nan
167.08965968348417,116.23296145047368,0.13590816727102903,nan
1.6633736398301189,137.15217491421566,0.13595011163377024,nan
9.18142667203636,131.00544960777404,0.1359912466507651,nan
-11.463734379500828,38.863335553893805,0.13607455280864736,nan
163.82560999537918,101.20202829150836,0.13608074805727302,nan
73.81340964056874,72.45814442530848,0.13617485631058251,nan
5.983496565231411,127.01539815687747,0.13617965882736038,nan
80.51614134452498,247.12649410559013,0.136222531436497,nan
209.00161906863886,29.227779491872337,0.13625237162657156,nan
166.5870899176449,113.22583388293083,0.13627228691285387,nan
25.985791140832415,47.7934027439098,0.13659968034422162,nan
6.239782187471917,136.25485788481123,0.1366876293084059,nan
134.7360253329259,5.141817281026979,0.13676757947240348,nan
161.3873991392336,175.601655046966,0.13677217078664816,nan
123.117668024235,225.01073958873982,0.13680964011400798,nan
7.008467963782965,137.60336119233517,0.13687401815789008,nan
146.20848618929804,107.16562172077906,0.13698907258905485,nan
63.5491113252973,65.00237253911378,0.1370056800943583,nan
105.09737979327518,238.5648306917169,0.13707767383090064,nan
7.895358885530225,131.812920771207,0.13717658140928501,nan
65.10384493502924,198.02863450565408,0.1373122017072103,nan
6.592540640409933,257.63777438263253,0.1373139308110038,nan
170.51202756731524,71.61652927334043,0.1373163841466567,nan
166.9283874766093,68.59195888476818,0.13731692579770416,nan
171.5230478318407,63.99958719692018,0.13731722923589085,nan
182.41676307964462,65.49702607745941,0.13731772471630022,nan
62.66242438645328,200.64042689649645,0.13731806629656032,nan
166.165662600912,66.06571102070637,0.1373190330029881,nan
66.09187024713856,204.96087067849825,0.13731933762706405,nan
176.76124133850394,73.3942776782511,0.13732178670556272,nan
66.14327046033675,202.01934713076767,0.13732228001971564,nan
178.78670392928768,76.23912216586446,0.13732721148096197,nan
166.04736857065095,73.76381730832607,0.1373272886299997,nan
7.566082170029428,132.43028691982462,0.1373272949299263,nan
69.52749771233785,207.93341774612554,0.13732817389811935,nan
70.47754734713645,208.53845822051457,0.13732911143966214,nan
64.26660474952128,217.3841987536274,0.13732951534997476,nan
181.5841794224312,71.20845781952728,0.1373349815648781,nan
13.163688560946376,254.3846640485902,0.13733512895262284,nan
172.87880338102215,74.12173101018384,0.13733941414662296,nan
175.56119064838427,61.21835236021878,0.13733944042688861,nan
17.581054594192263,259.8084940958014,0.13734727505692573,nan
178.408119703926,68.18245391468254,0.1373479413431311,nan
63.577337035721634,203.33434762031513,0.13735082594098255,nan
62.26147673187764,206.30917477748648,0.1373515719021042,nan
172.0537854063258,67.00344697517592,0.13735173716493834,nan
62.14112305695829,202.77696858074947,0.13736592466266256,nan
52.027737767804716,201.85283987000585,0.13737542620200532,nan
11.79695935970495,247.52757200612817,0.13738149692148305,nan
175.78846349274323,79.76451125603077,0.13739159388549838,nan
63.91537652392484,207.64509606754692,0.1373950244073469,nan
63.55305416033085,197.53346485233516,0.13740061368814374,nan
184.03372083108349,67.48259785293298,0.13742047170136196,nan
21.027248578815115,255.62427917102653,0.13742726425663498,nan
69.38820429711639,197.30469004444913,0.13743253187511237,nan
166.17246412966745,77.94024382625295,0.13744220760653442,nan
106.37486744787121,159.4288426700115,0.1374460645977618,nan
60.96002352689883,205.99396682721783,0.1374641258957968,nan
76.97579059768118,202.40686479761763,0.13746464492804863,nan
69.4446568891073,200.95177849883368,0.13747073637938506,nan
68.93995083167522,184.57687654005372,0.13748039973161022,nan
170.32684389690132,73.6102143202061,0.1374964147285893,nan
77.56239392781326,66.76401153631213,0.13749713775255948,nan
172.11565021996313,77.37188898737351,0.1375172802540963,nan
60.00740192135851,204.31047081869423,0.13751767180794558,nan
167.39407277282066,66.95184097481726,0.1375387573321803,nan
63.790731291534726,205.66502850003127,0.1375590276534204,nan
169.59749690177566,71.46584929350645,0.13761279384635916,nan
117.5756224624746,130.64768214267266,0.1376220835212415,nan
172.41515058105864,67.76672833983518,0.1376318915292486,nan
174.086593806837,64.81100376380998,0.1376433291147396,nan
58.87251343370117,200.66890138798544,0.13764695804903593,nan
179.6252939718452,70.02392492622603,0.1377321205560721,nan
172.22364442101187,68.41159258219018,0.13776058435635133,nan
65.80477795441136,209.55455198530748,0.1377687667838015,nan
57.20813848704276,199.57270741431927,0.13778858830114563,nan
5.736664587843381,253.8057120641799,0.13779353402175773,nan
123.05373916699713,149.9028401824545,0.13779547334503683,nan
114.99629632493797,150.69893134867544,0.13780568184835262,nan
115.43291820537513,145.46371171131287,0.13780643003777696,nan
60.17555469280319,202.07943946277638,0.13780743247003813,nan
173.99198543684858,70.20973666846525,0.13782519197186274,nan
117.74466449499145,154.751535663554,0.13785347660650255,nan
114.6982592118355,151.21402177443244,0.13788676858647886,nan
123.93858660481509,150.61536617887205,0.13788732400674988,nan
164.93439648467574,67.32986424974315,0.13796992216552217,nan
168.9681401102741,66.76643574780903,0.13799243097570524,nan
172.31188694712236,71.43365777526759,0.13799287958779693,nan
105.9908514908878,153.07710587990368,0.13801463730567914,nan
105.35514372840922,157.8530775227263,0.13801497118998762,nan
9.329261433164929,32.3875477483497,0.1380945491703064,nan
79.59503571973269,251.00866154255462,0.13813633351754362,nan
66.08795253557022,218.77345178613723,0.1381491361274551,nan
-3.2706686080164165,193.6788227919476,0.13815991984987985,nan
70.63411513363314,204.96579175221925,0.1381773958894575,nan
169.79740948046032,67.77520418045468,0.13818626641089138,nan
182.55027021276965,66.09333498044896,0.13820051012816745,nan
198.08331627103146,106.15553912724364,0.13826385278624295,nan
67.27165029958505,210.09280285713592,0.1382808604179281,nan
174.64712729275973,73.94900595705846,0.13829815386853372,nan
177.4301470665656,69.03366622613144,0.13829893799493326,nan
168.77521746966133,75.61126663601533,0.13833219687518206,nan
65.10957840541197,197.75215617147316,0.1383491707803512,nan
170.3950589624821,65.12462719756483,0.13843916481761592,nan
162.4815016243606,81.79816903882008,0.1384458241481687,nan
113.1475437459846,146.05047865216605,0.13847565262552305,nan
58.312005713407295,203.4022904494627,0.13861363557345738,nan
83.18340383613004,78.49337384315682,0.13872278912537478,nan
105.66079802180852,238.72471186271596,0.13877268807917587,nan
70.3148743673087,76.26864190246407,0.13882998459250515,nan
76.58608713988431,77.80790285425265,0.13885175110464903,nan
60.353345877867795,202.97191122307981,0.13904473690722344,nan
112.35266782217033,141.18153288654807,0.1390703369550808,nan
81.40173443142086,64.95090071742985,0.1392295081687744,nan
171.5664507044667,108.53867306785358,0.1392449924598966,nan
164.0314412847896,63.76002805180684,0.13925640623119442,nan
153.30307646552384,54.56985049585399,0.13927336241091143,nan
177.9545433326071,63.40015786708491,0.13952378601169438,nan
22.559299328923842,247.72304601271819,0.13953684353942528,nan
102.95552994486503,243.1627435884939,0.13961623230999456,nan
180.8459628665056,72.74932170470811,0.13967568508346848,nan
102.59801973178988,32.68601767202472,0.13985643948297696,nan
97.32873306884093,25.810644116521942,0.13986019327651808,nan
98.1712047736451,30.673864355804564,0.13986103228788394,nan
99.70559389152253,24.71272664251426,0.139867251983041,nan
97.60382986162317,24.34917159192953,0.13986893066772219,nan
98.92087182442026,35.174821568107646,0.13987230010552254,nan
104.63453999758805,29.879416337236247,0.13987512531362142,nan
99.3637084290024,28.925205694810234,0.1398850475779402,nan
100.09465316844268,21.00702334485398,0.13990077774558435,nan
89.7381860497369,27.7564475890677,0.1399167791399001,nan
96.99945971251435,30.483771849943807,0.13995465185401362,nan
95.39482363853593,24.91224035809025,0.13996559551413773,nan
108.06250138570186,28.375179957300716,0.13997504067290917,nan
98.87843062123103,24.192752022470454,0.13997762706213165,nan
106.27741793817634,31.753369243038414,0.13999212389705076,nan
172.9408929323308,100.88322708668956,0.14002577901299906,nan
11.720504086805791,130.677966815423,0.14006043631217274,nan
92.7850022575748,29.39647057317484,0.14007327828385824,nan
93.78192326866981,40.63118551084406,0.1400797210407859,nan
94.24286341890011,21.894658871516697,0.1401100795086177,nan
88.26775260088193,44.38996276172479,0.14013169279113036,nan
90.0936028415566,51.70903046684426,0.14013353934117656,nan
89.58328571767859,38.43131581932131,0.14013449589197594,nan
88.95610187055104,38.99089911063153,0.1401370675748843,nan
90.01266828294456,41.321497202486334,0.14013789168106414,nan
93.66254959369304,38.92213350089911,0.14013802115876875,nan
94.3708885284448,32.52040471464954,0.14013811668505372,nan
97.10946841477016,39.26431037760496,0.14013894309932332,nan
95.9728373005144,46.68911975918283,0.14014381547858298,nan
85.21767737533703,43.5580190931386,0.14014472610560327,nan
93.12248299677017,38.46292038953358,0.14014570148476743,nan
83.69092740941447,41.10959295298212,0.14015028863474396,nan
88.24101733197445,42.14663279952739,0.1401545532823433,nan
96.0802769448176,38.66376609336437,0.14015927788348723,nan
98.77763188307966,46.868609101137025,0.14016103248261194,nan
86.53896079776845,40.18341095823478,0.14016321862848244,nan
88.82691911901667,47.60790723131519,0.14016546487387316,nan
91.18934043345145,43.8797941268455,0.14019620299633936,nan
91.35938711619492,40.33454190774678,0.14019742091332127,nan
199.9010966083563,123.22457745631488,0.14022309095318097,nan
92.83101874247356,42.36032488808821,0.14027805804189858,nan
84.07404053349079,31.48445710355452,0.14027902262250053,nan
66.64504647321213,195.70913655089157,0.14029643159867813,nan
90.37683101091316,45.54641400427865,0.14030291120680596,nan
200.5593945122697,116.13069004160322,0.140310581171651,nan
95.14946839212936,40.59193441918617,0.140319395698948,nan
148.51055130497198,66.73786350374291,0.14033053722740968,nan
88.87032166865315,41.88901498956225,0.14033177608383735,nan
88.94556069499296,39.06133993658049,0.14040106788874732,nan
104.20040606459847,32.83583688514689,0.1404325185510079,nan
98.04499160067947,37.13137811100815,0.14049617975882217,nan
9.51451353597096,260.67122244322474,0.1404997117310983,nan
85.47629193862723,38.34647784261927,0.14052175119695096,nan
86.29069680036247,39.3232247076171,0.1405371842804624,nan
18.109244379471523,132.78077429535904,0.14055654412406707,nan
101.72911077572702,30.918107068896404,0.1405836241837902,nan
98.35017299564589,50.427275444364724,0.1406201292825821,nan
67.5396244506842,75.64382026343269,0.14068596680859913,nan
26.180180302020627,74.0572328782309,0.1407383220609985,nan
127.75332320095579,115.36521422858561,0.14075961944202547,nan
90.08798465717175,38.34539927809921,0.1407815806059101,nan
101.28034690034029,37.01521231450504,0.14082211090333518,nan
86.3084278909101,42.98561718897417,0.14093775640292946,nan
169.0833739543988,104.7164850981011,0.14098640843364554,nan
169.8994500045304,112.1937087863985,0.14099628664154176,nan
96.27286294400079,34.494318817083006,0.14101516206070935,nan
100.68302102840228,11.600849568608778,0.14104470273824257,nan
113.29833803151494,27.721536413199214,0.14136210452663026,nan
88.16239076545841,37.043127154462006,0.14159087070593707,nan
10.45192791631024,36.829858254037056,0.1417191253364437,nan
70.0939459350892,81.10709140048667,0.14173443904703303,nan
166.7472516793214,112.84286504505874,0.14174303822095505,nan
6.329269634950862,35.78765926385342,0.14178875084930803,nan
92.11210280948183,37.62050880294213,0.14187257768506412,nan
89.93158579755722,33.81567002059013,0.14187813843966435,nan
70.19187658183961,77.6509171122648,0.14197349611922977,nan
178.08681757743463,77.93971416871652,0.1421061624638329,nan
165.95280783290366,72.15565636157854,0.1422118561455677,nan
110.07822677253735,22.064185772766706,0.142231128917688,nan
211.06328752631387,136.7923945798391,0.14223882889851286,nan
104.19296670509169,28.955266859045178,0.14234167915036905,nan
69.92746117797775,82.65090347931881,0.1423768357604271,nan
14.158030719201609,139.58874639826885,0.14238624907257486,nan
85.91589626100604,41.24958290938171,0.14239577506468976,nan
57.882528850172335,205.05170626875494,0.1424237611364209,nan
86.37407966089255,41.41179370235097,0.1426362493745029,nan
95.09606855897935,33.61590574057402,0.14269957322717275,nan
142.8305044434399,69.72055015164142,0.14283722862508658,nan
158.00151442005438,109.2539711589584,0.14286019400374003,nan
82.0813547176471,69.07882255552121,0.1428737384140673,nan
170.61800672751534,71.43700137799422,0.1429609459925682,nan
82.58885101900991,252.40584172427765,0.14297513479783955,nan
104.88528322958818,28.778755667151007,0.14306475775546224,nan
74.29412820337883,67.81686107154388,0.1431936565100797,nan
163.95258719867357,172.8257122635961,0.1432260133032833,nan
65.60990757416639,71.74326492001275,0.1433143936342912,nan
-0.22975495104870824,262.2301015196246,0.14345071525512387,nan
93.74999799782145,21.465875989992178,0.14379921792169628,nan
65.21212339421585,199.23496305631667,0.14382168175490095,nan
68.24402687566663,255.24526940693463,0.14382624431246227,nan
176.11364051195383,78.80925874597531,0.1438456122186573,nan
83.31428875393016,40.59876533578272,0.1438635131878483,nan
116.66097558863822,240.41088457889757,0.14413004883167102,nan
83.79134425588833,49.60514971708185,0.14422935268174597,nan
147.268639771311,133.27991199332814,0.1442879081882376,nan
157.65891608641064,129.21832640135068,0.14428953090130325,nan
150.0339835586246,125.37474862681778,0.14432727829324046,nan
147.18424293144597,127.49849740257272,0.14436973985252832,nan
80.44507753792912,249.69727033124855,0.14440093119917644,nan
119.2729466285838,134.7903622207439,0.14441753954201286,nan
106.78040669994097,26.494066914850357,0.14442031944605255,nan
167.57995206744587,74.90129934905669,0.14443812594559546,nan
160.31140950127713,133.5129976414818,0.14449855971131792,nan
176.26377291913985,78.79305806329765,0.14458766237383322,nan
145.6845172257817,132.13996485704936,0.14467384575632625,nan
11.498022887159635,237.9281758793904,0.14468734079106044,nan
94.61937632559547,33.66843097362136,0.14472204812212192,nan
21.7416995592222,34.654352164769286,0.1448006770683869,nan
141.60443435696402,66.11865595460652,0.1448498038007615,nan
102.35210078015258,38.0542944216222,0.1449165984843229,nan
104.44114489278078,245.2037622076378,0.14497838265703605,nan
99.76176198413901,28.935842333628223,0.14503009582331208,nan
180.8529055898067,69.87140521044107,0.14503562059335498,nan
31.470801494443638,63.6839092082646,0.14505963855803855,nan
95.0731799383944,25.286076448990134,0.14547513421187158,nan
108.47116339001616,29.589125434321534,0.1454920397167008,nan
149.21209418819933,133.4995075737834,0.1456819112740851,nan
66.66307159557336,201.7669253934696,0.145817257728209,nan
116.48900228053728,151.5649186900411,0.14585050088754367,nan
15.065046865815308,234.54282074648762,0.1458533800760334,nan
63.15334308305392,211.97624660766257,0.1459405684752155,nan
168.84675325811236,104.11260630794042,0.1459488105939544,nan
63.29955817885035,203.0801348816799,0.14604782481117184,nan
163.08450572918474,77.39117012396261,0.1461311942805194,nan
144.18649710040495,66.21484604326695,0.14624398386769233,nan
66.92462332093665,73.36178327464225,0.14626941094658683,nan
94.99425674428261,47.67131494078268,0.14653107619546568,nan
79.650622618937,253.82561180613575,0.14666658154365253,nan
88.212476732183,41.670126280313035,0.14671909592653024,nan
95.7390364062807,47.51846720715761,0.14695490197473915,nan
75.2594495102768,72.10173105270462,0.14701695058212094,nan
90.63855757094463,34.25240411865651,0.14705544714989432,nan
119.52770306299342,122.30064070626712,0.14708002570471673,nan
165.8146412641625,102.39084892387899,0.14712001203616154,nan
89.91188660385606,40.198409184088185,0.1471269250817238,nan
161.78180234223294,108.7464327043281,0.14721883533186308,nan
203.42721606282302,36.060195800636436,0.14727401176100757,nan
167.10874539060052,116.40900225611963,0.14729154737262967,nan
97.79723792028894,39.10687198028973,0.1474167809712364,nan
92.96050801785586,46.09104855904832,0.1474313402972987,nan
17.164990890986555,146.717526764327,0.14774382834310562,nan
165.2856573225703,101.79865948981808,0.147934449082813,nan
77.92573214447992,90.1006407658543,0.14796261478505576,nan
146.4399747407325,66.57631752276659,0.148258561576399,nan
89.31787590711706,45.49787607310781,0.14861972599926718,nan
16.853417050904145,141.0566789445593,0.14883130470737227,nan
170.4774662189039,75.4472367908487,0.14884471473274874,nan
2.8563274602013715,137.12199410275556,0.14894083642994857,nan
89.57925988640565,50.36547738598741,0.14903573035279968,nan
161.14400806519942,61.76845394498231,0.14906275274129635,nan
25.084352929216003,47.29865929561148,0.14925824965543066,nan
167.42774890165788,72.12950401755351,0.14928649580465742,nan
162.85945895079396,102.04281261278018,0.14951028456339038,nan
215.1916824577973,28.85945322449597,0.1495627968690534,nan
63.996585008588255,201.76386589577956,0.1497011083890622,nan
114.6612156999662,147.64674079698509,0.14975350400178195,nan
23.840750310036192,45.47577554035719,0.1497736676806092,nan
69.00269670987217,197.06066070821106,0.14995964231832326,nan
101.54025238701723,29.021908206130327,0.15040062924974762,nan
82.88260571453289,48.375529402901535,0.1504327049383789,nan
109.26301661397414,243.43234734718848,0.15050212974976918,nan
81.54263270756849,231.15260270372158,0.1505424074186862,nan
145.77697824493572,70.38075754994236,0.15058217044050373,nan
71.25320131206072,87.23624099610522,0.15064545009870453,nan
78.18263727924459,245.7551575708356,0.15078550768266813,nan
185.47029490892504,44.30931422361587,0.15085543602357984,nan
193.77076115717048,41.8937346535525,0.1508593615344125,nan
180.29979834091762,47.93219843803482,0.15087317452975416,nan
177.3881989558914,42.96043924114606,0.1509032133661279,nan
119.08059782233718,160.55038805088714,0.15094434710947272,nan
182.85652023709514,54.616588787212336,0.15096381022929298,nan
238.19853091843325,103.73880134244553,0.15098836357120135,nan
102.50041755467882,172.60215791681577,0.1510022925710858,nan
176.90859771108222,42.91266630699772,0.15114587863202827,nan
175.03599374793816,108.61561090354137,0.1512737708291873,nan
180.5607678117417,38.42193945991802,0.15131259598293847,nan
187.95991023033983,40.032140502352824,0.15135993126449515,nan
248.92090338094408,106.48294152122546,0.15139658002064404,nan
7.433252778236756,173.06426322390672,0.15146199996891607,nan
181.30786258762242,47.24595525453822,0.15157062168936655,nan
235.6321789355131,105.06884917299978,0.15157169025429854,nan
152.84292010119125,62.04537254686848,0.15163000448010033,nan
183.60431913542615,39.58149810121079,0.15187817245832333,nan
149.3536513144885,71.67644045287942,0.15191946970449788,nan
246.41230366057246,78.31063702164218,0.15197037600787686,nan
241.59654717672734,81.867206721821,0.15197247789813817,nan
60.75074028576294,206.94957878527578,0.15198077970473595,nan
253.34224011907222,83.52801994346139,0.15199169888312172,nan
252.72748969515288,87.24747747167376,0.15200644256927578,nan
85.74899158815498,46.61485645453522,0.15203675165736238,nan
234.42974343101446,79.81595679045417,0.15219643157838914,nan
93.08024064859919,42.42002557148696,0.15255909137533702,nan
248.34640565989895,86.21144983985975,0.15267706526359298,nan
111.88755983252744,144.18604004386023,0.15280489137476716,nan
78.29438479013463,69.05555884062773,0.15291643480030964,nan
259.2816871622926,79.69265932468451,0.15296585867658474,nan
236.3569498780353,108.37254305289338,0.15309039467573268,nan
6.364412005995394,23.842442068302447,0.15316708369528212,nan
13.89745686239919,131.64262122666662,0.153183558850357,nan
115.85438483166402,144.62511120946678,0.15341707337148563,nan
174.0607011250511,32.458575481289465,0.153501337971442,nan
171.08540637312962,108.88639388060024,0.15352297405832505,nan
70.39687186522427,203.58227493639308,0.15374550760488997,nan
186.51321017724803,28.796276727123963,0.15378001036919467,nan
70.86609057615632,197.8621797822165,0.15379470274579732,nan
76.16622883958492,243.05026152780493,0.15385250428457095,nan
201.68089251106497,24.097445958023094,0.15393359418794314,nan
67.33083720997693,100.82178451925178,0.15419152620619875,nan
73.08491686701811,101.65165862067862,0.15419339220418607,nan
79.2056711105575,90.09556948671658,0.15421439406268223,nan
69.19409914971997,90.27106687804813,0.15421796941175975,nan
71.14163496339829,100.45517573423466,0.15422083290038785,nan
68.91648569089148,101.65764392185592,0.15422451974743687,nan
78.40686363834605,93.16336948063861,0.1542421384552768,nan
68.72701641174424,94.57112622182704,0.1542670642379574,nan
93.41806413021084,39.564102692520045,0.15439116110697876,nan
83.66987042799553,99.71393970319703,0.15444873178153948,nan
149.88962543204005,65.66576060215847,0.15449461010073923,nan
175.26463292878216,180.3186669069505,0.15458961143026795,nan
172.4048849528173,40.264258336006996,0.15495642874708412,nan
129.77922257642996,150.6438659374111,0.1550101453919767,nan
80.86443302506255,237.4596759963881,0.15519194570914469,nan
95.84943235687336,20.403394896690163,0.15523217364897104,nan
210.01272189224443,32.18054591079199,0.15529597028273504,nan
161.82207503049764,106.75651258932555,0.15558853633590003,nan
19.57935447985602,131.69577990378005,0.15590754071991375,nan
80.95379981633715,68.09756668629188,0.1561720172216116,nan
8.501385560329373,139.0519842722984,0.1562632289221954,nan
100.35886552457134,38.90936809774542,0.15699018952250735,nan
250.2947295267417,75.64968570035455,0.1570981159546186,nan
96.72795975556664,38.595515023659765,0.15713637958448412,nan
72.16594012297678,261.93569889089196,0.15737739406447077,nan
103.08208866743004,36.35854936923715,0.15753362218439543,nan
9.69059244769766,130.79688351507886,0.15779790230906474,nan
199.43161627313,102.78532734171851,0.1578603093293332,nan
66.96657913862289,94.55967449825569,0.1580235468706656,nan
128.74847881001486,139.53664777114295,0.1581490860117819,nan
89.5114487598734,37.59764848982703,0.1583771496342553,nan
226.63446132297622,216.67166858775616,0.158553933883365,nan
231.81852385413717,215.7152754535238,0.15855755626967769,nan
233.71235195488052,219.9129459484479,0.15855971027065813,nan
228.71056639675857,221.06600322676846,0.15856084033496323,nan
223.09907668165164,216.9068092322299,0.15859274581264712,nan
230.72039679338732,210.48135559444373,0.15860171756033842,nan
229.3435854514633,216.83232166958314,0.158607420160325,nan
42.1575784522374,35.46940643078733,0.15861321192908537,nan
91.08248949569918,50.33045053888307,0.15861913554657658,nan
64.23956424346035,200.29936872677513,0.1586500701037546,nan
233.0575906765039,217.57238337585474,0.15865986040963992,nan
229.6529378320136,223.93068560393826,0.15867576129870262,nan
238.1798226151138,222.4125376052556,0.1586836612854079,nan
231.6644569067556,230.4603853555388,0.15870572971831648,nan
231.6679911353018,211.9992765598803,0.15876922718683478,nan
250.19365973245144,216.05646093725773,0.1587832682626886,nan
230.119410401998,215.13548286166528,0.15878345797374785,nan
107.18344848937257,32.89511529941341,0.1588099159448171,nan
235.26304941789397,220.51181936041286,0.15881660652926316,nan
242.64879172751378,103.6977695732472,0.15884921634654892,nan
229.20072370726837,216.63510613365477,0.15887151224851043,nan
167.40508256834508,227.88543898239934,0.15887837649851994,nan
153.27741127550289,231.92011384765394,0.1589032176820055,nan
157.4853088844599,228.89571459023438,0.1589041351697579,nan
148.98062883213237,221.60640301426363,0.15891205311810613,nan
152.0957312266344,222.90105077881853,0.15891246466725842,nan
152.67849153579755,228.05919307473638,0.15891792602808757,nan
165.64408013724443,227.83126234424543,0.15892892457681582,nan
166.25840749315725,233.0664115710483,0.15893383398732908,nan
240.22705189359485,217.22568273560302,0.15893720167464834,nan
158.52883571732082,222.48088673560096,0.1589543670841138,nan
158.05264010210686,207.41451337523873,0.15895633195765935,nan
150.78592309736288,221.0238866009529,0.15895981948496513,nan
229.80771303701363,215.37501638547664,0.1589716718332265,nan
151.66035842479855,235.51232840449376,0.15899779178160714,nan
156.5073610616643,225.73775730416295,0.1590009382292184,nan
238.2387800424998,214.3597328495769,0.15916994649993754,nan
162.50523663459893,232.5662350432577,0.1592980768504983,nan
217.10810152840426,138.77685222431464,0.15930591924294402,nan
77.7986355998218,75.03622655720464,0.15938886089490897,nan
235.44777264149351,222.21779006529255,0.1594223671327334,nan
226.21703254357388,211.81787942863846,0.1595621966510736,nan
115.85127891837462,151.51752970981792,0.15963632367303676,nan
165.30626453031488,67.42525464035201,0.15975100411993576,nan
208.03892705528511,141.10626085512382,0.16000078912671625,nan
218.39856286936313,152.07487014366262,0.1600043360270357,nan
218.95674223197256,140.4713741330299,0.1600083017618306,nan
216.55706348045626,143.4168301634181,0.1600356792600729,nan
217.67979297406993,148.1186733051856,0.1600359052067755,nan
215.4358517161832,146.14386542636666,0.1600437048611126,nan
205.56192761434656,149.64567127062725,0.1600503317084948,nan
221.96950935874474,152.92937182135103,0.16005665865259652,nan
231.8308512228134,148.41109154581753,0.16006895824226547,nan
220.9966135646538,142.33610020634376,0.16009573947712608,nan
225.2463250921259,142.0495932679012,0.16010020130935346,nan
223.4709214397493,140.98548009385374,0.16010522664781668,nan
221.41151105926693,149.94711661876278,0.16010836509615697,nan
214.19473153534574,152.93036037338726,0.16010890202796996,nan
212.7935924066335,140.29330699618356,0.1601128029075757,nan
206.6253006728955,149.0061602406085,0.16012036941982785,nan
204.48414056144293,143.4813813483524,0.16015670432565163,nan
226.10094377495656,145.48175963592783,0.1601568587844185,nan
71.1554196834225,202.84754068086508,0.16019961236727343,nan
217.7488852236727,143.46199726996045,0.16020049939684242,nan
180.51591279861623,69.09215462182138,0.16023582647402373,nan
209.40530735494872,149.79372646948678,0.1602705266949267,nan
216.1423395957914,153.9650869276695,0.16029752714178297,nan
213.43276751571787,138.74135380666138,0.16030223008129554,nan
221.91574274203649,149.87926058528151,0.1603110485019136,nan
227.27588708595653,147.1918377280601,0.160374040288683,nan
76.38586756972198,135.5746213838417,0.16040429656700808,nan
68.59255661204253,129.9483837754503,0.1604110644254439,nan
79.60511273684781,133.33866985979884,0.1604129245956633,nan
70.20199822815054,130.12306629648683,0.16041298961591904,nan
82.16471204564414,140.52134309668756,0.1604136254383508,nan
84.86903182500274,130.0257961606482,0.1604264197831739,nan
61.65549128266111,127.76328892852685,0.16042742710448166,nan
73.5283473863553,131.40910247650908,0.16042917009002874,nan
81.74349544315508,140.50788124072548,0.16043641792664143,nan
73.7803923040584,127.42407289832363,0.1604399237520471,nan
80.76961264359802,128.7876635758028,0.1604503421095304,nan
79.66190500584109,130.60611319643635,0.16046588903294756,nan
114.23474176161268,148.55113807723234,0.1604685737542268,nan
72.45594718153085,132.15220775284644,0.16047120914466814,nan
231.5451021908211,110.42567289135742,0.16047385179975918,nan
77.55996527674785,133.41840234606366,0.1604788836630025,nan
215.4991850201565,141.43391731402085,0.1604917708076992,nan
73.56626303896523,135.84342477392678,0.16050442841407103,nan
221.4286124872957,144.66136190772048,0.16050472345328495,nan
70.8607528499443,127.08196328006704,0.16051812912251995,nan
223.86483609529657,151.12755160210432,0.1605252386002382,nan
65.59380886994656,127.47174124322385,0.16054117830172554,nan
69.5187939939615,126.65068548714514,0.16055600962838978,nan
68.83279769075894,135.15604290863897,0.16060256214687352,nan
68.19814591384002,133.35878166526095,0.16065370686502414,nan
222.20787841567835,140.7898169104593,0.1606696140982584,nan
74.98380758488425,142.22076063980717,0.1606978341704008,nan
229.40115898031667,142.21792876646128,0.1607084375628675,nan
72.64379143338806,139.45600977177702,0.16071842812008488,nan
66.41824911829677,126.82965987456342,0.160745764373229,nan
64.81808031569602,136.66881164163726,0.1607643250395951,nan
221.32814112387607,152.77694832064296,0.1607676393362246,nan
63.93316259566491,129.90717517159908,0.1607981328151211,nan
75.83783121265255,136.5902543591949,0.16081400945971516,nan
210.74626713483957,147.37494972277415,0.16081585088402936,nan
68.27775088084178,196.22390171339882,0.16083977344144132,nan
238.8607885301131,212.84212705800167,0.16088844918358838,nan
73.30090380242065,126.8987202401171,0.1609025171385134,nan
75.65243642532144,136.15331727195857,0.16090595479557276,nan
214.42633256541995,134.37532937127781,0.16104482733658135,nan
83.56323246694886,140.0816538160756,0.16111959491133346,nan
69.50405672144785,140.1816560623273,0.16112026580530925,nan
90.13802502164076,37.56526247044197,0.16117725876776612,nan
74.98121468437408,146.51967572205422,0.16120145426730048,nan
155.64336322313594,224.34067633577519,0.161265488193017,nan
4.11570956139388,233.05049401131748,0.16138406320817422,nan
221.6498770142034,138.740746349158,0.16151150840375011,nan
228.77698688886727,218.20166339181802,0.16153700255173445,nan
76.17829327330432,131.30093411248598,0.16169110861586092,nan
95.01718359544002,259.8692097323027,0.1617160397411878,nan
234.30201600166146,209.78782013170044,0.16174004968535982,nan
231.58769090089677,141.17198326325038,0.1617464644640954,nan
226.07408666150044,220.29728364858303,0.16175370544944898,nan
252.59838856647053,80.08061227788866,0.16187110042320618,nan
80.47541295918951,133.88500749116773,0.1618894557740722,nan
78.03667707496709,128.96682277076752,0.16198627422077863,nan
74.59692546930738,127.21896139815702,0.162215478904164,nan
69.95224806830952,213.38835296575112,0.1623994988836365,nan
73.77004581825874,201.8528234651567,0.1624516946633878,nan
165.02536350957462,66.96914956888901,0.16246756795532905,nan
69.23165740576921,107.42324733343992,0.1625150288906525,nan
76.25345382742312,33.64685613393641,0.16251550472262224,nan
57.0912927898272,164.3875207352271,0.1626978370129393,nan
37.887190040645365,153.96167962144264,0.16271153376968564,nan
234.07584458448292,219.87294887368074,0.16271943784030046,nan
41.470818124170634,165.55349279178435,0.16273202111888965,nan
43.493727923351265,166.29185175889086,0.16273260650635604,nan
217.38848893340318,148.70353554172655,0.1627378873189094,nan
46.4745804184694,172.561391275099,0.16276641412289927,nan
167.60321721697738,64.98347964547757,0.16284680686739114,nan
44.41633459069402,161.28092995012025,0.16286697477520354,nan
43.5802226166257,159.7468050294432,0.16293077435723408,nan
47.44354935516757,160.10025464027424,0.16303358050164055,nan
174.07238690109884,133.10943754163142,0.16305833324727748,nan
239.0227009832017,219.4289008929557,0.1631038371188244,nan
46.20725040011529,161.6452591684167,0.16311600199588697,nan
49.06639351000602,162.78647631128797,0.1631221991256802,nan
72.53020096031482,128.9350720911905,0.16312645242561405,nan
64.69456456151488,207.74925226257528,0.1631691486898978,nan
168.45165158737464,122.2642325174419,0.16321742071412462,nan
69.87063364593538,138.33531069764425,0.1632174428006949,nan
26.674578068527964,31.288301058131715,0.16322799933077498,nan
239.9980748768376,218.64177989925037,0.16340798627995748,nan
124.07577609911856,146.3017429140624,0.16342525689294296,nan
167.93209192460546,127.99233600842992,0.16360500951669632,nan
47.35142370488689,155.80406847874727,0.16364952005090128,nan
76.68792506276304,127.81894971456583,0.16372475988438578,nan
80.19435033663768,208.5696038034847,0.1637459479403415,nan
123.73750934748831,159.46372302102793,0.16380868221098022,nan
161.12098803439926,42.6438860902119,0.16387369121803846,nan
39.70458237375707,158.69440913872722,0.16387775247632505,nan
2.836112960549968,138.0839385681913,0.16394250421925774,nan
218.01848566483417,132.9958537155238,0.16407522573523817,nan
36.271624005592166,170.7792863587839,0.16414701280640995,nan
70.42547124220377,137.13774925139822,0.16414760715849,nan
188.42319534349866,36.42933378282022,0.16416194472039106,nan
96.3512709727584,29.47409244993425,0.164168336343228,nan
162.29348745427163,101.08447286449854,0.16431124078917295,nan
121.6883064362634,151.4105118356278,0.1646188050888861,nan
154.99222073072357,225.6315200076755,0.1646621416270612,nan
236.72044661022244,218.86941076478644,0.1647457033616856,nan
67.85560812608067,128.24427877776995,0.16478202477404727,nan
41.59836581351332,160.92706286964238,0.16513972180518774,nan
99.53555673425686,21.091761174722475,0.16531509832530344,nan
163.72363966052333,67.02504740172024,0.16569733888724472,nan
64.96268495209212,110.1580323216453,0.16573856968662698,nan
69.03534527916918,72.10573682990423,0.16578526305418317,nan
75.81361599766925,207.85754455707598,0.16585990722064006,nan
211.730034439169,144.52380123360481,0.16591746953048195,nan
89.47808445057542,47.11559472937188,0.16594635138345898,nan
187.2480745871405,52.860190705437205,0.1660118656914535,nan
230.2691901532051,217.20800369713655,0.16618423404854207,nan
49.34640805684344,165.01942039045193,0.16631401883425898,nan
98.78370566961499,27.12303935697241,0.1664637908708062,nan
42.60799193830403,156.36129715459228,0.16649405734671546,nan
235.60980909884773,103.82139313408587,0.16677909388434722,nan
83.74041856991954,243.78881784686658,0.16678769535285098,nan
38.42154014471821,153.74204684838935,0.16684652744266423,nan
44.66356587939784,156.08480584808746,0.16692477158929783,nan
233.21641983220633,108.54692964634611,0.16739896536484583,nan
69.11962847791767,105.18834156826158,0.16747767420956008,nan
91.76682332101753,48.13055839135165,0.1675876425936676,nan
171.23229500730915,77.20333948697387,0.16762405742795602,nan
159.92218011463223,228.65666227785658,0.16786643913013483,nan
70.79805933523477,133.4090604644898,0.16795329486413324,nan
156.3051724424113,108.11710076089616,0.16797468855884412,nan
72.99257302389144,199.46149396043995,0.16804487453230954,nan
9.246228983724944,133.5705468172217,0.1680704230859145,nan
238.03209918399082,224.7956814186588,0.1680860132357888,nan
229.1616490408219,217.8927964272008,0.1681426985883218,nan
180.42606133954797,31.189334786434596,0.16818046362093456,nan
6.480833200803306,136.85797412742969,0.1682064649566532,nan
106.06372333181447,25.772193028754785,0.16820701150970033,nan
221.78029906462243,143.94861162478256,0.16824024173349944,nan
67.10765696062981,133.01878406281693,0.16829887380351122,nan
179.6949996388145,46.139741403834925,0.16839171251437957,nan
166.98376130519938,78.32342988400697,0.1683952964056082,nan
222.6190131703244,85.37578164827941,0.16861709333981098,nan
230.30046159066652,88.90531317796713,0.168652341298314,nan
82.10756266884668,119.84614035778203,0.16867325750975856,nan
246.61340646655677,80.82761573741026,0.16869221737916848,nan
178.88461329738774,46.60892286464135,0.1689701019670934,nan
143.9450248760669,58.40637796312906,0.16911406564313408,nan
165.00928470837817,218.23553537848258,0.16912820926102143,nan
234.15143636485715,215.9284392427367,0.16913948074941873,nan
230.34574345103897,93.99658297574746,0.16920480773116234,nan
56.4671984905889,206.0082354178286,0.16928639141825919,nan
76.8784176563965,141.5505097303524,0.16931782922103245,nan
63.83701265848186,205.02276236751422,0.16936997373687995,nan
40.120742878622266,165.58193908094694,0.16938128634898184,nan
96.62942654947479,31.834593230363943,0.1698541506246824,nan
84.74298537152559,253.161813871979,0.17015199408778836,nan
160.42752538732438,108.4428539581193,0.17019847223294177,nan
96.5250770730711,47.72804747498352,0.17026727853075177,nan
74.89306937354651,128.8119988009864,0.1703534902775591,nan
51.89261852839728,157.2258052734892,0.17039081650803378,nan
217.5635152154942,148.922393499584,0.1707837102394338,nan
11.584412446859893,26.14953670164709,0.170889050922297,nan
67.58017017094029,129.92254338496923,0.1715322515478843,nan
155.3712933262743,228.2196599065054,0.17154736876086996,nan
66.32810415124757,205.3278469428905,0.1716759771892501,nan
17.941655676818286,243.27142548894184,0.1716842137376176,nan
224.2675638466181,148.84775163382886,0.17178086052129724,nan
229.23543970448975,217.15035602163837,0.17210307572578085,nan
225.52725162514633,204.4705168238393,0.17210500675270787,nan
227.34067935166846,212.06672705408647,0.1721067193616708,nan
232.3954075819668,211.97459067878108,0.17210991522315142,nan
234.91148006513518,217.4732350412977,0.17211086140939874,nan
228.45148974183792,222.7891552094475,0.17211209001961472,nan
227.9973997292962,216.5407064093326,0.17211420691536397,nan
240.94835150599297,207.26789493414077,0.17211684110959527,nan
223.42822727975704,211.92147740452418,0.1721200122034797,nan
237.07220711869633,211.23236867919698,0.17212027854830378,nan
233.19921094120525,214.61242892346414,0.17212246417235927,nan
226.21207639720132,212.95689378618576,0.17213964394767572,nan
233.80745475073144,208.18147644143053,0.17216193927263915,nan
223.00869523423606,210.06307177585663,0.17218246924571218,nan
227.87782041587965,220.3819712038127,0.17219090970519726,nan
229.25598207766583,221.26537343940717,0.17220926671161718,nan
72.15099999737454,258.46533548670095,0.17224232212695942,nan
224.11968233797725,216.585966435636,0.1723646135386374,nan
227.00258600718627,212.41739384244707,0.17243069997222799,nan
227.0064811017682,218.1293429138093,0.1725839850027902,nan
61.96873867876772,130.37904165096435,0.17265723597343857,nan
169.9771128212458,85.09472140527383,0.172910654191302,nan
226.25505805913681,218.60259542340089,0.17293913932498545,nan
169.81032000344,231.31319434163927,0.17303099545843864,nan
100.26676315511271,28.840692956690145,0.1731019578032118,nan
112.03738036672081,112.98608760703165,0.17310610541232518,nan
72.19929473986306,133.06093146598442,0.17315822696879626,nan
223.98589756304713,210.1856083714212,0.1732628825939543,nan
87.18415087584717,45.084298717361634,0.17354965644001363,nan
83.41346897264204,255.1844698691525,0.17370230160926847,nan
167.82721606843526,75.3738042413358,0.1737113773045226,nan
15.976680837399586,257.8298389716969,0.1739705188321077,nan
219.06640768582196,145.47510241174908,0.17430327975883528,nan
233.44359618373636,221.74838364302886,0.17445221859357082,nan
162.47132773567418,136.2346273343991,0.1744972675386209,nan
83.48496381894546,248.25706024153462,0.1747214802929423,nan
127.79147732943002,136.58173958605684,0.17476515525649633,nan
125.97151291913266,130.39012363599173,0.17476532517777457,nan
125.46627492950026,135.00637051141666,0.17476670196033,nan
128.39226596588776,140.36863578282092,0.174770695261309,nan
124.92184533407361,123.51320118939454,0.1747788360668285,nan
129.27134048585486,139.21150199604546,0.1747836005557875,nan
230.01950608428768,218.48627891176486,0.1747859284292506,nan
115.63773647295196,136.39447986187855,0.17479239837599625,nan
125.85325454643078,131.7832890396998,0.17479594938924936,nan
119.7024166355704,125.22194970326825,0.17482517324133717,nan
126.76663020113838,127.81601326812573,0.1748365698910674,nan
117.90546517013651,122.37306562955973,0.17486773961300564,nan
122.05256948318473,134.37350923402624,0.1748690553075356,nan
119.4012755167847,137.77126917804208,0.174895739714097,nan
126.74225458706007,133.10886523715462,0.17489975434048025,nan
118.97834324017363,139.25126948029302,0.17490751876563487,nan
233.031483424649,210.59730653328637,0.1749204123496807,nan
126.53329428578873,136.01475932286414,0.17493824759642157,nan
50.485489968962824,168.7909093017775,0.17498101009159941,nan
118.67008248860985,136.42636793365818,0.1750064693004093,nan
12.957950791107521,240.1701657172659,0.17512074927633697,nan
65.99885492903249,203.64095891249943,0.17517618846170802,nan
124.38214970523254,122.0501209453231,0.1751774469364429,nan
148.98148031030036,227.7417664664511,0.1752808347332099,nan
111.44253387829514,128.61082360519413,0.17538704441696817,nan
76.99095902819774,204.27028215158214,0.17543248028299796,nan
117.50993643860085,136.03446474872547,0.17549893075243386,nan
39.367707828743264,157.70576759852227,0.1755017573020877,nan
119.72257494091345,128.42255022716387,0.17555558663732468,nan
230.01147278766226,214.28461437902365,0.17559588883825009,nan
154.22987341408992,223.82227962795858,0.1756926780559976,nan
41.15603214540638,159.59602994607022,0.17571645919755494,nan
231.96098050075534,215.9116159338552,0.1758646533171069,nan
227.15567892756727,213.76920561919343,0.17601948772866274,nan
162.29457365313644,215.9502380928435,0.17608742462696753,nan
41.012565148443755,157.9703179746232,0.17614285169871413,nan
63.588277972098716,123.95086540115503,0.17616913928097172,nan
227.44363936923298,91.90891177029268,0.17630092125709737,nan
98.97155016573066,44.880191349646175,0.17637674361594705,nan
233.8536232925645,222.33002145679922,0.17649612024492728,nan
195.22232235560787,38.344065565612006,0.17703030910624692,nan
70.85271296920911,101.72133719292408,0.1772072293375214,nan
170.6323738025223,75.28136414515231,0.17721974113245223,nan
119.48685740389007,135.37492762162393,0.1772870774774339,nan
11.447710899239548,143.8062620686357,0.17801662968673446,nan
210.5489045446127,143.15004871846716,0.1780445243277754,nan
228.99966232472934,211.69766605419093,0.17805867556848087,nan
176.12381948070555,159.17387983990815,0.17818333974469774,nan
180.18789105581712,157.95482873376966,0.17819260818630633,nan
178.54108886370543,154.91146769552614,0.1781926485505443,nan
173.5466033898471,157.65502634174948,0.17821679447209088,nan
192.8128950956321,163.24557121340973,0.17821819113539084,nan
177.21671640214646,155.96510610945234,0.178236046285851,nan
192.15733039791485,161.82168334151902,0.17823751033105345,nan
183.5337806341591,148.33252510831522,0.17827362133351143,nan
75.43232118592435,92.60838473318422,0.17827452985669712,nan
181.037086977211,140.97019586551627,0.1782984735238937,nan
188.096907049405,152.0960345229284,0.1783038533950389,nan
238.96279191082368,216.71593569578945,0.1784312722388148,nan
180.70886203147367,150.78388826522493,0.1784430665218344,nan
28.278108987551366,40.91513450382072,0.17846851492696597,nan
176.90974198501848,144.6991661472431,0.17846893637830524,nan
218.23213668644283,147.080984817362,0.17850423631310033,nan
226.77650448860135,90.41474185637993,0.17852579550175898,nan
179.26995186036683,140.62159618772918,0.17854945665103839,nan
187.21654782978075,141.23352759410292,0.17875422844123495,nan
93.5138139556017,26.056412051652973,0.17880045851331391,nan
170.32061332841417,151.56425574025974,0.1788665204994339,nan
171.65521765176894,164.3258861733966,0.17899583391943377,nan
119.2157404866362,131.50692907628624,0.17909415077011426,nan
102.17123041076985,31.01650116071779,0.17934017202233837,nan
175.7801342604574,160.58592211008263,0.17936051707183773,nan
88.29634180697623,15.271356455692654,0.1794112999606381,nan
183.8539122026061,160.3085029021085,0.17948201410933845,nan
238.63503359117126,213.34225913633497,0.17959212671565314,nan
166.1583995839969,195.73739079451974,0.17967018122890305,nan
172.09955266254252,196.4015220402759,0.17967705528473782,nan
166.20579748062457,198.07025573297366,0.1796862122594238,nan
169.0344333450208,200.0860404151879,0.1796878597045526,nan
168.52005492342315,203.47116732226664,0.17971095347293067,nan
168.62635947592153,210.99625171757475,0.1797150251629766,nan
215.28341259359314,150.84500504519343,0.17975241260264152,nan
180.19327212554455,199.35403963040815,0.17977346864871135,nan
160.86277286130425,212.52281413017332,0.17987065866321036,nan
162.5689612120022,206.53709496737574,0.1799251565965097,nan
239.36063300930905,214.96253603803936,0.1800426466340661,nan
170.62890187814526,200.74482931368536,0.1800714940019829,nan
173.24314028807112,197.93334911856385,0.18013712740059948,nan
171.92685300745913,208.4255922437635,0.18017958287674546,nan
68.90169780534185,96.65578710640291,0.18020724487475226,nan
179.96895876646335,154.769415235901,0.18020751995808795,nan
66.4917233716268,148.0668889921105,0.18025370667495333,nan
80.30894153918938,253.595653673778,0.18034122356869223,nan
166.43671199042612,195.17525465051492,0.18037257172406324,nan
185.13711411396457,67.80946882894311,0.18046334781584936,nan
172.78383135690615,202.76159526924644,0.1804967669749867,nan
149.702898790207,127.73391066385676,0.18057164372001402,nan
217.2910673528072,139.88122979112433,0.18062838336483233,nan
224.68893200070102,140.25199580249168,0.18066236611836098,nan
169.0192468673954,195.61270692308804,0.1808582220274647,nan
173.66515664268704,209.51322213005574,0.18094598334916448,nan
168.6225985147553,189.13566343452177,0.1809628775127479,nan
178.17048610580264,152.94683460873551,0.1813212101217194,nan
84.95008242283556,246.3052862384811,0.18154393343314457,nan
114.65281195077498,150.23872879049475,0.18169865169665894,nan
125.52802118493936,152.0979135203187,0.18188784511457157,nan
166.01857484722035,200.88377131268157,0.18207229117661006,nan
120.45573454409666,150.82515117103057,0.1823402360919203,nan
233.59133586365428,212.95113530255836,0.18258633743441635,nan
62.150609578267954,102.87134678753004,0.18259001227684207,nan
65.28828996191355,97.01242346052973,0.1826987229236484,nan
112.89845010474681,132.75644699006588,0.18275114702953202,nan
231.29231365827982,226.12199735754768,0.182885155548774,nan
218.93443683295098,149.87638058308718,0.18322234486161385,nan
124.25737773947928,131.19552313030002,0.18331425492781261,nan
231.05843979516862,215.48777438829677,0.18364709017721212,nan
169.03850965118005,202.05888524005138,0.18365917540104076,nan
221.99556994839492,145.92480785307782,0.18390515163914253,nan
231.41074368322234,219.99795763347674,0.1840250950270008,nan
104.67158676661704,26.15420014192249,0.18418086004274645,nan
68.18953912319215,124.27592145325896,0.1842336904616071,nan
101.45232760343355,28.31179949009204,0.18427152411429826,nan
60.83503868878858,138.74020020753807,0.1846581348633027,nan
57.84749874035765,127.06794560427313,0.18465989491719287,nan
59.17809757089223,125.80857889714825,0.1846620927536365,nan
67.40533397798065,126.80517731637981,0.1846634994693994,nan
227.9083866720287,217.90250719397756,0.18466811426705682,nan
66.12928401682497,130.03606756557204,0.1847812239981976,nan
66.53379727152621,130.31173603765595,0.18480408813762683,nan
65.83494923284297,121.94990654999751,0.1849455180964242,nan
67.61004475923109,130.13222963487829,0.185048095016402,nan
67.22383394249663,121.96226044603078,0.18514930607647376,nan
169.94863485945152,106.30131781520504,0.1851593920795587,nan
68.04849059552762,123.41778940776332,0.18520862240192537,nan
196.3916074270141,121.53874013751634,0.18554807562203898,nan
181.96652714755578,152.31167044756668,0.18557023113025353,nan
70.7141559009066,237.76188754350156,0.18558259415283052,nan
213.1195903213643,145.08434819693156,0.18567247446727855,nan
176.55530732522783,91.39614096075543,0.18572923702762012,nan
176.73923151164743,96.16640308924426,0.18573007772429864,nan
178.4863926410463,102.26754722517016,0.18574360409608787,nan
175.63465065740985,98.20934675098755,0.1857549425357461,nan
177.11007669970758,101.42065840485847,0.18577639496720633,nan
181.41496860207656,94.57587419536992,0.18582253863628231,nan
57.23388945207965,153.84809422014465,0.18584794380559527,nan
179.56172760793388,98.01387543367969,0.18589744521315735,nan
178.03545505744395,97.61614443415515,0.18592011259917518,nan
171.56533281771178,98.31364662138728,0.185953362886984,nan
65.27384697109404,120.83167309156175,0.18595338594506186,nan
178.37209097428024,99.77049122654464,0.1859736038567911,nan
170.98293885314078,95.20464865139621,0.1861662759322652,nan
215.4872296693056,137.62109650950075,0.18616750339512061,nan
139.2759624670561,94.33953874568297,0.18624112723038777,nan
147.08537993603815,87.17722883336089,0.18625030521340544,nan
142.43332738720943,86.84999750596995,0.18625575174570788,nan
139.45975281566442,98.05141807186254,0.1862762560969374,nan
109.97887157559941,134.5077201865024,0.18627768447829,nan
134.91305254394328,95.38568991565809,0.1862805464844906,nan
129.25950778155058,80.88525366695792,0.18628488526171258,nan
145.28256508104744,100.78621599578923,0.1863025771948419,nan
60.487819576724355,124.07910729986608,0.18632560422713643,nan
133.88113957922025,90.20584951569737,0.18634924712497405,nan
150.49785338912613,88.6290466645014,0.18635922060047402,nan
178.38480222047482,91.85748605934315,0.18639617190676394,nan
165.86695116116613,94.61228911919953,0.18640843292169773,nan
142.68584434627658,87.3979880475663,0.1864292617772726,nan
231.54103014087542,206.37091463460544,0.18642996743614929,nan
146.10895267844342,91.51990420675446,0.18644740635160353,nan
69.75927545021968,126.78443767172064,0.18651160057166777,nan
175.22973124434932,95.52466538993755,0.18661678804607315,nan
237.48498226660305,214.68697567295965,0.18680836242840562,nan
68.03490674728666,124.63701722829467,0.18691580462950863,nan
177.69212470440945,99.96604141522624,0.18693331037795566,nan
72.78026273342715,132.1657129199989,0.1871506483462316,nan
173.19196385472824,103.85017842455159,0.1873386143123458,nan
41.852058320176894,147.94851393807386,0.18802290241829786,nan
172.19811373001033,45.72938825869858,0.1880806576444328,nan
177.01995844642292,98.30522720847536,0.188271605713268,nan
102.09520126726252,208.27805613556083,0.1884135786428548,nan
108.6224861450732,207.84864364566823,0.1884142532380587,nan
122.84834824028297,209.47001129901946,0.18841639678958175,nan
108.45721457684763,208.25486980728795,0.1884166351039265,nan
115.37931872088664,209.97609772100722,0.1884174069265201,nan
112.56353051076766,212.96196395360877,0.18841749462806867,nan
111.28914498704715,209.85746543226776,0.1884202440133289,nan
101.69495259386927,215.51327286079746,0.18842041731967513,nan
105.57268706472463,210.28487889685206,0.18842862648995742,nan
114.74618001625271,211.1945074571418,0.18843255490963867,nan
114.86570976519039,208.6546473197855,0.18843636676938774,nan
109.49798010424531,224.9498775061858,0.18844096159626902,nan
111.41459485827336,220.85410435236975,0.18845564038903373,nan
109.93614723777448,211.04354565572143,0.18845865297969416,nan
119.69800131634202,209.50290456841043,0.18846084457790616,nan
115.431129777023,214.10291842684583,0.1884702902412912,nan
112.94002325096905,210.38992547538186,0.1884719577067717,nan
104.90095069789113,206.07440382515531,0.18847986602611486,nan
103.65984057157473,213.5616876848401,0.18849172485739796,nan
120.13151629705585,218.98891188635173,0.1885090833072572,nan
103.91665758468471,198.0799163009257,0.1885189962744488,nan
106.453300028278,203.5053026813148,0.18853603161790097,nan
105.03321921668898,209.09389276926728,0.18855576469546229,nan
177.49897715620708,202.61364547498385,0.1886079591114197,nan
113.35308741455835,207.99168291978827,0.18869400548641485,nan
74.77173015230966,132.80776647781758,0.18875337873186074,nan
105.5290322841772,202.61560114843823,0.18882916306027384,nan
111.64538592844549,209.74219555693716,0.18886926342523497,nan
113.53105909191098,220.10189247907402,0.18889368834249545,nan
157.0323017265277,219.2482761153832,0.18897276845227656,nan
107.07542832895452,204.65152691145622,0.18898760948186094,nan
107.57272898439088,189.5177458213138,0.18900834049104787,nan
111.68259827682766,217.70356196670733,0.18923489011342173,nan
109.4254662844897,208.56849385621908,0.18927885390551677,nan
68.47169625719067,128.4699363837691,0.18946034687341348,nan
115.09332818522958,209.04661198270557,0.1896413272106323,nan
109.14959811088795,205.68168697071366,0.1896479010458083,nan
75.91523758372679,107.23001781007919,0.1896636570680675,nan
70.92173396045048,132.79884041162174,0.1896783134372262,nan
48.548233632458924,126.77580348646605,0.1897580487382435,nan
175.6642194499281,202.51914502470336,0.18975870078480922,nan
53.78030372914834,125.4562369886182,0.18976650001226272,nan
55.48036527246765,130.3358835129443,0.18976813962936798,nan
53.76734345022438,129.7756333634462,0.18992178548836988,nan
56.60241964949983,127.4363261193826,0.19005442237044143,nan
179.6942715920816,155.35687853585736,0.19016233215922165,nan
38.68472823408402,133.6316870346565,0.19030968209173113,nan
107.11185251243394,203.4684947113887,0.1903148546181363,nan
144.67426564216396,93.04246961369456,0.19038972883317093,nan
21.275545480904636,90.70609149345933,0.190452706415754,nan
28.145951423423387,94.64609660531609,0.19045320295308885,nan
18.666083996101733,93.478007483758,0.19046187320297833,nan
9.883971582623412,106.34408431015326,0.1904629500024563,nan
26.28108078227574,93.15978121294806,0.1904650103630263,nan
26.388952286976348,99.33342401013743,0.19046600374429848,nan
25.28424874335817,96.81919481293542,0.19047255012048617,nan
20.217075572168557,92.51015609727291,0.19047403055870307,nan
23.432755992621026,90.95425503700376,0.1904808949523942,nan
14.464478967152287,88.1352197964214,0.19048311502594537,nan
17.28288476969941,93.80882675128426,0.19048404309663136,nan
21.0498120750563,85.40233535625717,0.19048710728326385,nan
25.441258993453115,86.71073798804183,0.1904963047724498,nan
25.554792965638562,97.24333192256277,0.19049696450514828,nan
31.227886325206395,88.97775917562231,0.19049730200718454,nan
24.96959190857205,91.49422073700904,0.19050284767504386,nan
28.18255944987553,89.96000081971307,0.1905268065214861,nan
18.595527356467244,97.6270540815942,0.1905625989202438,nan
24.71627274883758,92.43128833117315,0.1905635512881668,nan
22.872114954140933,86.43227855568466,0.1905643391141139,nan
218.07833764658847,138.66925757777588,0.19056953176219243,nan
26.0092132201288,94.31483050815065,0.19062697401369963,nan
214.05031593452264,148.7662255899234,0.19064550191252308,nan
22.987416531108273,96.2791291269252,0.1906615198388906,nan
86.9550975127852,245.93151849427332,0.19079663171707323,nan
230.99407569686153,216.05740723091805,0.19081684924598827,nan
107.6642075319667,209.0713196799941,0.1908706670443572,nan
46.0739006547263,130.53304864798307,0.1909117648525015,nan
226.55222280725192,213.27900500009358,0.19096666280850436,nan
7.735437211031637,93.935521800566,0.1910153268023814,nan
228.35622516968493,214.3787958076563,0.1911422985019775,nan
17.835610074865805,95.1429958521888,0.19120833154826614,nan
56.945343564545496,132.67767920777982,0.1914369335475564,nan
138.5607612453108,83.75695262738935,0.19153275244354184,nan
171.6382847930937,203.9178283955449,0.19153353818203475,nan
170.1352033478604,198.1064257444953,0.19158653598498251,nan
127.82207714746968,127.60543765178845,0.1917617266382116,nan
6.74310398208756,101.87435358233182,0.1918450475484687,nan
225.70967963483494,214.50941276978452,0.19206434005741913,nan
149.00517079861737,104.58020229152729,0.19209624519995108,nan
56.46723175928541,130.68684367935919,0.19236216865631392,nan
193.7386259788029,161.38271425584887,0.19239709246162168,nan
87.60561358972396,46.35561756722319,0.19251534646741725,nan
28.106570213721156,90.57565757018816,0.19254642959552154,nan
148.3877529785271,161.8852707364615,0.19263868018244149,nan
159.99045849010128,156.64468851537902,0.19264298799970597,nan
146.57939492172565,162.9353984555259,0.19264507534125755,nan
148.37321321345414,160.25426449494321,0.1926469249096584,nan
150.4861647225614,163.99239592692007,0.1926598326120588,nan
144.22255480522225,159.04651310748164,0.19266182011580793,nan
141.056301754888,157.0729717399273,0.1926632646756273,nan
155.69536820557366,164.20286803098446,0.1926695613630907,nan
146.92963978265323,172.25621579627278,0.1926755588602924,nan
155.64345904949562,173.57924764548662,0.19267985012231462,nan
142.7141169431891,161.50656101459478,0.19268766450651473,nan
143.0065407982273,159.89085136504016,0.19268902502902424,nan
155.1601927467619,162.55938323287978,0.19269818032131383,nan
146.1985000191916,152.1048383905358,0.19269967386995435,nan
152.17765907131508,165.5197049652132,0.19271408083359626,nan
153.36386008000545,154.29733902917164,0.19272272652427785,nan
229.22628492653476,216.29822761994717,0.1927421673296958,nan
147.03593797248956,165.7120108280637,0.1927529119445845,nan
153.92254861754367,177.60425722317603,0.19275464031855805,nan
152.71429513544746,166.36404178164693,0.19275622235436388,nan
139.21928515649722,165.9124314752084,0.19276515930044671,nan
138.43407598673656,160.04724769549114,0.19279725404462383,nan
145.51662342891223,165.518253083386,0.19282259058244539,nan
143.49057412624208,166.36770557422184,0.1928408692074793,nan
113.74511251064419,204.21386800529805,0.1928695655858005,nan
109.16555950221169,206.96000124675922,0.19297294127434506,nan
72.76570736214855,133.39471087069865,0.1930001246567611,nan
136.49558802485643,158.5231223560801,0.19302993658395057,nan
118.55609566734961,142.23529744286984,0.19313475678540992,nan
169.86321301174502,95.43270730037962,0.1931942945935449,nan
144.15792010640394,169.54757498157488,0.1932028380554816,nan
150.36308179329504,167.14255172334492,0.19322454674947379,nan
143.01617573054563,162.22310474019326,0.19335685864379898,nan
157.66724480509876,163.49878065566284,0.19343706524166093,nan
141.88757690322345,153.43790499028657,0.19347455549773798,nan
158.95278127434062,163.61794316146967,0.19348215589723267,nan
176.36137036413768,203.92675572415843,0.19372443229519568,nan
198.75361575119703,109.87983405975947,0.1938976869543706,nan
110.18048537339266,208.25610154194484,0.19408192567075533,nan
71.07072289972338,130.37905688867554,0.19425133163923292,nan
20.1654536268376,92.10387425866276,0.1943424012387185,nan
99.7303781031303,203.34118038799028,0.19434429732630326,nan
123.49631774529783,203.51412324033683,0.19452426986007382,nan
153.87482185722274,161.5183036676467,0.19455259485879822,nan
92.45913615106386,116.26434551520718,0.19470691620308142,nan
97.48368808996793,98.87204215607885,0.1947084817803525,nan
81.41473593848359,110.5194993531721,0.1947125478017906,nan
89.18713151503985,108.92373934871011,0.19471493826856914,nan
88.26204714663436,110.3469616436603,0.19472491366308203,nan
92.09333927102948,118.74277068985359,0.19474461547798175,nan
86.88607305039017,116.27749008901985,0.19474574817070023,nan
89.28644990684904,117.65258886723873,0.19475064101365797,nan
94.30295291564939,120.35802401411432,0.19475506549315538,nan
77.05015820003648,112.79576191033628,0.19476544154504283,nan
92.24769300973355,114.93473358923715,0.1947763316936721,nan
83.26667454897844,108.5830075889514,0.1947885992286463,nan
89.11203817029526,126.0234251555395,0.19480359581107995,nan
89.22401112796112,115.19109391012014,0.19488905549071342,nan
94.22797959659981,123.38860094269882,0.19489703686306875,nan
95.70529587308118,122.70899179887024,0.19495072348127437,nan
91.21201165619692,122.2162041781781,0.19498901821416093,nan
152.10597467030325,159.97802287678869,0.19499406316976275,nan
20.44727501086183,97.45458689298442,0.19516222615696868,nan
178.24172501896246,94.74299057784702,0.19520325162557667,nan
180.2476220815055,196.51969578467998,0.19525053000534737,nan
62.473590242088115,122.71785911179316,0.1952737165278859,nan
92.01353836299438,107.14348327563687,0.19542702480016175,nan
65.779080473287,73.49851710975891,0.19547630730855536,nan
66.21349704741785,77.15306209793539,0.1954807077375362,nan
68.52364007225616,78.26324677076015,0.19548321074696814,nan
70.24593507559986,77.6596866241623,0.1955076862472182,nan
56.92642695270901,79.02351624249143,0.19559390936728616,nan
130.21985898693265,138.3300470599395,0.19560400253696208,nan
138.2959797244917,93.50225362646306,0.19560770658249269,nan
59.86096129222399,83.52437210084182,0.19561231999545106,nan
63.42375243490538,87.70010918169741,0.19562140248877907,nan
66.42301927633724,82.53161601538969,0.19571666983201627,nan
63.206297109424945,81.2102727824763,0.1959032056540616,nan
19.546129248242874,86.53034922134022,0.19593067750709747,nan
19.022053419487467,93.71386460168195,0.19597615500812665,nan
112.94083283040216,205.3091830062162,0.19600775294652623,nan
57.78557008494704,84.4505154719417,0.19601733806992208,nan
151.52511578847503,164.402507872265,0.19615596759249365,nan
187.6379933725604,208.16080340130455,0.19624767653531985,nan
185.25146515537782,217.34071196425018,0.1962546317549165,nan
209.48914733628703,219.605967804913,0.19625582607130948,nan
188.66669440483045,211.5556210559024,0.19625998504002232,nan
196.2586629200676,216.58331308752796,0.19626025595190752,nan
191.43451304789752,221.95625551272857,0.19626438725474968,nan
188.0709485721337,211.9675820107292,0.19626624976572185,nan
183.18497002336446,219.80418836232502,0.1962715418011823,nan
191.213027766172,216.62873734751167,0.19627316770601863,nan
63.10110936499937,80.3559410182238,0.19627817835240452,nan
190.37178517836549,210.19838598650034,0.1962808294598726,nan
57.510980468715985,79.11883285658212,0.19629360323650785,nan
192.48765746076302,217.77579374220468,0.19629790630105304,nan
190.09169209138454,205.5291082182215,0.19631172093203944,nan
199.27007069264425,226.94309300495203,0.1963221072774925,nan
187.8707075529914,212.54308526951723,0.19632256867857306,nan
76.41664953839123,201.29551620395628,0.19632363367640587,nan
185.1781999145492,211.68711706838585,0.1963317343823336,nan
194.80259339798624,208.80804393917145,0.1963572432215981,nan
184.4940301917357,210.02273209731754,0.19636463458750741,nan
197.31341005956676,220.46141373635214,0.19636944920972377,nan
177.1838239090463,218.47336033991184,0.1964430065917307,nan
197.83133551424243,222.65689360489023,0.19644521149554903,nan
87.4227708026557,109.04198514164032,0.19645017861017633,nan
185.79903586507146,212.03277190103572,0.19649448367504316,nan
191.32172916444244,212.94202332034297,0.19656172811361722,nan
129.8639637353669,83.20263838744071,0.19657348636589303,nan
49.274788844864105,135.1582697150688,0.196594471512581,nan
201.3436079642188,215.45269245968024,0.19661777643244546,nan
87.67470015062437,46.48415632444933,0.19676004573419964,nan
-3.644927026713001,72.90885673147352,0.1967900178759914,nan
8.641460939412443,87.51063175050044,0.19682497639246344,nan
11.29763718497226,90.83469582783238,0.19686008021628898,nan
190.6560396207192,212.47566252136102,0.19694541378733177,nan
185.3948100291443,220.56368978025887,0.19709240593879307,nan
148.58564320551037,163.81535062564288,0.19712086402864776,nan
141.10892876771115,241.95030664311534,0.19712305210567693,nan
136.78658553918837,249.50912011402147,0.1971306565004505,nan
138.01059184235908,242.479931891295,0.19716988874937116,nan
170.66729647268346,44.27137567911755,0.19718510990729995,nan
52.70277470954169,87.09559344806678,0.1972004209911455,nan
183.8094143354361,100.47745295806439,0.19722629105946482,nan
123.41725373598767,244.8681922076771,0.19722958032165816,nan
128.38664930019846,249.69167493243543,0.1972408972958689,nan
187.48249647809826,215.93656539956282,0.19725360490091667,nan
139.87540287635244,247.67036715870336,0.19725419643972703,nan
135.07914139612143,244.27557370452445,0.19726011612664082,nan
134.576932722202,245.91884420945928,0.19727457924722547,nan
174.97268751889754,99.8760404231158,0.19731135573201883,nan
188.1787367790802,220.85883539023817,0.19741229298691781,nan
150.1994486610191,169.07565543041048,0.19749465977355166,nan
-1.0119205496412227,77.4183835597836,0.197496226436303,nan
131.46132770406373,240.4859612657733,0.1974973215228017,nan
133.87830873242902,245.16982250625702,0.19752589733182263,nan
144.2137518150253,159.37409892235468,0.19756341779105202,nan
3.673452331729306,82.62223932452657,0.1975870792395305,nan
94.36364994525022,119.4463651692574,0.19763958018805602,nan
128.49561956023317,247.33296468397398,0.19765990784622126,nan
203.28609397449162,207.49760359277377,0.19766788448034958,nan
115.38548421848876,148.67968808690063,0.19767249704344267,nan
27.0104235804737,89.91918132400214,0.1979973459829074,nan
132.45893171569494,249.63062453901117,0.19800163655121478,nan
187.0151429413083,146.29837371471916,0.19806426277058328,nan
79.9401951221911,127.5799626903176,0.1981481260523276,nan
188.87778233947225,211.62499814112275,0.19820183036308717,nan
68.94796765465178,86.79118846952836,0.1982203746638927,nan
-2.7710748048966605,87.2049678949737,0.19834341521280274,nan
148.30030566470168,164.2536270334106,0.19834505697088667,nan
188.05821743962306,215.1550235601741,0.1983764027540506,nan
93.0425419238323,108.53964161956581,0.19842998904647693,nan
147.60384960932495,161.06697411324302,0.19844196786765883,nan
27.004512659110983,91.98092902763148,0.1986469794437856,nan
14.558769251130743,103.32278294102485,0.19865483926211902,nan
69.02831238139382,137.91185124719965,0.19870883691335597,nan
98.01813848639253,202.40419016926992,0.1987373589828336,nan
109.32010289597308,209.77734547080973,0.19875587270188397,nan
146.90152998772317,160.02760525023723,0.19912257675058898,nan
23.873299135141902,91.12498697470518,0.1991833267094973,nan
151.14300700634925,163.9735466758842,0.1995294814119024,nan
178.19860874592044,199.1811578193327,0.19967526292748866,nan
28.454222181756844,94.08752287942308,0.19979197321001194,nan
194.74669639468837,230.6286778318891,0.19990742808447112,nan
68.4999537195343,209.9014961339224,0.20009966773666313,nan
146.76046440446416,167.65293897812643,0.20017011384213373,nan
238.31754215665333,214.7256749934128,0.20020627064065294,nan
91.95149596928049,111.75343478627828,0.2004680726397304,nan
232.20645757728354,217.35415072346467,0.200537018671307,nan
149.2071640315699,162.1770311940206,0.2009145640588284,nan
106.79247431691996,208.194295276891,0.2009553111909996,nan
19.700845420794604,94.07087506864849,0.20109355480363464,nan
54.41600549697826,73.9720612404116,0.20120229194603062,nan
5.6089615528818735,27.31842857793849,0.20135675660587313,nan
22.688666894999006,96.4009420285433,0.20165894486602703,nan
76.0072818925806,127.66577930876713,0.20189903737949394,nan
187.84975825088222,212.19968761231613,0.2022331152216317,nan
142.20418434969628,166.37666367216363,0.20258869869108195,nan
172.3607371096822,94.19388295329409,0.20270514722853775,nan
41.67861590256345,139.60725536587302,0.20272567371886788,nan
149.4894399884399,173.95171330320693,0.20280141335488722,nan
92.40242742126684,115.2007069631136,0.2031008005612863,nan
124.83346096478182,242.0021683570203,0.20318631097493375,nan
173.16014395491572,73.23957693178961,0.20328157695242302,nan
144.87161585192516,157.0132326245017,0.2035322877000722,nan
218.21364905424383,129.95145869608984,0.20375255921665614,nan
227.0795507393664,123.49269913961406,0.20375342474577163,nan
226.37031676161277,141.8790091251071,0.20376089560298294,nan
229.77994884261287,143.29607149332338,0.20377378562093165,nan
230.49772284427453,136.97478236409657,0.20378879291440397,nan
221.31549202942261,132.87929585810213,0.20379652889594294,nan
232.13030123085156,144.37887350036658,0.20380158376881408,nan
225.52851074807785,134.7559002045508,0.20384164232477298,nan
227.58287133025158,125.6919599431299,0.2038611689011631,nan
225.71138806913297,134.30676587087353,0.20386458070745644,nan
228.7523622135774,134.01205179902885,0.20402207096098077,nan
18.053315834932008,86.79316621480996,0.20402501741155435,nan
231.0940738818135,144.39426661658322,0.20406397247902433,nan
170.08585886763598,155.3664820808225,0.20424487367233257,nan
171.00388987695325,99.06045352568718,0.20439484008071995,nan
1.7539785933579604,80.73453928422903,0.20455393764290444,nan
15.137951414816266,96.39736489262908,0.204567355998772,nan
233.43928041885636,139.84636254533564,0.20457390966775915,nan
61.25590559522963,82.21839236552822,0.20494952204447847,nan
176.47671769452,144.66365707036934,0.20499112478709308,nan
183.88680239815,130.1880525914859,0.20499310512500715,nan
175.92611615761123,138.94104527129718,0.20500308351290775,nan
187.70551540647944,147.21680146358906,0.20500687066903103,nan
181.33222022141018,143.89270572241062,0.2050094383595581,nan
176.26425508233064,153.14687757990254,0.20506632325956564,nan
181.32659804028688,143.9396929485639,0.2050762906582657,nan
181.97003807753308,146.35267942111446,0.20511816385167972,nan
175.77247878100385,142.935791917224,0.2051274605542839,nan
127.85920291867839,127.64945392531114,0.20515087248815783,nan
181.90487851279616,141.68728140390982,0.2051727574181696,nan
228.4429481539787,128.4881833421668,0.20520956202974536,nan
174.43967529432024,138.47203719593276,0.20522462499389402,nan
94.53571770797852,128.03135673714138,0.20522734704532966,nan
134.8461865859754,91.78840270684086,0.20528700297876673,nan
173.13459558848297,149.37577651685953,0.2053483201949249,nan
175.13905808653385,146.56914703320882,0.20542449745684305,nan
185.03805147409494,204.38941522884141,0.20548008509610224,nan
233.87608796003198,213.4112640211949,0.20549472805239843,nan
30.25009918057101,90.98075396377878,0.2056689506058829,nan
199.87630801605567,222.88151461686854,0.2059233467113835,nan
152.00893791651228,160.36933334564006,0.2059810987743788,nan
131.8552397006291,129.06647379325622,0.20605147171529814,nan
184.3823862203091,135.52249567612387,0.20614363774281486,nan
146.6173087030097,160.18964118304498,0.20628844572041202,nan
179.1771561766969,139.33188682660722,0.20656604245260973,nan
21.836590222368443,93.15920550203441,0.20660083927178097,nan
23.9150460508002,83.66660573736567,0.2066075402667211,nan
237.8310220813858,134.9235563829766,0.20666046740479008,nan
172.06355323396545,150.7310374165242,0.20690983148428557,nan
121.44482202853766,137.46303698435304,0.20699106719345237,nan
173.80860475487574,199.35920222481988,0.20730873652180334,nan
17.93840284368222,258.5770235312087,0.2075599168220162,nan
19.61181595186718,97.3735594530555,0.20766094812990843,nan
111.04361652232967,208.25307516125696,0.20766100766410595,nan
174.04881264463407,198.01968805279532,0.20766683196067512,nan
145.30989337186875,157.6465425051764,0.2076789926775706,nan
147.19696488105555,95.08457977741561,0.2077478419928595,nan
86.63252871809976,111.33708195464692,0.20776729983717715,nan
178.13732728153983,145.09642159114568,0.20780379648124647,nan
155.94743052777343,163.7036616401551,0.20791606872326956,nan
138.97215817998622,249.85410275432884,0.20798856723400427,nan
112.58648089264955,211.72999232656454,0.208096504470996,nan
88.41064684821691,112.77005175963508,0.20812494027692185,nan
84.1111344861457,63.60421803146711,0.2081408449727591,nan
111.15325007828261,219.6677596218281,0.20824719066043032,nan
175.2393337802176,42.47811093438624,0.20833446405990147,nan
120.68479622985555,211.90751950750803,0.20835885418414293,nan
173.64225293094833,140.05226607595344,0.2083861803670439,nan
148.05769568320983,166.07548980024902,0.20862845141751327,nan
107.35178008076959,212.79562202586882,0.2087620047781118,nan
182.70811412944803,214.01108190574257,0.20896662833755214,nan
229.6749918550138,136.30511520301815,0.20903538109543207,nan
85.062371133972,121.34831402042809,0.2092434782224896,nan
226.28096605548947,128.56148541460954,0.20953583730182362,nan
137.4557576984882,249.64997517820365,0.2095639940882178,nan
145.23527097596985,168.74043343344695,0.21027793056909833,nan
215.594254043392,142.92988593200207,0.21036596768512153,nan
145.00422929967493,160.21589203057636,0.21055638482372505,nan
81.84398238075937,109.74968606919907,0.21086777877049895,nan
0.08308878754398007,76.96487532489449,0.21099574114018663,nan
142.30719534652386,165.36427043616564,0.21104529814733652,nan
218.67888470211264,127.20914994311968,0.21106893084947623,nan
93.49682182777993,110.7106008902148,0.21119271256527244,nan
54.46951241383169,83.9040347329939,0.21126612868850686,nan
177.7863327753935,194.300646596158,0.2112774740864444,nan
144.50839076583955,248.9326024268957,0.21128891667120644,nan
108.6954824478329,222.01423215188916,0.21129397551036116,nan
129.22253020001713,246.5536858400028,0.21143813220892804,nan
31.813564135736005,96.34577881422857,0.21154295444898108,nan
225.10802336739317,129.47467090581563,0.2116652802488157,nan
173.17949945833786,196.7760919855721,0.212543660823379,nan
161.5176738106228,208.28468903745207,0.21274155913178885,nan
142.4556366722707,162.05124677136953,0.21275556390341205,nan
55.585830250191016,129.40817125298025,0.21338502098448955,nan
196.2349280765435,216.41726107687262,0.21348953895586203,nan
216.55029247053503,132.10117968223315,0.21387037630013142,nan
89.60194416397749,114.06450798042842,0.213918371938332,nan
190.55936543387767,218.79537244722064,0.21405034560581887,nan
87.80824602389251,105.46397933120019,0.21406048553674137,nan
63.62012108193033,79.9895612751525,0.21424368311619452,nan
226.92778856725036,138.52006262820055,0.21466542227300534,nan
221.7875254995145,128.29253824318252,0.21514251270507562,nan
178.1945491182337,145.08407656693726,0.21526444314149834,nan
189.82297625083115,202.25356433813354,0.21528581051468296,nan
199.73565251800332,220.78140119003217,0.2157380722565927,nan
182.69086630167885,127.35561978634586,0.21610447327195464,nan
183.5391521368789,212.37970240634613,0.21617151906468962,nan
137.11010768966398,238.72053627878103,0.2163049303645721,nan
196.4365774412119,215.22773207508837,0.2164058707707547,nan
134.84447146441187,172.17479029417177,0.2165839477156497,nan
197.18391340046404,212.6200673534466,0.21665420397449794,nan
19.419362008052147,96.72374272384813,0.21676042215100566,nan
149.23472385101093,159.3916103844601,0.21680818873736962,nan
3.7938387125853694,81.20943568073498,0.21731406521910382,nan
72.65946144595536,88.7658721015104,0.2173744323126672,nan
227.01153409061436,97.55499263286534,0.21770535645883787,nan
89.10091947886302,119.32058100442488,0.21777090234320998,nan
111.46464298769996,207.31087900083517,0.21811810860731906,nan
179.69230041117376,138.37660947280418,0.2183448526210068,nan
125.60881229007043,130.71486310739638,0.21835570873962168,nan
169.74654514994634,104.78913817171413,0.2183583360966042,nan
53.993232717946285,86.1267011618876,0.21858127450882942,nan
118.2522511348734,130.84335367273331,0.21882063905081806,nan
134.35576496695674,95.22045826021542,0.21917829156956867,nan
123.78894588829502,132.59778443487255,0.21961391161040228,nan
9.69294883835692,88.86849280676132,0.21963193847191445,nan
174.52859251608837,141.62471280721508,0.2199385192989869,nan
101.40395071906995,114.68533950104843,0.22009919204411346,nan
42.27377064390999,134.5267795396994,0.22017312198688033,nan
104.0216540372938,211.31076332699814,0.22023535114833534,nan
177.49483618516632,141.2027603932663,0.2204188661428316,nan
179.30085232394458,127.05446314887082,0.221538354089595,nan
69.30096576620183,125.3851857275434,0.22181930181513468,nan
139.8053078010325,172.99378540546175,0.22188468110580184,nan
235.17573012095286,137.9527241000343,0.22301812451537115,nan
171.41684345675384,147.15692451674002,0.22305393063112694,nan
239.50155576844173,218.6298185223242,0.22497595828937006,nan
13.890561339402298,85.98473042904715,0.2252825360925119,nan
88.92815010737037,113.00963216793005,0.22582528895565077,nan
29.032941084358082,98.21932749461624,0.22582552093111072,nan
182.5276805802218,221.29718334669508,0.22600700822959754,nan
225.11705698136078,129.26466660285607,0.22606064543833476,nan
5.71894768603462,82.48911767322848,0.22697042149977048,nan
173.44936586307665,146.8040457836295,0.22756832983722666,nan
10.61275296609717,78.08763940910114,0.2281069368642976,nan
123.52448684715215,163.79593063780155,0.23073827612561842,nan
120.8379796979497,146.77010806093767,0.23095355699521625,nan
182.0415165797894,150.72381375309956,0.23096052813272744,nan
43.31234023464057,126.79740702706648,0.23100086416533797,nan
130.65493529296222,91.6940018642889,0.23130391100954933,nan
194.02010938840328,223.10298270968556,0.23209335956382682,nan
231.4573626612178,134.4046499640298,0.2323968888540071,nan
124.56239468904369,206.97240522788482,0.23261151985480522,nan
227.5187243731872,128.69708234200002,0.23296670375002787,nan
15.912990730218326,94.8039067842153,0.23325439252490945,nan
26.63637187991612,89.70773975816856,0.23336361236284006,nan
142.82620800610292,161.3157638082591,0.23413689120514003,nan
176.03764988452377,200.74035642105775,0.23497250754082163,nan
180.34752157212742,224.0771576955997,0.2352092333832061,nan
183.58944449697714,212.35709553444593,0.23532919874478253,nan
108.76630357469634,204.74939751237298,0.23657731059106735,nan
186.99058365223834,210.9594925911031,0.23881877670615223,nan
111.6363662878988,218.2839507358013,0.23914604745890686,nan
191.4883986094616,143.48061911508938,0.24114884256272137,nan
151.11852661363622,163.94276478687695,0.2454186553492458,nan
198.43701805927319,210.10536605185945,0.2456514501513181,nan
225.9851154104113,143.74459465151597,0.24710885096169688,nan
181.64144207036526,136.01985538640142,0.24996828431270504,nan
152.9910024076538,161.5944746326223,0.2511759230209148,nan
221.80595081632575,137.40641208231938,0.2599340471844036,nan
125.47035253369683,238.99439807224843,0.26008742208623425,nan
55.96337297754224,76.75888792266679,0.2636859755087727,nan
147.72306089881192,157.37773582636586,0.2703711534748403,nan
143.64861244328156,164.31039889338973,0.27630706746158185,nan
16.579813662770675,103.57600310771538,0.28975665866802425,nan
