x [px],y [px],t [s],t_relToExtTrigger [s]
149.74838334275503,0.8925361037539081,0.0003197389318258857
58.070316260581315,230.4949708354457,0.0003753444494657391
228.54021392102098,65.54411729598253,0.0003841360257426652
213.04070502625353,6.400421046058927,0.0005749315443286046
251.8690288170219,235.94334693209404,0.0007063854010531753
244.8797560619089,46.883454280290465,0.0007342594670423746
71.47943844966265,106.93843808196735,0.0009753197781858174
164.28065851683127,191.00295860004616,0.0010044882243094636
83.36734222261808,75.72947362107142,0.0014618815561164924
193.99715921618713,225.62755865875857,0.0015441708417252326
113.15322321367213,78.09232501701126,0.0017795253697760387
190.80715785518115,21.68638725136997,0.0020110250563055644
121.82497011598457,20.836411284284818,0.0020381333141625923
69.36057845663956,182.3509470584702,0.002138370003700539
120.85740060935638,240.14287040149355,0.0022855212782007315
242.25246584521273,114.33616908431685,0.002469507175923587
196.9219078911099,142.88786472038316,0.0025318181332141566
235.26199566475833,243.97989055786275,0.002624077578829407
78.73382267177642,132.74401355235855,0.0026809698985375383
231.40164614263088,165.98328003485986,0.0032105463382286043
48.47902468121688,15.979066272835336,0.003514708409978215
244.53704133157714,24.075420557130762,0.003955848153801628
129.33565966639304,239.05575668245487,0.004232830819708237
41.28014263593471,13.84153463245728,0.00434560062756257
104.58025593854153,3.3547310717657637,0.004366065109585987
117.00741440211748,29.08868425325202,0.004422577029454951
223.9344717818573,242.69069277565978,0.005026635381824761
80.12411276733548,130.26172018253484,0.005085487575643031
72.11465093105602,142.67158244584945,0.005098223843613714
242.35316081638686,116.09338293545,0.005667182632455912
167.56002589127507,137.33257045209623,0.006228776380661197
124.06551360257913,146.07579242027893,0.006381108588572629
188.04035685362123,214.92587241334235,0.006742797270082064
171.03678470838793,107.47951847570229,0.006778609628544776
211.53187668474538,71.64372804336331,0.0067841296791856355
101.65984167081716,209.13770106353593,0.007137299991957785
161.82463661849783,205.6442487210325,0.007221343002011449
94.5982790749229,91.43194076801079,0.007754888852086292
5.247382597114943,15.140810138227188,0.008033209104811985
23.769473164818535,206.4096404912233,0.008089898359889524
246.0552354532553,123.11196317720837,0.008225481197263155
104.99518150566378,81.39843869113541,0.008274873245164968
248.78618361873777,21.728903103830564,0.008347593226107905
198.11618708699788,88.19805296139364,0.008368558991264508
147.76618723225175,48.738036361390236,0.008496674713373672
6.2906588033403015,78.50753520580044,0.008643898502003632
21.506369536935253,35.363564957217655,0.008843571482419788
210.57927257865774,231.7914709111232,0.00895225018599126
31.467651865847532,219.6448768009942,0.009368479053495382
141.56089450169063,143.4549703424599,0.009476952192509009
146.72618558914243,202.19279298091215,0.009670198287640423
121.30081920487895,128.39982377975159,0.009982824303388363
65.79217487690819,247.34312176827396,0.010616643559442814
33.81156184550847,51.148655248057786,0.010790909416461566
171.18019238828995,102.43353330765042,0.010841094413732334
179.97928970687767,177.5295342193993,0.0108458393977944
186.9954805874274,115.96799445662825,0.011048224318410453
247.22618458110438,15.306415757008615,0.011590568894719325
216.31804014780374,185.2269001815913,0.011767307592513257
136.89136779881713,8.675451675009079,0.011891390551524285
220.99081073362515,242.06739686445943,0.012165218157065746
72.48526185256875,153.31247465217015,0.012945085020602015
75.81381245645363,94.60285601971458,0.013093391717701009
243.30405781437946,250.15197996229978,0.01318064773174804
39.90579686922242,137.47900325083313,0.013379871500892548
86.30422470866618,76.85644148149417,0.013802626796222172
5.7216435451012035,78.94475286822754,0.014217857007582886
155.83616901803376,73.75249839226446,0.015079989300229324
158.48565667451516,188.35944429820165,0.015096530569822481
101.99506037911858,43.852019583791076,0.015184967793851725
228.6841736489182,194.580585186675,0.01519385982650812
130.27873446832524,158.31097178717766,0.01592631874104076
64.93900590771769,63.89832107109124,0.016701685823439772
16.796689948875425,66.34413455915882,0.016978454368247936
144.34624051762802,78.39940516504954,0.01718204079209423
45.403259933820934,137.0170636162516,0.01735002185253067
59.87910065721172,232.63624964599126,0.017654201747056394
229.40557391776747,119.0380761327376,0.01782857098363468
59.6416677027014,119.98143982302172,0.018147166049165473
13.746333027882983,67.93603553230122,0.018153336017371458
158.2299273963974,0.6338155842830961,0.018177413500093175
77.82056680296971,248.6239220354827,0.01841145731513175
118.98357416135848,94.45844420032823,0.018525877607864217
87.7318261277946,140.38330175553563,0.018552015161884972
251.11032540133363,83.17114433822947,0.018974845131047535
198.90707203478215,205.29186952414452,0.019132593073641034
212.03782504153267,80.9123980247247,0.01925993582841712
218.8745305451827,48.73688744813823,0.019379061143149016
80.22856927063432,143.45828691172468,0.019667593254196016
2.2212502517075516,141.36471950821849,0.02009172208771232
215.02385098548007,136.0282087257054,0.02025893608682602
21.073223133964447,140.40332304667834,0.020423630617544
135.47948049176105,1.426567778100638,0.02061069417869965
213.71185647005885,90.1857503850747,0.020860591524254655
20.580337206571784,169.69829455844825,0.020890953388078806
61.93292073247657,202.7333400985668,0.02089326712072758
233.69588649545247,34.203036665754595,0.020989347813596432
219.02934939510374,177.11500653780936,0.021704751250561972
238.81742084330043,50.04314832993042,0.021877697984061206
56.35525905942297,45.34068338895706,0.02218777685425922
221.8131464175622,96.33418836211642,0.022555457811087084
148.70878558973632,229.80667434252925,0.02290961771222326
135.28202968935062,212.2834678175234,0.023575353103015294
185.7442417163213,169.88171914982183,0.02374488466992307
125.4069012316212,109.6793267296033,0.02380867658168563
78.1276978489031,172.4668828749497,0.024335455454478957
22.20287560815247,17.938173196809053,0.02439291693557862
38.87276524903711,55.10521052901659,0.024503076920038367
17.32924577908286,7.140109137228503,0.024999695771727358
216.62558681688284,94.26375901884629,0.02512131382888788
254.9316261350143,161.14604392096447,0.025502262173616803
46.787125982421095,191.98290743369492,0.02555829996272693
103.432873625455,201.41317786560677,0.02563025201837134
249.94945230663689,246.29875953159953,0.025884671740123114
74.17183742825823,180.770243805709,0.0260160265210807
54.97021642923254,215.89699056286784,0.02607391583132915
74.28439609015717,31.643016484244793,0.02632794979809149
215.86119307311807,129.44520097342874,0.02660645607131826
135.32755720643976,17.466444286629844,0.026703129246439052
87.51008087920012,198.3264499052259,0.027259926791555762
227.0517963577306,26.13818831467687,0.027360380225157653
83.27046328245366,118.91739590118321,0.027433899272551746
228.34595659477048,177.0382285126191,0.02788884243960528
111.498395583151,189.73012809024465,0.02793277317617739
2.216717995405218,136.70608986259361,0.027987447428267056
34.54340035939378,204.46938722692687,0.028047736301790027
241.5618091852377,134.26569922960485,0.02806853336200043
219.39408038772996,89.58313722483878,0.028489399333421234
103.75308339124466,218.28228337094367,0.02917096197285523
19.718155985105962,140.29768547484096,0.029343504465484848
247.41851196935497,239.05036582522973,0.029422194152206774
210.69720477044032,154.57577332415093,0.029557840295265987
204.40149358975884,201.13222693530363,0.029603782563491183
83.8144331499934,184.86080480840997,0.029913138401181278
165.57711608140667,47.749946694761704,0.02996271702754533
179.7985440673716,216.9008946369024,0.029972448254324997
66.10011016579541,150.1821591768784,0.030000075523474102
224.57375531924288,214.1525481661809,0.03010945326588471
253.02713856818195,243.0677401114209,0.030557047646514228
210.29047933060713,215.28897444327671,0.03063213782214906
216.60565868226522,165.92709655776042,0.030736918992952868
28.542763259607145,41.35703270551076,0.030868119810704822
74.48804355750943,73.91871822698269,0.030875397760012833
109.63426518827252,192.31598340339806,0.031051146663955045
188.66180854928578,99.9614502620766,0.032218430612985044
246.36426567265207,4.488692371383293,0.0326299504680737
159.99625998711682,242.31889026984734,0.032930044153347784
149.1201284409488,242.2703492041581,0.0336362846910141
37.55546157211987,187.82342323489578,0.03383974733213437
240.76000404995222,79.92902070973436,0.03385057174354128
2.830285231563075,42.09194982664025,0.034147166500864884
77.54269355547781,95.60394791943818,0.03422824401017853
54.85509907517156,70.6747463051136,0.03444248533060496
22.326415591119996,50.6509129708333,0.03488541362192853
152.25808563873096,23.283798121250506,0.03499258781477387
138.84602608111456,209.31521063371918,0.03509950078228649
155.70933356160933,124.54642229796195,0.035106946546487675
44.73719300159413,113.04461892468456,0.03562899037245204
249.28562070803233,112.38812076779303,0.035701756555215354
97.03565183426828,46.356598160540514,0.03593057866613555
154.80195160251387,127.34653203162271,0.03608273326567955
227.24981354933564,99.01378440191974,0.03618096726779343
10.562733113188061,22.474455697435197,0.03647682257465701
49.236173427219875,77.91828069836714,0.03682720661073952
233.28170688440346,78.11056237316882,0.037241360248122655
190.59691380217342,201.5511273739936,0.037316309847252226
195.8032624824411,54.732535265612334,0.03840229998828302
122.33980452308646,174.91248593423026,0.03903522329592208
125.4529282961628,104.8456988009053,0.039173500530757646
239.6059021266869,74.80252350088071,0.03925347977607295
213.3327616424266,119.44668701064387,0.03932164132823657
119.01559583476237,145.56258182547293,0.03944840544560065
10.313878936699004,9.804230316346068,0.03948078237577267
226.20048027287754,77.63392940409011,0.0395185135890729
159.81744716502186,161.1875448374771,0.039522373702113194
66.62699577894792,43.59508313863188,0.03961324146414693
50.335047859009336,56.73951375995218,0.03967514634175541
22.375753476684967,83.84280717539869,0.039997129540643016
254.58878845206306,65.44250517995476,0.040241526815982184
217.19422407641548,28.674332710035667,0.040601398007995275
51.94250531172219,233.66957603428517,0.0406312394719762
209.39776976321022,169.46664963576768,0.04071038088383865
45.102570182038015,123.05789433477881,0.041112787969400655
168.65052195332328,72.32093781049225,0.041244267566727215
104.46137849166377,72.59022995422576,0.04149352233919302
196.83600991055448,253.4708203927914,0.04166349042489385
122.25899601154869,52.287035723984474,0.042436417590233456
137.2508639787153,166.42023073404923,0.04247725118355711
225.32777735454175,127.95110244135957,0.042697576873502355
5.386907217753036,41.491419716512674,0.042719903891614855
247.61982663124965,89.9357145329963,0.04292367836741276
90.18328339288318,234.87042906315747,0.04324682920585647
238.27287871541458,36.00445506225958,0.043369076855075156
79.06802998715987,113.22514458505046,0.04343720045797378
249.87620245748576,114.14011974040636,0.04379496589090231
252.18964616592046,181.09086494774755,0.04396533476187577
100.16808202267892,51.63843360549955,0.044342711570717445
54.53369122008552,205.34950086825074,0.044354872260052955
87.75796065652727,40.52701093480266,0.044361770848160974
162.15804387792414,106.80062825104274,0.04458264331532087
228.96843762589722,194.09106159876836,0.04498256345950588
187.9339719178074,140.3973525053475,0.04519296190509831
144.11090645569917,13.604249183739476,0.04550455554346418
133.62010795225328,55.072206787483125,0.045714752231884384
165.58433105495942,208.6975038357614,0.045777236206925205
191.90240772383387,124.94765520988693,0.04640130556605881
51.369401219120775,59.989281779953984,0.04677738473690251
166.08747090133434,18.97093060321386,0.04689261512343628
75.79567281066811,122.25884552893208,0.047183955399020365
21.312073978659438,191.03632586939978,0.04719225758305986
135.84841185392077,47.322957182754955,0.04756018987359653
248.64069289407058,48.31512696854904,0.04758489372028738
85.68199063769666,95.2248140814719,0.047685020836086243
121.42539139330249,98.65402025130636,0.047799205887872204
126.7008954559703,84.93163709529857,0.04796061180116435
62.14015435022708,203.02163508222952,0.047966936401619156
213.58125565386058,167.84891723475295,0.04808599103407423
6.189388450950492,194.31657103221912,0.048106151750501126
35.78594953231866,123.39688163623875,0.0481074435182083
140.21112293319632,193.18420286934526,0.048136576823161796
158.10552666314828,48.95066746280197,0.04821954067466604
17.30170518566422,152.62979116877113,0.04849276213085183
30.25409843169696,102.8079595906598,0.0490957588355958
21.478640709657522,134.07357916537777,0.04949847165405972
245.14892548632406,125.26211095893518,0.04966006373885787
148.40101467795387,249.34941994436704,0.04971013666520411
229.01391532182205,175.6212174359854,0.04974185529439795
39.11825195252681,190.87067595842342,0.04978050337282364
87.6568266318468,205.13873326695514,0.04988423594478975
86.1745503658032,51.12658932364478,0.049884367706946264
176.50385091273495,122.65717695849506,0.04995916488596508
253.53970459605821,227.35728760863566,0.05005944616722987
86.88010865544281,120.1745768513654,0.05030351815697842
232.2305028215449,220.37624906910173,0.050637315080395345
154.54947097639496,254.0295176161727,0.05094436334043788
156.72702250406246,171.53109343074783,0.051413690948140287
199.4336761374359,122.81586301020981,0.05170209529289168
15.596270369448387,223.8722446994768,0.05227955412117483
114.01014063487622,62.17834744677119,0.05243404154501989
215.10681087728668,248.59858544514708,0.05263539919865992
230.80420707584628,209.49242972390445,0.05301622579470447
218.90367889597331,76.53008857207188,0.0536199461405772
88.28240580774737,189.2257638288303,0.05363523515512463
22.96707178449184,25.256822450890898,0.05468389439565112
222.257316803135,198.54061720406597,0.05491878589637976
6.306688289812321,97.31846272740721,0.054942985969277
153.75821489247753,13.91613068148208,0.05518465043749161
6.677801260361937,75.31415277449436,0.05523272589796457
224.40616538600347,119.34869689430073,0.05537010373337501
39.23080845787978,66.35114552124529,0.05546074222317601
8.412916837568762,36.34519887278744,0.055899866503121724
207.62778552785667,125.74017430140098,0.056337334191092964
124.33163269934748,194.98018010608257,0.05639255609602015
205.24366502162417,192.55132901732327,0.05672774045100871
84.73117456039269,12.822645888306347,0.05692084042815816
65.31432632786971,78.8772090485189,0.05697649722237511
47.66370807790083,249.4864002959382,0.05727292814187724
79.36157650246591,173.3278555342906,0.0575011175703521
219.53427620453712,22.872523309643192,0.05773419121093405
53.821573461476056,16.157124753339676,0.05781870733275947
37.008282037857974,77.12143178470784,0.05803987472884779
199.62961891392203,32.30870909407861,0.05843068276748175
107.27550216955976,206.33505869871104,0.058536968816965136
245.97769910368507,156.72126097372566,0.058705690125003096
98.1909459439693,180.10256983067913,0.058794981291598096
247.25600150637987,73.18881183323413,0.05897334779347293
110.72504011122297,174.5522194903549,0.05906918199509228
28.316775220378684,68.97984718100945,0.05912211693065746
36.898793738007974,57.58814859831611,0.05934539374720088
140.07595058751593,101.9557787386409,0.05936893658565352
107.2687693106156,195.63981488426782,0.05956501672395346
176.14156806835604,119.60254122139033,0.060072395267908286
78.55268772413967,200.0325960077102,0.060133691314673623
251.48436972187542,70.12426691237802,0.060564433423836175
6.0771402274494495,219.17821531416163,0.06068322859851246
96.30237887336918,180.26252791857434,0.06081091726674249
112.28699022966819,102.81382325048664,0.06108488594778294
233.6207957426367,18.373638562752507,0.061223298926112515
167.08325085601365,133.91335502634175,0.06122532321791173
151.5705700998006,39.27214114130975,0.06133779889183393
111.11180588481534,238.38479034139422,0.06155764478099577
195.32401976836917,223.31601548071382,0.06164490804063456
185.07987646338592,175.34887742669034,0.06232322251269489
166.61976429585206,120.24354793278935,0.0625716202596524
140.14966111648354,204.107567634902,0.06276087987885623
107.24403070604848,210.37849026342624,0.06301206401084154
33.22377135695421,232.0542890823301,0.06327857164279042
3.7500142893251796,210.86820045152317,0.06373276043815176
49.99939055039931,55.818295063935004,0.06377482816398253
248.70071654319312,254.48147484067408,0.0641706849355563
122.66668064030742,192.75520768826757,0.06424626088074509
197.18298274183468,46.6293873155147,0.06436453671072476
154.6988782649972,7.932515839014949,0.06440887092717061
2.92469232945296,66.7566967965925,0.06455843728543895
141.31937805584224,217.49999679118503,0.06458499347357954
31.94159181330067,122.82847884507635,0.06462053249107205
84.97704762390951,205.71587983336303,0.06482632859193238
43.77089580215895,197.95569664428112,0.06505187761153942
94.93671235110446,183.32731708948373,0.06509982296170609
159.21877793694455,141.43776990498708,0.06541338179675359
137.9975150215033,174.37398490666308,0.06546066166576274
240.64452790637273,179.1375647896623,0.06578742990791843
4.05414228463355,202.82100075426956,0.0663833053932009
179.29128074907854,38.59319917023212,0.06642990992781704
233.83785610191342,3.193717003528559,0.06644920447188332
180.9615841625433,140.29944284702745,0.06666800893989347
71.42346682895334,41.44672616841776,0.06669300421702058
234.99887473793967,222.97311127533098,0.0667391785662274
98.28972784355659,74.45561249503099,0.06681328231951711
149.6240719725581,125.1321308911762,0.06687682836069841
230.53521520141902,58.54896338643639,0.06694135957467773
65.27056239524795,158.66726851778768,0.0670365398054634
119.04736396634836,220.63789592559002,0.06718498642657453
103.0009698268684,151.16340673485757,0.06763908506365143
182.81456229988652,225.14186417501614,0.06786021284702531
37.05851671090206,115.66752198451105,0.06863117527887883
105.35754312275911,20.02273815940884,0.06914057559247767
6.687907541508353,169.42055511522693,0.0692747936725129
92.08595861855174,195.85115047231832,0.06930185303314189
157.72721366013326,197.08431712857015,0.06973038601821932
43.690887610800914,169.62223419467202,0.06989718459127807
92.14773735811657,200.25265759400406,0.06990357933802252
186.67467930702847,42.5258251555006,0.0699457122025066
106.5098905187116,234.21866933459876,0.07000158691229985
15.739771704198565,212.24632648757895,0.07000855091412862
194.91757522361306,40.32693407608131,0.07005702354157212
93.72849574748614,4.094235580425211,0.07075606790261053
179.64093904269745,157.97701993762638,0.07078745012192861
155.5699012360661,245.06731015245919,0.07089010945197137
65.08852768565744,166.956823975493,0.07127089842825646
109.06637589059896,116.43245813567903,0.07129799451266186
159.95223218619253,244.89991576636928,0.07135207710432862
99.45942531330223,23.872365599616785,0.07152469828510663
45.8261736131748,184.4994923560773,0.07180909033292755
109.44943623527453,193.74976398843287,0.0718143761716206
1.5959046117542783,233.95494356851532,0.07186148163211817
149.72356946238295,225.29595895927474,0.07221405707295331
218.8364201209855,145.21822183163582,0.07225680660770802
37.10936429037131,163.1006573622095,0.07282702274577951
180.78825527587298,121.03854316240488,0.07300186983672077
210.10444441387392,126.74072591813717,0.07310391366590517
44.61974578942262,34.34527500000879,0.07338708968552074
107.10509161668162,1.8014772335138436,0.07373692882475329
191.39842875495393,38.7336883230371,0.0737476250512583
14.420555837528088,72.10179196363661,0.07413143565677471
28.08249121422903,208.82499734824492,0.07452568803178536
186.05981782106164,179.01250571121616,0.07470953961905179
117.41693170233974,117.19448118161823,0.07482854301936946
2.1244618554245043,78.57098594932685,0.07483557828067249
104.76865921969981,43.8087845118505,0.07485069105658386
154.8762790173799,222.91672645951266,0.07494731952976617
157.68204910088653,109.04549311391548,0.07496674479755132
73.99261806843022,234.8152688089196,0.07503985967951009
166.8266556013888,3.618587069313927,0.07519777333966829
231.37191017289783,14.438388732536303,0.07527628535119169
91.65492529475584,136.23567457438628,0.07533528958979055
177.83830101425082,28.433426450797022,0.07537401397978795
107.71556010697668,193.97688810613968,0.07555037601196622
26.6316302639192,29.254378771898015,0.07569514262647994
89.53375553292086,181.36634598089134,0.07587979405011189
161.22852786705468,202.08146494892765,0.07601213443981147
23.025689293332764,138.7699073495802,0.07632869151941761
61.46083278707327,155.32193821625927,0.07672270837909274
1.0895728314159596,231.3908294741478,0.07677114757591111
17.07685901000253,22.734584248250407,0.07709824411903499
57.32417924638357,29.54372965753825,0.07714660846056916
241.07856723320953,19.944903100022874,0.0772551139008079
137.6096147455531,49.05765217118864,0.077577617201908
68.0477803177396,229.5333562230167,0.07803251906034792
190.38175630227008,52.451451579062095,0.07889777176306387
106.35602180136377,131.31822154007475,0.07907617646912594
61.27524849971109,253.80321045647563,0.07912932546032335
101.93586761075612,19.605593237396388,0.07916416975722222
176.5070808142771,206.71396750437955,0.07917323082327507
199.68351828771907,3.345900402083259,0.07927371784540203
221.22878826168213,15.230493837863811,0.07957574586306625
29.698797263135216,159.42081645881774,0.07960656434206295
219.72396431098403,33.32975963138115,0.0799425352378548
125.56077274592447,211.97468506264192,0.08003914607183535
86.61785038581479,65.17479368447768,0.08005655786706822
211.26895144836945,53.38343483263802,0.0808164665158884
69.619838185135,122.30062654568738,0.0808795693495705
44.48440476829578,221.68886571280666,0.08114753767685111
243.70625630999362,53.54204010555022,0.0821601890018789
128.69206906928835,204.9642264149964,0.08224131261680537
3.6273217131552795,205.36683946601758,0.08238350758680231
202.00797453995506,189.18842822472976,0.08249205336100172
174.39492225939088,73.2256746693038,0.08255904324593599
166.0175450250972,181.88488533300318,0.0825880748235764
183.27155177427207,83.1759991064123,0.08280236957976378
15.682228514211598,86.94225932978807,0.0828132213790826
207.68140722753392,210.43195482173806,0.0829701247424596
162.2534677580567,160.51731384548805,0.08346872577980968
63.30087490798903,148.2295311426203,0.08387440650215133
238.51329453790598,156.62566540429466,0.08398371388651629
122.34559941065164,85.87341495018931,0.08410177387680944
83.834335082785,42.56977834505975,0.08432233567482093
31.058753032574018,165.45648565505624,0.08444754896386847
50.002253377604006,85.94009338406899,0.08470665745376514
165.08710024839212,189.2601250939458,0.08483252669328868
98.55974220336668,141.1868742661642,0.08514246783926042
243.75285306773333,224.12430937411403,0.08516951862745074
64.44807656081977,29.82895793564529,0.08530818412939174
97.99320870288511,21.46823015636836,0.08561171437493444
202.76978912899673,185.0978253485236,0.08572843733981728
163.42617901973057,7.50376958918594,0.08593004870154425
198.92642480455046,57.85933914495083,0.08624203035405614
12.935816419755726,189.96903213214694,0.08631226601102666
210.87494224224972,23.766083673263303,0.08643147966294737
128.68725108421978,119.1515514315127,0.0864546388714212
250.90446473611615,114.22436665258816,0.08649208918629463
90.31812622130771,180.09286438286173,0.08660435161879686
158.73641065705004,112.73090838614463,0.08664756836519216
122.72755686489646,197.17112253733606,0.08681325419444119
36.0812296972268,140.83156293967426,0.08686115753376838
55.41077834293165,145.02979289306765,0.08687031832512225
240.51586949908315,59.073325575740526,0.08707239242858167
231.48456648044515,81.1843306957243,0.0873304909082049
52.35233060056513,191.39736464116723,0.0873878774256398
213.62778483922636,166.03702317621492,0.08740281220894673
123.90989747095456,123.1512667765815,0.08754079475805268
88.6825732992899,113.43207571063853,0.08763159918495096
74.67586035654158,1.4671092566946797,0.08767765438985511
138.57524604276375,123.56078203101474,0.08799495116204814
181.36969218288186,228.90577319251105,0.08804598313103457
225.74311429570795,67.12503396930477,0.08810450134996425
110.59690169969599,139.79344640263034,0.0882448238988489
101.6643904920597,158.97709826553842,0.08961411482193407
73.03381305639796,165.05353799615682,0.08964715076265425
230.35047710090817,143.37335060561483,0.08970804197396423
245.5341292884222,91.35689102772928,0.0900388856533565
182.59745282097657,113.39233381087115,0.09016983992354512
70.40755960818926,129.9358235982808,0.090342063289118
145.37519322971872,9.668495112749524,0.09039823462365199
34.31626239127657,139.05697396279123,0.09056564678271067
92.19478966917484,168.74887366259563,0.09059205909269183
152.3508053414414,91.53071283913654,0.09082177555051109
238.45053089327908,37.270043325949004,0.09125413634594103
60.077224858628426,253.109694227755,0.09125903432529442
43.53039493616944,242.9644281738791,0.09157345647316857
142.89972140064944,183.48505592368352,0.09205543055475779
50.10463712989182,240.687278773956,0.09231621816114896
29.74044471880359,161.55696608532136,0.09237242767022381
61.183804269403595,92.67851257196037,0.09275003301994074
117.24889581372234,169.73876631038004,0.09279303550657826
17.952179672195136,70.21053309186118,0.09309978991331976
241.11436029346814,37.17881806031011,0.09331242876362404
251.10755520980769,237.02764251965968,0.09356715221165995
178.7255975170026,84.23219256779562,0.09360424132886247
175.94359323632685,32.75692944174779,0.09400068468424469
237.22307037773336,40.73358152259052,0.09404782728707983
147.58012720359147,213.90762007861332,0.0940731657961107
157.35504304310928,209.09817428178238,0.09423278907797092
240.08482245326556,179.41447369659045,0.09447584052506293
239.61616063861766,145.51558339359443,0.0947113568568017
157.83440527718022,145.83840024282958,0.09488547463329655
170.50168216070423,96.73900746670941,0.0951981333242422
149.14014995919717,183.5737044075844,0.09540135622055872
37.471406579541565,86.85839867598084,0.09556989091817804
25.782764597448118,90.94827936391283,0.09567049052235249
232.174780564367,141.59433320894487,0.09574322095825061
138.80897897091398,145.8722221249287,0.09589989453570129
100.14130935108973,5.230685565519237,0.0960219122785609
146.95553406311078,199.18488625311014,0.09602972064964387
24.59573952452461,110.13999159955306,0.09607288963823095
236.27319405356585,210.8016263560183,0.09620250773377431
122.99345168113243,198.37929257648057,0.096558115423194
113.98390931945816,42.06734643525206,0.09696583615417244
80.53620388685624,112.10857524860745,0.09769558466025868
154.98182431360942,120.22670863638628,0.09773360396119342
99.704227343048,62.99513926011912,0.0979851606276609
71.18293491415885,151.70006136989718,0.09831737496899624
125.38148499953498,45.06389876803133,0.0987086460035661
0.7924409024774071,90.79119848325935,0.0988681044184826
148.46737438200003,89.79087067303217,0.09917616726108842
66.39169068806449,206.87992021724395,0.09932582700630085
6.191490614306014,205.89316815928422,0.09956388388201466
240.4358199574904,59.71957781305695,0.09974114963936156
206.91194362281826,252.60060608600418,0.09989125308460577
172.17626459361395,73.78186130316355,0.09998241446042803
44.76060368199523,252.3703563244803,0.10019206869548174
126.80748577175669,23.870584150146893,0.1006136299666774
234.10505381246688,137.30978851886914,0.10065796914215415
101.53049535740544,28.830509039467124,0.10071786589829841
159.74532227026504,101.1788331584186,0.10074916902343124
128.94185834362705,106.51438850001533,0.10082764538174872
72.43985719998713,173.49546867992663,0.10089913566748426
75.42357695836117,24.10262050377679,0.10133743179818196
238.78886438915043,217.95293722035063,0.1020840583694147
216.60900756221682,223.33713033138793,0.10263482735017823
75.297416705851,47.56367685753202,0.10281880223257829
182.09108233530145,16.526172054581515,0.1031797579804946
35.57613722517678,248.40017246568948,0.10405625171308931
226.18365909197863,165.75703537237825,0.10408347025715248
96.83573100961493,212.55874618324947,0.10419171199704538
237.18419923068794,7.2119838901699325,0.10430727956039813
149.13765433902307,114.12682088938065,0.10434687835564507
13.818928803920402,222.0564210542909,0.10473313959748713
96.9419026616946,198.74128863985294,0.10507471481209338
10.140438908978329,138.97724580258023,0.10515358965132988
174.201852894069,211.19861670682823,0.10567819013500253
181.64849651968717,160.25859376749236,0.1057343134353163
30.656582256305935,11.585943929344444,0.1060282394429033
151.2590551656079,223.50532046736387,0.10662382241213378
130.98877233960812,72.45541326928355,0.10673176130557949
229.36698813114344,114.75029275706048,0.10689499858615395
171.83468803378136,53.514385108752414,0.10704539552444184
46.076571082427485,38.622772380672195,0.10707542391879904
127.20158223024478,99.38513021506407,0.10715799638437573
211.06138712326768,7.524124666917081,0.10724673008917508
100.72251239382815,180.97452228382002,0.10736518263446473
83.43121546952688,0.14861384854821247,0.10751728425656903
157.82188988012703,175.27022390523632,0.10755856548352237
135.58679639938867,197.62732197486432,0.10773467170072114
86.71527883424359,37.79941013855485,0.10773795320633778
72.01323038042976,11.937373782151806,0.10808483178338363
178.41276994327944,83.46621578888822,0.10819281008596647
89.56766577287488,153.91074633941815,0.10839574603591921
55.31450275293178,40.71041404133785,0.10870737670108947
240.61270184408627,158.22743182282215,0.10877764740674514
217.30624174384343,104.79778941268,0.10882888015676609
48.73245762961799,119.29523932813275,0.10903487966251027
191.28984925319926,166.59145418957834,0.10904843492110985
163.51563606846656,51.44997750314533,0.10935609503484604
223.69329657636968,189.36041583472536,0.10938626141854599
69.6246454262053,147.7550939279247,0.10955372578504383
27.21158935673809,186.64101987889083,0.10988767731990713
145.72735534633213,40.54207149605416,0.11012761980379089
150.58803820410796,166.3860950621576,0.11034692037396222
240.33475355472197,214.59490679866556,0.11045556966815413
86.03478869833458,15.665847521653106,0.11083925235526505
141.83701964467255,92.88694520567152,0.11115506988778573
220.89223323610614,146.62991800159307,0.11130274643990905
238.43367881986964,204.58952909790762,0.11130587751439658
143.79923655797188,193.90304533909622,0.11134437973716639
191.42390571586418,109.79255824028385,0.11166855102435706
68.58748410937454,67.40061059782742,0.11182197957029114
130.92360382885363,89.13459004116834,0.11233583806593436
50.84605706100496,54.18271198299172,0.11241176568092616
141.61099078623377,2.5165053770910433,0.11246385538219401
127.46898625430595,78.85102633905706,0.11255693745923995
113.99091364322021,254.16409797701962,0.1127452410677757
246.5352000178178,174.46251541210933,0.11290156691554627
223.75548047693587,63.56557327586681,0.11310007953844964
129.28352483228318,245.0212329484907,0.1133843678126409
25.83415917839343,42.544375761057054,0.11347185935418846
224.36420508724586,126.93803951060049,0.11353811520131135
173.91109459940276,143.41520062835352,0.11363322824024673
94.87951560708173,65.22845302704688,0.11386837716332551
252.06301247727905,108.42690255648994,0.11407034362812492
66.52677690693312,239.49715583557347,0.11471866757704505
24.32269033077028,216.76593912439304,0.11478223791125527
224.15842200904305,207.77039260170142,0.11481069429224493
44.71934770349527,41.70025752279224,0.115006103975805
139.2555896502155,178.83189359364366,0.11538815103925135
161.4557039865259,33.46043713567173,0.11576149707791747
77.72151042314005,6.3305676891554015,0.11577447445935182
242.88525395872435,141.78598724123316,0.11648851459285273
207.94935302238167,210.02951547988636,0.11669427733746944
101.77577917281812,190.16643215059722,0.11670439180232967
80.94565038702149,18.148043133148313,0.11702086415454094
47.616946054921684,158.84888303406666,0.11714319783848973
98.35449365712633,29.74259126000011,0.11726982537282374
19.815671061044455,31.08597609373687,0.11745514103451904
129.89060415614225,38.65344747891775,0.11794414728553772
124.45002125176606,210.92853870054074,0.1180477732052642
124.956607210288,39.70453508376125,0.11838869027177182
242.60823995690328,30.40301418348905,0.11848023752901171
14.814182366921367,130.90567951271947,0.11851287654898944
60.70257119003558,251.44666629367578,0.1190540802627212
134.6483208247636,193.37343378699032,0.11908299286803725
59.16185590734363,138.68266822214537,0.11910838487046448
44.74362699368832,26.98642174111272,0.11930491479909647
206.8530887131787,146.81216103693365,0.11945862470212833
38.47300798861305,107.02794820478337,0.11962995814392816
62.82067961155614,160.47009682544,0.12052209079824518
106.23058800027806,128.3600586942124,0.12092015502028573
240.74490934132075,17.245376098801433,0.12093969988542957
5.457683649601289,76.49434643076377,0.12127406301795918
27.796946974290833,121.28061694153784,0.12151591075929759
132.7120103855375,61.39838869239681,0.12182236112248672
51.24482713435326,87.67582041570753,0.12220894677272556
119.7934720560047,205.34753524935547,0.12238195847888678
145.28929236373992,100.9281606424911,0.12244360890129662
128.41577093925642,22.48295849680559,0.12247568445626275
215.72495079327322,253.2743274507648,0.12310706245934444
69.42797315131777,191.98845731122083,0.12316934603356841
62.18011390153395,116.79933609218975,0.12318119262971713
121.03678260757414,164.35896247635756,0.12355489659287824
18.362509306150468,223.57724154792018,0.12357620270047855
2.63154739689927,163.61289853443344,0.12360136129961477
127.1273097692606,120.071684313725,0.12408956409869125
15.199892696213153,72.0057680117897,0.12468295095138239
111.98032260276955,40.897990148529566,0.12475833835451992
224.8968989751694,87.27572272852534,0.12479173817396191
62.200442158698095,17.046127720375917,0.12484796741821058
59.70309981308564,189.93760318361532,0.12487162334524324
15.661212006520117,204.64805943620647,0.12490035482145717
247.28481458292842,157.9171891577511,0.1250189730467568
214.07368717633327,201.12384557258002,0.1251985536618338
121.45115608129149,218.1695655579423,0.12526578163508142
178.3798340769151,213.64673655122013,0.1253941183450157
112.06453005222596,97.36682996940299,0.12561658087766966
215.51877088834507,186.5389451971158,0.12581921359023718
223.91285369509995,224.38175387802298,0.12613931700502523
245.62800349025972,181.66014458720167,0.12626737928731716
95.14615661423893,82.6280023366528,0.12653477305693714
46.23798254584767,134.76851525997841,0.12689381919990403
164.80669789725334,233.86917688906541,0.12705548700260916
106.3276829938338,82.67094251855133,0.12710974011136755
223.70661485254968,95.18825173140335,0.12716107458465054
186.66234219828237,242.9257267008603,0.12730715237937498
7.681365832354559,49.593958135783915,0.12744099305102274
127.38319425120469,100.75068509081277,0.12749569632740781
53.19671160410409,226.51563737881196,0.12780453546172196
44.184379333649474,173.06883300038407,0.12792522987193142
11.846313099315218,71.4846927674341,0.1280592561992612
118.82933216770265,153.44466984354398,0.12808606670847114
128.38445735353466,229.32144249527062,0.12819827790077307
150.26760043607428,111.45931232678836,0.12856148498262274
215.56350233054002,243.73989657433532,0.12875861798456265
7.810588598147082,188.93562773913195,0.12900856797526303
221.83611941839365,103.9506369976591,0.12961468504221105
16.726172812788814,133.87110606122457,0.13000506434643702
135.31818199336251,223.72467705207595,0.13079027558567435
253.84957268622261,153.44326131816686,0.1308027691959749
124.51356784131929,224.16890867553926,0.1309060477944436
154.38217619778865,99.90416844967011,0.13118291360645723
90.59648032577473,157.663625848241,0.13118940209915794
109.58422449109578,157.52832742859093,0.13156912797739148
233.7335118732041,88.84174212389559,0.1316067057285507
155.2317275533319,54.96462170067662,0.13186710337352234
65.20113321731857,177.61516847863118,0.13200358910456478
4.165886149669128,43.3715408924862,0.1322286634266578
161.63104276983464,42.2071207579342,0.13254945718070663
210.48655779850026,25.917230920911138,0.13268508157004724
222.66248304136815,124.58945803004498,0.13299202651321157
251.002789469018,46.00715568450217,0.13319275871691746
213.20054809108052,39.829225242527585,0.13352198844694999
191.66212340443204,133.78288097183494,0.13356013765853667
251.20540162677074,57.97645559452589,0.1336951601398084
154.96053887429113,211.80385010270578,0.13388965306444825
104.17611791025347,71.81249664658444,0.1339606172628155
29.352537987298778,11.146219809202108,0.13409490780175112
169.71098885130297,196.0114265379528,0.1341892707539119
113.70868699827501,36.7493244245446,0.13428055714700496
26.565179927146747,203.93775195025847,0.13432430244650254
208.14904423927368,188.2317862461323,0.13442558596332288
51.15725139148887,195.0389883713093,0.13472123796404725
146.6076872285526,241.12462830018296,0.1348019962735843
230.25168039917693,143.48152781039124,0.13508374323710717
200.2000292425142,232.64212715052258,0.13516703764802857
150.84245262177268,198.48750063415466,0.13517543320747152
42.14763619793784,160.79808133561372,0.13518908360384216
139.15094674109983,110.34676547764244,0.13522795066290524
214.39579515446385,49.89939672712238,0.13551402658082792
245.46199127304743,215.93585583490383,0.13572038540039857
52.44320331025921,155.11468156443166,0.13602703575573102
19.27110941168575,145.65223370496503,0.1363503815000321
55.035554391773424,43.80335225877283,0.1367136657108204
51.440505439334046,165.700164524882,0.13676413084985745
1.5534650588595544,211.36800430544736,0.1369378578307258
13.730215413121215,126.3462981224534,0.1369865535745762
160.5888545145992,122.68465489053406,0.13718134329390824
13.544903182171698,105.66882909099616,0.13741222528134445
217.31455956429193,213.23685100760233,0.1374292466309658
116.67107470772706,246.9992159119186,0.13743367034404497
70.84793831420176,232.2802940361106,0.1375023881302072
158.36194161061178,75.99408547682779,0.13780450189525006
119.88661414109598,64.3485965454977,0.13789921331503385
226.86292112867835,188.4770294271654,0.13794276294760704
248.15106205664563,88.93938147360748,0.13802393121545894
249.83808665130348,200.66196828678918,0.1380251542333223
183.1655469396367,139.32469072291454,0.1386109853339071
184.924997713662,177.41768443936576,0.13903490717452874
150.28831565288974,149.78965822631,0.13904044612837008
61.2733630569656,11.650194938582828,0.1395466396654431
76.5429046683615,42.2691945835343,0.13977793657590518
104.39896400878177,196.75160887785972,0.13988815030347937
70.96847434108872,216.51462248339865,0.13998287824678812
226.83245482973848,171.81229034700846,0.140190928331608
4.356243861100781,209.17180837709884,0.14073491169419422
195.96363713064255,84.53854168958061,0.14084469405424993
87.98830980814203,148.0901581292311,0.14102893156341106
241.46943136553665,82.16704031529478,0.14118095572623
60.83383387230455,28.610336693559912,0.1413403572493634
174.80862862680348,117.88334265376469,0.14145869204774475
78.84997311899629,80.71866940742228,0.1426159079676044
7.802888732883875,12.545561297411084,0.1431222347074288
185.3873554387183,80.00333078934538,0.1432760972707596
155.29460917589358,70.11611700938893,0.14366447424304832
3.355161686346418,194.5868114487077,0.14432300481032545
170.2994857754737,113.8645760736504,0.1444210126773351
174.06735386692822,191.5085558864317,0.14474515099315496
112.2590061318524,91.24540720115422,0.14489329866137446
82.50674360621676,5.350079954524929,0.14514463020501053
85.38582914813898,167.86637160393278,0.14524793271256706
132.9366203320656,33.302830364784015,0.14525453317902953
7.532191886451427,147.2538256577202,0.14545129477875224
161.88525008704167,53.161955407563894,0.1456148683135442
63.16042470562976,173.72205194267326,0.14616862807336267
111.94171786161665,161.76719800574838,0.14624127205856224
233.9225945873883,45.47617530036955,0.14777042505883542
109.19369733234797,5.250226259690681,0.1480702956758883
206.78383464851527,138.87813558830447,0.14813917209384544
40.12460269181633,233.84702995551774,0.1483675227291973
206.64785662991878,250.60217866145985,0.1490058853268283
198.94876029230647,0.35237592848475774,0.1493103731882549
1.2106486737173905,99.16572407092833,0.14952475702631968
107.0934346530196,152.15671153615156,0.14958057515377157
234.36897707545126,32.478539551059,0.15004537383943414
211.66653758040715,9.72620909168575,0.15017342806959832
159.1384829050089,224.0343278083928,0.15067388045671049
68.62280367358682,234.09710559833786,0.15105571029748074
0.6937149942573573,227.1474812232618,0.15132985529845133
23.704522044209956,128.20836924214765,0.15135010674886507
189.86238334374696,122.73941368803841,0.1520546806372836
185.3737562872379,117.3462982274328,0.1525243671258353
247.53970131243125,11.10105457403244,0.15260043840055074
60.317053724470874,247.00256776723396,0.1526245250990254
233.58193751701643,202.7580956483919,0.1527308634038738
36.65128598279103,78.7263302732029,0.15285307174100135
220.47514814957214,187.95951864838474,0.15304057198705012
166.75627508737054,193.29660979779496,0.15304208395982025
33.95025883886838,40.3475970814427,0.15378000209105172
115.79486886185266,176.09213195999166,0.15398335198857313
30.481574841900237,96.61836257574129,0.15413437057422227
171.22144984843604,12.645258210114807,0.15432936244373088
11.584342846342201,128.17659878503073,0.15437839156506986
161.1240750362839,215.88140424003743,0.15445437814520585
103.43655941710584,152.45173156128013,0.15521904953164692
148.9704161962213,3.83153886428464,0.15541699704664388
32.398580453714445,9.301831481508058,0.15546841965554453
210.96326014278014,35.30280961009329,0.15587326868410867
44.14264821282985,30.046198873666427,0.1559630997019796
222.5473253342265,148.62041960727228,0.15613325933818348
123.83877648412395,233.85672325359536,0.1562150699101399
121.94794721072519,14.16415310902772,0.15638382464362005
155.95952446563106,189.352183656795,0.15658597302606647
98.7857421867658,207.02836087381138,0.15672922709633452
198.22721013712618,111.3406091692293,0.15690442868324248
43.41086441385142,61.91337422567861,0.1571662393343868
186.71898904049704,137.85060313426624,0.15738203868149878
3.457158977492722,104.34081386430023,0.15753034383576234
48.797356126732716,204.18625118890938,0.15761706815595022
49.56394097832964,217.27491794595556,0.1579054888371638
18.34804533566778,92.28922415252309,0.1580636955896153
57.38991784966797,42.03294219932477,0.15812722366086443
217.77672167218313,16.5083895631054,0.15848840220857782
60.25465029445793,170.8285496835075,0.1587843373944326
57.490628140766034,131.90429234567432,0.1592926111131039
121.37022608023344,226.38028981186054,0.15930031107521717
209.97672377743558,214.65571101396753,0.1593141534512978
3.911755185738949,22.081900937929003,0.15996614737797038
17.516584725111706,188.0007193089368,0.15998877908444323
210.539841261064,0.9414527343123376,0.1605421516536132
39.4747107737167,87.88393917969483,0.16077200622913526
205.68393754366525,24.29707606513691,0.16093667121621327
106.5803092859666,170.01067496905347,0.16096920804656875
254.4722284346476,166.16903496404905,0.1611753438655383
87.86457472766529,186.8720508513556,0.16143747835140715
22.445288662314947,116.85597866486403,0.1615550816323382
69.25074580885729,156.39498778967544,0.1616848967058528
203.74222428684192,238.36209320150635,0.1619114126252302
9.79027623918383,60.180300263726146,0.1620300713762055
102.26934385268791,123.15744757944128,0.16233316077286492
162.018005404647,84.70453044419082,0.16320956028608513
102.9690220308524,93.09334584286071,0.16329720928263838
165.29881022750078,139.46033961935413,0.16356226510258173
56.5611991822203,173.0512778407971,0.1650095227496378
184.73569462944351,127.30848817886148,0.16513295165796274
208.43002482638494,150.70050152598458,0.16528353526538206
114.04235405180125,37.37700236309048,0.16544696121465527
7.940408257021997,172.39575748361574,0.1659801283221017
189.22121822665315,20.424347551522846,0.16606533097433665
66.96434420297736,96.78202524225641,0.16620501780009875
89.98850575470271,60.74608898247292,0.16646608879115313
194.00775705327018,218.18852390384393,0.16660606613100554
89.57700853014349,151.69928006010016,0.16674568235852213
78.89503435281593,153.44652432696816,0.1668110341775125
142.29454012224178,63.362920005398784,0.16686547646580424
235.4950192672692,202.1959322384035,0.16692518720895635
154.71801412224485,69.67252065427985,0.1669916806175314
6.712673192876808,168.51963220291677,0.1675154571059749
129.5695058826371,53.4777122211382,0.16796902955269996
253.47920832687996,15.178683931216526,0.16832375763665633
43.79268854729606,145.76954645369014,0.1684176716622648
21.711034654060153,8.5227513280098,0.16902542134318224
228.40256401749835,13.739732538876497,0.1694122938461151
203.28896817206052,31.08270634605785,0.16959730899270636
188.84172286650514,90.62661922153933,0.17088598211262715
42.66055159701941,27.16226066242891,0.17107849220136492
252.18008806850744,151.83318176995812,0.17123672916321153
60.90709573970118,253.16600716201054,0.1715214878305801
199.68514775792136,248.2937859955297,0.17172137699854187
205.18186096258174,200.34122193726188,0.17204436516053925
233.5965057079712,139.6286523440803,0.17205709403988473
219.31881161882922,59.63127472078667,0.17291027109264112
82.28732351639225,128.64333525604337,0.17324558875037158
65.27135284670986,170.1370744715426,0.17340400002808565
248.85803030714308,58.29297192097985,0.17342250289786748
93.58282636913522,43.0639219027514,0.17352237204256282
122.56830574069265,57.274041411420015,0.17352286964581073
61.15422384316981,15.382441560126908,0.17418571733250754
88.84077406219392,21.59957586512919,0.1743107441279207
120.83877891340396,188.12004155246422,0.1744823048272117
190.28431263903886,127.3726376412022,0.1748019143672006
112.16166741699767,65.49779166663339,0.17496998971224526
139.2112223563903,36.18170701095494,0.1750367133607806
34.883872697603124,40.84171450553499,0.17516580583779534
250.21909312853663,216.4413983139042,0.17523393086562145
219.5581135448645,247.12508400238593,0.1752618566964146
135.6271822389977,69.28384278443606,0.17533723420880865
179.00878334489954,231.1933061166918,0.1753521360812606
212.9102232639087,51.04104449385665,0.1753616093605697
4.528992190549933,95.74504205626809,0.175371154169799
53.0254666839238,75.75369892405374,0.17540660838480637
128.40279528559537,197.46960723923124,0.17571572320273585
19.86527608965237,95.23100718469932,0.17653430928063615
177.57424154911487,6.501769131784162,0.1769695241719575
93.27582112210926,140.45168669417424,0.1769924128403354
110.68164226371476,76.59413409978652,0.17709030523232375
40.39642079649734,172.52890268555774,0.17722751759951808
19.951676407243628,171.84882892901973,0.17766059659033118
78.06481274396678,88.69016572152219,0.17769439383995478
223.79108399506805,192.60658480620134,0.17772760347318298
57.383711369834614,44.22330185825861,0.17791154126353786
132.5286893970445,24.786004552876225,0.1782343725395631
10.703574988692422,102.27515223695305,0.17884438470523517
54.38488905095216,182.4398134528655,0.18005918652519914
19.75684569349342,45.4047245133358,0.18009312172906833
224.61493946215364,190.94021309892855,0.18015019670643023
28.784740383238788,70.55395552176999,0.18040090471848333
55.78140413142206,197.22468561430946,0.18041828582005595
26.967569148914684,121.50009468762293,0.18041949263320822
78.06930222502974,203.59563513818046,0.18050508428628337
170.6453508427674,207.19517683906562,0.180665671862935
70.63909055165001,31.653556974886556,0.18066733111643116
201.72846418437547,87.62534869138163,0.1807057897131475
226.21934708827564,130.85431750546033,0.18078951441960073
43.02408937225603,24.473073378950456,0.18099154326479755
103.0046472750041,105.70938614470175,0.18107097954260437
236.65111608091237,55.426936657451286,0.18114175190511003
160.44996203308108,100.71242530669785,0.1811924716209183
59.7213140608979,200.2699159749179,0.18141605053715767
148.01332899690635,29.279802169905945,0.1818184335228748
147.5203982107312,77.0114931216501,0.18185713149971922
167.31477056767264,236.98656654632717,0.1821746359339871
82.89384814008751,91.3381887474046,0.18306997564189442
83.82848095921119,239.04465364865496,0.18311180729122736
32.81324656327917,75.92490692041997,0.18315882996812677
132.47680281444423,198.52145217796107,0.18327949436901447
31.492386900579195,105.01938531185469,0.1841624197417578
74.60642582960364,158.22710064252442,0.18435323510805743
132.79403558158327,175.9619794751172,0.18437608772667008
157.98651715010314,240.77693600258962,0.18473345936674632
155.31338974839338,207.4512327205027,0.18480394947264125
84.75547807013768,72.50698778339377,0.1848086443317439
193.60959671386883,4.184465334165815,0.1848857925076176
218.1368286090201,136.03761400820727,0.18492646492682088
32.022497431356996,182.36928065509238,0.1850399333838174
92.47556295501836,71.59615248730873,0.18506955094531086
7.473601101492735,143.64813616329928,0.18525722513076576
119.7885780684755,253.85595347901352,0.18525911757815483
143.07757054813763,114.41045933906099,0.18558043863573487
142.39405016485426,218.66435584905057,0.18558051796217398
126.42898725979704,9.320575876247014,0.18569098819667249
53.160499791885854,4.667981648470085,0.18576166630720686
40.29232883799518,45.98090875498488,0.18583507574653296
120.30277154481583,209.79140464522345,0.18659701788405386
129.54119123487504,148.83999940037594,0.18659946035033578
73.64849038865763,232.45077732681847,0.18671353148345532
91.40554346549297,45.15425142384746,0.18675402866485488
105.06880627731894,199.76698557641748,0.18680213455981598
221.44320658565042,21.702047868520804,0.18703919786361511
201.35678140251846,0.14872585077396805,0.18719823255567306
124.32786183511317,37.12654438249807,0.18750159840192943
179.09563023124088,69.22335204748005,0.18804675653302055
113.21737321673875,35.652491957899386,0.1887267364202403
201.90603879009947,74.94041591137865,0.18873327688094196
15.962601951821194,112.00371654733154,0.1891578180691161
143.34430429344766,240.49273515190717,0.18930658787884638
170.18066810334074,31.328315314824184,0.18935275305520183
106.55655304464727,77.07400685558186,0.18944501797121147
73.44806008231707,82.64666969983412,0.18962866602114808
160.8410318344908,241.56377044172544,0.1896734911148627
30.240303705363416,219.6820937075739,0.18967639785430415
107.19811000624027,242.78677302638056,0.18975816296756032
149.52246605729138,83.43998347152365,0.18997505959073124
155.93048203633876,95.26146896002372,0.19009917036016427
113.36782172639747,210.64188105298595,0.1903434856968434
120.07287116271652,83.69652343561373,0.19040553443607425
87.79530468582338,254.7416042032053,0.1909147857943183
124.31598393617413,53.79198461067162,0.1909927457604925
245.40339887071414,61.28021582403754,0.19105302068891258
122.41776991400714,39.47011802696974,0.19115366809952736
197.19074302912168,189.75621693725412,0.19150384852374078
136.81833653004807,166.14840349837218,0.19155807068631994
230.584665967808,167.86201294563043,0.1916316094916408
25.95323747080441,153.31617280027208,0.19229046193340943
126.62152563036943,173.2362288869582,0.19231806619502972
27.70423027086716,115.18221280882948,0.19248875667859508
1.551306480956644,66.29387655345995,0.1926649861409068
182.80153232789206,90.81286117726884,0.19272749587030316
91.90266165252021,177.6537883199814,0.1927975249724915
251.50292347837294,210.59127671680216,0.19304091053978867
12.289823949031593,190.91440638372762,0.19311342489860858
61.910417407496354,134.37654433412945,0.19333758952098062
70.42083371177337,1.6496678005916983,0.19340137795197493
51.71491411391175,239.77871978275456,0.19342869701699492
76.91215609801148,145.29558473310965,0.19349290661806726
84.35306062463268,69.46326629935628,0.1937687451941225
63.22412642485116,232.42769341454755,0.19379596961143714
162.47268579869723,57.368305958126385,0.19390985579622827
201.48342335775183,35.01008354567219,0.19395777466787856
156.9982325150872,30.03088975247714,0.19446291045595207
85.79302180615365,171.73178512356063,0.1945955980525054
232.56372601061304,34.483208520833855,0.1947848128525989
243.72277868865882,103.24623068773676,0.19479918967446264
48.88743055269892,169.61193866442312,0.19482711854968085
203.63681604409896,225.40134431500334,0.19510536942868761
112.2145643882122,221.61981669736645,0.19550294279324346
24.065411148770536,176.3175682030389,0.19563044941535151
178.6606474096074,164.24994186571945,0.19573866582724142
234.6144978403038,246.86150413498478,0.19583574956346206
85.6063374406806,173.19575085254323,0.1963228277287949
127.77411024032425,219.9504781987524,0.19655241868588433
146.37126962482972,12.640883870790875,0.19663974700056275
37.32806251073309,44.603748128406,0.19676116086419942
226.2740964301784,208.93096494965386,0.19701198319124943
100.27537738602653,160.36956288858534,0.19708616710885626
4.908591239021522,170.12048234203448,0.19721549728589197
220.1530036323891,202.9879545954917,0.19739053088679218
176.09480810910102,239.17669227220628,0.19773035235168399
220.4919450457599,48.09106334411617,0.1979154125442333
246.22315222859316,8.321863116680767,0.1980020767647408
217.37170549606807,52.77557022232991,0.1982367604764432
128.3246982895834,120.99234232786429,0.1985156225877105
76.8576442733702,177.2387714834517,0.198766892611928
168.32339736274193,82.94233110048717,0.19878947613705303
95.8533861046564,217.22251342886156,0.19887436337833553
161.50966604523188,31.190831014745484,0.1990422826930145
119.33229578517037,6.820897976907823,0.1994299890780483
135.99093722227846,63.69910928653477,0.20111950790639124
39.93363729640069,41.52414431020328,0.20150345628562297
73.59621414042324,77.24359308886922,0.2018317541694229
11.388239019078867,61.600999657043864,0.2019812592613308
192.80885666679677,161.53753482627073,0.20213643282839133
149.0620397098025,14.795102096552512,0.20270794274862566
97.28681778395428,147.49446091115038,0.20282902122439067
41.2516807989904,2.658402001661884,0.20289606402824262
191.82605581867196,240.87623132791813,0.20304607106363204
142.8704072612155,137.3497560147318,0.20383017934955275
25.157079858392134,239.91831984165393,0.20390324318838468
211.99432594816687,162.63164095758407,0.2040160441343357
5.538393668988629,98.29925044254581,0.204115733962352
201.7157831573319,1.5196532139835945,0.2043993672898933
179.11782266666486,165.05905021119705,0.20446282584321668
91.158212282318,76.0259167844108,0.20478183927225946
188.09234840496268,53.27335047370467,0.2048113742377077
17.390245542088405,160.079958155568,0.20497639045372806
59.652298214431035,190.40431299808648,0.20515129687659156
127.20035176409266,111.53510494597258,0.20520235833562495
210.0121209811122,21.332163200273502,0.20534875160243884
22.453830390233875,163.74201174522014,0.20561695021852644
84.60277287039298,245.42286037648708,0.20584530657969574
126.48529703997133,4.663483585707291,0.20608795776738809
252.86615107246067,74.62494789729556,0.20632338125250074
92.3579346450109,118.39271080435186,0.20644568969091148
188.95354958631626,132.4610232930145,0.20678723945726848
253.13242352566277,89.68995711485664,0.20684518758157414
60.37349493186372,75.84841722704978,0.2068931592009569
226.25943678414566,32.27066524130064,0.20718152789557862
181.87290564719618,86.2981669413919,0.20736436390606358
11.97088447268474,122.02771273834333,0.20749023124313654
3.826461772869159,59.80335037838792,0.20830074300561294
115.65028460129398,29.632096814050065,0.20864591140653396
111.92092022911899,107.2479411770763,0.20934028175591737
44.24158829853761,244.78020108068267,0.2094305910533008
168.05179983797507,178.2025086191435,0.20968225993926298
102.61538969513225,156.2636402660039,0.20970908731268248
126.40533230252161,201.71492638579966,0.20987653775124848
40.96002864418483,72.49291641182364,0.21068534636252395
16.902651303652554,45.95244354222467,0.21077342946624333
199.19685479807947,251.8950248252385,0.21082549605367842
226.51791397379245,156.49498246670186,0.21113409205704414
226.56363362245926,225.61374104350023,0.2112618029534875
207.08909760538003,161.01741810679383,0.21126276795860144
100.455302759806,141.86801415981603,0.2113591061284801
144.64693655331476,247.21363132563235,0.21137199041776034
182.10825328355813,178.49473147113022,0.2115721277325485
167.84429185960107,185.06899998987828,0.21215552408809388
139.6568750021874,61.9956794178789,0.21229397156841906
55.37072736109086,69.81549928965404,0.21231859691186405
170.9597652338542,25.680944548563602,0.21232459336875792
68.86450005012857,164.50819954978869,0.21234561131619015
56.29766820037401,150.81258656805204,0.21244300779414654
52.88458396391987,224.259934012726,0.2127642389780762
244.8315331582503,243.55543772854574,0.21345244028704444
138.5198049289451,167.02709827070134,0.21347669690160193
29.856332177107646,126.20040125976676,0.21349565516241414
135.99457428285797,98.11673126171613,0.21350707019670204
98.10022087547406,81.90016413918697,0.21376696051665137
70.38459562732017,130.18852728629236,0.21444171478078697
33.29414035044172,128.7091653305134,0.21450886095255026
197.44511741538227,103.40567327807074,0.21456446326729517
67.00381284238664,15.720421519510253,0.21465822566173262
212.15160630199148,192.05509949418501,0.21472968225728928
242.40306395807994,253.57575993150607,0.21535584446794673
54.01624787998376,191.1750047350038,0.21598782885455725
124.6652925908887,167.65889088202047,0.2161187449743187
33.734685241193596,26.514156702003394,0.2161629426608394
107.45184143208088,39.56528769840051,0.21702829206293464
229.01391473853283,210.04884803864485,0.21724041062127972
185.77349154880704,154.07063100091835,0.21736011274541361
127.91652681232732,72.51691733383511,0.21744816602354677
25.78368374315629,56.760352595092186,0.21779485879803517
16.883397018593264,25.3335638454386,0.21788609847312276
108.8637068706978,157.30253416693506,0.21884390633636214
240.24082486595512,247.71218740995113,0.2190659617796313
127.55385396680974,199.19855640711398,0.21944331189332586
24.933375355582022,131.59728374026685,0.21945482989548115
93.76353731988404,71.93437413838616,0.21950218114043515
133.90625966670447,197.8508289621423,0.21977342753269039
85.65314360355767,185.7968424899825,0.21980615069717968
164.53657164370932,235.18831487497707,0.21987783035788655
55.5006211043157,1.8725250556199058,0.22000784328443146
203.01888489572733,164.15057230742144,0.2205244967003177
57.44068700378858,35.69540113191013,0.22054949101913265
82.451135040834,104.35868163181941,0.22058924721288725
204.64123681048756,63.57892991949761,0.2207447914676061
142.9826388264583,159.75947166661769,0.22124150220452823
216.71202656510994,83.50614853284489,0.22144951245305758
218.48332644532672,100.1662635871616,0.2214522502922142
212.56198613303124,115.83219357455594,0.22153132375424606
89.02005230611259,210.98666244152548,0.22160062485419116
63.54755356032503,78.45365348329409,0.2217046155518271
56.497125323523505,65.79238608239888,0.2237137129649181
68.06224078123755,36.11027110722026,0.22390915698176614
32.637406766713916,38.88156766393751,0.2239459210202901
16.81139867095472,109.82097255101132,0.22395474283948494
51.43945152050677,211.24053440088846,0.2240918837058277
163.3624370178203,118.8694263201429,0.22413678244699736
156.56345908682806,83.10557970089187,0.22452942580752713
128.60251729737428,217.31383731988595,0.22458407791023613
212.37616149717806,43.27352308840718,0.22469385128812777
184.6558228451187,100.34648635416471,0.22481260737620176
39.87377300645568,208.89462577926687,0.22484363412444858
200.5850897046223,16.557709399424443,0.22500646813580172
9.850658462261524,138.3248236777775,0.22522252577747987
250.5592018330051,140.86508169750016,0.2252875204199535
202.79099033557983,173.2455728037566,0.22555083460521685
250.7576247301653,250.4911136346517,0.22588299565539038
220.6185238647947,45.88007289731023,0.22601464548415323
157.3048692797839,97.71283596910352,0.2261138231279961
253.99654347984412,17.911479771339636,0.22612377916956725
73.57822056148873,221.8299770303614,0.2261668400009561
163.76431000037286,222.0924683026883,0.2261887411197179
94.12741967865469,11.986686486271017,0.22633692225084884
122.59451324930582,120.42179793080588,0.22637811129865443
92.38164569161502,17.363292553217367,0.22730810169392818
41.72791043848533,138.59219680738082,0.22759215315649414
124.06028533074871,207.33228416047578,0.2280899927843188
86.07721724602591,7.990697903537759,0.22822951674972872
55.17347717834668,252.85510200625504,0.22828558379758257
95.11598547348709,153.13362595523841,0.22843122556673975
179.19696039326428,169.85020038601104,0.2285334461505073
42.854936969367685,71.12792791774649,0.22863856941069713
122.7387565191658,193.21849499430087,0.22892826710016415
62.25168146507098,104.51974349944567,0.22926374186537538
161.2501239590055,119.33224441425097,0.22944385103968618
229.14054596015671,208.92358886431265,0.22952920820070996
178.22262629260078,241.50821908067,0.22970206275232305
203.45743616119375,245.95483992581518,0.22980440217390471
197.4147365055937,216.78662661370956,0.23000575352143693
106.40164302537441,185.81810944209298,0.23001155203856014
69.17231580723416,19.689634078998647,0.23019034916631123
204.70445187574285,174.20090719449544,0.23022418773873585
10.968923705944858,175.42954378086876,0.23025563567004464
117.00948497421032,12.463923490662603,0.23036925387913873
159.7926328368797,48.792077831151886,0.23045286511223984
127.19765502161756,150.55849148508506,0.2308562932452328
204.74555780267167,11.120323040729696,0.2309293418507019
194.11721201016147,24.67614611855338,0.23137696849862202
131.48264796549776,108.02552304611541,0.23179094273863093
30.686888964029706,6.141423458846308,0.23210884584104866
25.34608036373077,212.16496921042653,0.23224780040733548
108.5210519080314,200.95283378776801,0.23227359222306743
216.16464710450924,169.30067250718176,0.23249362922897457
233.06223178660406,37.376754500265605,0.23262453408890588
240.1383854705459,205.1823650788954,0.23266068517561503
56.166096633190485,242.29773394196252,0.23267634645300017
172.7977128233276,43.9224409313894,0.2327217729743599
61.71612531531934,83.16767988763084,0.2328465055344044
56.6740859201983,101.16875962777073,0.23297564101727058
106.45645015473963,143.83259906660714,0.2341063394071815
83.98003894844011,245.24056993336836,0.23415977017068004
156.56808809659796,26.483332814480168,0.23429057808499737
137.5858145086687,131.31200659444085,0.23440793099721133
158.93595022181026,82.92025732599949,0.23483742139257352
65.5146798042378,196.89882941908309,0.23484901106321832
7.1034714675732324,214.48186717804748,0.23489462051202992
126.47517119492163,109.08762321656991,0.23496884898017614
159.4379985039251,26.16381680010903,0.23524506819151625
100.74753663892518,132.19719844315006,0.23551828824122295
180.24947715859415,229.56976212493248,0.23553738303033195
18.124587617213418,237.8488665915426,0.2357892033393218
30.656530472083652,131.35328532145718,0.23583837011468217
99.04811197661124,78.35561083619442,0.23717678498619718
197.63961614664353,150.03419116723325,0.23771380247481882
12.252543301275374,145.83755471117217,0.2379284187567171
11.13636318027168,102.569098703292,0.2380939426640839
182.53149922169547,246.8255065164403,0.23816599373315664
250.4577428031187,100.17390900978424,0.23832068591344963
97.29810730411546,15.693517687755518,0.2383664762019273
22.419672467512314,151.28920110355276,0.23876017472174876
52.75023484030604,118.29344567467525,0.23885532199296325
107.09574882295024,240.88040636383553,0.238934968581048
62.78467203965273,248.9237306141832,0.23903173052141152
233.58784829408754,74.12155381334777,0.23906757816852142
130.5255403462001,66.36921389876983,0.23936595572219752
119.99056772461951,111.88987925554056,0.23950887686905345
61.14363512892539,253.53408526425935,0.23970928350492746
155.80133141651027,48.55897026095732,0.23985826067451918
78.65746630929388,144.22610245406557,0.23987662430301177
211.56328371141058,233.39615650217206,0.2402157756429412
203.49187788503966,239.4619217922966,0.24032352292830794
120.05895812948121,164.36326720875434,0.24036722154703766
225.3264891977886,98.76095193674243,0.24049558081458866
75.15836159706221,116.96123028270765,0.24098833332399436
131.3074791759867,198.72731949499067,0.24106567457275246
54.68339794272458,121.57748247216148,0.24108111480441127
165.68273221772955,143.7794666400669,0.24147012190203676
107.24621345448502,84.74444972090129,0.2416029689740209
31.307917411000975,67.05806514595173,0.24169854062090734
105.6975946093599,7.073498598265224,0.24199546544903713
45.85463096288803,165.34221892632448,0.24205100302139104
0.3945882031438386,15.93971096078225,0.24212050054082165
9.460218059003532,205.9035709028093,0.24225952066844966
9.278588050514967,131.69151211901334,0.24233908378250182
216.87103260900818,6.691223275373608,0.24264032013049508
126.32069066144216,163.84982601049518,0.2428142819203584
49.38018670978571,184.82173090905408,0.24292245654004846
65.44299302061974,104.72664849315571,0.24311483263591924
103.28452034887886,40.02611561875041,0.243351776932836
182.082392554856,24.688789684922718,0.2433808220296492
246.0240675653767,11.957378214526296,0.24407619692200275
191.37471979999535,163.3209938572018,0.24422127445899813
126.8407488027091,137.84593710682574,0.2445918401269877
201.70491432635004,76.81038726901257,0.2449601628352237
75.12397807497638,209.45505730382138,0.24535956801821432
249.50997626050884,158.47588876195118,0.24537643104470924
239.25112930561573,153.7819882814831,0.24548253484580582
93.94893885433969,197.31244565493114,0.24560229489735338
25.27932520901502,101.4752628120459,0.2456412157791998
93.5965554721291,55.42387525548168,0.24616228259164255
44.0411071804095,206.7496306036527,0.2462232043514038
184.19338653756125,20.091948457189456,0.246239005153093
11.595155903329943,47.00811100875022,0.2463770004909227
137.06667352719722,127.81216585994856,0.24638916185339463
136.53626944456073,141.6963711173146,0.2466789865116838
214.6166750881682,237.93125017838332,0.24686964723771618
87.27751413863572,161.8704348757348,0.24691878753148414
161.7266681252976,247.45586388215617,0.2470457996426852
129.16697952049657,167.95978546257035,0.24718415402338653
130.7726935633864,228.93199866644554,0.24735753655602816
79.55385464555764,247.41982238851688,0.24753999333786508
38.27296969127584,123.99452330821025,0.2479590128816381
57.798191610847546,129.3000911016552,0.24820655648256268
157.04504245449405,206.70263340695362,0.24836823850728584
208.15241470042878,2.9042302494178385,0.24848466679252226
114.29606245241709,196.87527224944017,0.24897342337650397
83.77221170492435,91.90056403489652,0.24914364119327498
26.860340417762213,166.89892875269666,0.24944542672487305
145.028365196826,226.51675059880816,0.2496670036234998
208.64882825699172,174.48085012795457,0.25002455469571455
29.225455293808757,227.70263546093852,0.25011208393822726
132.92103850433733,60.03530847685338,0.25014063422255445
221.87125598809376,101.0499374809955,0.25061644873206107
1.9475656953268006,66.32314893515323,0.2506818494466123
229.124031554713,12.99254002720796,0.250832099056932
222.41308911361668,45.711731842100704,0.2509831355303119
111.14118391186629,168.968599207867,0.25112681815448273
86.88786568333418,88.22251178291714,0.2511632209570657
200.47133433591765,122.03825017705199,0.25123722204611054
19.3934772186865,215.1541971422712,0.25123792796594324
117.11119159570886,115.62612191200927,0.25142783411715275
190.70111481174507,121.8644626200672,0.25149683052936833
2.5016380929685096,168.8226222171924,0.25217553499325074
102.09476026670195,168.67652847508694,0.2522004390904067
235.75454032381768,67.11275296085074,0.2523143336553698
111.05605606811662,122.89131563883015,0.2524230908037949
15.54957373278608,212.27809278896808,0.2524677923654267
215.59768298802624,114.46961371835641,0.25274464065573893
157.42264888982118,43.898726711996666,0.25306726196535234
167.6048259387067,240.83866020036757,0.25310929438522645
114.65743736303321,141.02013610962678,0.2531847558662064
171.80851439678617,127.15275619534545,0.25321858747437503
167.0649278848325,76.61446088329784,0.25360535345656676
14.802415038081799,250.9130009101425,0.2536521983343672
197.03829208522396,252.3209150017336,0.25374036752179213
126.35448451068446,111.15681275417398,0.2539542814631114
134.5108858715177,75.90229864597028,0.2541729232468234
24.92604603597079,131.02594382346936,0.25417888494658014
62.79358584398602,74.42152002154624,0.2542447588401749
40.377160467680035,94.00946626517724,0.2544053520165197
43.48430173269892,56.49650190133142,0.25459042050250114
183.658278317848,63.69395127824451,0.25464238601094163
66.08324058365132,159.03967252303747,0.2548803782926896
89.84911796212576,142.4964477106839,0.2549009752949269
199.31215086295333,90.99929542685891,0.25491398179622404
186.9528576904405,248.04068655926014,0.2555573608339071
187.10693533510374,7.864238943844168,0.2557043238003571
93.12998090546586,118.08014395177993,0.25573534120086944
192.49752381439487,97.28215761557456,0.25635936254258135
203.96187683804942,109.1459699073631,0.25648224640265427
196.8694382125934,23.064507488532666,0.25650048333470526
200.96592318418112,24.736312521554805,0.2568018445917702
71.20151229189585,157.1169333964536,0.2568706115697612
55.68796234721811,66.98487486209764,0.25700600485222397
214.09663986134817,162.02484036008684,0.2571016853119236
114.56274213237845,72.48754948673637,0.2571723071456705
146.87156661805727,72.0130737154961,0.2576744840674962
38.990634830259204,107.58755387632209,0.25767998324566654
160.9907156045331,200.7638250760127,0.25788907125092914
163.19479355337438,179.78639289304368,0.25794529679132583
151.24922867221812,49.5144096812015,0.25796211151320514
104.96748863075642,140.19176017608905,0.258054132314971
146.35515425692967,120.08925650687148,0.2581853902637858
192.7298857450872,184.05847895670132,0.2582125339896943
205.4637842127145,157.86761286309948,0.25837614416777127
212.6903403012807,201.03821244529877,0.2585932181045477
41.98443366336337,98.06635422488371,0.2586978354046157
84.25873904807902,183.34462472144097,0.25893941031895906
185.63796842107797,41.273264348435916,0.25900910542355027
239.58042439808796,224.46307543189585,0.2592179652914923
117.48395010629932,197.31339150541845,0.2594243019090846
72.87669627861064,245.72935110077051,0.2595467851028486
59.3626142063083,198.76339060524936,0.25976220161499725
197.4161510907621,25.606753032890595,0.25985911511770016
2.5333566595631525,250.96139103468255,0.26029523914999736
55.62253791662092,191.89606525297899,0.2603371478712652
130.1611297604951,199.98083763804263,0.26047379957169625
97.89342122625362,186.5576037330793,0.2610554419532824
162.3887542065427,33.86203560421777,0.2615049075277529
234.56219886144765,148.40568883051296,0.26182803710101193
33.46271582644125,216.2814333798929,0.26188530315993397
52.284955977692725,220.76016949929934,0.261993680555686
119.19655385767372,12.724736666808582,0.2620207072553242
117.1639196391653,63.42879135934186,0.26278765597394943
183.36183916069984,123.2642674104885,0.26289235346809603
9.396491574283456,85.26404966753701,0.26304529558687284
3.2369256216131617,214.4381193173262,0.26306656103066434
66.51923714549974,120.56360394780943,0.26316964517428404
66.82720917862524,196.35726340935202,0.2637476399367125
213.2463032993573,208.57735497925395,0.26379931432919257
149.6746331145175,16.633435054666155,0.2638086373368067
6.17818688489909,64.8035335265341,0.2638234934981979
195.56009912811604,222.72595268900506,0.26433941426996516
40.42579744099896,231.46010496625314,0.26448549548034567
148.01959183202086,86.91485640720926,0.2645444561699029
121.07535142371971,217.0490014747248,0.2646575310389954
140.08770026869632,230.35789599335007,0.26467891420166806
230.36049583649847,142.70470216285435,0.26479285878521963
185.77535786952657,31.781057138236488,0.26510823342692136
87.56808801801353,59.051871633491885,0.26520763904991335
171.67281858965652,15.261109123192895,0.2653781978196618
226.6394369124699,74.5083310710733,0.26551889860652816
63.51661995842548,187.88225173017662,0.26591768070496674
24.68113833383292,87.8397754272002,0.26624407503068004
63.22133065017031,48.346955681112824,0.26638691942343323
133.5284623780998,148.97296100294673,0.2666453954607461
222.5703495608422,228.80434057622398,0.2670083092593086
83.66408924593442,232.7403146998352,0.268039131722057
84.7331537148451,55.72928567330914,0.2688426431928022
65.03574434886883,73.48683012179869,0.2689185866351485
181.30213532909127,223.73426220503333,0.26919653274897093
224.11818272509117,108.18202954967111,0.2692673344778481
65.10745334599021,130.7683662737178,0.26943206557438787
19.28341910805083,163.09885210024223,0.2695669122300016
21.18484312765254,252.6281222029291,0.2698677630710847
89.72054532802663,193.29362606547568,0.27006451280466914
83.44447032333743,85.48839823225192,0.2702464246913472
239.0805187686619,189.21447760217697,0.27035606525987343
130.604940027244,243.09818276880105,0.2705105359959932
43.008755742334976,18.203624774208,0.27051892245396886
241.18926860158646,162.32887403617323,0.27066897015039226
68.16559194973435,155.6759056655254,0.2708626843217898
229.8934812659161,215.21700962341797,0.2709585957674045
43.404093396683706,109.1434865755214,0.27106951305455024
60.38964900607104,85.68626102107596,0.271140380699778
100.0166793494969,210.16407033071212,0.27122790328866986
59.76718245439478,28.934265639449457,0.27127223642162124
94.27020034023865,235.71925842201998,0.2713337478127452
130.35631513194485,104.48877904797267,0.2714677328868617
102.7709253188197,101.34865510220992,0.27183719157700836
153.03165626349545,38.991483731646035,0.2718902578779325
79.4228926205868,22.689805841867127,0.27191112099766757
93.63870615087254,125.9091231917447,0.27191596128032347
103.847806312921,53.27074901433151,0.2719309637592249
68.37524335362163,34.2315213636043,0.2719370141004848
153.55219626011177,53.219915686905956,0.2719569009836084
113.07898904973763,159.71200920841872,0.2722508250802985
228.4938817283528,109.16216045904847,0.27257672851935555
159.99526637363712,133.02971841146194,0.2727726727943805
66.21305648217306,110.26238150461968,0.2731352345198763
145.5227897008347,118.95240530159754,0.2731873429595561
202.08636338293695,51.93546078001603,0.2732310425630844
92.10763435836252,221.71904027692125,0.27333392951244845
131.860248488287,31.549418149220717,0.2735796624711218
152.0061578557068,124.87526868703068,0.27369553980450007
197.6437782700197,59.65640607512206,0.2739769426456788
182.7345678416777,253.82558307133013,0.2742084317332622
202.24186543273822,13.112865398014542,0.2744458467223083
125.41109275721195,87.54528653471633,0.274568778582328
8.111576524041395,28.70327367431734,0.27462489307061827
152.83717720143065,123.05618991767012,0.2753307769575216
214.4432009451658,54.999084892330245,0.2753478311450075
35.609722471031446,184.7242982383556,0.27546765511096616
24.8044029530291,139.47672201367797,0.2755447851911851
237.85366683890416,243.8869455394563,0.2757051620285902
229.1567266115849,81.89732078476392,0.27572008449054897
144.54766508478195,227.83507810754475,0.27576363910753343
132.66179297546537,230.2907464722043,0.27577094231933325
241.10384533569695,197.74644145723863,0.27595831524497
159.52562174563784,207.4715070482219,0.276534003727999
63.02031513076405,224.61767099067373,0.2767770255631231
28.89069687470657,166.65440045741366,0.2767774123385033
165.82071830877086,206.82870687228905,0.27736365680643615
226.30650646243132,70.39787732039477,0.2774716421469368
32.552671740751414,7.4772069165477335,0.2777716581764407
31.08619111147884,67.13884400707917,0.2780877695608111
121.7350740190473,204.07575468567532,0.2781968132114686
193.00320056911264,8.719846871659007,0.2787249361613436
249.2817886501325,8.8622484126151,0.27892013816786976
182.17379366901704,194.46595905785668,0.27949361381174864
67.23344161524416,151.6992789746178,0.27955300190366694
155.19247527297748,118.38492903597322,0.27968686940421406
241.58121372882488,77.88146877000463,0.279782682665231
174.0942329635765,181.7169829566219,0.2799839403498487
35.374439622749165,76.6564608248991,0.2801029818896577
218.80332862317397,222.7399084256806,0.28031737496434694
157.36292116289079,168.0612645450589,0.2804249614209349
224.16862425660221,225.56415683311695,0.2806144795601541
158.25871372955226,108.24136232667537,0.2807558896029687
147.9897463686421,93.54469547462044,0.28100616937175027
171.45043850159573,176.05013546445815,0.28107950274018867
110.05936628581702,70.74160056496754,0.2812344352489055
214.31525138272937,176.72392925295827,0.281570497478203
22.523510469934337,172.181689792867,0.28170294709907107
130.19996913792173,227.69324373426025,0.2818628171180927
130.89794758134113,92.34145506498815,0.2819992924121455
172.40063746567057,179.58005432125387,0.2827621600236609
245.16576633884816,145.91582916772302,0.2828194936201042
73.09841593702573,227.2841877655189,0.2828277213257089
55.628640200573784,163.5621174688101,0.28318922936392654
220.55763994078694,228.47723175204644,0.2843109417349835
146.86455473633654,252.3371901892661,0.2845954217229424
41.384834864589614,140.5618567968704,0.2846328411259684
123.79993052994303,31.56075974767702,0.2848570521737454
114.75188838948175,90.32282015763613,0.2850397345175507
236.65623628670772,115.28638122265473,0.28520990927900564
169.37562905204993,234.87899412905458,0.28535746211213386
43.33335854413089,152.68766460382724,0.28545636722474504
210.45633118301296,106.9915828143471,0.2854716133956355
183.97976039659474,19.72838171015387,0.28572485309578094
94.24396792480768,134.1088368715847,0.2863259901970671
247.34092413340036,65.05823298556861,0.2865196670736725
201.24204949799784,170.3866677851698,0.2866490303606227
117.67296158586778,186.54116850062192,0.2871680076182237
119.29400688757211,100.75714862534252,0.287364446847974
33.60389684000881,169.9306522977417,0.2875091573269947
159.15843805664812,189.4879366753431,0.28775736512075695
229.88973331178582,99.61878331999371,0.2877735731508236
77.34592970193579,169.31699059114712,0.2881680944957492
26.753350302453867,220.10582771612857,0.28834800322588566
74.97075936915024,179.698830836618,0.2884233791783995
52.30006740409052,148.42206207955897,0.28852124530034645
86.02878142912685,67.0728359059259,0.28870068688869743
33.72633975612247,57.92062267350886,0.28973027358177383
163.12337163798375,75.2900321378441,0.2898421556280582
75.79778823684693,70.99387579800849,0.2899491776361776
137.6569547415721,217.53728385217934,0.28998503058889386
66.03894479909493,112.35012087310528,0.2900337871148872
240.55177834550642,56.94072461310895,0.29038121119143123
236.87238670490567,23.394560893486997,0.290512001051459
95.97570474499923,178.55960592352366,0.2906732373218097
250.26705605304534,237.2220791932448,0.2908403767927636
211.20758029470224,251.50266832162683,0.2909364761518108
158.16445040136074,194.48473990146317,0.29097040838604765
157.44837896196657,22.434141625829078,0.291207852591528
112.22550997855265,114.28166423497716,0.2912780141722259
47.40167770074995,213.6109066486414,0.2913208585617902
213.64159987373515,16.457243428539662,0.29170719206524487
235.3906786600426,115.85343830212949,0.29191625221286316
103.56581442206424,26.543713514029474,0.29193123050579173
190.89719360314572,222.4217644809189,0.2921464897586236
55.662551211861235,209.24242016655097,0.2923229469300379
21.469021946757344,96.21150884500263,0.29235667079733896
65.03949863194548,127.46182469197606,0.29248454092118564
19.977669584378354,222.67503479470548,0.29255495486286465
2.8324268412865274,164.9252521834588,0.2925858444461517
238.0280889127616,156.6958835825146,0.29269903024784455
205.81396310398173,37.33752828974276,0.2928464007682094
184.0587894752619,104.86711410250138,0.2934505233999917
142.24819014620175,221.63069960693645,0.29381821016775767
159.04951582173402,89.32596685648814,0.294052093674089
44.77054586146755,166.29643173366276,0.2945786819021414
65.01577390747099,53.55055206311546,0.29475238808269666
252.72449344523696,20.160555343999803,0.2952918898572805
77.43354045245682,33.91955900497935,0.29544462274310695
48.92887769552677,102.33371082727817,0.29557030938793
173.79053090315486,237.05664493182144,0.29580569069995166
58.307592362806886,84.18691985629177,0.29593262926931685
103.12915497561737,117.72256495055666,0.2959854484246176
62.279295244542546,115.70807678370143,0.29620926512675766
91.56462512580451,238.4295694218745,0.29638909413497644
14.592920929239494,155.77413995660223,0.2964257847052906
94.90406864387737,242.407214178112,0.29658141586983805
166.2988003674052,45.13701042997926,0.29667354139532914
221.79773374166274,113.4131867659525,0.2968320732249676
184.60366881644302,111.63365427874032,0.29684788846229243
112.89356830420067,232.9627985824818,0.29703902647539526
19.076007656184583,107.66217788912616,0.2973305167589448
155.47236410312948,164.0080263921018,0.2976236118273006
183.16868363079826,226.2738977288668,0.29763400441753185
12.101475031613154,10.5525247999352,0.29795017511858235
41.10602589442655,174.5137220928528,0.2981316815306626
201.01298487336405,249.79770791677657,0.29828030678509176
188.17222924969542,214.40490651729422,0.29851374597419217
164.8945582523859,111.39335529357868,0.2998055154424301
223.48436842685572,91.3431001459925,0.3000534114644716
147.75528823547526,162.94074776071176,0.30005997094744163
93.09751826142225,218.86640010603523,0.3002375933855593
71.37194845386547,111.86962381118164,0.3003511781545441
23.444175218900554,253.73215791575575,0.30045182394517594
234.6327645295491,212.99820673010157,0.3004694671656325
97.3481386205366,59.0509596151437,0.30067117007550226
24.28848260584589,215.18791668302367,0.30069154273899296
174.15635568613249,18.62991859536147,0.3010082628174752
25.051888905926674,161.16444865807009,0.30168090542448944
89.00865026414749,3.918877988688429,0.3020783715617439
94.82440666475208,202.43873978528566,0.3022085202591554
101.88940381253586,51.41426252565247,0.3023025976422078
104.346671547087,217.56267433670388,0.302411265273546
181.22548289284438,110.38053223211178,0.3025309846655175
13.075912166970742,57.42832186974087,0.30258963401508354
245.0495000131665,96.77480570951943,0.30276815040715355
234.31045799306813,61.28686221091479,0.3028128251755394
27.656633010051976,41.589428138628634,0.3029160034430367
80.23219853082252,114.45564641101903,0.3032745539372092
120.70247233092195,96.54635853450363,0.3035004281187882
226.57591772616533,13.52101339591439,0.30352935279839127
197.95038834912722,155.02752783551534,0.3036740655607069
85.18973506828108,113.08297745511874,0.30374012492755265
29.15776264600524,89.30064147687746,0.30389183604870273
164.24679454414624,11.372633534642643,0.3040271504019603
115.53323999415659,116.33761736968567,0.3042493457213967
133.05774922926673,170.03012364272033,0.3043232413747385
226.32089221536714,61.5325856309169,0.30438236759426374
144.78420984065477,251.02204104883168,0.30445649287739796
230.6379863482321,77.61032452775065,0.3045439053518219
23.5454582307041,181.81713351346428,0.3045471126647539
244.46175970529822,216.16161861048695,0.3050357157182199
164.5581865456477,43.43463181182322,0.3053466175929807
129.49577896140792,221.84796696055963,0.30563238376411456
13.158052559128706,37.441437122973106,0.3058557450560653
59.46578167828493,133.88072987506376,0.30599184746035085
177.97792801676312,253.41419698932242,0.3060132190888707
19.80092149459894,217.4758763258594,0.3065312351690566
223.76619870335844,28.449783566520153,0.3065517880553213
130.94257805554028,233.19000849098495,0.30664600530585245
127.07621709922213,1.289437818040946,0.30719036623160123
49.38881661295449,177.30042196022015,0.30724859382510117
240.0564064551334,158.05035991450382,0.30726530745578595
5.990488082328783,226.34501356828758,0.3073553948040548
215.31520649084928,20.9357799730291,0.30770955374841835
62.12548122960724,12.023522123640959,0.3078276822396531
21.76176107621001,42.37197762869769,0.30790057905554474
93.67836013514147,162.6579283978677,0.30809732674311885
75.70335224077562,196.04376192685046,0.3082595627624369
28.059552005170897,229.98951583236158,0.30843580222340417
229.29263058038586,105.51527290795428,0.30852637002872907
191.9007647434446,62.025096726165295,0.3086283119980911
206.56664624322727,95.69462211042472,0.3088034449458371
239.1420788452577,168.93563461464873,0.30897180970093346
3.825189166064138,91.62984632810507,0.3091658352842717
126.52697624217261,156.29781435337316,0.30935762693679275
192.99953862930508,148.4839055179671,0.3098411011063735
62.96023881061069,182.81989798514348,0.3102431891310633
156.16107583093947,115.30660843032675,0.3103726444851357
103.92034180074656,66.7579783582289,0.31053608692485946
94.71850666568724,144.39401766813114,0.3107965880718701
45.03759251976928,188.01401961056612,0.3109765497883977
191.64557288060163,239.11114484546718,0.31121565580577126
176.33463436493156,161.73086148225966,0.31130193838555353
167.65589888145985,55.88417089668223,0.31166826280438514
238.40458547371128,128.4463611525846,0.3116975490517809
46.859105429300705,87.09083576818531,0.31180878245909405
179.31242985143058,35.291937225566194,0.3118429995175554
106.96017482962316,56.11643020301414,0.312049098563559
112.99236212169363,86.14557288598485,0.3121963006867386
157.35454762585368,34.63627459244057,0.31260600324092197
40.98978864500122,34.233323543195056,0.31277639820678466
103.61512549032179,77.97263379574352,0.31314278778726423
151.50442348453498,179.53922423259144,0.3131622362090804
98.46481382299493,137.4515401712626,0.3133157755504644
236.953237910388,223.78112223839216,0.31372090479227793
107.41283179705094,123.38771276136352,0.313858165254038
101.02674655462407,40.52711780042471,0.3140689526888511
69.66881348929537,249.8014348520843,0.31409697135138837
3.3400443443088434,117.14279635306143,0.31415418876655676
26.872925377275838,4.2598830455412715,0.3145638551095909
134.5756050610185,223.39206443379712,0.3147700667959319
206.23687088569363,92.15622435733786,0.3148205909080322
232.90759516494313,110.57525897174467,0.3148743819906256
9.842332032721552,127.32146734451824,0.31527890771559686
209.70863096471035,113.02657039976465,0.31541062784642754
100.02738876908246,25.042617706343815,0.31555727891448565
214.03578921889056,20.428185740434134,0.316776441342515
201.5188336613989,89.77379715881884,0.31726547125682997
50.55537710393128,241.09338325532786,0.3175985827137486
222.20206985292134,205.63240404057134,0.317745773692933
163.69964274059242,79.78043147152248,0.3179915312260501
222.03270777851333,99.47606659886873,0.31820889917847617
160.58989946347194,122.33505741058882,0.31864020809737886
9.167337512238532,143.2007721640571,0.318969807362166
36.81012047338698,151.90145545064843,0.31904060047639415
136.95443516924055,88.79383058840295,0.31935545500858903
57.3306770591827,143.3621215839045,0.3194989103901227
49.609439388351085,132.48117410174117,0.31964691518720195
187.52284383961597,124.06436551477648,0.31998311123071815
1.7887387620489448,239.16853338604622,0.3203292022686418
102.15294178149861,181.81690211509851,0.3214912681181911
179.70233253562944,67.71878051156747,0.3216869351560759
30.79788081342575,139.7004770857114,0.321838143875583
214.85236687800744,179.620434903655,0.3219279165152555
219.47784059262125,58.7862194795912,0.321933328218392
47.34413132351913,36.49459084448147,0.32194527571481996
59.793769302988245,132.10492502075127,0.32200362263961196
205.0113372162342,134.8160124208393,0.32208367196804794
104.59367198892161,172.9176582310646,0.3221231308682249
222.29683504219173,71.88044857624307,0.32214431496746543
225.4747470685622,254.5789540851432,0.3228362808987842
212.22057913010838,115.54954355687883,0.3235410043620127
184.18949442724187,241.31831230754443,0.32417033641146
168.1158867770664,185.99120305103347,0.3242631794362659
66.59126360270206,3.4246332583731487,0.32455609794740187
45.204006342629,204.72116635851893,0.32473063982094097
197.4802428160854,238.3926868976635,0.3248707283110863
8.296129854804148,78.86139769581378,0.32496234159733645
123.06161237762379,133.21040848619066,0.32511292655875007
214.22460673411624,233.6409219783898,0.32626495546581485
179.36446682083886,179.98583407253454,0.3267635541949431
72.7262993921989,18.289630747983807,0.326846688796961
29.14068435795701,126.68728561919656,0.32686845911567414
102.1905473404644,222.2475895309555,0.3271710319174537
113.99511889194305,102.35904792317153,0.3277737976809945
1.4428551716403708,152.20126135656477,0.32778122004682647
213.50690261703448,117.29253043267585,0.32874085507627815
247.50105706639172,191.7372064737165,0.32881880326250046
152.04744057062578,161.09966079345912,0.3288246615530934
78.05058076735064,97.04536289437601,0.3288289861079366
98.42972639095679,242.37582378562956,0.3290507295173343
157.6586191389604,172.4607830546623,0.3291973029027502
207.51273196790962,85.06972765986637,0.3294705398047419
248.4404172572785,17.291821807361124,0.32952576858007526
209.25872145338215,127.19494068581987,0.3295774065444855
57.20484420251774,157.2902955103796,0.3296234529731085
116.51862739263935,86.54026580310439,0.3297260149822895
192.77281871830576,206.31629202781232,0.32977126255602723
227.94546909055842,46.71096240218148,0.32984069924560355
223.7081708057889,219.5509408976202,0.3298795799038263
51.32447375634045,54.59726235071939,0.33034350311778127
16.0915014530632,205.13662974104193,0.33059571776427127
28.783854453683176,210.07274255296653,0.3306370345908286
87.66327522793479,91.37296768904996,0.33104624360085577
31.839542206992064,107.66758891072715,0.33155160811626
76.98041196069354,246.03432721160377,0.33180502328308314
238.74742017745,147.5532264495991,0.33252174064763235
14.573182792019404,180.28633545493585,0.3326325839191517
65.75179202156636,152.1933638034989,0.3327142630916211
133.23728364318228,78.8270828295005,0.33275172857764723
207.0197320591698,222.94751654440546,0.33288735272802294
47.77557810152395,67.91726494249352,0.333079851972159
222.787582570447,102.13302430786023,0.3333158069684382
194.0506667986205,89.87335148126502,0.33340548229789213
17.701371255114452,156.70068959055658,0.333590772249559
176.33081054880677,8.53762647821018,0.3336044146471854
40.77235510084364,144.51271516147577,0.33380751657593877
1.7853938848538031,99.8286279221546,0.3338740514707879
153.9315326262465,122.76571922179652,0.3339568284978941
35.30607803144723,0.7498436978188827,0.3340140436193741
213.4022851164164,236.29061756191535,0.33411491010200467
70.80510069968767,218.72092413539912,0.33429432155491257
9.957581167209582,153.17754421177503,0.3346786784720426
49.54460154850769,31.92277876142756,0.3349206519040761
110.37462468936698,62.504725584473896,0.33492752801542036
57.18766701183572,191.5591926501901,0.3350903846921085
202.56529415259521,80.43327428577929,0.33517214161414494
90.65080470019063,167.9450514136506,0.3353466482165385
75.33405114428864,83.72108370223094,0.3356906066538324
71.12411279025837,56.864762866474884,0.33585584200045715
233.31772001514904,194.6309463223454,0.3358700227833336
105.32147744220484,216.9347168248428,0.3360071758556368
126.85429124781662,25.138307669770285,0.3363130821187456
42.639024728817986,71.1824780725333,0.3368957954848902
151.88936529715232,122.1452084179622,0.3370346781798296
20.5824744971105,80.0743432391152,0.3375736299148096
62.44988788797517,135.7244727315414,0.33797302639551335
58.7695173453611,87.10163049682113,0.3381741662034842
43.9137126083333,87.65384322661335,0.3382168779498571
80.59615758994192,29.856497361924117,0.3382830450062938
105.6762544005055,72.05433084731646,0.33906169136923603
207.94558609977017,111.64028931210633,0.33978836787839667
127.19534271579032,180.95095396578702,0.33984354357101837
33.51988198657482,239.12716328741325,0.3399621970942088
60.68747775885791,194.29525849939523,0.3400397915541975
205.2843846897811,240.89400493692392,0.3400576508949339
229.66503285792268,185.77507275553168,0.3401476797049815
58.69018313550148,99.4662633422711,0.3401719141471393
144.05535148228856,12.489716314855684,0.34130375450711925
71.49264072884446,230.84163389209616,0.3414646837591322
146.76473875695316,27.36692620138124,0.3415367691435709
40.755698084734085,98.01211398731176,0.34217273378668017
141.42071544946035,20.39218238186675,0.34217663753832384
238.5771389969266,172.05991921909472,0.34223639305634285
13.332804788809376,27.166942151311787,0.3423548981746115
159.35380444554366,31.649079630580733,0.34239067282699914
8.194276839991677,188.98550712901422,0.34241586593834755
186.57747505797866,222.73419202437327,0.34243328279210167
217.31084369140098,130.69942004096384,0.34288660766024187
169.82643947778237,134.37180327712042,0.34317469623201013
23.7785553415918,202.99958813513257,0.3433183429820006
71.0297400035166,161.39678789742274,0.3433771328741825
83.9637807899285,93.72255113036748,0.3434791214173315
203.67303993638666,245.15456338097894,0.3437070666734042
176.67342690108873,194.98285878783105,0.34372307149345666
244.5039055567987,243.92770923942984,0.34421331049272424
22.563331581917616,183.53560860863894,0.34426313023917227
125.05629875689385,49.05863025978809,0.3442713900498904
115.14573063552041,22.41544021818994,0.34461439702149343
216.26631053870247,32.12150778501255,0.3447765813941959
120.11446329090055,207.37744761731125,0.3448421733238279
167.49693202384572,250.200124396168,0.34537555884139753
216.26661448398298,2.017388627811809,0.3455653347440497
66.02411581514323,218.09829044265123,0.3456748416644683
127.61963562612434,99.46836299992094,0.3456992285827942
244.54535994146815,47.81169305482184,0.3462738186590988
236.06274557785045,3.818742845313221,0.34652353024116206
198.9597321041993,119.76508510912231,0.34660855236375443
0.47075867738957333,2.398015187111979,0.34701088784146356
15.160889042193988,68.30756363261457,0.3478731739082854
196.80051087124684,218.00955566846196,0.34794806271461753
29.64592672829767,225.929243505744,0.3485177545520107
44.76001170070084,157.1925848072066,0.3487235969564441
242.51829800428976,203.87025970319658,0.3490637243554483
110.78677945950898,98.32363939442814,0.34919094211467155
201.40565696461263,165.028532133104,0.3493858392257676
153.99607897484412,119.71033854516836,0.34939948256613107
111.44924835148619,146.49131224428226,0.35049059157321544
232.05797428325423,121.6269424567834,0.3507699165866397
72.74264380064972,227.4900353454336,0.35091515519758004
174.04993401288857,199.7926691934575,0.35111977510089604
13.330433096609452,184.2940801074293,0.35118244469489535
190.71244851289748,73.2343825558663,0.3513764652262016
150.01472246524582,12.979134964666997,0.35147823522331967
150.4924764736999,196.5803303201519,0.3516183174113223
171.04434067781455,71.0933100167591,0.3519948862912602
116.00741267783742,117.47628811900096,0.3519996376890497
130.5165819855197,124.22970119232176,0.35239621525230214
236.1567577237003,22.94282341288063,0.35267738944944216
167.79401944203957,69.39157596383237,0.35279514127837897
98.76019196470281,177.18464755404136,0.35399567137614374
68.82124445688349,250.87835330385576,0.354210940500606
130.26510797916913,250.49672936014994,0.35495966720242467
86.34256582590791,203.16653374041093,0.355009648970318
243.9239845184462,67.7129204053015,0.3550145048009477
79.02199113383635,214.7014429614624,0.3550183306841792
2.7415955270163765,193.35291652916598,0.35518807718452144
116.1443928015878,193.86985033644658,0.35520759822361697
139.21237052066627,61.45390965165866,0.3554609550391245
59.91660475410903,124.55260978693777,0.355892652625827
217.65791444716623,129.38844298738815,0.35608769146737534
79.87350965988495,242.16592177993883,0.35614206870986376
164.3873687775003,137.50034594579006,0.35619938597683454
207.36360418718164,161.62633573011328,0.3564500713290809
40.167815602282694,51.10273879963719,0.3564750720623897
208.91861986766168,190.29217023481937,0.3564764186010107
75.22930852367709,134.46368472003056,0.35663172668102644
25.844616668734773,59.719405001450454,0.3566477569383189
196.4638294317007,207.43155324509303,0.3569292153376719
185.98462644362007,231.0177245283694,0.35700925829722807
167.67914490517086,139.604778251502,0.3578898467706936
46.61644025903294,120.62810374355195,0.357947787855663
244.8300157443076,73.8053313745203,0.3581186494304594
105.22513821757812,217.71071554132612,0.35846450947460545
111.40616073468489,16.263921730907146,0.358563571553292
160.21200964689652,68.43098760625722,0.3585823877796625
246.66644751658646,174.48161948347726,0.3586088525708059
86.50348530905377,87.62438843252197,0.358745702990378
115.48504887404275,3.903550648849431,0.35889038981490623
203.73147847918216,135.0114627678214,0.35936201182207755
37.79627293765072,183.71176866815577,0.3594196995758411
112.69683270511632,26.37256049521889,0.3595650404553618
160.43351479662545,13.151557393733164,0.3597130066015664
152.97553927705363,151.93579636562782,0.3599274221255787
249.4205702090932,192.65033368685636,0.360120623667226
33.15060849715038,131.16100377619688,0.36016600398787924
220.18575102605834,52.99206662409573,0.36028853206572875
252.5931382516506,43.872800582007635,0.3603163373378468
65.82711927440577,76.80020555795858,0.3606901924936103
221.7821002261634,102.48191424003267,0.36095391348477673
21.345713221242185,39.022956944724775,0.3610651916980283
85.15873728355702,146.13897235347414,0.3611223215715497
123.59725018771606,88.70193611393094,0.36124490671321147
245.79053832688078,13.306320412862854,0.3616200936475496
118.81190138439526,242.4801085541237,0.3616853170104457
130.97340245485813,116.99235518074025,0.3620650708248563
138.97483584297976,167.22309985324588,0.36207359229586583
197.26318811455852,28.54151474966571,0.3622672784334371
66.4881694505613,36.33918332904123,0.3623003032111089
30.842421335522605,140.79416790870215,0.3623521519371438
55.385903965440725,72.56081151075416,0.3623643996948761
9.682420366379423,32.011540858123325,0.36243387189643594
123.82437988950971,209.83196315065106,0.36262331039774465
83.5130599853384,89.55049274282653,0.36288809795780935
34.758353029532415,39.58900125633287,0.362920150395196
251.73784149201848,157.95144178373258,0.36309652345143867
60.64579764953896,55.38320714834691,0.36314446990798
10.154257940629227,204.9333613244289,0.3636096349841952
202.51587235885236,5.3372074177006334,0.36369747953561715
12.155266784189436,59.75835708599347,0.3637614761046685
175.07497144709737,45.377105821201425,0.36380524645185647
164.67782413933188,29.465456613503278,0.36463722968826
30.742394935468944,97.82460896003536,0.36474748643047694
245.6822875419344,115.83233257209926,0.3648405466773993
35.28569147217858,152.5949369863854,0.36494270300975584
57.125743780034036,94.75629073309234,0.36519701922717024
3.287703526474671,32.47563425595602,0.36530266532126693
187.07515196171062,179.19080548658874,0.36558293109620255
107.98143234384176,252.0175188563631,0.3657937270949013
207.07366468338975,224.82843467373607,0.36592557069481685
54.5217140607772,65.19146405768515,0.36614252504864514
155.60368658140436,180.16264960999524,0.36615898293036875
162.25915749103876,160.4424588156489,0.366560188173229
35.76103911169085,8.613194657323774,0.3667615893305237
95.46454969094152,226.8137274280734,0.3672097631862488
204.44772576387263,164.06453491281982,0.3672421592178873
31.881786128788143,14.464967676350682,0.3672726031989886
35.84175588844646,62.496565378204146,0.36740569307288157
29.59247986821174,77.25028391062389,0.3678869015315341
45.893344677620206,242.34371503944558,0.3681822683310718
249.15993324682026,25.246924113421784,0.3682183354353125
162.91648739300828,34.95210113975183,0.3682841044506399
151.02679301296874,159.58748432670612,0.3687968095276227
139.4348160127978,152.6775511563691,0.3690891036513002
174.15087913049783,34.464190634902415,0.3691361728687351
238.63294854142796,165.35597046832723,0.3692392235874717
125.62640784414448,241.37809602980101,0.369247654147826
139.59068779992967,164.57559274133752,0.3692887763289314
217.46688735629928,196.28829720910718,0.3694953928279354
131.0611736918235,117.85457880794063,0.3697652138065917
182.10099908179046,80.05578117568446,0.3702107513136294
188.10991845680294,35.2858659644989,0.3702786629906079
49.13222050932123,70.21273274194695,0.37032150617586707
71.33587574338854,252.08445314229968,0.3715448221080781
12.997525719872641,45.38903950948774,0.37176381708199907
30.314525144475763,160.21703375590914,0.3718937749940685
212.35246228062047,132.07647968010224,0.3719148991182626
88.18769678871774,39.29249495063969,0.37199186703706094
78.1645482528216,23.879985413535575,0.37215038136642575
148.82830233570655,249.8252671940189,0.37220241389674413
189.05385089557643,45.94936119580084,0.373306211618609
61.754714035688444,149.24426804347232,0.37345266890733503
178.43232028244051,113.44908824128497,0.3736419827773904
194.43561827826247,51.72766937307126,0.37372534153511966
161.7400858249054,194.21845792855,0.3737495191291378
129.03974425159092,159.79496771871513,0.3737806390778171
225.21691604965272,81.36495657789035,0.37410158021099493
212.6109374939141,46.566197152270604,0.37411787183136713
185.7278740063971,129.03764988305159,0.3743589108560613
22.572353952893423,89.88966266551391,0.37465182315510026
252.2169453930971,35.60218854481751,0.37496778019806476
197.52715832361224,88.28133613433252,0.3750031534703952
68.9045584911897,99.5947920655422,0.37520205458625483
129.33379488346793,65.11399510670596,0.37529457932748783
177.21374820976644,1.5505844928895258,0.3758099818535616
93.92866754735999,119.30233752409707,0.3760283997268573
146.72707905008258,80.96821814272167,0.3760284109134916
108.98429889240126,97.02737442652618,0.37604785422244286
139.55741091492695,0.54748623105776,0.3762152980527378
154.36497594444853,109.19806033124433,0.3764163517453809
155.5132014033592,5.900811495617488,0.37652611500890937
86.80423690623327,213.77893207241488,0.37659700009784486
151.67677990359795,180.20348336898536,0.3767464416063224
220.4010242124372,119.53728334193376,0.3767567904132089
142.97894387747934,7.893670654822312,0.3770290696077352
245.6508684123498,165.77109153354914,0.37733269636947403
230.78449312083836,61.94351630537709,0.3778600227054218
45.08524798222786,100.79387854876504,0.3780614888482829
145.65925531135483,151.46478300767984,0.37819210651675556
0.18703394769987391,60.64211607243417,0.37844631145504437
167.09392672424968,97.63117387123945,0.3784914520106821
60.756311219221374,221.50439305639378,0.378571678958595
70.15570488895838,193.09451748707016,0.37860720767178685
150.20117898719218,77.48387031028706,0.37906662948587067
205.6119125993192,115.46580446148249,0.37933417212350184
190.7785756256775,229.1847612239884,0.37980198955248684
67.06545687897551,215.36803887523664,0.37983147989225957
89.4863574641081,96.26176134231153,0.3798644638403457
20.95129133491005,157.67834924419552,0.37997407886326895
51.25657351698685,35.628424203800705,0.38007855810973007
73.06357880815175,216.90712403618548,0.38010061599168793
103.65971655410874,128.30369498340215,0.3803428503625934
238.8512429088918,126.19133949654471,0.38060211169367836
147.05862521153276,103.20225059559478,0.38069870239118164
118.24015496420853,141.25769676741862,0.38073468109266634
40.58752761388151,67.02478142814915,0.3809076459513603
134.1285725235481,79.54889470134911,0.3809082284570122
26.89685918466739,163.94346777902345,0.38112165541410076
196.40422350809123,54.57821161135613,0.3811977128908284
11.600869013390337,169.76157057306511,0.3812927672041781
60.60132796676474,216.85054206084288,0.3815821099561509
70.87493703773775,170.01119809613857,0.3819181595958191
127.81076852924292,78.50379801397963,0.38250843110125854
132.61082029754368,228.90115512122128,0.3825849158845942
2.1052579580010327,48.788563513531685,0.3827945820072944
104.6606335117023,235.2129437851174,0.38325759144572863
0.7101098634408964,236.32380457411577,0.383345173407001
37.15753186842833,215.73313003207124,0.38341826454890177
80.84033484109543,170.04396312011636,0.3835822234447897
119.72337883799631,199.9878492643739,0.38371118052135905
207.50716762869615,96.21892329226857,0.384098307145406
5.617878147629608,167.651754786306,0.3843638328769832
124.93037714132078,113.18365983704913,0.38458185669891287
254.52240796314246,153.3134600825961,0.3847430471053907
83.79762467077401,80.47554162038567,0.38488865247249016
146.6871868010741,66.97804303186504,0.384960670125222
252.9559274958013,86.69410795349758,0.3851210283486548
184.7993805598529,142.24722851804555,0.3852175289849972
26.97184123656824,249.18901777495822,0.38529601553217835
91.78342007557939,90.73596320644668,0.38605944704320766
126.34630661114772,174.75828020274687,0.38620630920428267
192.32330390735976,187.58613230427622,0.38647142945977436
147.13971525172985,8.947104957897515,0.38684074128050155
20.190968030285045,150.3927627202912,0.3870218304116608
43.85897286029872,254.31044680183547,0.3875374613864322
154.14802145888063,248.45356452839968,0.3875735062853504
252.41521004888656,196.92075755388692,0.38773385743762434
58.68685171194526,193.5761716908507,0.38777594810767707
155.64296117369764,127.19457635615765,0.38786044122878777
10.618863266585937,76.30908654553213,0.3881353510048385
3.5801997938469405,51.22543847011745,0.3884418004952569
50.35179398438678,84.71054577830081,0.38860171859380105
42.89150968105873,137.02560506476252,0.388659344926716
167.93354697827237,77.73951955336018,0.388673379638462
139.44851815942047,141.8731043169468,0.3887279988816058
146.84897588977532,1.3266686798238059,0.3887488460109797
143.62320979547977,36.602147916844245,0.38919385301448467
230.61088263273183,194.60467971603134,0.38950585907563046
24.5648475349102,226.51135895490276,0.38987678525143826
156.96678097962578,115.30617992831539,0.39003815423048055
5.824888095753424,16.935118164009335,0.3901632177741557
125.10038095188669,222.93895305740142,0.39017860022286677
190.80774953124669,77.45805695470914,0.390180695861637
151.75563887845593,85.86356701109237,0.3901929416416665
220.65201948371015,38.012720436569275,0.39026072935969125
216.97433661029496,219.52144956301896,0.3903118858945897
16.236744244759663,57.41619806398489,0.39040168747369525
146.52067591456182,100.54249671221288,0.3905140989250372
184.32228058881435,207.1117621328242,0.39065704203516716
161.59049370347842,23.20961829372799,0.39091778679874506
172.0334231132353,123.96706265167683,0.3910008429035064
210.21363761435603,233.99907448379486,0.39103244540032134
152.13807877044331,108.3686368772119,0.3911885635902731
92.23197811981011,98.77021054888526,0.3914243611583062
193.01234959821332,205.9454965387893,0.39146731613469404
233.6999630796338,198.0252516308608,0.39148721154942634
80.2743212478343,118.07628385428141,0.39177312221132
96.5538134996579,146.57881852276506,0.3917993078780838
10.301109247359433,214.20427547381777,0.39200448501731955
131.8042295808663,238.57404371537106,0.3925594234037662
147.52125108699937,189.8336651150113,0.3926284699120925
133.03187801317293,139.33966603534066,0.39268477749306635
124.24848623043938,55.375706833625905,0.3927274259848371
113.50069413065965,174.44341445300853,0.39284521977505915
219.34130572626555,112.8961566888397,0.39321882553377524
247.2503115142983,18.98047965941183,0.39327034504126335
19.858025393530983,82.61408107136586,0.39362124216850886
177.0498817653922,182.953650174841,0.39367545020884986
17.88583462289673,124.36296241706603,0.3936788048275607
49.80442167439655,171.66654384015504,0.3939510492371705
234.7137989706668,233.4572675486926,0.39399628057796193
154.56420614041454,179.50529618687776,0.39418165853069953
38.5310641535312,237.17838522855942,0.3942671918897188
45.512321247756034,212.51780307784412,0.3942934395564917
58.19962909568436,160.54132664467897,0.39429396089941604
226.9918979400052,138.3078061114149,0.3943016174818535
235.661448913694,254.3940936955309,0.3944619294844396
86.187581900651,240.06036706470843,0.39449084682201635
136.07050531030907,14.753301815664269,0.3945781836588127
62.9133149880996,152.29727407190032,0.39474603983065576
118.55970510648281,243.90140652516558,0.39495927137289755
157.80508530163567,216.0238858833782,0.39503346542651846
26.074302913587612,146.59088115844122,0.39513540029337546
66.28040755840284,52.30845931547198,0.3953573661038668
12.051966209890859,212.40801902566926,0.3958021394969052
81.9110962201997,188.46649861967487,0.3959294564444458
10.804409480048669,122.67811309963346,0.3959399913913429
54.56085089276604,145.77680566836906,0.3960892059303093
182.0429638576697,163.65221535801743,0.39622362066012695
179.72471298025832,108.06820448490517,0.396613503061278
171.7315775825056,137.36562211031892,0.3979440963598192
85.70167817678256,231.78277318771472,0.397989472060065
142.34526365386102,234.97491145449936,0.39804784937086013
235.99412565909032,207.00191273455994,0.39814770585147985
61.27925043386407,31.088839938262332,0.39814796991793167
94.32854554404769,151.75673955085082,0.3981656126008536
166.401369251156,160.1228334025452,0.39845397871210125
164.1122423778155,209.0085062431947,0.39864088220538874
140.59675678244952,11.856629672676252,0.39908060260387135
211.9942101419101,79.32295972566631,0.3991482930706129
8.888225840349326,121.14067569552935,0.39919926873812706
83.74462295294674,112.87466179886324,0.3992776077360187
85.51485451530941,82.75508519421253,0.39929729577540257
243.07092014945366,31.763064459446586,0.3993473099557681
89.8407809372652,18.27170206942803,0.39962978274761674
236.15972593110232,11.410615403547709,0.3997115328098577
186.6822292374112,56.86804574062912,0.40013422261053705
177.97431828724538,24.597686090404906,0.40031341324961073
122.68832703569781,187.20830808765683,0.4007069923004953
247.8516765209399,138.49792276681328,0.40082031018556885
20.567073543574207,17.99761923819412,0.4008519948027933
57.72291174877666,33.020382796854705,0.401083941560752
164.9642696107782,96.822666349589,0.40114849301243377
33.4366080521601,24.788964342406903,0.4012121893917232
77.61137625490659,161.637262509474,0.4012720876735366
41.96660492778993,89.99123766382553,0.40133735749844696
132.25636948956284,138.26220990520974,0.40180813352180966
88.25524855096423,70.68053709660502,0.4019629010276595
37.79612872906903,56.47315991170146,0.40198550696061125
173.34690450782432,246.59433719827376,0.40249960726156603
181.41648745542554,231.00090575716214,0.4028672874039117
229.1899300484141,47.75784425559322,0.4030064912954366
26.927014798681924,109.70094631295758,0.4030312364854956
222.12522615720587,112.78439901006867,0.4032329284847717
244.85281996235153,108.53722196952147,0.40325642366111986
233.12411427501874,174.15272300412423,0.4032750621038757
247.1514410129036,247.54904362151058,0.4032826783955073
90.62147520019278,187.93555784869744,0.40328695006834503
73.74846711901304,249.09051333444333,0.4033326342453178
69.05446896767208,154.27869362282073,0.4033426668458179
68.54171154568526,122.5244006625709,0.40334410825959605
31.462081326861977,52.75530333805471,0.4041212864854181
100.54384668828295,14.387952516888355,0.40413523182854705
91.79807470075178,119.88875662325016,0.4044545039931478
76.69677314575324,124.52911984865598,0.40473983560978366
159.36878339655797,140.99104648295247,0.4049882375692953
206.07346827210463,221.4066841228485,0.4051939849586542
10.532417430910316,45.54856170946363,0.40524761536196824
233.14722581053024,126.72331407231803,0.4053868091531368
52.477930927499635,78.79718595558194,0.4055269861089352
71.53775123392181,155.8126269881684,0.40558776868955637
164.36977234251944,83.82447286207784,0.4056478671606101
5.256512056875244,205.79341855293373,0.40567272138015953
229.05681385266186,179.75673565188623,0.4063084913133193
172.24114217543092,1.0660518347319143,0.4063786358280122
229.53910298045636,62.907657559656876,0.40646892486904873
29.035634624658346,11.923172224629784,0.40648683344862513
185.3268841957838,153.901973642889,0.4065566284566615
173.26820071701297,78.35552802123809,0.4066260499969278
28.630731489058626,40.392405137378155,0.4067463687980641
36.57702594640933,222.93178145620627,0.40683571705717503
157.0345569549541,182.37130379692172,0.4068626055226087
128.43116016225363,39.274598767384525,0.4070374165652093
80.85004043306486,37.56962442554575,0.4071256284027964
157.31172340580494,74.24296246503569,0.40715909586060334
4.995206336588576,50.496509169074386,0.4074850449375057
11.51003752032056,81.86887218741742,0.40749910566247355
103.77612639540614,25.241757061933424,0.407691712142286
45.43473697678435,57.649031425167976,0.4078240425416446
196.5682173910168,19.598971312436785,0.40791608163658744
8.239079588827584,162.77772705775786,0.40850402925912194
163.73949184681496,81.95433238749129,0.4088989306667886
162.62904210316077,216.41907111405234,0.40892194345820215
32.80169073980604,33.59417721338557,0.40924789351578617
102.23693388352066,237.21994293561474,0.4093256406910764
122.8082316075144,103.52052133364442,0.4096111643940252
3.604156966002094,110.72875516341054,0.40966775240843595
15.548651678675585,35.18747798049289,0.4100655889484447
223.6123451134015,175.71337366512262,0.4102637569658
29.130203522445182,91.9508148830548,0.41034743624689707
246.73258830050284,28.295957019793818,0.4104637718177374
251.6114918085948,172.11143854221586,0.4106393450958445
245.91050383808036,129.7467583363004,0.41074053538627886
165.04554672169485,251.04030697465444,0.4107976534942013
65.29106835149246,219.2720174846476,0.4112737524302338
147.84529676457717,32.35448875840444,0.4113429182735788
238.9104971621206,74.8880261248502,0.4116233169776231
96.57552328584086,235.08549745933087,0.4119873174445746
46.298353322686324,50.731980523286886,0.4121732778865046
150.9331680092084,45.28406674312383,0.41247787518810064
59.466702955005815,174.6668351127325,0.4128645061512109
219.30389203693295,18.932302243726657,0.41311207778723563
96.76458684762842,113.26509645073021,0.41319711438001694
122.75496762484605,72.21258539292133,0.41330267902518575
118.273347746201,213.46822475759174,0.4135706799644151
254.04520689975212,135.81716625058206,0.41365735711086554
180.1784593495623,127.29991284136285,0.4138217517999385
115.89626942534579,71.47915726047346,0.4138955747618415
39.77986347566336,114.00117281445682,0.413994583754654
122.56088932222575,154.71116275934824,0.41403263857178035
51.933714882645546,3.642723224144657,0.41404296626275544
197.52506052805316,189.9397392450578,0.41414800473927466
136.0780726623019,41.992003939843144,0.41431582269888917
61.57174305807189,63.7719220668606,0.41458938067809564
37.74874151474671,117.51474537512681,0.4146680701305621
170.63617080185585,5.558805986864096,0.4148372168830655
216.12266645563764,156.04812854859318,0.41496233104866714
37.63890508301681,72.67508185653853,0.41500385660126915
45.24677880739145,48.62448671594058,0.4150167506806367
98.8965373898664,139.65194897021433,0.4152793928126385
35.85790842707499,121.2750438917262,0.415310775733297
229.88905828077952,152.13585979486646,0.4153111043277455
51.655496691468905,234.3636682207745,0.4155609853993185
84.41881941220717,174.5098792691578,0.4167837022773407
29.497562650005072,39.82171307798207,0.41698696224800536
156.02315663012877,204.97664456216066,0.4170827867192467
198.69599353058442,73.8165985688629,0.4174537287743339
179.8418072672827,24.50028210813603,0.41748045503101827
155.92834832936083,154.07971445518882,0.4179569718694028
254.56501234984304,90.12443594991676,0.41831974145562384
25.15132589455063,195.07892554410503,0.41868835498541535
196.04693903024736,71.01891377672965,0.41883975954619085
20.995573316436694,126.04910824569316,0.4188709089029597
211.09327509872634,246.6809944834938,0.4189907517981425
22.65200333356402,187.19186668715503,0.41912129824374844
92.80672171484122,130.1742127314086,0.4191570899461336
59.76583811042134,135.6381348972019,0.4196381997289538
204.58895761087416,140.1364327627424,0.41968134853983696
247.63609856751054,82.14084129217355,0.4202683051794269
241.2692039461818,120.08637693894508,0.4203932126963404
62.87773156390564,133.7666967046151,0.4205098088643174
199.56505979997584,131.4593256473146,0.42051902755814485
243.1824175928262,147.79650511083773,0.42069748593635464
195.03293049020795,251.6080789143038,0.42070809335626175
17.162007049449056,172.1856625856376,0.42082499659162964
101.11513020634621,70.32308246740502,0.42102170795851757
29.385331030838387,110.84358546743813,0.42114342488758894
146.54536946718224,232.1070829166448,0.42116607521509325
207.91209772026716,148.71965933063757,0.42120467300070635
197.5356312312831,92.94236858017359,0.42148394524594085
225.51489950323295,176.59921195980576,0.4215483959481796
90.57628160250535,180.49593289928708,0.4222816536690564
23.54291842979618,248.52901886421216,0.4226718507968259
29.359590179707688,187.99181084267101,0.422983257650694
195.84101046746383,199.8276478819359,0.4231309542325814
9.351670010681866,20.13046399441447,0.4231765433204959
89.50749064546783,145.715298871577,0.42318614455472814
209.29974069545025,112.68796853012542,0.4232591486102807
64.15106320285894,122.72966223298468,0.42387636916108984
41.2648517657972,136.29044566232565,0.4238931135809113
114.49446226923074,241.55430602487152,0.4239405005983974
25.641620292943106,96.2838093479387,0.42406293248617477
80.80198634115138,199.83612016720207,0.4241576960953125
80.20219457977156,203.12381279225622,0.4243765083553062
198.4634744185357,24.07823429261528,0.4244078614442832
119.79900947648905,171.17195468520313,0.424791425927441
163.62690458951636,248.51510281336942,0.4251671020327339
200.48564667143316,190.29955633489942,0.42522246347152765
90.0868146541755,150.60167951791095,0.4254218680454929
125.96913550500928,83.52909453568564,0.4257158269463268
245.2822104356628,51.46155315873744,0.42616434292438987
55.538099152132446,172.79650408289817,0.4266517315096254
0.3557410129215077,139.62085209751498,0.42669293612203213
189.1741931831679,89.35539558734727,0.4267713232955247
26.024968168522012,148.81991385944195,0.42696331827897505
155.70953654805706,134.37660180879777,0.42702143013213706
95.25037945802126,189.6112834599234,0.42723561078279704
86.75347447970893,186.29045071210604,0.42729151215802147
92.93866358305395,95.3510038636999,0.4273523619531678
175.9989778122172,183.2947876225502,0.42739669453631324
165.90047921632083,84.94421086863241,0.42749594094372567
2.4973873472870367,168.6259847996409,0.4275753819206134
40.0041009007776,233.1738965771406,0.4276237101712555
11.844002015058676,178.12254775643257,0.42773611348279195
189.30933167065754,119.91142831533229,0.4279035524453863
0.8011006325975434,121.58823274617312,0.42808158436410415
45.615065544845855,230.25063635758272,0.4281117386714204
191.06745658010965,125.45761582389754,0.42818722923046976
29.284955983109118,131.6621177970884,0.42861533274451236
194.70004654877425,26.712079738816097,0.42911414758096933
50.643821741938176,50.12622577349686,0.42929406883141746
185.90155835429593,168.37897907259097,0.4293708185220354
131.63680317886136,193.68812337366003,0.4295159216026619
21.191904388656432,211.8253733355198,0.42954072612433103
212.85994161889812,243.0648482374155,0.4297615257979244
135.6681316613673,5.9358465029624305,0.4298585955272588
244.07475712885483,234.47191718410474,0.4301926764566553
175.725078517455,80.69512257950825,0.4305513088292857
226.2306810233571,202.09425665557924,0.4305701181975624
218.46402317023603,199.81170232884648,0.43064224945477164
172.1688806418523,59.45215850870288,0.4306651985196847
78.91059270266898,45.2024055745669,0.43085428979566964
229.01705519068403,55.54156435925196,0.43123194111542473
68.21569782073679,44.754677535188016,0.4312409951779329
109.79751838344221,97.46747015145041,0.43162220446981825
86.02133849721376,26.587563672118467,0.4322815202947916
210.604119144486,146.42967558440975,0.4324118935759305
116.86704151551437,44.52741542456492,0.432471668900799
150.76846434387508,233.41594518103622,0.4325312749780761
132.8766496512269,231.93088147307753,0.43272387953166846
86.07731703215504,0.2977567936368636,0.4330373494473168
193.65453667095628,41.71429192248021,0.4331420293723441
2.167799641705691,220.61803627960157,0.4333425250675103
166.85816584184786,19.807740270821224,0.43341640578357754
112.47266739857392,120.9167936672774,0.43350300767204564
80.54787370246149,217.76268442686683,0.4336313197938152
128.23190170534323,239.01200815033366,0.4336656555913551
202.82044446902248,49.306508566859826,0.43369825520758676
93.81140491317811,197.2002467263835,0.43466358076141753
51.91964391730524,27.965438170412533,0.43473070212466103
107.9995754789338,34.19002593557387,0.43490305908891674
253.00121989827102,205.26199386679485,0.4355278939327317
251.77663264432536,74.98341168200673,0.4356108984607043
43.526278293546575,239.14243032082945,0.43564991582784207
190.28757691387338,155.9535301547743,0.4356871166312105
29.696750414803976,118.07300763390272,0.43582502062258915
196.218991292205,117.35341178670146,0.4360692635887667
254.14447027031784,73.60256209570849,0.43608738222548954
253.77668162352379,121.55228961370305,0.4362900777941855
122.84205478220439,84.71125108071853,0.4364155587747094
56.227618609643045,175.25424288244167,0.4366024388168216
222.92680947273521,47.135528272099684,0.4368534525421968
172.74689289891813,7.400049006235637,0.4369990999680623
254.1036651985182,154.60815467711413,0.43781270382763016
240.9810770665444,75.2326320500451,0.4378826668830497
137.2783951853665,158.96941857885432,0.4380644367383309
68.25047378985619,105.77055698528352,0.43813694684370763
105.78165653784355,185.70117839369115,0.4386189099015177
28.275469577842724,236.54111433855246,0.43954974622212095
156.68405384374051,37.941257442468675,0.4399019006674936
69.44985566499555,39.74882201328861,0.43990366409105996
78.83838642067724,21.243239208013794,0.4401168660468526
141.37634220158782,115.7818916754394,0.4405039609171338
187.47027636479032,97.77270829916638,0.44061633205333367
61.39937597756109,204.07596970149498,0.4412342697116305
212.21602698470934,20.612639370533422,0.44157954293557766
203.07638085977266,200.08756026238703,0.4416167773647482
124.59902331347978,169.1893018225289,0.4416656920278113
153.34344678176274,86.95214469130411,0.44169156700138823
71.49416116194884,225.96021388041868,0.441966304318678
107.93312008556344,60.354993346031634,0.44208329689308357
127.3185134704116,248.7050251881977,0.44239418867371755
186.47854424908903,182.52873127165265,0.44277677759827155
46.56853338479,57.45221973410003,0.44291676974642685
128.34028002539324,242.80213831572962,0.443145752939514
167.04053138366993,236.9738213937353,0.44327378419631397
6.406076156017774,83.40661564962552,0.44343461078540264
140.40713480763597,119.23381024264252,0.4436475371776887
67.8117776584892,26.220997863186447,0.44377270575578714
177.19626315107072,69.64147632948253,0.4438248746528156
60.33665807938289,4.804799937405115,0.44420804761414745
249.75406861669435,121.00852931617142,0.44429732513885634
45.108086725649365,226.20732111341738,0.44526416058195323
29.305304743481088,128.51442857022437,0.44527079982247675
103.72511701894905,183.78687559490163,0.4456558145368783
190.14223033505553,95.4075468627234,0.4456579930801228
120.07836606528973,90.44440385432756,0.44567125635293847
42.56336863805408,102.55589866613187,0.44616254883561907
71.73849439893029,248.11538020620884,0.4470835501733046
5.079461037923553,64.6274222131772,0.44721262338646417
135.8759679105805,172.76110014434457,0.44742830799891836
80.45256797523552,68.63434977650849,0.44748339837759843
247.57744974625356,45.105756570340766,0.4475787095629293
25.982168856262405,107.02965829164519,0.44758260489963475
115.64051299436184,226.00478349490464,0.44759073698711616
180.3325187274668,175.33502429818137,0.4477816552289204
25.926906492107225,92.92854806987168,0.4480949244931267
69.77306872453714,175.87705994688665,0.44849765375835476
20.29175833781994,148.73756921647114,0.4485264124808517
32.42718076973199,223.61586290405074,0.44866097936006744
202.57052890509826,33.95511016944006,0.448784109335454
148.4549675561425,181.93406020900684,0.4489852238996073
24.151527913544196,203.64042927678207,0.4492573413661685
182.48526941010357,60.75382508247824,0.4492684617815205
156.6885830762384,225.06467461013546,0.44954666984118413
128.87930803980169,245.39276395051294,0.44961141787414854
98.23644516979418,178.65105253757474,0.44993633003691275
34.82988515285284,114.63039577438086,0.450619348052183
173.53426010270545,46.5665968998944,0.4506244252380181
121.10424389953116,90.1534830402676,0.450770098442452
188.86658040622328,220.57055160857814,0.4507714118437478
67.59070041725914,68.77342977530067,0.4509360011607127
128.0960773044222,145.04637701897224,0.4510695274248609
93.3748028180392,39.316687289318416,0.4511161386169285
72.4427707326326,144.15607110186033,0.4514318064929095
226.90138376470566,254.23855453358016,0.45191932013436037
182.61398273479324,124.9625501843009,0.45208324858658067
59.793555312795036,199.8524395561961,0.4522907057873263
228.43266966944918,143.90635289333056,0.45258982602537406
176.8279450755418,7.658763028449589,0.45263993034166955
63.01315898032751,57.84897577677056,0.45352479597476497
44.10971842180556,101.85979598443221,0.45400613749664553
128.89039749009203,199.91202993862635,0.45428958164509003
191.55420895729927,80.47410663777629,0.45442155616830376
223.04505814824546,25.963636238232247,0.4547579632248794
172.73779191533276,19.256911461152928,0.45501997670325695
74.37508669055993,193.13683092016734,0.4553044697712573
92.28885226229158,45.08885541261766,0.4554048626778751
225.44907659710907,171.78207750259972,0.45548079794312835
179.90920230010872,246.21426513447705,0.45561382256162436
192.27279477080782,76.8022067771003,0.4556481100365521
169.21568799065957,11.712415387206805,0.45571159355794366
138.02408922719454,74.71079833730812,0.4557427137862228
179.48599436249475,68.30825990221147,0.4561022368461788
61.51533117007204,10.271061471368613,0.4563147059370115
100.75099948544438,80.03916428077305,0.45640182844320765
251.05366229454816,26.59887415748622,0.4564464235480408
149.4552083218789,69.85387436508147,0.4565720749751909
135.05184143672912,12.479839594283852,0.4566193200277943
59.13631210532403,183.04006404808737,0.4568552877723298
205.91488886087973,245.77474665617547,0.4572172602566384
185.9815157543405,25.826765511202755,0.45725069390310646
55.866613772636896,159.42213094639646,0.4573211591305772
106.45302514636887,245.01350381548232,0.4575323888328792
248.16854005760422,2.962914461232707,0.4577083305007385
222.45990919103903,174.89792890408586,0.45771482394025625
250.12943754111285,1.5934877225553703,0.45778980688372956
232.63437565009127,69.0862677631974,0.45780522493118525
163.7484400316732,46.266004584221626,0.4579353547013031
203.53986857996935,45.09971312628739,0.4585685919320503
181.1110596174186,25.783838496256074,0.45865127042733767
78.22603584318811,194.49033921741957,0.45869352948596653
226.98243494052952,88.63779380575002,0.45870885133092265
232.3066777800426,140.0556431980539,0.4589161722783318
33.90688319119461,149.12767507840678,0.45905804942522305
251.4810376472985,144.46586983800285,0.4591128364422235
150.71088844710695,204.74258191496983,0.45987838991462965
35.87315612418177,21.510682797937868,0.45988820440048134
6.116764948798065,210.8548423520826,0.4604981877670692
51.34694729600735,91.84915384455947,0.46102921362490334
130.45739475340858,231.17140468615239,0.46104361570592667
2.4035188258662425,30.429702269271132,0.4611952400083229
204.52010709268447,109.48711549549827,0.4614044608377107
154.16277617534297,206.5081836966668,0.4616440466674627
219.00122935689933,99.02464136187423,0.46171145961647836
225.5187044479263,20.649148630498974,0.4618070211406043
1.5044409006497654,9.014739961124354,0.46198300917909557
11.693816748219728,25.066295019053186,0.462159056448269
18.46997206717452,108.39430275700254,0.46246466924923957
63.782153347331565,208.49156962261395,0.46252045602864067
228.30584005458795,68.63611559585553,0.4625640095578398
67.22108922119087,157.64286663466123,0.46311957357135497
144.2404918131445,224.08836828004178,0.46322135016652116
92.0151821812535,16.116002085752882,0.4633944600519085
252.92653115220327,131.5833096826734,0.46374418456668465
72.836743502844,69.9996444122262,0.4639061926809519
66.43827433530257,206.93922209975295,0.4640405577061466
121.54572309808124,11.940921407271768,0.4642620468011502
57.88911471835297,157.83686266859527,0.46430254925263326
246.77147904367064,107.5505624808204,0.4644947231825987
130.23061102904128,185.82268104907783,0.46454038662859554
84.09759874972364,28.6534583851243,0.4648820443030512
24.653553942795966,226.28838465563916,0.4651865024308474
150.75227258851302,221.28113673546704,0.46528931711781873
14.348814229171646,79.30650736895919,0.46530854392119264
46.22207425291623,151.8545813129138,0.4655002443379259
252.874628510316,163.61457163786332,0.4657923001133644
127.67392648592127,139.0076074512128,0.4658064262484169
214.69338329471105,49.733563611291224,0.46597315134831174
166.95926338578585,78.16071954336594,0.46630104879517664
64.86242891084154,209.53234369702744,0.4663319360617278
120.8924095105368,10.314514460723402,0.4667194107495396
202.40544376134648,172.42625365608995,0.4667753759066672
56.22977097817272,42.133657204696,0.46701515986650693
248.28246376926091,45.56490252367132,0.46710354979926877
27.506504005364835,136.76688366191448,0.46715896457563894
21.76929091376603,160.2801097910874,0.467334356499407
224.16653007571165,57.47468062074176,0.46747995084969707
234.9998607155095,226.65004769592318,0.46790992788174524
108.05126287226508,3.2572192187980233,0.46791894118875044
145.21688706589094,64.89832980753272,0.46797744890047993
68.1617131142518,106.91867472582935,0.46822266183346956
93.18885163789669,55.57680677140918,0.46840360097632533
1.3638875402666424,209.27122083540746,0.4686451390653433
139.81317680940268,145.09310569524445,0.46867335974623103
5.903773077884719,176.2551385447237,0.4686944158248482
179.34379624314045,200.77937012182622,0.46889896609791987
40.585254714583655,118.43548853609401,0.4694040586278521
214.95749306211613,128.65742102203083,0.46954482038699674
169.31251704797475,16.001638063859442,0.4695687494610947
21.951038148681434,120.47748436537006,0.4696277841904133
87.98474707380458,160.87988644714991,0.4697200024199079
144.7301654053028,162.75775858829743,0.47044429734730875
125.31308151961754,181.8866515940935,0.470690620933345
33.289116294953665,24.23939100787791,0.47094373996478683
204.28107851916013,187.76116080467028,0.4710523729104343
36.30878928577689,40.610442613770395,0.4711650264442042
244.79778883949723,56.126758760445306,0.47194431494808053
94.25631231695283,88.94028520965404,0.4720941393447317
14.143878196995084,123.59653301039181,0.47212873026539454
121.07350562719174,4.628946942541254,0.472245042722091
182.89766564664856,77.58379204883558,0.4727335658774
110.7109561781635,127.99086427070552,0.47322434753534554
169.86686989396986,108.86682536110115,0.4732892520749611
47.7325233680226,145.06823484639452,0.4734144332393377
184.21596185910246,207.06006987198262,0.4734858186609982
212.52855622845098,231.0895339490032,0.47377991370660355
6.235235743518586,138.2895920246733,0.47379538008099104
214.15015509027398,165.75299167994785,0.47408487677542654
11.835407867684813,137.45963840732267,0.47439954094120473
177.3723955704059,211.45004147324204,0.47459941380264137
36.2811720130247,71.95877564430239,0.47498123350448085
10.344304254781191,47.300882916862186,0.47503866553161533
216.52262497890678,228.04200267809338,0.475073183475332
221.14191270650474,81.84056202385068,0.4752689539801739
157.28923361203505,223.91816746117198,0.47534102866549477
114.36879051597467,22.307024857450397,0.4756594635276509
53.77794160212989,179.93701288313235,0.4757462537067624
16.17601003626363,30.58023944761267,0.4759496688955397
203.9275249178359,30.560727272089657,0.4759860574891473
132.62466820006466,224.04423343827065,0.47611750052763735
59.97704941626469,216.05043934266527,0.47614644092758907
64.95927659155122,229.99909921901926,0.47644221709073575
137.2496929972626,113.01463834806987,0.4765762052414743
9.265355002942028,2.8967658201068156,0.47701628364897797
209.1733180818208,225.11597596091394,0.4770754017725663
148.2157852049242,170.45165273746798,0.4771400037420735
128.84522785759282,247.49334637295846,0.47723666625603534
253.19507621461685,127.52560665325144,0.478038439351184
124.15014402558366,187.3097149158027,0.47807100091081056
175.75077082842452,212.85629610656179,0.47812037754858633
43.90291812660753,55.634173969339116,0.4782620156361549
68.98671613613794,210.7201131817553,0.4784039246124481
131.28682913752075,181.53252409170435,0.47879342767057054
24.677389040952114,166.1571772472216,0.4792794849494705
10.202141376590927,46.76750202699947,0.4793950814899672
23.51592779592912,112.84390378344357,0.4794740174659293
73.71541695163991,97.2058455314996,0.47973760730263915
178.17020975916407,101.83043301640123,0.47994614753101833
141.41107646012708,127.16899700934604,0.4800505582651896
7.343870203023861,99.2596928840603,0.4805813746517202
86.29992739252997,69.73651677446625,0.48112812514576625
109.18989143235481,66.36368404569977,0.48124182897687423
185.20587017610464,134.60163141696432,0.4816470768959009
92.49603410896526,33.48951357494096,0.48248738360585824
69.35834082069826,114.5349139057721,0.4827475047298178
122.23153903210152,126.23328612082734,0.48275650882785354
48.47233755484421,87.97587039204755,0.4829478931687295
23.914426133925122,25.711834960197503,0.48299014058123535
213.2675488892294,86.43856886253518,0.48302424062944893
176.85802621560984,27.744991707485845,0.4831227097475374
47.15700146111069,138.6461620141696,0.4831587001909093
195.85784500307057,31.453755838091713,0.48320901313109366
93.63469458204301,228.60345579361967,0.48335813765727725
129.08769569691088,91.60344976161234,0.48343310140245055
130.5751972635894,69.72143574940822,0.48346221034462417
35.44307593529168,204.03102157410757,0.48346743140630843
239.3813555311931,139.62959771025152,0.4835524475163558
214.61008697735593,75.54356308894022,0.4841853364289311
69.19178294273333,215.54135897907437,0.4843146250785829
251.79732594751312,25.98570027867842,0.48438242721177577
22.01067991071502,109.90557518038482,0.4846174753605747
196.72884235195073,112.3235338167337,0.48472913754754215
86.92240927187848,165.89230155478796,0.48480107205840006
158.8062647288058,233.15280465073826,0.4848658697593775
170.57447723910977,80.98269598282887,0.4849382946939329
152.9617438811956,180.34573822430164,0.48497324621911986
70.270442431375,54.58990260392176,0.48504138669872476
100.30589695587486,92.45634062093505,0.48510707465268077
30.625062154282915,1.016012234147818,0.48517249233058035
185.14714831719718,111.6361092514497,0.4856204095447341
102.37756633245947,48.458139695659945,0.4857515625606036
36.488630135775416,158.26070735708433,0.4858690343591938
94.81396760627361,163.3214478183744,0.48593842405377224
214.0999098453091,8.46808660772925,0.48606088914469897
21.828804698838333,80.49966382191681,0.48607132824168436
32.31747020670778,165.55737825434363,0.4861396910273622
92.1545091503338,82.89792443903389,0.48632801795594427
229.21293578561057,25.95145085836555,0.4865505296067892
15.285834619736962,254.48669275004167,0.4865855983478862
149.09454584794852,197.8722531126159,0.4866563883802665
171.2346733223496,140.29760874275112,0.4868477140178894
210.8645045672312,6.880531262420345,0.48692352762971064
151.50702210536866,134.10598090222766,0.48741944096098616
122.2733854410484,248.62092483012523,0.48744660464038364
38.80257676206851,214.70260876718513,0.4875750778929213
194.58232197645688,59.92001462917718,0.4876720956283954
130.6905938009627,198.29730865163222,0.48783472507752357
154.29900198939984,167.57213621320787,0.4880738668649791
48.19497535352676,54.17475580825073,0.4882227449306113
185.31719551069975,17.193890182044996,0.48851220287149405
85.26268679422877,223.43722580457913,0.48854184867078654
216.5677698892179,120.33043128957044,0.48861459756410874
250.93678537814824,205.85667039340942,0.4891614610022385
221.15667285088554,192.65965428782064,0.4893158508732553
217.57744408135858,143.83924904979096,0.48952144746598875
100.48737036904994,63.94131553298994,0.4895577280163014
98.12605982527157,76.60642270638057,0.48965572065386653
203.55878662959256,113.12716050823657,0.4901077248510953
97.0783269757518,240.27622170972967,0.4901761631648903
92.0849890439331,171.1220974996796,0.49025641875928866
138.2230804815936,122.17566349421082,0.4903539919309481
15.601415471321431,65.25524252706319,0.49050157662317023
71.96240923141039,43.83668808224676,0.49077886836586954
24.377884704951295,136.61907747430752,0.49097310567958136
230.210785927162,19.06251985409083,0.49112280151131926
137.6751698882741,195.49594322048478,0.491175846889896
148.49459633218757,155.08820211866598,0.49150879074680665
192.30852710087066,117.49749991222242,0.4915388944529318
158.61591107498114,172.4536883059484,0.49175642355873167
110.46819410423424,182.33598176687508,0.4918432656110083
81.44938939698521,29.697016744369595,0.4918490919407639
38.9559110366545,201.06166578081638,0.49205316704168484
6.307864259688962,253.00708622289622,0.49207972386035004
34.41273241152206,34.82004253907502,0.49243167041493774
121.94885449785319,215.02516079275773,0.49287893811443084
11.636517160731417,144.66897685245462,0.49299070206523893
164.31302412779826,113.63321380359257,0.49307979969981897
209.322045729217,126.86856660237781,0.49314154750124467
114.67015394551436,174.90664561607238,0.49340528049404125
3.417325046676075,220.8476777264879,0.49373346547054986
190.83659733983913,213.75180332262545,0.49404304557786427
10.00115222696826,159.6185776358804,0.4943374576464618
238.58979991248276,240.87316116138598,0.494547694636501
98.39796715294007,51.23556582597528,0.49534118694151713
31.555186368189972,227.37551377722482,0.49547567199568693
189.77589995355757,186.75265048190735,0.49552217092100104
130.5724499785544,182.0605686779124,0.4959479433785044
69.31640327126348,36.522625260530425,0.4960532772319514
35.45014477951386,198.22398197556072,0.49608339805009594
237.18443659098747,36.40036018665853,0.4961705450741664
201.82442990551183,44.37320653904624,0.4963351893387662
168.19846643037766,107.06721020591255,0.49648241998114734
163.06923884206427,151.56054477224615,0.4964856784097491
37.77368898018608,144.9510019299502,0.4967736896008779
215.70477410799066,89.46361040838006,0.496828324961346
111.88288250967507,194.33531473715314,0.49743528204995585
117.49263628743216,76.25242627316139,0.4980045019781763
238.71508124786416,154.66110077224008,0.4981173889899436
111.26396827759777,8.731507653470981,0.4984429450796657
234.5591860456522,27.23060913129761,0.49845616955236577
224.62362610773735,199.52856045668582,0.499028779325373
18.80595145819993,222.32460916393282,0.4992601502495506
229.00635831335939,82.88130791620485,0.4993686182041446
145.83826664420909,183.6198277304891,0.4995843055310157
38.361720269270535,206.67539162590344,0.49959350289212956
130.1719506671546,151.31364742590225,0.5000111345082798
182.93796220630153,72.99615618528601,0.5001600240902571
248.3881834021514,236.49795493353002,0.5001685371501561
32.57140694880545,203.12869542207522,0.5003670447000235
137.75374630621457,35.11682346570683,0.5006350987213819
9.772613569214657,27.72398410721071,0.5008065959793817
72.90698714436702,46.853204960708005,0.5008916690595756
28.523749372831194,253.81489992253333,0.5011322054116463
6.493927478861743,25.28349803087377,0.5011918897489045
132.154463746254,177.39289629905429,0.5012247249760382
76.68174763163474,95.10310472872185,0.5015193357163226
109.24845442878852,128.8037120001915,0.5016568458768096
235.73710758699139,169.32444536873413,0.5020441909887475
69.49642953790472,171.07765643830967,0.5021099151612498
57.615777692713145,203.7406115830891,0.5022015445609691
110.31904325182005,193.81012273486058,0.5022717067303264
38.65789530523404,68.9597497012075,0.5026508629427158
219.0309551607219,151.42762924958336,0.5029405010456185
141.66831788762522,153.01684507216297,0.5029501620708708
239.22390130933368,22.921675380181536,0.5032735807867211
180.28363948855318,253.15711856334212,0.5033506813082443
121.50933113684692,40.974045498272865,0.5033746936222775
162.4522368205175,99.6717865868999,0.5037046979733114
73.77679087810824,66.90775327033795,0.5037076073632492
70.4520650720134,216.81145959961637,0.5038456858119985
57.840794162864015,239.16654968453918,0.5042772933475517
215.59050929442867,252.18513160509818,0.5044098711046784
115.93111751033281,180.6705043292077,0.5045171684604366
252.72965707468893,105.88935073917803,0.5048274166846937
193.8220567558923,96.7127378347711,0.5053392324083775
40.72062931081188,247.4007476162531,0.5053610521333608
23.965097870463374,38.29178968657638,0.5055598984261703
120.18857296605331,93.1668847878519,0.5057133895421559
12.142723594125249,19.94423859166707,0.5062506289884072
238.708712022274,86.0786890590518,0.5063767577512993
254.02975092974788,189.20257030336785,0.5064561750961368
11.193159630221952,204.80664377360955,0.5065185374387783
45.39490873973309,95.12469728193246,0.5068970524237795
228.69518106607393,48.820270592987114,0.5069762618751991
74.00551521437666,4.100049414750643,0.5075488663308861
235.4496894591992,115.80697220489412,0.5079699213797159
50.17033898961765,90.72508237019392,0.5080269962171619
32.43156004775796,111.42406145742541,0.5081223455971754
233.21077986999467,49.18381736598761,0.5086202229679826
70.00483446712914,210.0159770150564,0.5089754472109974
73.30385879505702,115.0194793877564,0.5096367839805112
81.99469819682459,31.5005662821535,0.510027155424845
252.3507534869427,159.19139981755694,0.5107482620272855
213.14653394391613,196.91354789468755,0.511036181075276
147.34105420699967,36.919903326469516,0.5110915269867238
95.11543540714352,47.91234673707128,0.5115064305698696
94.80462028319369,120.46419417785553,0.511728673932674
160.63087492307514,60.90688936577355,0.5121063795667538
67.12061595098726,23.028094309983302,0.5123906592456408
128.19229728951876,202.70623549910593,0.5124180968148574
50.299748249622034,128.06847318367366,0.5127036255326224
213.42252933728065,209.82338440494354,0.5131730574139036
135.01933233774628,105.07914695773351,0.5133768434981413
96.14153519304442,42.35814476443091,0.5133831008956278
238.35903058032665,144.15434439421645,0.5135345485117623
111.68389466475988,100.37574849711368,0.5136162629657657
98.02093854119674,204.3754403407416,0.5140416660270719
53.78890847480066,178.27814818871278,0.5142151142278192
190.94314289457225,121.5514034179306,0.5143336442307367
189.21172900201205,74.41152387565671,0.515050757559798
171.97246163144527,119.40923353474923,0.5151239241225619
4.433308411429091,59.24748258602701,0.5152729117734147
210.83322841156266,89.32613355434866,0.5153820522391894
79.48547909088107,218.0464198877711,0.5154958722687745
135.14272221870175,236.76592593385791,0.515667682505927
222.20405667329604,124.1399140373518,0.5156711812574583
203.46409873138145,203.50513924536676,0.5158426759985373
18.458860597540866,204.5699110297979,0.5162653690573307
165.09349541706257,45.54254870083164,0.5163208285778779
241.15876761930173,206.3103981241736,0.5166160749513552
46.956157200502695,75.80846231666122,0.5171739776442256
2.7878379998050855,105.35749631336772,0.5173104132288753
194.18751526564714,159.62346710468867,0.5174389649192082
66.01207056251623,204.2462056697095,0.5174565126885794
30.6664086648062,158.62979318375994,0.5183246459374825
189.58576977959302,177.2965216005922,0.5183476264333905
52.50375548389735,229.95019539461663,0.5189389498934526
251.18012269839696,121.99768055999618,0.5189951841428935
162.99985792826266,80.72540778812544,0.5193740399984954
30.772340106650937,190.78402691703667,0.5202717275438093
125.37156627428043,151.1499886766708,0.5205628404490614
12.17008454930723,237.88703904065918,0.5220020280599931
122.2189793278265,58.795308720686656,0.5222380121664194
210.27848440438072,190.18925715498554,0.5224187625472826
231.2570593149055,121.75416378413232,0.5227082272683891
33.5316509483855,115.64061344953969,0.5227183720643556
79.9995368995945,41.798241303275994,0.5233781314205799
32.27373414888301,53.91067000632786,0.5234623267163009
80.88293020437455,161.07217638545023,0.523921213714245
3.9061420560172957,97.84305315074364,0.5239988320076295
93.55130378154807,194.94625998087338,0.5241579534876806
68.76259926756536,112.20794716334267,0.5242688013681228
246.61710742134548,44.68031864957198,0.5242695207027965
106.36968664831835,205.0726496777528,0.5249184754181175
153.25743934741095,32.4189675609042,0.5249846716580852
226.66987960948455,179.3805700771498,0.5250613073393554
15.129371120351163,167.39210869423508,0.5253792469547997
131.38370355159444,173.76809469623797,0.5255062152436575
216.3833459551096,159.48661306498792,0.5256117896661973
152.19851782834903,167.9248197454448,0.525819331476765
147.54712651822723,128.935810505537,0.5261101827013696
62.365829902964286,120.79150659809464,0.5265307242225807
186.96770221034896,142.6543702571989,0.5265315421751398
120.20605416184841,11.082610195162234,0.5267796017418769
35.29099098583326,243.34694805908998,0.5269529595559143
174.77106918499365,212.55558674857073,0.5279065178152239
68.64988045372878,59.78798733853649,0.52791780450613
243.21697626918512,131.20009034456618,0.5279227472250014
146.91200900944546,158.46142728819402,0.528086659936352
20.388897525348852,212.40422610756505,0.528236466909152
27.910932190298563,182.3167811001342,0.528266981675624
132.37714503835946,93.05336780982815,0.5283932935340773
192.9636484463045,1.4973120157751336,0.5286335707685373
203.91135523686089,193.55218639089838,0.5287013802335635
92.54233086675308,81.79450922329185,0.5289372709125276
152.83621775687416,96.0658613333165,0.5291253684592786
66.78153729761013,153.99059409768802,0.5294617244163278
87.47529422334777,211.64230098550829,0.5294625393939103
171.9401193386824,157.24524454773206,0.529775734741288
189.93222381782493,87.39519173625848,0.5298325919659778
240.86283685791213,101.74412375573428,0.5300809960836503
129.87944367020674,225.20449118019204,0.5301327991120842
17.025112615400165,26.484360011897152,0.5308235768896159
3.593473838145273,13.364919033945638,0.5310475455301114
178.52030397483023,47.23950157207641,0.5313125629743067
32.4128552709867,161.22559286959546,0.5328496201279967
24.410641505010037,116.26828747428773,0.5331288142273172
253.3170884978966,147.16387152981017,0.5332724274994711
157.47087892604114,231.13151096645836,0.5334777863165427
172.79944592579687,16.718188986805163,0.5345621385041759
48.09674915286931,179.67377385609703,0.5347006048309265
216.30834828824595,211.4535209558087,0.5347748789976413
215.383903143629,125.1024241305488,0.5347876447856214
216.33646298012195,6.069849821155433,0.5352043746134847
10.424696831477739,32.987730276927046,0.5356710963539265
102.37901961566604,9.137478872666707,0.5357561348125823
165.50316713954768,236.01025281394095,0.5359582282760934
231.79938791609217,238.90264430726003,0.5360177794139197
76.99647254680724,172.07479765174037,0.5361273281390776
106.63732126393204,241.83769638478793,0.5363141836018063
235.894746868405,196.06531210234456,0.5364012243581544
122.61706204092928,189.16417062528257,0.5366338251709083
124.89958168167699,253.01899911873295,0.5373237217936514
57.465223426680545,205.4919784471866,0.5373529861743807
18.963914558597587,110.12080695508966,0.5374272769485585
183.8890302410595,31.380905464533708,0.5374429878024397
180.79818643496057,184.84192498354216,0.5379577491284823
34.726850417408386,247.36172006056796,0.5382861840777559
123.7306348840884,41.86628077865589,0.5385961399549398
127.89085522263576,186.61252582146085,0.538629897707511
86.4774454400736,121.76310516634106,0.5387595336048502
56.40681266776227,105.84553148611043,0.5389363479790422
42.73753901628134,232.61153338852466,0.5389647533261014
122.67868106907095,108.3524121932345,0.5390049048384978
85.94837014228135,41.10360116520369,0.5390319007405617
203.88253899583677,250.49772504325637,0.5393789025008061
253.05118355657848,180.10377660576353,0.53949490732868
184.05261083432526,216.17953958055173,0.5395364414679779
206.14466703045312,85.74129209784282,0.539575304404787
109.41606739046819,18.096281362929382,0.5399309741285139
228.29819431258545,62.34425052260483,0.5400063526552149
72.00563845470843,191.80609707435062,0.5401950793719696
6.630121565249423,113.154058461458,0.5403555184075985
198.14401651592647,70.83588070191435,0.5404534418639099
253.72102554957328,230.92021699361482,0.5405176713183076
232.91352029346305,210.06564013492672,0.5406263362167141
191.77676189426373,16.34131053322093,0.5412063222758386
141.555844552844,29.586493905990466,0.541317436994507
181.342223030145,164.78706106729697,0.5415579399935243
31.985044129280585,220.0240930004029,0.5417784438636212
150.04143055126195,150.87708577200743,0.5418135166139428
109.84775448812168,13.202336581271842,0.541835463829375
102.37357107905112,54.137386162401995,0.542761794543334
105.69259875226045,170.76707309982402,0.5428169651213233
73.00554406868855,135.31984007517224,0.5428407317579742
202.83744496567525,117.57570379026929,0.5428843461586145
206.8918712653354,144.23791500372667,0.5428959769583169
78.74592346633655,29.944979143100284,0.5429011798939881
124.61783976240348,158.46709337368515,0.5430409722739642
242.95490201173916,145.2173422542608,0.5431083340918381
158.85237022362116,21.010140397365458,0.5431617404535002
110.6828123756847,169.2384128561421,0.5432176403345429
147.3978503440598,120.93093924513015,0.543357219800083
55.81911453773263,118.85890600569151,0.5436223061774161
40.97571838967637,139.87824571341906,0.5437812424984607
91.25640967637015,183.5660979890092,0.5445641162219422
171.16407798418362,47.94528785207571,0.5447186924715186
178.53331851066812,119.94958721822844,0.5447209094470463
224.13678096623687,107.84281762435432,0.5448189010552305
238.1258021010365,84.48523398515388,0.5449638235539349
140.69834781729284,165.37025113583582,0.5453123343294514
82.01718041484715,202.35920749143662,0.5456345399590629
117.68703543794608,100.45021109186644,0.5456595161887027
198.3124822084202,64.30756906243576,0.5457725805952561
149.29295808227485,124.42192721302766,0.546018142740297
212.52575175087463,157.93978777402288,0.5462129192135916
122.44551105024064,42.30298136347923,0.5463056289709775
218.00976208835948,163.40154068089404,0.5465788443177471
9.310422926354121,214.87974073729893,0.5465991460130915
161.0981936391675,194.9963338622898,0.5466527846893138
137.63855719524827,115.92872633489343,0.5467784385783777
162.57574188651566,154.18223038378804,0.5469257055020246
250.91510824415252,106.28103726710572,0.547048420596628
123.99625845149818,171.33003794936815,0.54709859128523
163.29849052621623,159.70403548926302,0.5471320206136076
73.83554075720838,70.91064163993484,0.5472073829080285
208.72866381193418,106.76556095536226,0.5476398576987072
127.86953654352394,7.264102850209284,0.5480348085044775
40.302656854895694,114.57355105473793,0.548514935045379
168.1012662845522,144.14690377998969,0.5487083351487748
197.06824215149635,14.001743883861574,0.5487997105227902
22.50930329972998,135.5070703757233,0.5492749512886433
236.9631432733144,219.93084406797337,0.5494446875839942
39.69701770895411,251.51262738384673,0.5497267219799089
92.63234463263386,247.55590206533986,0.5500987448791347
241.97655386783703,180.6102197344113,0.5505599839621096
190.50944223240006,144.87241534521908,0.5507938776926695
58.24372768774435,46.44872106016374,0.5512195004389954
4.184729297395586,77.98651866566958,0.5513271061403625
247.54048037159205,47.68466299940289,0.5516272328444456
196.24305979574413,127.64120936258091,0.5516379560446903
85.77322790029399,252.65656593087925,0.5516620354618593
142.33163367482894,220.35439318025024,0.551898272374142
13.01539061508329,37.06319775496561,0.5520545420933956
190.5062400364644,60.08080663478812,0.5520664554485849
94.81827504235731,81.42736017831635,0.5525010683137658
74.082043531268,47.15087942332656,0.5526363243015735
230.62870223862274,112.5942112976398,0.5528197611218879
218.51161583084973,35.68423615574981,0.5529744269513843
219.16361751472544,119.85347074309358,0.5536945708696307
190.14291429597,98.78542638527202,0.5537657600959801
28.530533934982575,0.5190401242164505,0.5538226277348233
95.9953305447345,229.44348945320473,0.5540377719766014
250.925137052899,174.69817620076844,0.5541906789636609
243.62220985581976,30.33990126739554,0.5546224886666693
131.51567342291335,195.47287196111648,0.5546983018889536
223.56494814350424,226.18481888715598,0.5549286631604036
146.52808154657504,212.6581831121595,0.5551539856712238
49.1007196865353,15.364729770263615,0.5560851983933629
117.10713020103422,69.02228428274928,0.5562282835610776
123.62482122831824,232.0105110052997,0.5564806106147157
172.22438702337686,119.44807778450505,0.556498431039403
130.2994477325797,82.62902654381226,0.5565890544818943
175.05563945488268,248.37026048791563,0.5567477322695712
76.13121444606526,210.02369580820454,0.5568576590790932
139.1794045486856,129.19702626981802,0.5569504654495733
200.12227953997518,25.336767808743378,0.5570020333082778
45.79069611422387,174.3196467581678,0.5571859322177694
113.43848155499845,25.43589331898024,0.5576843993984136
76.76068316753364,105.38941675549792,0.5581541228710236
218.29609800306332,53.24273056889614,0.5585208037291732
53.13334019189738,71.70392704354741,0.5588492757628956
226.01394974899927,10.592681745943702,0.5592508084715796
179.97219338017817,189.21901361047964,0.5595050039294385
0.6014392698565063,92.57215832583783,0.5596744805658398
201.71559076489882,70.73005938807427,0.5598417384559504
3.988714980400634,151.09335674011524,0.559855099931872
157.26872508623143,218.97375417018077,0.5600458197412319
162.38985353200394,41.03985767154184,0.5600795926166091
165.9676674555757,110.90143525545867,0.5604054869570988
13.04025483044101,202.48037163824625,0.5604208570801088
131.77460968320307,236.04480018563513,0.5604499419616483
46.609854731864296,211.62322591558825,0.5608829991299915
134.77137410299545,35.93605349786547,0.5608986049087167
41.54492357723013,21.325681772190475,0.5609460148655019
164.872060386964,254.93592789432805,0.5611718831107165
129.05575978510697,88.63499626855405,0.5614457260082012
184.3418075389596,48.427548663321296,0.5617724102157927
27.405249373642842,136.58685790273796,0.5618686605772446
115.62307355057767,148.78366488498267,0.5618756128015626
189.94944703701472,117.64201923703378,0.5624398192260267
134.65495225968056,61.19065178307357,0.5629066976410712
10.908370071307663,89.67574321752181,0.5630999151459586
94.07846495699327,206.6028564565882,0.5632662496557433
225.06680590599373,135.17860665895645,0.5635208194201615
93.41818146623409,200.2670826111927,0.5637098472023252
37.9220870520552,189.34906056851878,0.564837384731731
141.05789036483185,206.81111439062218,0.5649195137635462
72.48985740920794,47.81535495830255,0.5649912854083916
44.872823481902785,24.257507785827173,0.5649955510901296
100.49655795931874,148.83400794425762,0.5652314385676476
125.09459399752583,220.02278312101575,0.5661804375327152
39.74698528922716,242.6698051407947,0.5662935435388395
178.67064870913833,165.0649020582086,0.5664164054877991
132.1845409816153,39.23584531236071,0.5665467955664061
63.88056714514463,195.1821603933174,0.5674374673651693
103.60617301646805,165.02850727401685,0.567670884140265
21.97268142130643,228.79341316978156,0.5679073709456384
51.124942447145976,125.00692875660323,0.5679635481077481
85.686471588028,195.25077974739187,0.5686921985672588
75.72933718085508,249.00190025725976,0.5689631598679591
124.13919515243448,192.35527810514333,0.5689822808522492
143.54455073081564,188.26938707409835,0.5693049487071251
141.87972730167283,40.93773917643032,0.5693753673565571
225.26038964506637,182.3357196844718,0.5694829870307764
120.34302146777665,13.041014559735062,0.5698320503684989
198.59334439404208,221.70405455605862,0.5699333542727703
234.77738523382638,181.32637243865773,0.5707093383169091
94.98298656993411,38.592415392057546,0.5707158954574433
125.56953028362068,122.77126459208517,0.5708897510158706
75.5870079438135,208.24134496090994,0.570997835614451
13.430550983289347,170.57303810049186,0.5711861236630665
22.63152205346949,181.84919487440354,0.5712149368703947
75.89244865323724,43.39333429293379,0.5719375031781377
205.4678748142267,93.97838321819602,0.572145864613467
114.2577625338286,42.43700025955303,0.5722768628229736
176.74077091336488,98.62606412241747,0.5727997221902923
189.16915617996597,214.00180089319625,0.572978108141166
133.10129956737507,136.999777921774,0.5729822126889478
174.42886896235848,195.20728147370468,0.5732861013181926
76.18366178893518,42.869488320020785,0.5735748974099921
100.82132369671297,97.05365203060384,0.5736023059420918
14.93863635207666,121.32446133901942,0.5739739042410131
231.14788613935102,47.186561655000546,0.574026886752397
30.328324485337667,168.86017484918938,0.5741889668462589
211.21319038174568,207.6074487672373,0.5747160645084393
21.17632157173419,127.04845430376554,0.5749991540027336
107.24333035262468,134.83544004408571,0.5750671374124183
2.978959142048443,47.787325809327356,0.5754248314330409
200.55272760809498,40.30645860382031,0.5755664147214238
19.503849717658902,19.470889731487226,0.5757811079487315
219.3020298852677,134.44558220415257,0.5757958825998143
75.44776800365847,29.16781840903944,0.5759663032651715
67.65356254723838,27.207651642681306,0.575984406553063
35.32049757836327,49.664078891986044,0.5760352783999284
5.771043760805723,33.144429548974394,0.5761521245373251
183.2220486457194,236.42810051910368,0.5763923537842347
10.883548569434868,52.001081427245225,0.5767301877900365
184.4486879885358,71.11654018670926,0.5768341725529367
85.91130315294971,231.65779181013792,0.5769898612773466
204.05279868352477,137.05302002613993,0.5775122224986737
57.30993104020256,89.88266163608377,0.5776609900101671
217.36258407857557,126.7126788662786,0.5780192286485432
175.59946447167576,238.04147242047117,0.5780579498573846
100.68100423094897,35.81247804180574,0.5786871369920781
72.29497015325444,105.70509550678679,0.5789422455230077
150.4309057787046,179.2758836266237,0.5790171606042167
188.0554202048891,111.43852386416928,0.5794207453774379
245.6827222093735,189.79525131953744,0.579755793711555
226.73132562403708,239.15037520382745,0.5800293395113635
30.659418782381618,193.39827115275105,0.5806860579256962
239.86077797007601,51.04474331469666,0.5807123639436346
46.47798493867391,159.98171156008323,0.5809220245470363
57.483029955613915,141.57223692838437,0.5813043197865079
44.45822806570013,159.45463496695007,0.5814332792104113
68.19720561827262,220.71521410538736,0.5814964012874997
242.51761479237476,233.29165452829702,0.5815225932158729
137.73606202412643,92.77776857711322,0.5815995825401968
44.189881939335436,74.42567332345203,0.581627128637658
203.18480938410462,58.31023132983278,0.5817756656071306
191.55803847828327,254.28450735982298,0.5822133192161363
206.1940655763121,214.8124190234182,0.5822403731510495
26.426135610996436,148.98016890939616,0.582245120824387
198.5742375017839,244.16924679755013,0.5823741525600047
13.693772234526175,202.5830062710378,0.5828150015146717
208.76365521263227,214.4143094328021,0.5829092314222473
83.69932653551079,90.48086950740806,0.5829405476672732
142.28021331207458,223.79810003255986,0.5829901227004554
32.58062858875819,183.88436100993525,0.5830276991670614
131.8313960219642,95.58469932013752,0.5830543349537023
152.45366572502115,46.336177382196084,0.5830544768560416
207.44566354824147,26.0341761661686,0.5831215937108534
109.25393143149111,78.04548305850061,0.5834076119831909
55.92688364582814,139.1869925219733,0.5835472323576001
43.60616067482976,231.2354460299011,0.5839744980077259
202.73809032397838,217.9686916022301,0.5840421612532034
39.72664943427598,76.6565628232539,0.5841341469869236
173.88669718416392,33.15548736516811,0.5843898672652705
9.454631091557168,99.90676650197886,0.5846014313234641
139.93418651739287,170.67438012977243,0.5849796345060655
35.63424371212031,17.545998215456862,0.5851675795467414
163.2490549203393,241.15851256310268,0.5851957682481586
85.21046562900038,198.93537193063193,0.5852454022995951
82.0075651451094,2.6006336329336155,0.5853885813030066
65.22016961704962,60.65947625300377,0.5855742749495956
188.57881466910814,151.3727773579453,0.5857026364009307
127.67313806972506,206.34580620846188,0.5860258831041362
78.6692636914258,148.86626242309381,0.5862608730275912
85.25085724505539,230.14839463681804,0.5864368195739602
172.2069274160468,70.22071387927564,0.5868005222943293
80.48673787747433,172.453472766565,0.5869128204658096
223.3601083078471,104.57533013649382,0.5876360212568327
0.9364376222544829,224.67951940494132,0.5878977310667881
141.10405942189374,63.141747465757796,0.5880182702650383
171.54406914818253,126.91031903694977,0.5884177093225361
23.425394654362808,45.03099672141928,0.5884294572789736
117.48568421107237,180.25787847537956,0.5885084080320424
196.02635830914338,15.48599454381737,0.5885323302163742
140.9838138945438,81.96681545022624,0.5889989028194174
207.34997629559723,164.85153838791783,0.5892378300035112
58.30792733739388,5.949260649306674,0.5893774277521383
207.82961917543827,41.3184679335348,0.5897421843112637
239.7676008046831,58.91570034542141,0.590025057109356
212.1034088323553,163.55286116925828,0.5900977805969728
225.26656762238846,167.45841094586538,0.5901081730235029
4.170556569256901,123.03788792248727,0.5901151811542941
246.70277072818115,175.5736197306351,0.590265557719987
14.45686201276773,94.80251049434145,0.5903865424616489
49.8768774484827,7.8758655521352035,0.590486586506716
44.68862796979727,189.63704273875146,0.5908614134505138
177.75387678369572,218.84053987279637,0.5908625403977301
236.99425269341776,138.92763775454787,0.5912947761124192
41.579846290044614,92.73004113646928,0.5915458793106153
46.80955570856944,129.41404846510352,0.5917325649524465
113.41142577524771,28.474801727405737,0.5918797202329873
162.982469632964,83.2843315708282,0.5921809154431632
123.68668022458259,79.56516889605054,0.5932009943608693
113.88449449408425,31.577744216474123,0.5934856037142733
8.748840732438454,108.66875021065562,0.5938808690001903
101.09209631846721,136.3673506629625,0.5940393606598847
40.17605503571967,103.72387733029916,0.5943871849484087
110.02307002451349,228.11314460565578,0.5944078852796073
87.81713704517378,66.87788865904228,0.5944413034266416
36.45286042640362,207.24434126511974,0.5944802306214833
40.79555215386754,44.92909044232102,0.5945033220833811
154.64766499206803,48.717934976458416,0.5945044337247425
218.55097601048462,184.32220580782456,0.5949809112167194
59.127341653346114,162.92684878508052,0.5950107110055097
1.7877192007114617,33.154057218148075,0.5957645909129734
118.21695842228067,38.88754039847736,0.5958960033583756
127.40805388343536,154.17092209202494,0.5961366695288434
70.99881776336262,57.91326162122094,0.5961445433546674
205.29655081737315,48.28642232163774,0.5961555059923099
174.91418466496793,126.4439896956473,0.5963904272381696
73.02139084180534,133.1753301747233,0.5966004206529245
140.4153818191761,186.46679554775983,0.5966316465607883
232.64038610964488,192.44302677471626,0.5969770980025668
225.37409484228928,51.87220978800265,0.5971621321541453
61.60227955300592,87.48078876772209,0.5972842555374646
142.69981057766833,111.14139785229004,0.5973379820514952
172.69176655592747,251.73669102207288,0.597580845375362
52.8839028500455,6.165412996587567,0.5976949370574673
145.46222625946749,70.21940031479859,0.5982243920587061
163.10973139478665,182.1805892792599,0.5982984281280264
127.07557511315571,117.84505581719816,0.5993547574996005
213.7926055359757,152.87104516530903,0.5995123037041502
28.129757542721592,99.22472849993464,0.60002001171341
203.39331381093712,208.04846460634894,0.600087173754294
105.62404674538442,184.94913793058421,0.6001466991556094
105.88206354131438,204.83283485996628,0.6003354290299763
176.48221772459817,242.80242918607786,0.6003793054783945
127.88184263884303,93.43721360636411,0.6004712018595734
26.050480613675315,59.87788001796155,0.6007002117972183
29.467477814869877,228.06821975984911,0.6009934022438193
162.2527601612593,219.52059168844315,0.6011750530349874
7.6116055923614105,197.9570688490784,0.6012617576002
155.51551012834355,211.95978627721502,0.601270568015366
46.8877076517279,79.77619925679227,0.6012889270695881
110.71546116015023,8.232507208430759,0.6014258093005298
254.2333863880393,130.08604330053268,0.6014842016650719
12.539189520038866,253.78613486261526,0.6016336472555863
2.9013445092454164,87.9666465394123,0.6016817829628374
93.26131710986581,2.7477548818646946,0.6018437023264898
185.2389546518562,12.145047107263128,0.6018827219957266
204.8118221159893,4.087015479769373,0.6023814878954147
72.39228051057037,87.47575068713486,0.602929838310338
99.1329263702643,45.55284629609244,0.6033502054784832
110.64649398975048,12.156737983734843,0.6033873677497327
194.68696366108512,118.01621087262534,0.603394693180746
205.9404454828584,92.25007788728027,0.6038504597271649
126.60395420252513,209.93410394762242,0.604154670259718
236.6404466317153,49.41939632753453,0.6042945470729678
83.72581039070334,185.52281188940077,0.604299211865224
85.12089616775876,150.85138747537843,0.6046384079075147
93.74125457131468,89.98911412043093,0.6049207287742224
227.11527014165625,70.90894840075491,0.6051542204970919
151.61769453174296,96.13951939716041,0.6054534765323805
64.41603823581207,237.56935121298739,0.605453908363103
53.61508098326385,205.96970264635615,0.6057335946614666
252.21155912001478,224.87751254005738,0.6059386872400044
38.995203872890144,20.693163815679622,0.6060727886968563
249.00654090743544,219.65295801738432,0.6061341424870436
30.467952196677288,129.6682789813002,0.6065233443635452
36.777602100787156,148.80218224001175,0.6066700020770955
88.12178121451545,34.7136564384083,0.6074267603362666
172.5767125516883,118.55521288079876,0.6077205721474178
99.28089264439578,49.736312323579924,0.608187902305692
253.32329543294733,178.25027164717616,0.6082235512477786
252.30222694771396,191.99638005922296,0.6086177717700931
90.6017243934472,248.87573469171414,0.6086241713379785
168.29932572823228,142.10106186426606,0.6086336280565723
146.83697396759263,187.31311635493765,0.6087426851991653
114.57232544917636,89.22888647452073,0.6087998339791219
43.08242644498888,38.72474000789723,0.6091141762129396
0.5752740063755224,200.79581570743704,0.6098468984804745
154.13720767235404,99.7540969240253,0.6099956795229562
240.26297393528213,132.77966768791222,0.6102927910919244
69.85237605831846,248.08196313539923,0.6103071636968647
199.67767855181944,249.48833812800416,0.6103446722984551
118.4366348266402,110.54592552454541,0.6108837041322018
124.14231101514072,42.95173421431335,0.6110834957332346
187.79339362309668,173.0214473553837,0.6117093515131254
58.63138504517686,115.57037280966215,0.6117240713419914
31.543436406139783,111.65355324345204,0.612027880582762
155.60282193917462,15.183063584722381,0.6124419689757603
119.42285760710953,151.2888408059544,0.6124695496795679
140.99436077749857,20.781004682876734,0.6126544159938855
75.63062031333575,159.42275382965505,0.6132376339237832
235.73723538626464,65.55288431391489,0.6133850417393011
54.52892417222819,209.47767121189779,0.6134534022166371
45.1349761125407,212.67315638094354,0.6134559956402285
11.36403886599293,75.41961157272722,0.6138011423703152
57.973912955068585,141.83876262786433,0.6139943524479983
51.51727352905037,179.98781281065888,0.6147092819255974
105.43223468326583,12.788563080378667,0.614783272596807
217.5229574478953,217.1060964989255,0.6149053527137005
217.61432670615818,204.77706398431263,0.6154272098857884
67.23191109276925,142.32954225514376,0.6154900768228324
49.052523899164875,9.880017849839279,0.6158595186674207
218.31834832432594,76.1441172750394,0.6158716099293288
248.4050219042604,199.0008320447939,0.6159274179456048
240.1810805628887,96.35823735668025,0.616065059830973
170.34682095315534,19.521420654912777,0.6160698835354629
103.37112502087942,73.95549254931736,0.616222512138407
87.33208059715211,57.20234313853068,0.6163412078289194
214.86590957388452,235.63696858348624,0.6164327116532934
106.1014635879003,138.04320787919679,0.61650277797459
152.95311911634687,209.48911365032205,0.6165615517192523
173.88986085872918,54.16091589700013,0.6166836065844381
127.50720970120798,66.77027041722258,0.6168951080235726
111.5544013057593,21.69158975355757,0.6169326573543895
28.65685242764749,213.6080918605961,0.6169723796213145
216.00792253375627,80.5667484926944,0.6170744224997563
204.69140943615577,173.85562786380405,0.6173592580911043
122.97155389062075,234.53268544829123,0.6173837527537308
10.445516677129852,148.85770712613788,0.6175334587825693
80.77871258815671,31.937739347360797,0.6175341006115829
219.96658664186376,196.32464176208626,0.6176328060093925
5.729727221931672,38.55062608167701,0.6177363457661739
98.35745633769174,49.774237287576966,0.617777568502464
34.085502320710205,71.06777086807269,0.6179331170951625
55.27391986321163,244.8370490473419,0.6179900704935578
38.22901784240857,86.5624076459975,0.6181735740050022
171.89152323580475,109.22734558804684,0.6182463119936754
220.06362384691653,34.03414095431691,0.6182599288551894
228.38249877064152,232.57037130595265,0.618284342824021
144.70173812372028,74.58434464117231,0.6185387807545738
219.87563957741256,128.37734271432748,0.6192116910885619
45.01092082603415,1.9217234593758648,0.6194492443499008
197.62619387142055,101.566847001989,0.6198929707146263
210.04024234967267,72.21125412976917,0.6201027599261172
27.749475517122594,79.27826886528887,0.620344465992484
175.26964224452863,222.8918869880075,0.6203899517929444
148.04969024340156,98.65407122555366,0.6204314111086233
178.7561894606469,252.78785692360313,0.6204485030020218
29.738202939421683,52.58843187358282,0.6206727657738987
129.10195894429827,156.36630172229374,0.6210889889689801
233.20466665646975,140.0066734887405,0.621664138356342
233.8515981522407,132.65240121243832,0.6218022487481732
178.9131722249176,211.56976182020477,0.6219101892153213
172.44812850216448,51.866909744112384,0.6227133198185766
122.70886396535717,251.642604632113,0.6227584896615938
212.5686208219147,75.64829276824032,0.6228882732010514
241.8944823015387,48.49553182877062,0.6233153550700942
165.0362469758106,24.660746347764242,0.6234752841101084
189.2991296026742,99.77785340170047,0.6238761675306299
182.48819331750664,184.38473484864812,0.6238966179676313
172.03871019163572,141.1542630806433,0.6239356377712093
182.5228246263743,178.24988090803663,0.6240723441001973
249.56331044117204,43.529245574973345,0.624110846311266
40.22768858855486,68.6605040258695,0.6244053891857134
140.81157766865047,63.66119912341651,0.6244546909772549
87.67666297983575,146.20987979585615,0.624964273152301
126.72836701426594,105.02152654766611,0.6250988681804907
28.790848346089856,175.18260053685998,0.6257776029019819
73.42018365103097,22.599457027812875,0.6261989231187778
72.1204262579325,190.429342664447,0.6263934617372786
82.96670385279367,32.977548769482986,0.6269119357064253
185.1732803572188,240.14422332162624,0.6270554730229845
75.13321740315598,57.400625708602135,0.6271816788361737
110.58116072355953,221.2413535876579,0.6272207997755019
80.85874918726586,171.91761935087777,0.6279087834296962
100.87832674211664,214.2653687176428,0.6281124646502433
43.449503769764114,153.8631795107535,0.6283633233511399
7.291873449842567,14.828353139278626,0.6284522558295312
18.814666838307144,55.67611020909911,0.6286202576547429
70.29014320126002,4.446976659207846,0.6289861999593501
82.00553097436442,49.664708866090265,0.6290136095885311
67.65136000806564,137.63704645917676,0.6291939453408789
9.946014228826549,112.56364076620547,0.6292265124106082
25.3327995038589,9.061287964074316,0.6294692292210025
88.87029835685699,52.755907303020514,0.6295321464102794
59.5007841772112,173.86066859440803,0.6296087251170832
240.027615658191,186.48499499186855,0.6296509833891268
140.94581565391223,91.5579246243623,0.6299094363095759
150.5520844663341,54.12860862891662,0.630004961159781
38.44417456781851,235.85337115536635,0.630045124366019
13.238343105310605,102.48595677411903,0.6303209542564601
225.09546005193104,140.55744192456177,0.6304748113871608
195.96853537387884,115.7412595663146,0.6306144150271534
221.24856828785767,11.554066990433517,0.6307752445290339
155.44297294822883,213.3312442341439,0.6308348137344643
33.50168393330389,51.588690020292326,0.6309799663202448
64.55505180367743,169.61607644458238,0.63127851222224
205.89836714591954,16.0441845070372,0.6318020144735579
8.939503868106783,101.23050725168686,0.6320768582944047
230.52625413421183,91.09571411341477,0.632354495942109
166.61163279180494,23.913729893302257,0.6334333178498764
32.979723086034134,72.28165961444758,0.6335200762224764
144.28008363539922,166.9191708956137,0.6335518427438587
133.94593021500512,204.11834871402397,0.6336806298215676
252.7938674366765,193.91896473393948,0.6337369621340122
227.24096956741272,69.0162559969128,0.6340254469241764
28.07474004655013,109.16941887952756,0.6342790322816554
239.73988957619193,142.22009620089227,0.634443659867797
238.4482942024791,49.9081649143653,0.6346760744992803
0.014708367492466956,215.47943063218918,0.6351770709013088
151.26313683853482,118.13088818644144,0.635837043598776
252.95337794737316,147.41034537762042,0.6365316648792106
11.792182192091872,184.23286195886945,0.6365798944951901
123.4073960411244,36.63287706976022,0.6368092267894335
50.88094856259691,151.094943281365,0.6370353608417122
108.8897046504435,114.870275032454,0.6370995908374144
236.72753538009908,52.52099946374746,0.6373182096680746
254.17748065421137,164.9785431251903,0.6377299065885497
231.13454230229263,232.01590270511022,0.6379237312032345
148.2800020268301,125.99202855201422,0.6379261977589116
190.20092861531998,146.57169619428186,0.6379782828000985
179.81849440522467,74.61034207650752,0.6380290718324356
248.57092411887328,60.15479940795387,0.6380839231622141
10.423810165795826,236.54254020874495,0.6381040817932103
27.111107887561413,249.04009331094477,0.6383644576057527
37.88589798628848,45.92276782171045,0.6384703412405114
196.46398925633454,28.606164842080062,0.6384767715378086
199.87544382504393,8.163608849989515,0.6385416862790769
41.64184437941348,247.19427475006964,0.6389598524120385
180.7695750249982,219.9779553701894,0.6390809741366608
39.0445474532201,185.39110489247383,0.6392316349639812
97.22493231551967,158.82723469784457,0.63929476565615
160.21392260731386,112.10233176476481,0.6394204595872379
9.451819566279525,162.47798817008055,0.6397046062375866
200.6048049936663,250.66551202449844,0.6401480385381456
42.16426442267847,15.409630103286904,0.640464853689419
180.3029952683228,12.77954628949583,0.6413721476386117
128.61467567665107,26.89622388411759,0.6414435194090206
131.94021404341373,106.01355180928071,0.641513445211368
34.053305170095584,246.5594777395515,0.6421898412626859
253.24964360538306,210.9098783852241,0.6424697903260818
226.58327266789178,213.19927511816098,0.6428519279694176
129.94360345366704,77.97442078974326,0.6428872878831356
29.798920238193574,222.11000349799988,0.6430210339102546
184.96135898802265,233.66284745698223,0.6432969289293323
161.71345159387283,132.51335871706388,0.6435193509693597
203.83256735264143,28.843574666476425,0.6438503653759964
130.37284645450046,165.02642334246593,0.6439397319661656
39.00853460504965,142.5420000192331,0.6440145731958007
217.7089707956138,180.20712628756405,0.6441129159779242
0.17724925192974306,138.60655356071254,0.6443324885902181
134.17477202943843,28.7780663573742,0.6443957059114716
85.89517601038521,18.77358526785874,0.6445404766684613
157.2107188111626,138.92020288608316,0.6449459664546994
224.67623056964308,253.37043128323776,0.645474988988006
15.83131571278401,254.69319473530706,0.6455513341680924
26.906543426208426,20.562960763092995,0.6456974986454806
77.69886843185368,10.42226823069419,0.6458834361823051
3.8436494215671493,9.316981358646254,0.6460634778642561
24.222952288004024,31.239414385612225,0.6463258449364359
193.8213214491933,58.6724262092776,0.6465583596440249
31.36745400591907,137.37767855858672,0.6466686083502027
64.93646474140883,95.35759147935029,0.6471860910949507
21.593277783759888,65.83412439125584,0.6473533890017014
25.090855245595993,53.52006573262816,0.6475494028357025
226.75294069915984,250.5099455003015,0.6476447344577324
37.21204685224975,75.83430064226232,0.6477332388382403
125.81298598558315,229.36682165906697,0.6478319153200099
38.63424927615437,204.5783914050485,0.6479741113670502
39.28321016430718,117.98496292866163,0.6480039371516343
68.12316819542711,73.66890486298473,0.6484736486748879
34.329030856399626,155.74039551272912,0.6485928288836589
116.24207043636845,235.8446371504157,0.6488390344298827
254.82879445759968,163.00868612836427,0.6488837829701677
131.11150707814227,55.42867476554919,0.6489813228780491
229.83696824948652,199.1724703501291,0.6492775308272141
247.56117143804707,29.314552409180678,0.6493173097123094
113.94137613644875,222.30730480482814,0.6496385502095293
32.0468214170046,111.48741220863864,0.6496780518075862
243.4657680115356,88.35833151542553,0.649763126630026
233.25358660833896,182.04804728887683,0.6500254046228853
127.23433981187198,26.65880416698921,0.6501726803361706
98.41501280295802,233.3829261489134,0.650373589573122
118.28476296129924,43.71594838373782,0.6504874612786915
233.61427617660402,147.75935188073433,0.6509005482848333
167.40057231851117,205.8841500547575,0.6511025692572651
241.83843337494275,220.80891800428233,0.6512147880233008
223.23433582930738,233.58290330717463,0.651455662704759
229.47079385568668,124.18243362002659,0.6517774175115024
75.83158265860929,243.86034492594177,0.6517943892736601
188.62994450916779,3.865581060114874,0.6519636010140991
230.06853900312967,95.18699112666336,0.6524748411794834
120.68678747808706,122.18825474658271,0.652604912597897
176.6460885630181,151.40271248975267,0.6531328327631695
19.783467986739595,149.69549162204663,0.6535115799077169
92.05753586825512,227.31045831926514,0.6535884109036295
137.80474443114895,165.36173264997342,0.6539691515895629
193.60023110608702,57.73477557372666,0.6540351618710518
60.300423623272344,185.15402131486772,0.6542295390111867
58.74619437714794,95.74510672566763,0.6544277794767283
67.65103523786686,14.77672324490778,0.6544691606458499
42.919763898844515,192.1160956966427,0.6546639956080986
46.4084924116286,114.01186577298411,0.6546758465055504
217.66134070990563,23.968697037301933,0.6548490558973167
8.70934888241478,112.2098620453408,0.6549309809585178
185.3416642865436,131.59830436716902,0.655394094359414
190.1687032925785,81.13147095898803,0.6555912560693281
81.2609485751432,160.3601525158213,0.6564438565647982
31.232857580996786,44.707509674136666,0.6567317234977426
50.11723291466199,56.70593612072496,0.6569023893738201
84.10650488801183,178.8692335505683,0.6574855344446909
164.36934523744188,196.26482969282026,0.6576970363840032
102.9529201763754,124.56967778185347,0.6578085638194751
204.6148210006075,11.837909477248544,0.6581023251822413
106.44241520711616,47.335668343158744,0.6583405136034497
204.9538286205395,74.56189414477745,0.6584148095992618
136.21923643590202,25.467373282852087,0.6584646902543876
175.3074678849074,188.3503307630389,0.6585098900884191
101.98023070962431,46.217833409680054,0.6586304614685993
17.8609547483508,35.26982511840039,0.6586673219113
53.081745388264814,152.00757811548476,0.6587142248093
103.7715603538048,104.38746349867029,0.6588298822416432
168.63819297974655,58.97085093565776,0.659155612092687
156.0964591844439,251.19359429370485,0.6593252882307823
8.266096186385608,3.7958675752149205,0.6597316104395167
215.4614778122012,244.19698634738504,0.6598496599926088
232.9060043351789,123.99669304444656,0.6599913639336286
162.42154862022153,251.60472960918872,0.6601866217272095
44.75331070644045,50.14481102819327,0.6601906716724869
190.8391847327269,106.94935222874473,0.6604992223901011
66.73538508322541,210.3548331615758,0.6605382134390092
227.8554342302758,182.5907834591145,0.6608255471757908
69.96277428575763,194.26092291721585,0.6611593973768102
150.20018170865785,206.9074666463133,0.6612501315074717
37.49740798554398,78.37507938808515,0.6612588798177799
184.93083472954606,89.40677069820315,0.6616746589144606
54.11442499787698,236.676142083594,0.6617645743907559
38.39818634433009,129.98297102861028,0.6618848552611474
244.17689107789454,35.29076893049111,0.6624615699383044
63.19080896755486,89.6807975122322,0.6627609725852931
111.46733405459727,249.65785780244758,0.6627778308612453
245.44232869968906,44.48401791974247,0.6628963895701087
137.69691501142438,129.61994473996376,0.6631518663241296
75.73347510928703,19.675491614647772,0.6632263372977578
229.3476824784108,209.1388441956271,0.663484213183868
54.950375795975404,140.1403857538864,0.6635076613775855
178.38567435495332,15.845270380045601,0.6636216584600068
244.81924985459526,246.71820492569032,0.6636777870364191
172.40996239574497,231.89098877706672,0.6638611572327089
46.94712732138088,174.5387214215686,0.664035301771477
122.26467149554281,163.87857621864643,0.6641952039957751
93.84522988603801,241.2852371882391,0.6642952071194396
76.45723229704342,233.47989386864234,0.6643602181746339
213.65691735250311,222.3900590726779,0.6648573411014577
50.53711421392361,238.99315616484637,0.6649162313886546
45.9088358084326,41.684274639604155,0.6650880203911678
228.0394540792619,91.52418438434447,0.6651691011381436
93.2793718401963,33.36418171257586,0.6654042253851299
241.56299336022835,146.6693604749179,0.6654227895316659
67.84541908012882,97.79870801323426,0.6656402311828987
240.17149778992393,10.591224057956639,0.6656585288320181
242.14947190446347,50.67067418554313,0.6657472658372279
133.36321278669024,138.18945667199824,0.6658029834848046
143.61598146436572,119.64297503591492,0.6658826636536103
86.56104849852899,185.61133022147592,0.6661171611379298
103.86732150579829,137.23036014719423,0.6662062146275124
29.712304257827526,33.313451916487864,0.6666173329741191
103.00702575090784,236.55891848163742,0.6666329005366501
99.25017940963637,65.44846257409893,0.6668537816410894
182.74688645855454,172.66727356400256,0.6670337137122573
121.14525694595312,199.5342988595748,0.6671539631231134
112.90883915917804,85.29620099419745,0.6674817135837683
108.19486777153506,13.794608114101889,0.6675588890889789
95.35342955089868,187.50219794365128,0.6677920874241671
102.42393083063203,14.251062550193332,0.6678034043142469
105.45829264059165,167.56771390509923,0.6678955476016746
82.67434563019783,236.45003257352164,0.6681580350163053
11.03214988384824,57.97186084768352,0.6686277434070348
88.63783661039476,240.49554147881972,0.6688609631312067
70.81522740985372,63.483372164466864,0.6691217229897325
237.3284151558208,219.79337242973307,0.669321105722077
214.7418132014687,225.47608116048187,0.6699973282648811
197.81080980524095,212.4873155539983,0.671086187688621
140.38352929350418,147.1585934350086,0.6712332981402895
60.45044689289389,111.15567660018073,0.6713090582025378
0.30896985257590714,161.09589936637752,0.6715844441544218
134.29931701874355,49.91520376965593,0.6716846325588193
61.15975781699902,248.45432676639382,0.6718205588715779
64.56125182613576,235.7938805014046,0.6722160032572568
80.3848050960649,137.68664404029462,0.6726672385866133
125.33614123708087,31.529478820948576,0.672745980808256
11.127648058011186,111.3079503975766,0.6727726342816236
140.3038176051861,111.00526445228677,0.6730487999482582
88.32082982924591,39.64916029979854,0.6739044298181012
87.2710210282382,234.19742879553442,0.6741078730135855
107.6111464915149,94.8967307476705,0.674555572703329
182.66233164224528,158.088793565088,0.6746496394833464
245.3422974661845,120.77414682750998,0.6748203668322512
61.15800280975595,13.10035224136649,0.6752743216329078
123.58680845968483,115.78309925261644,0.675752326561877
64.01422932679483,153.84477839869854,0.6757862665202558
216.3672405256597,162.50724695244634,0.6758699029942344
125.70963904707527,23.403497251423484,0.675904777551681
112.93071406199056,116.09672567365202,0.6759480362654744
2.7348949042626125,158.16188311938086,0.6760333008844343
22.89866788795607,57.19543602100642,0.6761405142517269
4.774475023651069,47.16180868536739,0.6762592761484129
71.34142370067633,58.36677054459858,0.6762971818544887
11.849836285586644,57.89600703167002,0.676302842839659
167.09218958863596,20.401109041049168,0.6763503211549169
159.06452576495312,83.5659301259976,0.6765457025194914
237.02263383492613,236.82461353784726,0.6765643640564297
190.09495565695673,142.72978416960828,0.6769099140699265
165.06675161413588,190.0648825514089,0.6771355051956208
222.46583316934962,175.24301062434546,0.6772324901661873
249.79515629060285,131.1349190163525,0.6776506638875913
237.97756562269376,187.28249991270042,0.6779110697497398
91.22949210758503,89.90518853184507,0.6780845078246823
29.651135508163883,218.14799254484782,0.6782025277416981
163.72846410416312,126.46919832106471,0.6785316825920381
84.62161260256265,70.21607405145346,0.6786650596693514
199.80558556008785,1.102974620732804,0.6787195432871139
155.85895436458512,226.9637226312489,0.6789899184646858
95.60062525206715,135.70554335953622,0.6793306607168769
24.768763760152908,111.0003796162763,0.6794740721180245
213.29655156585525,123.66989900296868,0.6798894452465597
13.792868583431828,92.07507690962964,0.6800388446530483
181.95820171371616,59.73027297302672,0.6804145709810228
115.45323167177538,169.6720136183833,0.6808188539821466
115.60786518895006,30.688284080119487,0.6808879101655508
138.0929883220904,7.326821910165626,0.6810131597031084
216.95832317978721,238.2154715821684,0.6810933733891732
148.15899580156065,32.180825795532066,0.681440196750723
152.35015736110125,192.94301631862928,0.6816698920175382
21.334946472854384,15.067940915508368,0.6818005957934953
241.2888333679896,138.47031532956703,0.6819410598288613
181.22348325832104,59.562232449089706,0.6821697409189903
158.79082062053433,114.98979883863173,0.682211018470311
48.82102590926287,249.75981170144013,0.6822757601824381
22.28064324955657,106.79456762072044,0.682531846923767
252.75958341491648,36.13904746374503,0.6828010716827847
66.24207278654113,218.0351172943947,0.6830681917847066
170.17323494636128,160.85402330012528,0.6833741397694546
56.851304660719954,102.75952397458012,0.6834199326296115
137.07500687117547,134.3021689488521,0.6837826241490772
230.9416427290755,50.132080375611615,0.683890020755645
68.34234703669841,121.24499329364963,0.6840279613942033
220.98178014121567,143.5382680736495,0.6841832842520006
81.25172763173428,158.53396579500225,0.6846163623847514
70.39439737851603,94.93142738374058,0.6848017331350305
11.507177263586968,18.8970918756226,0.6849659358723865
186.26880241950047,142.8813968115921,0.6852882159178605
36.62086500000313,207.131986083151,0.6854544411846559
17.16876804914682,213.03372142711896,0.6854927654997103
103.62514866055696,218.22610814670452,0.6855860665249031
146.35370775188505,6.237575436137637,0.6859477930571656
165.6275044294529,105.5634200601567,0.6861107125792986
216.25166602778972,250.32599952658666,0.6864045872257168
21.83473893223528,168.44452313151618,0.6865153965186355
86.06399411309805,0.3794079595081585,0.6867093290700096
44.91350083244047,177.9610374806888,0.6869386052110124
67.44837656078478,140.23112034697303,0.6872808038383842
254.37264923339742,59.108835975110715,0.6873106151320688
56.511820382618545,54.33263627654646,0.687407028734827
123.65582896067666,34.88678287921743,0.6876518155751649
133.76124775100197,204.46598309110718,0.6877968525907084
154.7937566523024,91.72340338158209,0.687824008722589
61.48809203583719,225.2868550351494,0.6880889497578856
163.68036060250708,79.60087359641619,0.6881352472576128
200.69130393938838,234.95286054084502,0.6881363661104493
145.62426742138214,108.85551114873478,0.6881786336414946
110.66741966663874,88.31606638509348,0.6882203677868098
8.210049376070497,118.21032036658399,0.6882372316250012
170.9404586228635,70.84484966069056,0.6884553817097769
112.84992290284262,164.46737852269084,0.6884855374817883
106.18136720345812,159.7071904478362,0.6886288261823554
225.88603380517554,48.481743781614966,0.6886344175555433
219.71247078215183,35.42613670009362,0.6887726574340461
33.55801461281368,84.92386055189776,0.6888760082910713
195.56217160198378,3.5081609045772955,0.6891859195774664
21.173037820757063,226.12867781810803,0.6893621615206681
98.97339138383667,108.0288431553858,0.6900472988443621
205.31437728954924,235.1771559791013,0.6900863985761047
88.78224171097578,235.9610474117876,0.690386603966425
120.57728755820034,116.38256124142498,0.6907916146276423
146.1028354480108,20.001532051749532,0.6908706122958811
19.868031409408463,86.62032238283659,0.6910097005192777
218.34071689021573,64.39939622997245,0.6914210061950908
183.38409564773542,205.7027377801909,0.6917998534098302
123.63561400368405,66.80387164850917,0.6919294724549027
155.07453542751128,227.24970116799662,0.692463680423825
184.21481930039454,129.3716613147498,0.692501048123304
234.39788174969277,225.1992186871567,0.6925558863768421
189.6335975034828,186.72139978736857,0.6926368910390842
79.22196570857444,108.25104589295772,0.6926572619034493
121.38580171848513,45.52013932771854,0.6926708653171522
40.74652524304494,107.19000555238337,0.6926743181627626
185.83105279146685,77.87787120553803,0.6927715458121477
176.0391479470055,32.61058194138872,0.6935830196886423
122.61061948070731,72.76437892651097,0.6936644582296829
106.28681335209086,178.12879550865225,0.6938153059523503
247.38207066370146,194.7849362015677,0.6939103393113698
90.00275010687527,239.3273538735854,0.6941734681812746
123.9199298709587,229.2145514459845,0.6942218232253151
171.73674806531713,55.531376194984134,0.6942320420749473
107.756312518558,234.56776199730666,0.6944827261651391
232.52258250809322,101.66175749728153,0.694703546879976
181.6661048554156,107.29286789369492,0.6957896455307412
96.4974537192192,94.06562642137906,0.695901430518837
134.90961649331376,180.54056263846954,0.6959336059704846
230.0830234120623,40.0498961971658,0.696420407519441
74.121893130177,148.84061931927593,0.6965256422923688
27.425345381683115,176.82433513687334,0.6965749171588825
68.35680616994495,10.18172707067902,0.696739718285578
132.71282577906294,163.22199558897503,0.6967598480539356
220.17597320044962,229.31957604640556,0.6967714887425731
147.74550476906234,9.917311417391373,0.6968108056203164
183.6495168715687,14.003929742268456,0.6968906133954006
94.55037930909062,88.95804357346903,0.6969749360580475
55.80411178495446,98.731953863137,0.6969945934323707
183.793331376187,183.09508883171958,0.6970281448234105
61.76538402991447,13.303189587540281,0.6971247010001141
154.53011418141443,36.58564545041154,0.6971754046596188
156.97622617141704,228.02914047971373,0.6973840273656243
101.52642224171775,43.71042300911656,0.6974016959050909
211.53267780520133,200.31722041910737,0.6975217953840963
88.08811697694456,14.835576077406516,0.6976108806748402
10.967668079048103,8.158104375205797,0.6979008426883682
112.91223319183433,224.44711299335697,0.6979118419743596
12.406286366207933,64.0376470360243,0.6980444218886086
140.36441306882494,142.8483343740601,0.6981512806331417
246.59066399317365,236.8266649821063,0.6981894837651466
246.70477410233977,251.47691913210363,0.6983710543670875
236.27453708301223,55.66143147618286,0.6985800134404464
115.41713111705853,36.68707697701355,0.6988284422535631
140.2342536329838,141.9224764396266,0.6989026125860082
108.50931424693825,123.99575976105946,0.6989380227258802
202.89104251802823,178.44180445001513,0.6991053272484647
238.47893625216344,193.22105573517712,0.6994304317000495
242.76298017004854,160.62659223086902,0.6994461022928343
146.59213372089576,212.89736055742534,0.6998115745486566
6.850150139980215,185.0725812774273,0.7001018662272918
168.93039249063975,144.1889430620353,0.7003982686485595
128.18281544904542,120.94191789894661,0.7006302977289841
211.88522404710548,66.70506607567187,0.7008799105138317
254.05729445901954,27.734638020226605,0.700891940000138
238.44420166790678,232.48968648083994,0.7009693981556883
5.059263090117548,177.06888200425462,0.7011334655644222
247.82212965211144,11.175485164143241,0.7012542596989066
251.31030118820829,204.71286910193632,0.7014811770980254
212.62588622919833,109.79201208879871,0.7016417466829249
66.56152944754241,117.96815080336198,0.7016751965700361
161.71499926084425,143.23205257943422,0.7019476227172481
220.80385923595847,3.165212054210662,0.7019766953104296
221.58689092517355,113.64785485891069,0.7021363496350551
139.07116917979252,52.974082128344044,0.7025448436533488
215.22847518772178,242.092719556251,0.7038557610758115
5.494900534865379,128.13235143866123,0.7038961718923963
132.65108442658845,91.8585970652893,0.7042340162933628
70.40414677933268,218.7259215017233,0.7043977575898764
80.57471417969099,103.39211604209298,0.704441490381078
192.93709111069398,248.3049391320791,0.7046865388222616
124.01148764838494,214.08543753783852,0.7047208770590689
25.246678401724278,13.348041549139158,0.7047698786714804
208.2278634885145,164.9204570468203,0.7048138471849449
13.12459692459032,71.8756846097506,0.7048704655117511
217.42579109518178,231.91645294439022,0.7049416577479781
98.28926059239716,108.41327924225504,0.7049777502219556
23.241896143969093,70.60399023576454,0.704997449128504
177.9863348866238,205.93490221835188,0.7050763613634732
76.17961126088171,65.89566421758464,0.7052110714204523
172.74462456237197,93.1025127542119,0.7054750105423049
2.4254828430432607,45.62766392487317,0.705566500767314
90.91423864784159,242.79854534099948,0.7059143396708751
252.0424519275602,93.08110309594586,0.7062957614163008
191.94887068761255,58.60250882999992,0.7063267519034524
64.1045179168792,159.23569157663383,0.706340272905777
228.19143351012838,228.6647395815663,0.7063717959235556
209.89171598287345,131.20556227607184,0.7066142768131476
51.452581628470504,146.4163800325118,0.706658692199316
184.91245888587204,54.51522916591498,0.7068333491420963
64.3625636794843,189.6613438871074,0.7070559015902782
196.65375261744995,246.64486130155043,0.7071851473946912
104.62595951139045,13.071622399090288,0.7072216984907931
45.99974703915419,33.437037825519404,0.7074263355802272
56.145917774605294,147.29662958985213,0.7077939222392149
189.9706760892947,195.05509841278587,0.7078651725630853
49.04932786022328,194.49724034804422,0.7078944695212063
226.79946470461692,102.89986803402512,0.7079055783119222
162.4786723085856,170.96195939348758,0.7079390953604581
61.84104312197217,236.33578460782576,0.708032398856416
140.36194941101832,212.47140717974142,0.7080807549020514
238.87877820267656,75.2859816061502,0.7083772008804415
245.1302543897338,159.7283030758878,0.7084638714001408
18.684182023914133,123.66043969326374,0.7084826430029316
61.08985530375939,165.9515944649032,0.7085060681900497
236.19248838168394,62.96527709361981,0.7086609894633202
161.88091425282755,119.60955099503316,0.7091679042728685
177.44990038699243,36.41732656994978,0.7092455172075849
90.21962743733465,200.86647013289266,0.7092773426731978
10.079204706719546,132.2683449510391,0.709513042253658
254.50715308632076,220.7553427991803,0.7095548716291458
162.5469686563064,136.10370755170518,0.709563835010962
159.07013180410166,229.34540125579184,0.7097593627517716
3.7438209681852825,147.44183278177834,0.7101616811879369
190.80010271359998,64.26960604405878,0.7104518802768283
92.06840459747184,93.9795810549169,0.7105010786454106
40.00248420091265,254.42853862561046,0.7113218464519013
237.79539336443986,197.0860754963906,0.7114763426107659
31.955256285236366,77.73110733136812,0.7116108949103589
15.149740320621508,114.6565805791497,0.7122771799803532
172.36442951991074,154.6312097974021,0.7127310696718809
244.56800119971965,175.21755256184605,0.712805120885451
209.96990314291202,177.91570418423424,0.7129721761357154
161.9128280343413,29.545112606355172,0.7132151173424448
159.67681359362933,115.26401084943802,0.7134053136768564
52.103039018081404,94.30735008171582,0.7134471968395056
227.77350405080676,221.66181541655067,0.7139066247456579
53.717857239626404,230.3498192255995,0.7148335492073924
203.57906789099832,192.74558526437073,0.7148663751876773
135.06957985135884,140.40101041893337,0.7149504307720326
70.25803237082572,208.9290648980842,0.7150514603681346
131.07984454809923,199.79477355836624,0.7150951597304875
228.889845003786,194.0102712276165,0.7151602540700931
136.4795759111087,22.90443389131187,0.7156715161893259
250.7100508250789,222.0624757855428,0.7163626878722799
124.23727639558979,44.95166829789818,0.7164700729532506
136.88207922357955,56.06606794723501,0.7171153602498156
38.099724516162915,235.72894419646997,0.7172549852078643
233.7174320805043,214.69175210031196,0.7173683346241995
18.69348871173156,254.51338857613922,0.7175158880996289
183.45951322266205,167.82413595696883,0.7178339236511774
31.63859126275164,90.80005103040375,0.7180490566142116
220.9224250436735,51.789584542508344,0.7182498826471256
212.85291791519867,19.848892955672003,0.7191099828564997
166.49274093982825,196.29171048572553,0.7194562308425386
149.0268411184167,211.59321705170328,0.7194930631692323
135.17279489426275,104.71573189027308,0.7195447378410892
178.5694939656494,127.18024917611471,0.7197769155870662
168.42661889950892,83.87096811871366,0.7206310380388374
118.56961765421525,129.5226824628495,0.7216754262349881
174.76572081193984,116.44944650883555,0.7219617318407905
61.35450871915354,113.03769930196177,0.7219658369758153
100.71036071536999,162.68711763914897,0.7220228070962844
192.96749600435598,163.71075865895162,0.7226585282118712
175.83304028741833,212.77821630948424,0.7227849421358152
147.7304398008439,55.74963184865922,0.7229910232517013
22.022606636974267,149.6072043634281,0.7233063161859798
158.86369696480614,234.91656091486587,0.72357937216445
164.8762228699195,23.53589183598548,0.7240226565535415
76.5762732910971,250.43159680268113,0.7244485428504446
51.21724371777327,63.16337208785678,0.7246385559039109
125.79668554665447,188.59648156011323,0.7246708297584642
48.32892059776931,220.77411688464738,0.7250940330423548
251.0753473288828,74.35085433657697,0.7253602242907333
28.680733674450774,62.451146380126104,0.7257404956005586
64.65187462667974,46.68214078138385,0.7258777682665534
194.80369976127545,70.34697131303045,0.7259307037627826
29.36165220920195,151.18537979755467,0.7259572059441725
55.213524863562625,27.760334466990457,0.7260097070510514
94.78180949717458,165.05372190432374,0.7268658126798329
232.89711929346936,73.67894937334093,0.7272018503698654
51.09014686628394,145.31177247022288,0.7273484741429844
202.27189417224912,205.13074748252936,0.7275589712927004
21.988681141752902,80.70375389047766,0.7278511990255296
95.06608298029504,177.96900543316391,0.7279433012574663
163.72404007076756,238.7151194650511,0.7279443334413875
16.879046002750034,172.71739985885281,0.7280837610482852
235.4085745570414,193.07685614069567,0.7282037163889077
234.64055412873796,225.88986875017773,0.7282808166135213
240.74539226612373,174.96170440421878,0.7282919509339231
174.98370526003313,179.83795056088826,0.728527263060181
98.15144598346662,14.995154376100578,0.7286109711842379
167.4852121033391,18.5685591950644,0.7292211402932811
89.41502998924034,177.7857278487268,0.7295698378105041
46.72734037837594,36.09216577340049,0.7298834479967469
149.82884449376866,207.1272275338688,0.7300414227794327
115.7202606365449,254.8765276990179,0.7306106056072973
169.42764677575585,219.09240665710905,0.73169474235762
38.608712018824065,25.18104392956666,0.7317028230774429
158.29210738104925,50.11190481971823,0.7325505942709456
9.908547979561384,220.5518757791796,0.7326718036137695
110.42714951707244,8.131868697353497,0.7328101342094061
96.135730819657,8.308673612214932,0.7330009236498812
47.94135045844867,30.357155360041165,0.7342337941812516
231.58082332212086,188.20770045701946,0.7347957701306388
128.46353534671985,205.06734021298925,0.7350131738050891
10.479741309620435,221.70523411394305,0.7352304397890778
60.75333523770552,40.07256012340547,0.7355144483879562
232.28866811690284,254.65679122947515,0.7356161992776469
116.83798132576298,48.73689708184933,0.7357667257890741
48.40044571878128,175.61829326533893,0.7367748035631569
35.986584374403996,209.25826096598396,0.7370022401845532
202.76356991467205,19.25294897064184,0.7374029411262601
218.37848320742552,79.11307831640148,0.7375207371213719
4.537355363250404,242.62252875590445,0.7375318195230758
181.80065836059626,53.09706012767857,0.7377699142149406
23.638362116542375,106.70066638444064,0.7378905145627327
22.967884076110682,206.42543439951405,0.7380309959468515
19.711193468049636,36.3886055291778,0.7380368264686121
223.25540035794754,12.821974587351669,0.7380754078793861
20.743982482555417,101.80273212300456,0.7389861137055432
141.35514805595443,143.4198875898224,0.7392392406628518
236.2123565442197,58.728074634097226,0.7396017962515113
28.499634067974252,31.297232265287416,0.7396236809201652
253.21243819699095,135.5344604375016,0.7398871314924232
175.23392096702005,25.74447143172562,0.7400424016883375
88.57640480913109,198.3990655610329,0.740282028403418
210.63183798482527,82.44846669042495,0.74072228560733
222.28035505873984,232.50755784265604,0.7408458789593165
107.76831299665103,248.94563172714433,0.740869594939951
83.33786604362272,1.22491666588693,0.7414261525034243
72.09886759486523,89.33797265518581,0.7418335228875831
229.62183967404494,123.34968961632715,0.7422828683539848
166.3687073379691,141.9467429735167,0.7426855187591354
219.5865976058862,63.829790094660844,0.7429326883923849
92.2313472707013,97.15122633138404,0.7431721458164772
27.399194235635502,127.83969074504827,0.7431935738892835
158.72701215041434,141.17425494646434,0.7432894105912217
120.33710473080843,89.45771638339572,0.7436112702150665
171.32006763409623,41.30309938550291,0.7436957819425191
118.9544178432181,86.36320738042392,0.743883038743011
145.81993235030586,227.36272252727267,0.7440246614380776
107.57003293262729,117.04029445248561,0.7442176933256
117.69141112824597,228.63307701431137,0.7442696249013596
46.469148563835354,211.80918197895937,0.7444297531733006
210.02789793201765,99.2259501582574,0.7454015913011507
42.821571849778,56.98784494703075,0.74563823227567
167.48150206893882,129.93377467418944,0.7457802872878001
35.40995212993455,113.97182417731425,0.7457826102241889
92.41482891972649,81.94571003846418,0.7461588114147997
157.45832731083107,42.55534161873974,0.7462376402190922
186.57902808304692,29.41512132201044,0.7464229256116115
110.07982223963216,240.4022170538243,0.7466990219033951
38.72007729701893,177.34815602933384,0.7469528223682733
220.0746808578983,93.68617230845064,0.7471232684900656
41.507622888784354,4.720232404476341,0.7473232842899459
97.36840277237167,94.2880278878837,0.747471708240891
94.43575627138519,0.9582903833309321,0.7477655539037488
203.0721215741053,120.63469552768699,0.7477907925214394
244.16684086536316,27.32304855210309,0.7478019183147518
223.4278913197729,75.09186049569593,0.7478488497260372
126.9914292122088,195.06131896115676,0.7481721172445811
96.0823310841483,206.6186573436571,0.7483950771695979
132.52495264966086,39.03867637978963,0.7484221211140915
190.71189432605038,139.47527079143205,0.7485627840401777
167.0987588266507,6.1895564140230475,0.7493622821138928
245.9394415994753,129.93679602351904,0.7494960584704138
78.57097220210056,183.62019272833626,0.7499407602701632
167.49170971187314,23.304752935637808,0.7499690897176907
118.56268113686244,122.43799127060727,0.7506720060230894
65.67466720725785,192.5554474585613,0.7511423734678845
142.4301663696493,204.30927132807395,0.7511550923255267
71.77263502415609,132.92404818808637,0.7513285025592965
36.53386376277668,197.2410441079538,0.7513601487342785
192.7063387933377,124.535414543052,0.7514101332938342
45.38048240790268,181.61823080678064,0.7514700165964279
67.97536561035253,104.60675536274294,0.7517747667349696
223.7500182081702,99.0502470271776,0.7518064566063888
13.388943974897284,86.06318661052605,0.7520131791443785
25.60153008685988,98.40186156734632,0.7523870370173436
201.087942892482,178.62246915727624,0.7524639599310542
17.03912624021594,199.09053093779204,0.7525137563501277
141.58062676837693,14.234494616471936,0.7526139375118743
210.0707973245077,149.66063133141088,0.7527064150408734
77.96188296677849,252.59509900096614,0.7528306927789393
165.23220364555735,9.589407766333087,0.7533471749367897
207.25345200031896,137.30683998288544,0.7534122246173341
147.72284491008824,231.68204943737368,0.7537697666441501
33.21721488244897,197.48731070443964,0.7540152872759076
222.6333497064969,56.537214600046624,0.7541407512149115
175.0680853142306,168.0620417582658,0.7541629580671867
134.7872423329771,182.5197755282377,0.7543767590326573
172.31336568425604,237.3346292286292,0.7543992146536053
243.34481315003146,114.83483297800849,0.7544050177616985
77.26261639843156,115.05287555140676,0.7544303869031052
190.43533189430752,234.9416321720194,0.7546893713947818
46.60770022509399,212.7425949599922,0.7551553845720619
254.6940615167003,186.4536369660626,0.7551760258698144
19.027550483836844,218.05194441544714,0.7555751179842494
244.6144014073719,229.71585027820262,0.7558359026947533
78.37821870837485,211.4389020915804,0.7561161872168097
114.43846189856059,246.82761519162216,0.7565341425487851
3.759565998352167,242.84681035714567,0.7565500211548383
199.2643738946965,143.2289168145659,0.7566513791149014
149.9317696921088,75.02724379848479,0.7567085199395412
157.4173917219486,120.29418646818363,0.7572011440199724
151.7798095925763,225.4278186423941,0.7572328606702309
214.75218226399707,197.50423438782113,0.7573481518529377
142.06703977840908,33.27489232062247,0.7573765708002365
156.6699264568949,7.411132247132094,0.7576064512972762
116.94863361235049,152.65581327026808,0.7576175359028235
152.28554015553098,125.87461038041403,0.7578239044820343
204.7550413099036,21.14661972226495,0.757830702569162
101.68670500351384,117.90243379273647,0.7579435633459886
191.4824010330735,0.5955324313272697,0.7587687322502844
107.7838953044931,158.86412952242597,0.7595259127235492
98.7888752046601,159.04022051931742,0.7596697560471296
72.64777012955304,42.97042236075951,0.7599023051802526
189.21014316421764,137.13884563017305,0.7600886555662585
247.09409704183065,231.01292501525342,0.7602391090301419
196.68016717781987,237.49120613723005,0.7603479259153028
121.11561343341141,109.39667020206367,0.7606251675553114
226.98902873158391,43.964681671183094,0.7610571452765963
85.80084781143317,232.30451527437492,0.7613195389853977
133.6367675801317,233.0722781938777,0.761921169866968
178.08518145013656,185.04058730533677,0.762237229182718
173.44536635320068,254.7538074466243,0.7623770025683703
21.387556446830686,211.08477505014076,0.7628702745406992
77.04265732785927,150.2849277413869,0.7632192039657387
149.84943521218128,117.86772656135552,0.7634941181813447
250.34606152215585,135.6786618373031,0.7637358373649105
187.58751182590166,34.57755007082167,0.7641228618149754
102.60591767245417,105.85937912640874,0.7641857276624857
246.90858125047944,4.816983295297342,0.7642335608999251
160.41014197299037,100.56896106050432,0.764276762051802
150.77749393988864,164.94548131194387,0.7644422977999543
65.02329848724906,135.77346128637456,0.7648648157327074
73.2652656632788,242.13080127822832,0.7653032343586825
226.03465162569978,82.9569397978468,0.7655989977333596
94.96192515522391,90.98919531950717,0.7657467920065492
39.393259683513314,245.66352491526794,0.7658250890545125
161.17127084070654,83.09032664717785,0.7663088902392946
164.5790216274507,106.37795397557358,0.7666331996281598
130.67707162089897,184.2053750875126,0.7671066474472618
0.22114879756121475,81.11876092189526,0.7672363519967124
203.3144518282238,172.24662763869568,0.76747964497459
17.99544685144469,70.86832317140646,0.7681486506438646
51.04426529258848,139.96959272822332,0.7681745831184891
171.7592647113863,69.32032557430995,0.7683521955370399
77.69552036587795,152.9706546610414,0.768708441078104
26.135556045917934,157.3412556846674,0.7688170166822194
126.616575281569,192.35795826426065,0.7693062595282608
46.616906134665975,155.9167825668096,0.7696541331464748
111.61089474406316,89.27151582899752,0.7699330945001939
240.7799701404025,65.5982281412279,0.7700427891450659
58.04973303352612,250.3967756920612,0.7702010572945023
43.95935722835873,41.90377192477077,0.7704122603161909
151.73017257462004,187.3928504933408,0.7705055090426217
145.57399238098344,249.37987767196552,0.7710367911939904
59.98646692930434,209.57202228606963,0.771116904424622
116.17889508060864,195.22396046096912,0.7714108698884513
220.64585469651797,16.352765350629486,0.7714765054789442
19.609663852828554,187.33489822118736,0.7714949217423523
175.83408912412946,125.28158933625082,0.7715050806073883
14.197536499758527,35.233617771032485,0.7717302869635231
18.255316290370285,167.8123875786568,0.7717331843887919
190.23303814999989,129.0310347446877,0.7717438883482557
145.02526884646142,140.8847665742236,0.7721755893688064
177.78779399475806,93.7080903639857,0.7727245834958758
139.54337950657572,42.04575708301469,0.7730209739357021
191.1195378342048,178.54832959149235,0.7731914900608259
4.752602707486563,165.19297509824935,0.7732947933339881
94.69726308224683,112.43348657265345,0.7734464038201289
110.73846940073456,248.1087565598248,0.7735922979173263
128.01503183262525,88.81454431391688,0.7736993736472366
183.46641832708318,114.83954819152098,0.774150457302297
152.11811998291674,36.416302372018244,0.774294753328436
244.69237110994104,34.59905680436981,0.7743384000403642
92.44119008114548,137.26065066148928,0.7745744866311969
100.48283669765985,5.2117733958057455,0.7747724755367346
24.24049925141848,217.7471810551724,0.77483970080214
167.22667221260443,35.85522270476543,0.7748693438224905
95.19992748666468,45.10770363984352,0.7749552576817731
153.7957258202907,232.5546543049118,0.7756817842092942
37.0775261802826,105.39777159184284,0.7758647145289455
115.41865833124604,217.92410390404063,0.775936519720013
191.94497426771818,149.47356881099228,0.7760783928129399
209.69180935116756,128.0318268666363,0.7762188673781045
108.48784074994964,113.04842363150897,0.7769657451122733
29.550428222896542,181.18631623563343,0.7770022538855381
166.25045213792674,96.49285401643166,0.7770313661118669
28.408006474576855,122.10723648342771,0.7773249761396651
141.84028474093944,239.2814692482375,0.7773426909188432
192.47084298805007,104.84369364513195,0.77760223122182
218.41622679984164,230.1405947319455,0.7776111674520304
190.4868735041717,93.78168757261717,0.777640982667467
211.16238783854809,147.54395733099736,0.7777143591545443
116.74609647643095,11.728498959361602,0.777828318295797
115.26652939319732,239.64968920840974,0.7778716317720679
127.51445123435973,189.61842328854448,0.7780869313689188
13.7896998057178,217.21628453632584,0.7784061557290902
90.90153542958132,141.18326302576494,0.7784186185429749
16.833498612268194,171.4702959494883,0.778706233052736
202.2279082584215,226.74561679945634,0.7787650602179561
52.14139191988242,181.23689907061066,0.779055361754495
0.5445881230397737,168.7261656551119,0.779270233090777
143.02954774951382,14.014163391464523,0.7793664462651377
160.97201821642992,23.158330437457682,0.7795109579635073
93.02269879866573,231.6978525629012,0.7795342332457004
13.6642795115791,37.632570686463914,0.779562012054281
78.14249064240109,110.70733836775491,0.7796901881832048
101.88766498319481,216.4184355782256,0.779747613834684
245.82482413566274,93.43505170532762,0.7801246216378998
82.97163527747938,40.22316534250852,0.78040279195587
94.01961549720802,124.73487878941349,0.7805928666973225
36.46907856437579,234.6155790531275,0.7810028260518486
154.15558136102635,157.62394460910775,0.7810611267329313
243.93972141404058,145.96362076074814,0.7811480189726977
132.52989045973388,31.800895058938373,0.7813740145273859
234.9238058495935,223.39914995847323,0.7813839626450738
220.92754288144016,198.35884147538005,0.7816918336571572
75.1326204083812,140.55889883530403,0.7818996585696366
108.40866128320936,164.71241934218835,0.7819393230041329
253.61408293688623,248.4135788551141,0.782060682875145
192.73349425020498,174.36008533467734,0.7820949686224529
20.60635022769015,94.9502437927448,0.7822101718901998
142.5966498407486,225.40258372065207,0.7824567291679942
143.41980110473023,70.56872594859735,0.7825368385771354
121.27880237869721,122.54167740125831,0.7825993402511509
144.88199113022839,58.15155996480044,0.7833818082262984
127.43812178341791,143.41532709217134,0.7836392905757228
196.62166579568856,160.8223841975231,0.7840216061173789
235.49508304478792,104.98954974103002,0.7841056615479202
123.2892648826463,81.31586189772224,0.7842270696780522
202.34411081765128,215.4890555388123,0.7842530851351766
223.2623893167595,252.490531428323,0.784394892398626
24.062155202987924,125.04625956739216,0.7846558652669581
65.74476555659153,126.5665943415752,0.7846762389291881
212.3404639547809,131.44322482941246,0.7848323755263577
201.21444533572034,235.19041303466616,0.7848568280791167
249.22741016577154,14.528138340241295,0.7855193847492294
26.052289939778003,43.65299726793549,0.7857156252670211
183.25065325482748,47.62500450401924,0.7858710194787528
31.36025297314412,62.834792030669774,0.7861214372817568
130.60805230838085,253.7141849714097,0.7862559477476666
238.2513385645848,227.16733518149553,0.7863734822216608
254.09394922727182,249.04885189171554,0.7864330988031267
127.88092248611069,16.526279371831727,0.7864491730908806
106.41524538627023,2.9286984872786572,0.786508353550112
9.144178422109155,12.347379510957424,0.7865463228944873
247.60782437386302,248.77969989810865,0.7867256141498028
251.64107888354945,217.25574585565528,0.7868678576429708
128.0622854865247,10.23322611031057,0.7873888207737915
155.9578365348971,238.54006350108912,0.7878546661659661
74.14938196786068,207.91863202391508,0.7879858819052503
55.17258026115461,191.98984077220234,0.7880206470698949
137.85564656144408,37.75685161702273,0.7880237508250822
116.95257648384325,104.20886028017122,0.7886206385734278
234.51714080232952,98.25131805397302,0.7889113315515409
149.94200029341707,215.08908336630608,0.7890645429737645
65.70109901191394,146.87151603257698,0.7890814261091751
14.002320409868146,135.66641228302763,0.7892645567478582
6.598527520153086,242.64518977203153,0.789292351677188
220.3951993101936,210.66945858301824,0.7894149051249962
87.065810607668,47.62369084731468,0.7895216016746716
197.63064645763188,80.51742218231729,0.7898970032621733
9.642897438330888,87.49746462968515,0.790231550333448
229.81324217626943,49.48398153075737,0.7906529545154064
164.73251846741888,27.977430079585844,0.7913716788597025
246.96650593221918,233.21803048920702,0.7914666494162806
111.69605265747607,69.87681059987092,0.7918825651591836
99.57633194232463,24.98073149805135,0.7923678340555651
99.10741939743832,152.21739055211637,0.7928246305275717
208.48823525809553,33.05591129994888,0.793066219856352
189.71579618669662,149.44353556981417,0.793118910092889
87.87803970236149,142.07614733056505,0.793200138887397
76.9757012514208,71.15051042211132,0.7932638208777488
181.4810569245824,161.18078413834533,0.7933585905994642
188.30219013779327,47.78807513992266,0.7934896431626887
178.01641601004232,250.35889462746584,0.79353650950344
57.42564494153705,42.87897184228506,0.7936937023912785
176.04893321867343,33.2585891703558,0.7938140897354244
41.0447162655063,36.76210310003013,0.794467824741552
126.13171908674353,156.3877266809862,0.7948443364938692
214.18959323847434,220.16636772907717,0.7951245670686866
137.9388355169278,179.7673234905699,0.7954605097537177
27.16525350194022,170.2934628514339,0.7954700438675582
25.184516577993772,179.63171579890877,0.7955058138316039
254.38283492801636,38.723781350848476,0.7955337386939636
239.36018209574112,19.93473423718136,0.7956609606187025
198.39103329688982,90.49251388125136,0.7957688106950703
225.54772042582672,121.3911547420341,0.7958461345582711
159.27578062485668,93.19455224998974,0.7959663138728161
221.09278811190597,238.43995872600982,0.7959867559039036
203.69864697465255,121.04896803534933,0.7961038263705413
0.6651260401636044,101.05190315395468,0.7962036659643534
67.1744482916962,179.48238926078676,0.7964105604876801
252.47794015633207,62.3877413549232,0.7969443425175512
118.8053368246427,126.29835321816643,0.7971726219835535
11.670764085735623,28.426476190420523,0.7977466094056888
21.35656050083152,91.04851555485787,0.7982147765166594
114.41045668784307,18.48904197078157,0.7987133162197043
114.27323883024049,117.63334899813793,0.7987165836836165
136.1260557907313,235.79041534174053,0.7990385913536548
83.42801593123119,219.5971168478365,0.7993887200226609
47.49184385192273,27.10765438199933,0.7995634428145977
92.01135383990245,254.0912351361318,0.7996124654833616
143.56463673907936,38.425753326959125,0.7996883309082988
37.51177628411893,74.99379266083312,0.7998469225072707
220.32596826396235,46.82192974287494,0.7998760123908637
103.31537157164831,104.20606913167053,0.8002954202154221
89.13258371203646,67.88577448619694,0.8004846879079119
224.00800265021581,21.159555624275136,0.800510851870187
67.638773457397,183.9053630148965,0.8008744031509043
116.65363918707385,118.45901076112769,0.8013661148180785
216.76456862541838,60.81054800852225,0.8015009366335667
230.41931621923803,140.7115795206958,0.8017996120775208
199.00371430709845,139.0824242617208,0.8023667225001992
196.59653827821515,147.27113230364066,0.8024276665566519
127.25369639785151,49.466822137434164,0.8024372775759503
81.33812187600076,137.3675045349873,0.8025845615471182
34.92694122579446,246.70659387806498,0.8026963408331768
46.62859991787705,233.3398220913429,0.8029613941035002
73.00065079215106,99.14758677087464,0.8029622294751664
254.67095817060942,223.47463761388593,0.803042753946094
220.1735159139084,48.86883589098431,0.803257618765749
138.98661178416498,84.33630248772296,0.8032740150130177
143.4142616116662,208.54654358577142,0.8036868907028768
126.83591426652745,200.77900829212163,0.8038359332224738
214.3553164106584,176.03204190506636,0.8038946781330414
25.722791054542142,117.6402048366726,0.8040888989637028
69.67775623725139,42.27836645350947,0.8045867443388028
2.5298963259134473,186.1943929831053,0.8046385943806464
3.7018537941728584,97.16857274933088,0.8046626921184428
20.883468612561764,242.8122388355254,0.8047848032402579
94.70077927256712,69.68343088958402,0.8049230609119183
65.23339020922393,234.99671921705655,0.8052506832551085
116.4003147808153,189.16745317153027,0.8053321415891459
26.92308159931657,168.38261676196055,0.805606974960206
20.696531757296317,63.48381708762282,0.8057180127460439
16.37865840446601,44.91320294760499,0.8057770642499129
44.284542104239534,40.15632457889961,0.8057981820957046
171.8487079908839,151.62155125513166,0.8061250762865889
145.43868073437326,51.03901140506844,0.8061312803670967
48.31274153244635,58.103648597346684,0.8061332198950896
72.81668044356701,185.8291573148006,0.8063706373220189
104.06614915181042,163.2197317843262,0.8069252956886708
73.7437552689336,24.813663916276614,0.8071572545348046
34.718919197137744,188.48150378676763,0.8073543804806842
123.70877344472045,196.65130627642722,0.8073738954505789
124.38253708859003,37.203876622679125,0.8075978128007619
23.53877560000915,115.0130925972819,0.8076032147265627
30.84315534583504,234.591566453484,0.8078999644218591
184.36793146367248,2.5592182988093857,0.8080775856900496
149.37923882919478,252.37114402194808,0.8082934034753511
181.72500658612725,214.75769832591251,0.8083570452297865
158.71926694812433,130.99756807289523,0.8084489011492583
90.77863098705998,10.552224787672584,0.8085066177264074
203.43423276057413,136.25710536815984,0.8096547255513812
25.463947881142197,182.60399374708962,0.8097157666032254
205.73164879627242,178.66701643550155,0.809956796384319
156.42144887216568,131.64416760013856,0.8102696640644663
0.8236910137178538,111.49822947355237,0.8102845843225773
97.90364814434906,77.50407729807503,0.8111362675775797
82.45282750168626,159.2470807709607,0.8112931949693019
80.36695751107283,195.04189911220735,0.8114046147485124
151.29951968818364,50.90946311466524,0.811423282594437
121.83520626303549,199.30117918910602,0.8120382060976955
107.46334444137338,5.971452613500489,0.8122187933285986
19.07891047676034,109.42200525775597,0.8124338954815263
48.97628828826909,55.76239826478712,0.8125020750194507
180.53245601937917,99.38516198264284,0.8125309055399222
52.76704907413036,30.779231710553763,0.8131007539426589
208.40246492593647,245.6051078271193,0.8135667047011667
202.274818517448,216.55455274664243,0.8136410750357217
129.2576515915995,60.04383374587539,0.8137575347643481
49.70423107165884,25.23321596475608,0.8140138263486444
5.099748154179828,159.45779809576135,0.8145886786261538
180.49925628515743,86.77069401143419,0.8148237192389954
79.54602914755664,68.86398844619721,0.8150760055618591
135.25515478418657,186.93412378248524,0.8152853430846005
12.159019471384124,230.5831863502609,0.8155426774050737
66.67591821925359,24.160539568473027,0.8156006598364112
136.92713414882314,104.2599380002646,0.8160152022097095
152.14334254161287,209.5330175690318,0.816184410033615
226.22327783258459,223.36688146327336,0.8164693392494147
25.966110134541072,49.7198413476922,0.8165082855646834
19.30143455191043,18.73298365341785,0.8169894224096382
73.60037840973581,134.37829223785923,0.817011188186778
87.59143554252678,90.54877483518646,0.8171341887483141
35.19590220412295,109.65264923180845,0.8180252798881328
217.92822094701592,91.27973232544852,0.8180399282297836
207.5611223826772,154.98229574313618,0.818290336944215
107.18675577345309,158.24108194673815,0.8184004324058572
57.69691626195006,135.1699155704661,0.8189158785383442
54.32405670036479,196.18220727510797,0.8189990966314655
142.9394378709507,104.99175623190791,0.8190746540663528
183.54305827368825,133.05141315982712,0.8193245792502851
118.12080225735278,10.857256628591573,0.8194237635005899
14.08816776264671,89.48424752218546,0.8194610549153539
132.8807919782346,18.01343799132645,0.819756942056717
114.45000507344174,57.44920115818445,0.8197890265513211
77.03835966253169,241.68998526942156,0.8197998219677609
190.78597807350894,8.527748759832175,0.8199739300518789
83.60763330460718,187.1359090768418,0.8202868836966594
216.69227328375325,152.81065226660436,0.8203119585201933
220.43964999034557,86.81849885174805,0.8206428604873136
21.94044832134514,57.03783630996269,0.8207484212256325
103.75305180498533,93.82193834378086,0.8208934815752515
55.627774363283876,197.2361295160311,0.8209793397806971
157.85399575747388,17.892529105619243,0.820994633790179
54.34870068913994,125.21482079070091,0.8211305752108776
111.24510618415783,178.03515122294326,0.8214843398273083
207.61400165494715,22.230045746613552,0.8216417059191183
153.34053467575447,91.59563528817337,0.821680461855712
23.91143330718861,93.07761413312512,0.8220461776548287
46.896594862645564,76.89639078799205,0.8223363980577415
234.6584546536729,13.588684688175745,0.8223489582736335
58.08614622849825,57.15561741268833,0.8227951029761819
48.94404349126664,180.57285580102564,0.8227987268147219
53.0701353400818,235.92245054348695,0.8228971295933188
229.48103365645187,126.85285733266826,0.8237266328976511
235.58246180440017,48.25020533623531,0.823743587078581
31.772809853030758,65.21912948591341,0.8238627618279021
65.57152264539735,138.79787240033747,0.8240036718903212
230.66664186413206,178.37844187404164,0.8241733975970199
115.36002262601528,179.92421694928166,0.8246694350226023
22.94352376198294,29.45332332180065,0.8253015089711493
78.39781649154621,173.55869120484402,0.8257838981022116
152.81881601730637,90.51933636194342,0.8258090096126793
200.61428218750171,155.5790535321529,0.8258623918877627
234.10796770138455,2.3639410989157663,0.8259096836068508
225.9857089904209,196.15237413349183,0.8261890560833394
134.30014084376268,83.64123488280032,0.8263508635182818
187.4634797046416,60.71964699124005,0.8267237055218211
110.29890446251396,0.10689520042920675,0.8268721203425785
233.49563743834292,119.71329089772941,0.8268895547395795
47.211106612404585,151.36763572177827,0.8271566538027846
21.789709690803782,116.80235518392188,0.8273536272613695
51.48239510278857,186.75143821314342,0.8275682021007423
158.85496645559076,44.99132389370969,0.8276210853741297
159.61158909231955,51.78417415226592,0.8276539066175858
188.24857527194166,7.886273594043132,0.8279227800369323
244.48716952259122,134.7367027153477,0.8279263072775136
250.94230043008233,146.8210119078059,0.8279887010515494
46.82026996817686,37.33167470826805,0.8280074837590455
54.17686543529663,10.768014213191044,0.8281740566182688
240.3956650065533,173.08375725199255,0.8282325928279616
10.947237215347807,86.41151435207989,0.8284540811406763
49.542606415613875,4.915255276575737,0.8284684839140622
0.5430525077052206,93.88655820521484,0.828680862957972
84.3187729068994,194.48844097748994,0.8287752571699061
189.05977113750123,16.276657311434356,0.8289272034242524
65.28895472613883,181.34142862943347,0.8292385503117182
96.2127352522638,19.504771403165076,0.8293683052738093
196.54904750683033,191.7660337312288,0.8296753387441077
216.59540698455962,213.77235973237595,0.8298317079290289
45.21776740569802,222.41758650062695,0.8305925103396673
126.49372303123157,144.21926444945467,0.8307187543588225
101.611893834384,175.3847526045453,0.8307719319903293
35.60129597427647,165.98348350473265,0.8308460940147491
193.49016242405318,89.70918082765093,0.830846931399292
199.94396526860604,203.2706867008081,0.830881046811415
63.845922168051914,13.45080901734454,0.8309685481933742
184.6267465982294,164.44826630990192,0.8311502849604187
104.4185746954555,85.98650198689171,0.8315655998506015
34.42272492494869,98.52667669233713,0.8315718423422301
182.62990801665757,84.61970962329279,0.83179676086229
114.29135923620534,81.69162698958391,0.8322465610286397
249.89601443381616,40.54499591324859,0.8323342122478155
67.79400563911332,89.51048169442608,0.832598075949247
229.6202551568023,104.44272065781789,0.833063135517728
237.19016613703403,191.2622982342176,0.8331464107822495
4.799453097062341,138.7463255265624,0.8332347061976176
141.69971753039275,158.89198484887288,0.8338970544051473
56.32536016940379,85.59806141914868,0.8340561322626096
130.83226435511548,14.395865565037242,0.834059229399553
5.453257519618637,246.81649163707192,0.8341897233205998
28.89646566092928,187.904165325961,0.8342721725969688
229.63441332146056,252.99034882902353,0.8346014431448795
2.7784577979796237,146.53968059639152,0.8347736111716928
123.71497252151734,12.615487530127535,0.8349319766912221
179.86892161359745,23.896195605951895,0.8351524125094295
204.3290685478265,73.06325142888403,0.8352890446256862
134.05736757998372,9.458685985811417,0.8355228870419323
231.67251174146048,221.9498698319911,0.835647625740806
210.03134488448777,87.56755903715313,0.8359359556607187
190.63044540725187,31.04495464752049,0.8365032353281452
30.08259383410265,120.84657803684996,0.8367715123747512
168.14625466656022,19.55080371347048,0.8368859022543262
75.58534433083192,59.69274014511203,0.8369202392750934
75.91961802442725,192.99204330179487,0.8371442394301193
150.69409002858188,166.5704249628016,0.8374285364896235
226.09167265785265,55.82786037579845,0.8374728383239896
189.99421690075457,61.67814560769816,0.8378766938465518
48.339876331083495,32.44152024980629,0.8382222697239592
146.39520051712213,238.59771732537877,0.838252242256691
232.14780991034777,10.450977408295177,0.8383616605655065
144.50883172330967,230.75735035352938,0.838368065620619
148.3014809959499,112.89078121366549,0.8383872030789709
142.57177311539462,61.34434858827749,0.8390828185545848
145.39100539994158,93.59131120246381,0.839102252746238
120.58200697790215,52.87102864450992,0.8391566720775279
110.56496509819064,196.43094318759347,0.8395626802010598
31.64692078201313,11.610910985699155,0.8395747815541081
237.75478383020544,185.2838571750001,0.8397130459863661
19.654234916246768,157.52463536443855,0.8398163132928428
1.5855375618036593,112.53063048897411,0.8403057478672759
41.673699009176694,19.150795932872896,0.8403382690797958
132.04044716841142,59.11971103447738,0.8407591581732433
233.7559903533794,244.99310431127188,0.8407613349146853
210.78978340010178,184.35643017680997,0.8409117872671866
180.0229777107316,33.4769398770952,0.8410935536305191
156.64819791227424,146.61501699799373,0.841714919798861
117.67166922257428,218.00177019527104,0.8417292591248655
159.12447775204978,163.57536855465213,0.8420920412794798
119.02133199972735,194.88876591292424,0.8421449347099572
128.51259210834962,178.60443277750073,0.8422582085053236
245.25972496494404,28.96014700803099,0.8424486620897074
233.3428113359236,175.31407102653992,0.8424886992701763
84.27658773009993,157.29918453457742,0.843066491012685
68.7328968541746,194.77955709072495,0.843095375111009
171.96429555164013,82.40318952097243,0.8434877886384735
8.407482310459017,197.19376914821493,0.8435586052093477
113.45437377828866,212.80375399207114,0.8437598473208853
41.367742778500826,205.07174184008605,0.8439740993096043
102.93564995743692,123.19403974405672,0.844048857603073
45.05026151196645,64.9877848900055,0.8442232718870039
210.14064893520907,199.494085930345,0.8443788048456551
161.15691928655843,42.25993008667564,0.8444230342926601
244.88276021374952,58.17638949692445,0.8445813714618353
94.81590712224619,2.0496612855370167,0.8447404662947376
50.685342428241825,18.90873530518908,0.8451073001903706
14.537722464247164,242.9241162870516,0.8451971803877626
190.31565561466513,224.3905089503093,0.8456820857232672
147.3873327231184,97.467920446262,0.8458300049172586
217.11283796663002,167.72866125383817,0.8458481856527583
44.436967545076854,9.699634409018685,0.846378199806955
110.27066898811982,106.54424324700086,0.8463914450191466
22.476570417616603,162.482773888311,0.8466822822064265
167.08479602411046,150.2337510471801,0.8471411880162
19.124041044976153,140.31176623177075,0.8471501844018821
70.79498610822606,82.65113906207114,0.8473365006273734
254.63437618619747,229.57412534192196,0.8477797743620455
120.35547168360104,129.652181358347,0.84782171030087
244.09649286905434,29.390779469970457,0.8481337667156036
30.518986325076057,177.98786843383618,0.8485036584194005
61.74129492403232,30.13758280067369,0.8485054927652896
141.13274926295762,63.067272897624775,0.8485683874628038
65.70627834388354,11.430466397400863,0.8485928095399851
127.46047680208389,27.517619053406356,0.848632795618469
155.8072816023368,168.9986792618135,0.8488290503520307
179.26818433407226,251.8229723874135,0.8488914623726312
104.78292847590299,31.18902246105865,0.8490828387502107
160.2723474390469,172.0975346475881,0.8497123139528951
82.84598322114591,121.23538144932013,0.850064973088758
126.12910794461564,50.24978075828558,0.8506256798890853
27.67740139714111,108.08568277465899,0.8509060504216495
83.9694325586318,57.56757166663924,0.8515448467754452
195.30851750223877,47.720552442298754,0.8518049342058269
56.69613043769334,167.15082454722352,0.8519110150527757
7.854851379446883,227.32743680113273,0.8519417637114823
45.48375059200431,228.9041375309724,0.8520723951837035
229.5007605763367,202.57295522455954,0.8521856319763764
68.07535328244207,148.79118178496068,0.8525344245028941
155.39050840676518,145.91065766852267,0.8529044482661502
174.08017413129727,234.0465311578949,0.8531157380477706
226.18705514714645,206.47559162327624,0.853172629553588
94.84824768582689,225.0823183031394,0.8536319224511815
29.781024578558828,64.25355552895914,0.8541057438525513
248.7458065299452,184.01650989173189,0.8546771910645169
137.51575732419224,81.32693984137923,0.8547065231933921
141.1168316265486,185.76920590997796,0.8547613617887652
192.36176365623942,92.26940782712384,0.8553693212533746
23.489370873337748,128.13432323441873,0.8558263974654415
116.00168963012042,142.9778616374511,0.8558916231677841
155.66946970732457,68.72176515131132,0.8559085197848313
234.78547715843592,216.6611289297183,0.8563272157921794
185.2381569574488,102.13226352729075,0.8564958375623901
17.296325248331513,206.4931171008378,0.8567660103518966
131.19379192450924,171.41576248626666,0.8568405572084438
241.77053090077888,25.4762380110024,0.857208197048106
72.48954220570312,141.59756426452785,0.8572450865426869
237.45288766875092,35.036391933916484,0.8573891717959081
226.38390054753418,234.93821329453206,0.8586141186966022
24.80099135496211,135.2635474736914,0.8587220314594519
27.48978697760898,27.53959309070924,0.8589048595690992
6.349253882603221,160.33649338464727,0.859327629078824
85.95060474125135,54.948546474950305,0.859388648962317
238.40901262428784,130.055460814585,0.8598702523369196
197.25619612395886,63.686873412188675,0.8602044264876755
53.75598816912054,222.1028596888847,0.8605275115417472
29.20360957260383,84.20747391112755,0.8606471212452056
85.61570419221788,208.60729016780311,0.8608533158511062
100.11882524797012,166.81938547988833,0.8613014710837456
104.7904249499215,182.62829588333486,0.8614629636519285
22.225401148301387,246.70129939098655,0.8617606410767212
214.20763583564926,227.6251128366688,0.8622747135756178
6.505834742100984,65.89509526312301,0.8624502474834164
232.67586129286056,15.698500658450119,0.8639868492140048
171.18847676075666,180.2995241585098,0.8641109461869801
168.3230875086811,227.23325215916518,0.8641225263355664
188.03472206199652,9.44637372158228,0.8643335631337941
166.3380480940258,219.24308417927475,0.8645473490937005
158.43445064721308,52.57108704007706,0.865185220417895
244.59762791530744,157.08087166753847,0.8656045192543266
33.971802237831234,28.42963150375971,0.8656311632711818
82.57477691900672,81.73459860720386,0.8658830858047758
94.40685010343124,178.43060174303247,0.8661377262482699
204.31363344471805,97.66084573986272,0.8661910326022729
135.21030046426807,147.79706468290996,0.866231331858606
198.871577562035,191.35492940014834,0.8662900401240531
165.9035468571322,194.28699005795266,0.8665910799007149
169.29045533399,32.10973549512928,0.8668339197613187
142.35574677753658,143.78093872363135,0.866882944229803
139.42283154109256,42.15815319068203,0.866996956040023
204.8798354352692,117.10273724215638,0.8670431180990262
32.178952773338864,200.50779672130915,0.8674219808816601
62.092596524979896,55.51977798940879,0.8674558291387637
205.54257475509968,94.1851263840678,0.867554561699189
148.7575051591157,71.33514074241316,0.8678840124634526
66.86110607229783,13.159683527900508,0.8684398788116756
233.25247470603847,144.06398505798865,0.8686037550304436
159.29327266580762,138.76997778853243,0.8686175614937436
233.38634614683536,50.76567065420674,0.8687599396684405
182.67893166435027,153.64724026255973,0.8692065781778997
23.712512545331325,213.12890745289727,0.8692556333141772
35.433389250120676,143.3950274555676,0.8692913764516416
171.97864936007883,88.27622042869663,0.8694728491528761
34.630216463618915,16.400432041742242,0.8697626993615221
249.36562531202196,136.70446407359455,0.8701675392104392
142.06242145447834,140.88453715014413,0.8703860280201591
215.80751888295825,53.290044415468365,0.8704443090637916
54.468427114820706,175.96284989824798,0.8704698808087306
101.82304834273849,185.48724819202567,0.8706723817568085
217.63895011187472,251.32051446700916,0.870863405080459
28.174064522958417,160.18822230185643,0.8709486514043023
64.02400399412892,238.91284665764363,0.8713342742597469
74.80971443567054,210.71112909219113,0.8721766368305627
228.17580615299113,60.005142543513976,0.8723516201763016
27.768214054565366,198.70171063449047,0.8724276695171512
214.14433175360364,179.42927769620096,0.8726779333520771
87.79328996660959,16.1266334123783,0.872765729799338
151.8106884351331,54.73938941796297,0.8728189880514016
70.99257632632674,44.59295942977679,0.8736639860460561
242.78412621868432,232.99387342975868,0.8737655079347675
225.01192401584169,61.13498802606805,0.874032036703167
248.29163110889314,172.6073240778706,0.8740640090049971
24.4379320053944,176.13996207799215,0.8740762845100347
165.08027814348367,121.52746533018153,0.8740987931326498
246.30103724257094,173.96509595689022,0.8747559631278257
93.57170164339098,180.5369919974441,0.8750575255258961
17.44672087007932,86.44548727403496,0.8752589578175802
199.45054043211584,88.48652946154414,0.8754292173985674
223.8267684482333,67.7900942473302,0.8756210611748372
240.79011636537928,220.84563558685133,0.8758645091923541
197.75843125553004,60.08874507474788,0.8758809104854707
28.085169816231904,45.47967744056571,0.8759337436689267
86.8865214122614,2.5354479194522628,0.8760039672741528
16.050942454328826,160.11291307651456,0.8761264549347298
29.455395600550997,151.48406236274968,0.8762092139385967
183.27948430596305,65.92733561568504,0.876448984138546
228.39419164161313,155.48630565783523,0.8764722368539505
129.83912302488497,12.397700962092651,0.8766619887453982
29.34598364481949,40.965730329647975,0.8769536033767033
104.69127585827836,250.8125233188927,0.8772085308899789
192.2050085615167,86.12048316762065,0.8777825964660407
177.36419725247413,203.12756582869267,0.877859561080238
44.299065069030384,27.099553339491873,0.877931778943812
52.25934963639357,241.8558675612749,0.8782400228810543
87.0410064227523,120.50564582378016,0.878351423633859
89.16207285515029,42.1218946157828,0.8787384545640217
182.68775204330632,166.29450052029685,0.8787467473784241
26.216626773433198,147.0140626084306,0.8788477442566848
6.962402194792932,221.9689444007331,0.8788664746114949
4.514045090902596,117.4486637660228,0.8788918206656514
68.72260578387066,103.72727608731348,0.879223168292742
201.70362650857126,221.78397000730502,0.8795060141687885
4.329511031190909,30.1417204928752,0.8796464521689017
227.9868592943033,181.49150204486168,0.8800899797772112
156.3745196927401,39.674608123960375,0.8800902934162546
116.7970996806568,164.49645219242544,0.880390693547242
67.57188898131858,97.58750100118561,0.8814381748235847
196.62019629975433,214.732517204746,0.881768836731714
57.08052298240006,177.70453584238516,0.8818810160809931
34.808367691038235,40.31546985472625,0.8821956626170602
22.261745072624976,11.352853445330034,0.882479399288959
195.38199602318898,155.38353027103608,0.8825487121461703
191.58152022630597,229.15509482603926,0.8828341359568602
117.37275112484421,192.58680275091606,0.8829049932114059
136.77383757877433,12.210207339093811,0.8830483644719304
217.45605478055123,174.51959097453093,0.8831512212770332
34.725031365636546,130.84106016149883,0.8833269376611769
152.49675008778476,66.7719040602623,0.883349105485136
13.447878826702935,211.13205703444797,0.8833985348311821
96.30342441605558,47.50199489131581,0.8835174974727595
143.16629545495684,154.62936036368868,0.8836361226104565
4.287038132366981,100.13572832671008,0.883829741729089
216.37085403861454,108.70509333018396,0.884133818729838
103.72298105782137,183.7779661515998,0.8842276377138355
156.2056697151281,18.548940903160968,0.8843059761682885
152.52196234504282,76.42231417897283,0.8843769479885126
163.77694824227535,78.33336678716168,0.8845447783011775
48.08555182950946,142.21938823865787,0.8845479023763968
110.73213979461276,2.0845301451298726,0.8848987428207962
99.44269557853295,52.479161201493646,0.8851330110511614
175.91808467692726,203.90345483853773,0.8851668908266919
103.70404522285249,237.99434250093478,0.8853116663978382
60.52457986725943,100.38685133998825,0.8858741001049748
224.18010411339154,26.938183605122166,0.8859750766069948
226.56663093057978,171.1308865809589,0.8860663043610814
211.152586540706,38.677559847271546,0.8861759377812053
113.25221290436346,52.235908438760966,0.886943946350769
81.4552229163158,237.4427875475437,0.8871078484850171
2.997384719559606,199.7225748554631,0.88725101912321
17.84519028249757,237.8759782162017,0.8874710274723828
5.322098282177598,7.852322747602683,0.887521946703874
167.4853982615129,82.47242553687568,0.8875372869771961
10.62633318398951,191.46264893618041,0.8882201622578524
32.45201850489832,218.24058174993218,0.8882622792955688
94.02685856401584,139.27784971320452,0.8883523267316514
245.82349776280776,120.18120875713605,0.8883729951169871
178.41294720206145,175.94345109652562,0.8889989824204823
15.136718890215155,175.40783782235977,0.8891574096054878
108.87631985222816,65.03150766323948,0.8891745437444731
12.256204537773367,224.1383939857688,0.8894470788833833
21.17530606193617,89.16944338286622,0.8894591442440035
36.074556194121605,131.9479256025448,0.8899499749388156
0.17966124047980148,116.14468255630216,0.8900806011565235
75.49470789622302,93.65557367818865,0.8903749637530898
173.54468096584716,136.9748291550208,0.8905160522481652
14.142345347642832,213.45449539304693,0.8907034974231789
213.68053428126967,217.3252661413081,0.890790312207966
172.0627057385655,181.63091592800998,0.891167188560327
141.2686597744958,213.23458184978148,0.8913767979289031
242.81741614307904,88.94114474170946,0.8914896674875658
19.103773370724294,199.8010945918826,0.8914979220786182
70.38704147521791,136.72619105941448,0.8916488118020998
19.780223234633926,14.160827622038173,0.891651705447706
81.83408499631499,10.04158689716303,0.8916835004069718
86.60079355557012,234.60311111676623,0.8920578216443121
89.64142646654442,116.48830021147066,0.8923462421880423
141.93382122370096,60.1745303974864,0.8924777816672806
206.57751927892036,244.4332999540735,0.8926133586112508
89.42900741181604,97.86711374746709,0.8928152795488458
135.24291447131387,77.72941104564119,0.893075979150812
237.91253416147396,24.024385381969395,0.8933546301960411
32.46117918878163,10.401448862803607,0.8936690480472592
27.54285742858943,182.07005424590292,0.8940482430692946
93.9030524706712,125.03255979129052,0.8940767862746043
1.3475138979534729,175.45528110291446,0.8948629643216003
56.853555746681174,161.2117593872484,0.8949856317848909
42.44793375806467,165.1266356653308,0.8950650146062806
43.601620106373396,114.44798781703167,0.8952602072150395
171.78550920527005,252.75466391270052,0.8953967256567167
127.65737036939966,4.169508060027121,0.8954773779255097
207.5553642792036,55.077194031839646,0.8955702962164049
123.38395951857578,233.82154063866366,0.8955794296129017
131.43251130167306,198.97558354264862,0.8956338957550704
110.34780497652295,50.20767368182566,0.8958508022291681
11.721977508892035,241.3615401323876,0.8961070416421885
253.56597733472205,121.8738747599405,0.8962837720116889
19.504216890123963,60.36795656702653,0.8963577071393289
10.742814090570738,16.12046623120099,0.8964202693397421
80.5613116140381,164.61559879709282,0.896447999023552
195.5949196263094,19.31123741772085,0.8966040598561148
196.37219241154986,76.41468687845062,0.8966340627175726
140.51495912548447,153.49538127775674,0.8968270775438147
130.4358429067071,37.08559376858361,0.8968471847142387
213.92060529493372,252.47772702503462,0.8970728488818027
164.60020103562158,51.679412439547754,0.897084028708065
159.28803247345923,95.77741402896918,0.897326523203169
52.586045521749476,53.724088147972296,0.897571002538886
89.45909809041245,160.01016040468065,0.8978928723232068
76.5644724154122,111.04836475239054,0.8980059431438914
122.97913261834783,100.8794715213619,0.8981763353792339
214.6784307426912,179.6075899281181,0.8981794818790527
158.83406849145643,164.97964374840947,0.8983397762342253
106.77819784579879,200.9563733817394,0.8984046475012741
18.47834917790332,200.6172928400446,0.898527668540612
122.14455538739062,152.60923417031026,0.8989752998977979
207.06728155819619,53.39568905436446,0.8990019758428283
20.18146087464845,39.12681780664,0.8995619986491891
147.39681412060722,99.7309050033771,0.8998358407064309
79.27116159261877,154.7832421621871,0.9000452596667249
205.5950682623807,172.52091814320062,0.9003399299128132
250.7396974234496,176.7541492625349,0.9009166565673403
92.60954736621957,246.21240792318503,0.9010778641357159
238.5590257775924,12.642947354967939,0.9014298842272651
67.49906287797585,65.64926928544841,0.9020417948676294
152.49366068120042,239.99912991570073,0.9021257590838787
56.13737563132436,180.50825157333298,0.9024554704387204
241.26085709743603,134.04017266773823,0.9026350356972361
157.8416357727321,30.618577693048042,0.9032415465311557
86.25194182353368,171.25422820676079,0.903324691683677
16.664690808629267,51.18894019568417,0.9036386762591426
10.542053838952159,29.20587926256723,0.9037468494596759
48.7455391857232,224.34312486338666,0.9040235966210636
27.485908419627844,98.03817780285779,0.9043990599830782
240.41085210260965,94.02397805228088,0.9045150467356973
216.85032801736938,169.7511052955633,0.904545617636791
26.438464874184216,9.019463324781052,0.9046444298166966
17.474267640758452,104.66298001766485,0.9046767500172871
178.21406475352836,178.62820924299993,0.90469782954087
150.24808889727814,245.27785130625045,0.9047071168754447
206.53653419562542,203.6770910804719,0.9048029574546808
109.18479273645805,100.39661122073618,0.9048961225734954
67.89649910954635,121.82456343849782,0.9050507687548327
254.70406713302083,204.58814774592923,0.9050702127419018
104.21120719356213,100.74562114987836,0.9051174657197406
206.84094095006955,62.03069879731987,0.9051870526112386
106.32674017382695,34.94120919050011,0.9059705354820583
186.00444755084743,11.98946063820537,0.9064752089129966
242.27216676424976,166.3460233002253,0.9065538717905848
66.87573797740635,56.9610408332177,0.9067445217053967
184.8181972449997,12.794148289588053,0.906777903375785
74.38522493465113,251.671508862947,0.9074260447646934
245.61732331515051,83.69580881195976,0.9079271213774717
189.61332705898704,12.034616049671607,0.9087322303997138
220.17489591335362,70.32952064053549,0.9088455599307951
224.71562601103108,84.73689241629714,0.909091299697897
115.15690157418771,163.36906257641806,0.9091401454044766
81.09643637373422,33.091629324995594,0.9095679775141758
32.40302891932832,183.51770849324194,0.9095933309690478
134.813036274709,107.03714801010989,0.9096484969997773
48.205764203908046,2.7806307660204705,0.909891939996444
165.71501486508458,198.2864019295197,0.9102367551802413
168.8855981152801,20.407747726898084,0.9105357490653971
164.6460814700738,60.482754237547844,0.9105603144389005
211.9706149046022,230.54001507867827,0.9105631872333008
171.76743538140155,145.06922687499724,0.9107818630904474
91.30295688596209,157.07263509701383,0.9107849396913963
47.25957390230475,249.78374813458694,0.9112782232757506
106.60375034467448,64.172509652817,0.9114454554465017
149.79689297450588,218.6083768235243,0.9114505249995225
143.29113104400528,161.96876205498273,0.9118112228691588
94.57039624058817,37.127668053477294,0.9119670327395237
102.11334999339951,234.27205943467877,0.9121646929448908
147.01618842761116,81.15292029854525,0.9122776346529267
181.2464279566957,164.44183570482193,0.9125555632829722
89.6013983525507,213.48837318673827,0.9125615744034754
33.806970086490495,99.58149604969594,0.9125741582939481
46.30908406232619,48.33837692500657,0.9127119101276685
114.31871452335783,62.68495218735853,0.9127254720313257
63.398362417904806,86.52456749892188,0.9127267350498667
69.78408202073403,54.892289189900914,0.9128730692402398
164.95722445926157,237.14655377052054,0.9129944087231208
128.21941314596586,136.77894233766676,0.9130375276943384
228.089521701173,67.38034149674685,0.9132734441026309
205.38360043147202,144.03431933407438,0.9137030123539708
191.01825646979648,97.22020211850534,0.9138691217150288
0.8693816246204555,221.74898940328458,0.9140663663022814
164.33521791573224,56.979384540194026,0.9140841148640144
194.28669400342756,154.355189806898,0.9145110080653093
88.2843285831061,46.3242137352584,0.9146516428171234
96.85011361025522,92.61541254281367,0.914674898259651
146.16618528326296,112.93644318630778,0.9150431517876763
99.49245970531932,222.29708658110175,0.9160973810977633
208.62357937581373,59.16216247512382,0.9162180444207785
75.44592761005511,75.50754797894345,0.9162770008270098
209.6777869075775,229.74308013965853,0.9163170579106001
106.76356900571082,105.72230505261282,0.9164847257409153
18.025211171549373,49.414214004819236,0.9165693417011626
221.36506367190248,188.62377564144091,0.9169196062751387
54.426702821782726,199.0700889773571,0.9170438775447931
18.72852631736062,242.8990156028742,0.9171108381740619
122.30165404275465,216.84064086230376,0.9171311553268462
176.2459789315916,171.6175879437978,0.9171443994320748
164.21108980481185,19.288301112386705,0.9172202387529291
183.64537361388815,186.06430332671155,0.9174693949414283
245.52203328759472,232.44782705972685,0.9174944750880675
143.1067672393131,194.7880175349531,0.9175410479741727
206.97040264051893,89.85076066932453,0.9175867710430926
157.16815151526814,83.79325435335787,0.9179474358043526
155.1047602193699,58.534188727411944,0.9181334049997473
209.77650684497775,68.07352663802398,0.9181650920731926
46.11417356474851,155.05153890437282,0.918295615762741
74.27784887075127,93.8238050894543,0.9183022590561342
52.30599491492224,86.27674591899718,0.9184175856004946
249.51463958578674,231.23198327474623,0.9185709810730605
34.33230706636293,141.74475592218434,0.9186119800078231
171.19104415187647,157.68711360017386,0.9187585192016027
223.92993136111227,188.93769711357214,0.9187798751416489
106.98291681147485,172.50813554844026,0.9188274391933711
43.865231361666176,72.24308812159721,0.9190979740379652
220.72943100924894,204.94317277325575,0.919254345970833
131.24204047205703,135.1788116618343,0.9195405174652761
230.48852352589003,52.72244719221614,0.9196208318753696
121.49393674069385,226.77813846853445,0.9200498553278427
120.38286303980364,113.63203193674603,0.9203013768033755
34.79876343380027,29.709852214600946,0.9205367826538808
233.53229215881063,31.817760077243225,0.9205467051543731
239.10952545861133,179.18025107828495,0.9206483459540367
67.99084950146812,121.70588945083053,0.9207794647965514
200.70648200889647,153.06738705682935,0.9209918668293687
19.356535056728752,206.5045579489357,0.9211475366923378
170.50470476828485,252.96950396729378,0.9214926617966208
35.38250826871816,57.16610366254985,0.9215210049616022
152.3189750053736,40.77963067743916,0.9217225664474058
218.43983973438378,219.78256901781475,0.9217243150477429
124.21678724139412,48.210331233461915,0.9219056411934363
1.3561126832019665,135.59594318776297,0.9222407920389607
46.37299160306301,185.1580881133103,0.92227194090123
118.98458217056681,236.86733504353847,0.9223298915942302
111.46197889628071,223.25746911330663,0.9231911459222397
50.66941071868998,15.234477430276204,0.9235863409260539
41.19178625478645,155.01498229366584,0.9241096973563478
198.59186681499912,34.40544736521148,0.9243771030998054
245.52928005629735,2.545355389206931,0.9244738198809515
143.27116783415372,42.68807944114763,0.9248039668475997
252.28486008483307,26.089544032272737,0.9251170706565262
46.00219903737932,246.52528825590818,0.9251863862138234
252.35335723364494,80.7577060811868,0.9254746608351752
149.01356471509544,32.560800024035586,0.9255028773843663
197.04552432715613,123.82243155214795,0.925709442472118
240.38324288799865,25.401906079420723,0.9258732295795786
28.317697462588836,241.64322841971676,0.9259550607844917
135.01006630568736,159.58669276584658,0.9259866104340784
77.67276292337525,41.82064809208437,0.9261729322328942
187.5399524286095,217.70265285283025,0.9261815146617617
67.53798485780327,95.39624282874152,0.9262334914508099
28.704411344043873,68.70278878201445,0.9262386414299459
235.0542203861757,146.81330556215153,0.9263471854295877
160.33054357544523,184.41123742345818,0.9267076017779067
178.20083237333526,13.040961280367043,0.9267411575465146
23.60039910343254,174.52222538023588,0.9269804343522602
57.439558190778975,116.22202419104539,0.9272847849370197
142.4559465943717,45.25147920845331,0.927449296846298
164.15724324360545,185.32462090354122,0.9278563769830526
177.28358092127425,113.87769033640481,0.92786223741396
207.63320820721015,73.48527769772075,0.928220495683829
172.0302575835262,213.19945546151402,0.9282296630887233
142.49958027661978,103.59572874431201,0.9283250026052193
112.24059840252863,175.31592465040447,0.9286190878885288
159.80316224818995,84.12085222681678,0.928766082745938
73.86162405804839,203.7394242871879,0.9288008504719584
101.31894084781572,130.46740780986303,0.929183396174003
1.1839996174024925,120.27218927639879,0.9296786375071662
171.03486741535463,101.10463957909107,0.9297026885488443
182.08230265680976,237.66972163519188,0.9300230203204414
47.66318280014606,253.9915102414165,0.930601247689817
241.56867499930584,76.24192486608379,0.9306161825876572
228.21955430848433,111.59364145489069,0.9307089361692517
84.61673799890885,111.87852031975216,0.9307395015464517
116.68806755276687,138.82929947507682,0.9312099960102902
154.20933530616003,67.48835693673273,0.9313932466118194
96.84817164248372,220.7150273566384,0.9314023122032761
100.71023194773493,19.443028249558957,0.9317900904752746
40.95704524009955,41.496543998590354,0.9319608726557301
34.970697700859155,146.26546123911606,0.9322677677447225
162.12956108683522,154.36466173297038,0.93227862739555
183.3266720620383,82.2850889132465,0.9326067861507763
82.91089166070803,7.861883293400294,0.9329170204879418
184.69005395474446,62.4315078956248,0.9330787425656284
212.04629723115434,171.09384962791762,0.9331734831936244
3.9346754021374006,137.41902251278267,0.9332543007419908
169.02893446257266,17.716523769785535,0.9332951540579013
239.71354609226563,146.50498158725853,0.9333464510835634
113.71699022872473,145.27804206350874,0.9336152990438152
162.32200735315902,192.1793933836876,0.9340473582691475
46.10123527163524,183.94446568312756,0.9345756095423852
85.68276078502711,105.19470635947664,0.9349089342653167
237.2171604729905,252.25893769959657,0.9349165340268486
25.649806386973815,38.47766581437895,0.9350655935008528
103.3006701395652,158.71908713068066,0.9355766299045886
34.70835278151844,160.40557202144447,0.9357610552199499
23.25369027801965,235.96125354126147,0.9359720941097646
162.47611018383208,227.01088162631603,0.9366688147966808
87.94515435345292,237.1944454165943,0.9367332958902433
240.88258382461967,145.78938520033324,0.9369332899579905
31.929207110283524,53.77282117217515,0.937103939019773
160.95044449702525,224.44945478511505,0.9372332126595607
142.63792061401395,120.37673630673132,0.937301731662152
231.7028198372458,77.98279274110823,0.9381183223778784
36.96458789051829,228.35378230046643,0.9384040395265927
92.11627411253548,130.40256330260632,0.9384490701130651
232.23666739470968,250.73300103282725,0.9388107888726426
5.855112265163304,108.76550080180742,0.9391995447437644
2.1143860579385025,251.06090977031153,0.9392654051255378
76.1723356452047,117.67379188796049,0.9393868167741852
16.878941490649083,244.08851459006007,0.9397808299939346
65.82951478856877,212.3171744168802,0.940277109607043
228.59276801319484,24.136399654112992,0.9409069419800582
199.8999472930147,53.293841662922894,0.9409590191318672
226.7862550731305,86.5696608847697,0.941091743116776
189.34787701144725,75.08156346930834,0.9411588223643733
178.16414526414104,155.93034734087811,0.9411807493449488
19.277218985809935,29.26279182258818,0.941231332015235
196.13109263978126,207.8622058925802,0.9413739438266016
182.19959074138632,121.89720950499768,0.9413924806410653
243.15275788499466,252.27524497853244,0.9416616975890124
97.2349360267224,38.4481488945487,0.9417251460407828
211.98425296557932,48.40508508229004,0.9419354715375634
23.010758821285364,3.2616943009272648,0.9419512223427904
8.271859557737596,26.587032525807583,0.9422285301082334
238.61144061677567,140.43789892222298,0.9422299155294551
189.41545748516506,250.92725907823706,0.942435512850655
42.02264865990877,186.37705049719636,0.9427360035129846
202.4362535376703,122.9418511004631,0.9430500131920602
101.58382920339699,166.52606917055684,0.9433635091426927
127.32605602110871,170.7675734328785,0.9433784874693205
56.139216395256625,144.1702693782138,0.9434301376659258
132.21369100723356,105.68964198328109,0.943449353897833
107.6169304415585,59.706933858857866,0.9434950806760466
9.9156523928755,204.06796785242636,0.9436052559221042
15.531626853815899,127.15091268283842,0.9437051911641265
215.6577684098698,137.87967033131508,0.9441131657237163
162.85191705573882,48.553864862962755,0.9441226310214292
243.09253386193774,90.63970359984701,0.9442002079555859
60.756834867686756,171.2511632280454,0.9444520062440067
177.55483543322154,27.451841051381148,0.9448026740420675
222.10531457762798,93.22556897260841,0.9448679644840158
72.54858862668767,137.58703678690983,0.9451371234263535
184.6957147772739,224.72636920907127,0.946048748275326
8.73292111015882,66.81217543656877,0.9461106417313896
129.68880568447818,239.63393170029016,0.9461289051399082
57.57116354659729,99.26245141647614,0.9466227126480597
147.62393599432468,21.562722141963096,0.9469060236275038
208.45488231218485,10.037793797950366,0.9472127774037865
238.10548476324578,1.0264856781190224,0.9472567019717497
96.49268337620138,191.35830308680457,0.9472719958906614
37.77151555460037,87.663156669374,0.947534566631347
72.37023049350654,193.16342583810993,0.9478015015305946
143.35161778376983,81.03491641860586,0.9483016410471594
109.30232935669537,69.220753468438,0.9483055556709319
52.00108159436678,73.395401891892,0.9483657013800717
96.18042274094148,201.7971529948593,0.9487042016020467
2.243284177184434,90.82626691379137,0.9488994616875199
142.7945458808282,11.583450803784432,0.9491039367694055
109.25183160378934,220.7015621079709,0.9493001059823406
187.3948753818396,138.94690108871922,0.949409789338259
85.81951932903968,11.162033608814337,0.9496839355659034
141.90346711331424,240.3248862513899,0.9500834641305279
229.18542563483555,220.59620375783123,0.9502834337029987
79.57594467698789,203.43333463577437,0.9506960423527664
189.17337754173195,222.50728293128782,0.9507701916814848
220.5214116433181,138.55751087246023,0.9511044260803947
30.79404040201157,233.7658884503448,0.9514610103716804
101.57066207600447,8.824658346992509,0.9515891491464156
41.14018540565881,153.2904171643104,0.951618074172897
180.1595259205514,46.868063910291276,0.9518845568408913
13.989705129430591,77.83932858678305,0.9522782868304918
158.44939743436123,146.59187543727296,0.9525152994272987
201.89297030851887,191.99935496812688,0.9526409994371283
149.49409452234056,3.2897314765531993,0.9527709055619803
237.52430098427308,60.47912255982113,0.9529791674741549
142.6081429067524,113.69833246294525,0.953001166770994
64.40214296232412,154.30320029425206,0.9537251688741283
130.81054724250328,115.95323570606044,0.9537753939721441
189.4030527056059,186.581997007824,0.9539935449756848
112.64251069298486,19.246167648742958,0.9542364886821079
76.29143453089738,238.62035508817917,0.9542394567891568
107.3942183597725,27.33182896365421,0.9544933471180891
102.59668432109135,61.3584170368707,0.9546450678437628
42.94745925593817,176.02835083761613,0.9547878813691989
205.62422300278527,78.29312420576987,0.954820578159823
117.48597333838846,136.3861105346495,0.9550693127057732
205.9492288750382,95.60841691178983,0.9550873299988615
195.21783201567337,202.12561216241397,0.9551374593434402
234.074963371738,121.20922056185019,0.9551490654094785
135.4361717784057,223.1115136585452,0.9554483304572214
131.19731546996672,113.95945373446166,0.9565701911596786
193.69217322939656,128.02360244532304,0.9566952995146133
251.75058858522843,8.501254368808747,0.9570129349049273
48.19158742774,211.93659657783616,0.9576611087363351
104.99240162756362,72.80497939883496,0.9577172312161757
177.38384199327123,70.91457575300622,0.957918448173371
212.11512066607088,179.64300800222125,0.9582663928023268
154.58521747819236,116.62205882654885,0.9585400949654885
22.564825591492184,12.266533423168505,0.9589250646877137
21.667205407112284,163.20756018438334,0.9591729875119428
185.2946699732148,206.8497193755132,0.9593633759458108
120.48208665506256,246.0694549142695,0.9596752309382792
9.05862633427668,25.18070060136421,0.9597096882738443
20.286738341699248,54.77018691775431,0.95978977154122
102.63985936741359,27.490986962097573,0.9600323437328243
163.7625138918431,111.5501446844469,0.9603511571257836
41.15175984003899,100.80653252576313,0.9604283741589325
119.35353672954469,1.7462924563276145,0.9605640626674165
59.30290816225135,1.033730603911086,0.9608394736448219
106.40500144875222,38.320619735410645,0.9612079822661985
18.933158960694893,199.12306074081002,0.9612533346316782
248.42221853065834,179.31599968396864,0.9612999911516462
103.16328531057952,74.58527504654523,0.961433071613581
163.07631728980587,103.68745909579775,0.96159625108976
243.23065516212452,156.77989872979947,0.9617662807891177
231.5298224762822,48.96056734250249,0.9618516182841704
58.610402822188675,8.082580774242276,0.9619971897818665
43.04062053636614,107.46025372518837,0.9621909767819269
152.58734952694766,97.11876439982379,0.9622990638026654
242.19668090425392,203.11542835304544,0.9624543297970921
96.70863417033198,157.31427302474333,0.962558198767464
175.80730755832224,177.8278697428476,0.962890179454511
205.6271810470146,18.120120293997893,0.9630312809725
125.08473458641274,230.36767288731318,0.9636319882291255
4.9085678340028425,116.56128104399538,0.9637164138012073
79.98501015525493,192.65295915974556,0.9639170696544349
152.57524183264286,164.2746143936799,0.9639372674062743
105.25381148717865,3.929805995536892,0.9640473299894172
227.10605270092822,88.57662748760922,0.9641839476233113
171.76363156515717,161.15928360917843,0.9643775296409787
82.46419857084102,251.28986320797057,0.96461162646824
201.1359962892911,142.85288045042543,0.9650714174337169
216.47115923588953,18.651364355842592,0.9651147916799675
121.31785854022998,133.32282693861484,0.9653553988975369
219.02714796712127,249.26499707157706,0.9655978808433724
127.39977597551807,124.79174419028418,0.9655987255283102
9.573761626146235,126.59925084845672,0.9657653178613452
229.57791394028527,146.02595930146995,0.965808867437563
48.657997547285056,53.76627584865245,0.9658209242124685
76.04163757293503,74.83981461466716,0.9658461594209462
5.3010125691205685,254.5109028997689,0.9660215209133669
96.56442747493153,105.29318634584234,0.9661509243798024
179.39205822061868,199.70417871046274,0.9663034033623511
193.99022873306112,196.65358955779732,0.9664666384106557
242.0584280228245,32.22888376664524,0.9669628349192043
215.4572989242025,44.318582136659124,0.9670016162478631
230.95110398333506,171.40354037940455,0.9671293628263747
241.904940827127,56.68347931174111,0.9672760096388575
182.58543870527612,50.084887798214055,0.9675183788502192
240.1162964391084,141.27925143350683,0.9678426694316382
83.60781798840638,92.05081892935902,0.9679827954380301
167.86112354954383,92.65964062826687,0.9679941587631882
179.87854555959458,114.9847271379677,0.9683216348809744
148.02962145788393,119.21241252847399,0.9685901408147045
69.76508807825931,113.62984505287793,0.9688274661272922
231.835726925186,171.58069261656163,0.9689846488326024
233.4433765092071,60.41805845786217,0.9690933769139218
250.76235493798615,43.166557954011665,0.9691236527726803
60.997661316390754,9.612390365529112,0.9693562818047441
190.08493683954345,215.35294684159157,0.9698956530259775
165.60129164906093,123.69205783750496,0.9699138810862797
76.97257110261945,62.39850280566817,0.9700267809729785
203.3029824592231,162.83476947375354,0.970090995054285
238.11272436078104,17.6942158703366,0.970382359774867
134.21600888378956,130.331168577611,0.9703970611400544
206.31401532577917,104.59013623236672,0.9704024767241554
176.89110071807423,99.66623519314199,0.9710265296513456
15.45130170661172,22.282906523783453,0.9711201134616116
128.87570053075302,57.54506936845278,0.9713136046607572
174.0468798257314,178.2016676779883,0.9713361423200384
145.49175543700903,18.127001976828453,0.971361455429022
26.969187332254748,119.4742377620716,0.9714200226189076
43.2247666117743,210.29001748453837,0.9715733572361863
175.84770043683352,209.02749108686245,0.9716080209682777
22.598945559391648,0.23887348767861807,0.9718554307227008
247.48458964471368,52.900737777583146,0.9719774643640873
138.12787061387036,61.34362475488269,0.9719808802397503
244.93312797318353,157.79244042583142,0.9719917753974333
26.91715973061302,173.53187400224752,0.9722071067877606
249.9611768802418,56.949223020576206,0.9725303323080833
132.8614092301193,66.64640923774995,0.9725489273947318
86.63611173616579,166.37956582362312,0.9731093214530523
116.28547854228381,90.34766902427882,0.973213039440331
188.05124127470293,189.7951693220672,0.9739751080015122
157.53149746750748,205.09709185666483,0.9741806247038288
9.26299150860844,18.807524160343387,0.9742822976976494
205.3367485391708,16.664266034899345,0.9750458372899857
129.3297282746618,253.09069822392416,0.9751021525399054
53.07254204489026,228.56164557188796,0.9752783111334967
55.2190204978814,156.77697197319833,0.9754177560763307
208.67668554484024,58.13828111962644,0.9757057105779801
181.56331295914046,144.98738481331645,0.9759321515333752
222.3789884138705,39.35039215130866,0.9759505925263301
217.91952475608502,55.288090492854415,0.9760928277727319
219.9582416419237,186.22605140244312,0.9762444353733515
10.77747959309864,239.8796441681227,0.9762672445949433
100.22242256111241,213.80310684182834,0.9762977170254252
32.67102698377108,123.76448449310094,0.9765647227590012
45.27791460535682,77.93172870926769,0.9766279960338001
251.57622434404914,39.85315101538902,0.9768253375766631
24.54253077463193,156.35308075298448,0.9771467560994166
131.01387111827148,56.204242528919025,0.9773136407045572
68.86583889565557,248.33927556871052,0.9779432011195575
43.21647021961846,152.26068549502585,0.9786860382588627
117.85138767749098,36.581870308628346,0.979099918243589
193.55606761944838,245.23276409987275,0.9791504672087157
33.30597742885751,188.75301505711545,0.9792667669420353
206.8797187425823,173.62927431157595,0.9792995547353015
82.58411400575994,100.46026495182917,0.9793085703834
242.24763427526304,249.67409192847896,0.9793311120706756
29.099163832590126,70.48063082889355,0.979633424276889
254.86595286807113,190.6594438003876,0.9799207704600076
14.001193883140875,109.21389392767293,0.980509593093811
234.91481271150212,238.4209002828052,0.9813827744916725
196.47626026206737,94.50114173102115,0.98162334834939
60.32578989265834,19.427463429132807,0.9820440852923069
161.21896780634077,46.868829817380465,0.9822687029167263
147.2128906983427,126.98824424867672,0.9822756780326528
172.35874638366093,108.39452440858297,0.9824025008473709
98.27998264907556,176.97676869840726,0.9827650672828576
135.51643662821772,3.8885294362226177,0.9830873365457491
15.660757526817871,33.134709517128854,0.9830976966647139
89.94408308356664,13.5724199147662,0.9831286370327965
157.68106707014715,217.5974481800975,0.9831420463943832
230.59004572277055,66.27821203368993,0.9838093869784159
64.738939084295,127.74564220017601,0.984004770956444
110.34087076470286,145.0394145769304,0.9840906857076718
36.22368671455969,144.66183506043774,0.9845642982563334
15.709201333935612,143.89282335502793,0.9848431284914576
2.2789565526109774,19.167844844538827,0.9850176955323519
153.20928096784328,156.1779542282844,0.9853106369231996
120.951262137197,84.03668609649158,0.9854644049195141
135.19172508784482,226.00903656337792,0.9854785458896708
81.34402708783347,88.90877452610415,0.9855238385669468
160.46718590260807,81.08085980654573,0.9859707537868557
86.85272096017692,49.60059084589181,0.9860083936814477
40.69796556975647,22.331787133794457,0.9860120820912487
87.14810698066232,49.27480240588335,0.9861559125383309
99.76788894935581,219.78386813904808,0.9862130129490017
254.26319457128594,116.11821042018158,0.9863036979528005
174.48946744728323,165.22268626990322,0.986367368638156
239.2230742841093,95.32708176176432,0.9863868773225932
103.44688344666584,11.268485411262441,0.986511512598038
109.96934146598994,68.25066373411993,0.9865315055441288
161.60855059539537,247.5726791937452,0.9867861961961365
39.207666732665786,123.00217689859703,0.9869424458174721
236.2883655658795,187.03925261849733,0.9870123854536045
177.11698962788415,151.48006494416975,0.9870900073060475
250.72452744065822,4.740977829944869,0.9872647711488418
209.43519279304053,247.1850130654578,0.9875294901690889
174.75589875397654,184.9626589117271,0.9878344683167116
121.87134592536012,101.81912342514963,0.9878809916305288
132.72530986613666,165.01186287601973,0.9885157332165048
138.43074980257146,210.733097203589,0.9886281492413805
141.06717138918816,145.15622748553645,0.9888568237386344
47.75139647565151,191.27221379371446,0.9890801131448604
151.43321214373793,254.28463793683872,0.9896280221863385
20.708735821140287,157.53626055741734,0.9907016035064168
22.85763306028209,76.31731754593709,0.9909222509511717
17.07444487514692,2.205386011074948,0.9911865675940346
153.9395878060834,10.486199661496398,0.991604983950635
142.94472926397015,202.98388468575234,0.9917502868127358
86.9878380040898,235.38035731632706,0.9917730463791722
17.981767940986902,164.64428177001903,0.9920824478013236
33.14080846366394,51.78657336254254,0.9923410446587495
188.60281730031159,77.90910498107635,0.9923930216194679
173.0229461574654,68.08674397012695,0.9925066178226218
169.45986400232493,0.708244973354214,0.9926631880279255
202.2420380670878,118.56551241445221,0.9926687885909464
115.44543524449907,14.523849591792356,0.9926892658105132
174.84924322213786,1.2827122150724868,0.9929289699531169
16.617044864991282,129.94406203294727,0.992988942220629
173.8722972133323,206.8231969992602,0.9930637437623316
224.05730463554835,1.3929508501013688,0.9931859530206817
119.71583079688254,196.18367374723346,0.9933207100694127
205.00890591165864,161.32610233899857,0.9934111505061807
95.83065437608869,254.28766874366013,0.993836769546232
240.5083174781477,108.22769717146969,0.9938473866961247
40.00712583475917,215.9640971918637,0.9938484838930264
89.47733162895884,247.68862991341945,0.9938732436059883
193.8004299929843,246.4351033605923,0.9941071926086528
117.77693838478383,157.07145221969114,0.9943675107351327
57.629527104576496,214.6950393760534,0.9945133924249198
122.95333225297784,24.538117481691827,0.9955333877481097
196.49333127621512,254.338012820792,0.9960462636240275
226.61022634693734,217.94057360279785,0.9962358486033065
118.5365103330321,119.29545454653176,0.9966280136251311
119.48192037353078,129.893621337034,0.9966827330485727
3.1512970681662376,57.419184080270966,0.9969263530978965
122.58088087380949,40.78257575971985,0.9974777103015415
25.58071468400733,124.59561918924018,0.9984363033994544
78.89059482534586,158.86812605289012,0.998757716034797
133.60033532708786,99.95802876982442,0.9989656734823054
84.19900473252228,88.68661998090094,0.9991127349489531
154.63456795839582,242.70383469893767,0.9992182376665416
73.7664426164597,210.9402435105722,0.9996345377843822
28.63197936548768,20.501398938507727,0.9999986090182302
125.59178560411898,238.46124986735038,1.0000010440481777
62.26263461686783,221.86513795659457,1.0000478627868954
108.91592591890395,41.83335635036205,1.0002665907164512
79.24641246725554,159.06823413089646,1.0002824911424948
106.08802720434595,116.1802254258554,1.0004645510591774
148.04300756978375,111.20029315703198,1.0006938512673509
32.818969894710364,78.76024342804502,1.0009790239943013
156.63414751700242,62.04245907253617,1.0013895497927983
179.45024648252075,7.509688795116405,1.0014016814272533
134.76334838026034,99.1994306853564,1.0023031296437293
63.678316366948685,131.42225404668307,1.0023137982286052
72.8479686011072,50.563346184972715,1.0023159152194863
93.84559748492009,16.48667723485291,1.0027060003392645
17.528036505185344,253.73941598021645,1.0030106857771206
93.94442261901237,31.962166593649926,1.0031803273589481
151.93759310726054,53.63656287253422,1.0032077615716124
188.81286517505478,134.16292281539262,1.0033141548471853
189.6567130785182,165.27220858215782,1.0036653059626324
21.906442186552187,139.87596070201073,1.0038998803436323
143.99659698840398,230.8627662126106,1.0042377392354425
55.74134727594412,13.19092750367565,1.004400526174175
222.71116220375546,229.4912084268218,1.0044280777270038
4.3577615354251895,79.80117887468143,1.0045428772903828
219.53817466803056,64.83964963386794,1.0046905489941276
188.74597953269682,250.0715518958911,1.0047478938072354
225.70906395192893,187.97359565395067,1.0048467141914987
137.81715432305404,221.0734425625706,1.0048826882694968
195.09767684866065,191.44435246774933,1.0049475373298187
58.56193428515343,37.641888387052035,1.0051790159003722
87.34213580755024,168.1600635271931,1.0053786448161497
229.6817355492484,210.94222179516262,1.005463828879429
138.89046297738804,186.6600432820813,1.005622540534245
227.48499142573553,181.47722635193182,1.0059608531244457
47.086558786826636,53.83131894061435,1.006028832262935
49.768762290333484,57.755935323916226,1.0060700752961353
107.16567618913496,242.27764530940988,1.006407230890825
183.4832907157421,94.39137010305316,1.0067182561980197
200.85670541753137,195.11362906994813,1.0068477109269591
29.528641730049554,147.42200730063564,1.0068571738965162
42.42222598189477,131.97946402912467,1.0069523255429753
237.42665315903474,148.33184692779145,1.0070647686686454
152.2166306986557,170.7142894595616,1.0071376873546733
51.837754647694084,254.05615368268894,1.0072030299205421
9.755371168672779,67.73045471266711,1.0075122449099014
174.947773541856,58.52257785066234,1.007989431321491
141.17244292997995,108.87186642805358,1.008237607739471
151.75896166579238,228.06995157565655,1.008472318462185
186.12571274697285,158.28181999874465,1.0087788272316696
81.64254743012134,158.48017577333175,1.0090498918741144
189.01610689063116,101.78502309304551,1.0091189414015442
229.06857069098575,245.95116567889949,1.0093378227778087
87.62624678834615,42.44639137172896,1.0094260174482852
214.71768632938435,193.24216490261765,1.0094437491169215
172.15264050062774,204.45989985389613,1.0094878093598343
176.18234808842365,169.94691130078843,1.010459633964689
44.832156035409255,8.808936943412064,1.0105232089442733
118.6636667341666,145.4447019990783,1.0108303063402173
209.29744040654597,201.7984963694938,1.011188864749782
7.973658070951218,94.84951727029396,1.0114761780876689
178.15463981759552,72.49899454309022,1.0115500111199007
228.33543534461668,45.223597312558,1.0116781666366363
52.707464442195,231.22661013955369,1.0117134827644039
41.060005921578636,212.61670966030636,1.0117642033345078
43.51811681045705,125.31556666329436,1.0118195527370915
136.75738958987708,137.22898486242792,1.011887130431712
16.4581060494518,8.022337270326286,1.0119944252174051
156.40988526364598,232.9947050732038,1.0123792424418896
101.75286446713544,14.796642233143066,1.0125360015841693
231.47312021373665,49.06414914640966,1.0125484692172178
229.8986561811591,12.898402315903734,1.0126311933490895
185.85172906924575,170.32323989798354,1.0128712038883783
33.82605080317665,208.10953682948977,1.0130690688207427
94.7923134694375,227.0265434633047,1.0130803630708711
207.41173002600434,217.6010893529279,1.013212900126732
4.3497993503476975,122.30815315364482,1.013641121478316
77.18109711890894,211.6841322428028,1.01375604827059
1.5517482958640267,74.5559244542578,1.0137748847072436
81.11288563633434,37.698838557290514,1.0142824761872005
5.056983711936435,14.872941269317314,1.0144487286964166
113.24259317609612,94.2172342028367,1.0145535398991952
110.70030412048214,47.86909878401182,1.0146472592718045
174.8906736456795,226.18615623090338,1.0149524500343714
35.89119213409021,112.45433858078516,1.015244727857554
88.07752515480959,66.98909557422732,1.015424110913072
87.59410593308479,125.6168535101192,1.0157271840187772
87.28586277657615,142.18266260622795,1.0159301593904115
222.97866172162637,193.4411996411818,1.0160285069360553
119.69938951593844,110.71158057368676,1.016398132734591
98.5569767446751,87.01442562219717,1.016475662767215
245.6166399975075,42.68970547313969,1.0167868000598015
165.08026082834155,51.271785330453206,1.0168525369094366
163.18426379804066,112.06531098807902,1.0170320855206063
127.98743913886844,83.55606307025596,1.0174840971635917
254.80730169554528,77.64223887067187,1.017832466776634
6.068749236121778,71.80218207291398,1.0184701612106233
143.63660106644622,221.74627495778518,1.018522858636317
28.51734616790171,201.03453622350517,1.0185609069773534
58.8517373285675,76.90575693728641,1.018877189013649
131.777021034682,173.06791767726747,1.0189761865462827
32.608736816940045,113.54310125835721,1.0190584304824608
53.93393727615622,19.660825382109525,1.019156176971571
67.55966853800727,224.98334138293066,1.0194452059843695
248.6325072564305,80.55310202367727,1.0197865476036796
95.5353009471008,152.07091538524807,1.0200493599219522
37.74656791277047,70.71563323686735,1.0201177026975838
160.9264716213897,103.78411182721928,1.0203416504738971
125.40420543705142,84.73660373078953,1.0204641298636719
252.97345891960472,112.07376837087341,1.0205306994419985
196.54513732809392,245.92189983853956,1.0205417795416953
15.554202002894097,20.897526104234334,1.020993486785674
210.4881095784783,135.20207873634718,1.021009707268374
46.990900215365976,213.65796204628705,1.0210888977707608
123.62023213587032,241.64036426441686,1.0212546755703533
102.52266633270449,99.68113742593188,1.0213835736092947
26.25772559183251,35.21782915846583,1.0216551200805746
220.50230547529696,155.50630511764203,1.0216847708649996
62.46949865062266,160.12282183285942,1.0219709880249115
243.56225548142928,167.5341443382595,1.0219866330925769
137.11555540723185,15.123574575687817,1.0219990619450587
9.743246271851289,181.5958823425649,1.0220991694798525
52.26699705719219,73.27892540003157,1.022237161223403
76.06892298912143,87.294212989818,1.0222507338588316
118.7591573345583,52.38481932460552,1.022334537941261
87.49630134293116,90.36567887221045,1.0223632034587191
143.63083478853838,159.13432247310115,1.0224605956919306
73.87607678709091,219.7649929257747,1.0224612309990495
228.7273835606032,38.76501591603602,1.022597487374574
174.68123156117878,171.21181739998036,1.0231251820041802
20.328127458730403,72.39486510670422,1.023199419270487
243.22680292028727,203.08623557929877,1.023294013944114
86.6186777632393,57.429463992506875,1.023785849367202
234.6774403145541,238.93692566653513,1.02403573140919
43.38686496874961,170.09553257338607,1.0242161251356263
130.09809340604815,82.37496056857078,1.024396614832803
247.3801233616388,62.186817166140386,1.0245448782334614
96.94970423195007,252.64645529673638,1.0247663803186773
102.42162348365956,132.22886515248578,1.0252572874318815
169.9943047338836,28.662040321101706,1.0254382312941934
34.25262785719228,112.97975403786631,1.025804179734073
90.59850433658225,153.6392396302486,1.026005367863735
104.20224446494665,227.32723636100644,1.0261910488019523
250.22258254360432,116.55256946828109,1.0267360887647865
123.45420955997591,197.20723228520322,1.0267458348252512
59.33632189566487,230.77387760756167,1.0268837079365831
158.06154759031216,134.03511075773918,1.027005760208341
15.719659893516857,117.71240403549949,1.027246865562036
17.631215353559806,79.94278831353809,1.027303173344308
184.12960343538862,209.80279396741378,1.027662608483473
144.68824184431992,140.9553602852834,1.0276699100165503
87.43989104112393,22.959501660829364,1.0277377652700528
61.50396826090808,96.23275495114916,1.0279779131628504
17.567362215696278,56.31181264688586,1.028095700567606
168.87977557979693,190.83587690255698,1.0283461097064777
58.71991181510928,53.40025816614174,1.0283992426401567
98.86861354594024,20.4995773222793,1.0286506298010283
244.9978241949403,166.48503725482843,1.0292870349941075
90.0592099939625,193.64463504409102,1.0293835205261035
25.552405656712125,188.63480106859902,1.029455280461333
126.02968509802214,245.03027117199616,1.029572693454664
167.91825228855606,89.33964247841351,1.029722999217526
147.6827566407612,8.495598164936386,1.029835138999914
238.5999243494465,198.94025005899843,1.030075176947155
216.39421439524483,85.31566138319177,1.030681853951252
33.640832375403065,128.29037858327658,1.0309368730378867
31.367461869547277,254.22917194052218,1.031133473578579
197.71040307257414,140.9752252629055,1.031416724420339
165.46256612929554,104.90001061432258,1.0314182518984247
221.35670924007553,24.386752929958213,1.031817828317856
233.79830555532445,189.0751855226459,1.0326103633934882
115.51379358753692,145.6060617308993,1.0326326109026058
231.15734529433658,59.01821178046985,1.0328885711165299
206.5273964910964,211.8769217714188,1.0330734949871496
18.06826875121184,203.293191970588,1.033141742984207
163.48543677759776,58.756497370531626,1.0333663300826497
106.61811987728,74.84086409440867,1.0338912534397648
140.93598687479255,196.26977315996496,1.0345304991634003
162.56569955696526,130.80966645047576,1.0350563340128554
134.22205083324988,222.58400053290276,1.0352657205817986
27.588209189904596,220.3409850804742,1.0352830316456183
184.2138215711407,113.5504885658059,1.035585355711744
43.96244695947639,155.20610182673806,1.0356313554287007
113.43617181142693,150.53420931967838,1.0359657120274977
40.3278564485189,192.6020757051376,1.0362491008945398
103.68013610308792,188.79992803824328,1.0367137294399533
147.5651390374393,117.38911715863382,1.036792494698537
203.13881295897983,1.1188682854793597,1.0369330679898396
118.04671980405321,42.73278564862793,1.0373344039495587
1.5033382582095967,135.2089110558854,1.0373622284022048
58.61595449137095,167.71553376693393,1.0373926575067738
115.30669610873264,224.9699116517097,1.037470819629738
48.91631007422031,165.0279678729574,1.0375939862751529
70.00358233589924,26.41660955790229,1.0380059825098698
141.09285907025762,110.89308577533785,1.0384453295778973
147.00594029330418,197.00116946424217,1.0388386204350584
141.8000229223823,49.046501024564996,1.0390507168651077
251.2887571076049,142.2620569963782,1.0393518397772805
56.49881091614497,90.63151623258815,1.0394289561006722
0.8759186311205742,202.20642226020396,1.0394396599229971
181.10656514186437,179.03484851222618,1.0394470993224985
240.71884983812652,179.84229397695412,1.0395270609173686
59.4896612949246,47.24743647371117,1.0396397859157973
42.66356009511167,107.13880004977436,1.0398125513216734
148.65162805983326,59.04998692025814,1.0401419557011242
152.90875331086608,129.7991895461931,1.0402845757551238
54.224149627856725,109.7742557536986,1.0408049166205113
184.86931263837798,237.94729071427486,1.040878162702483
187.0701116602905,233.47814336708902,1.040961878365431
137.44606279657174,244.36589672035927,1.0412407394939143
251.08489279155305,168.9278812640832,1.0413153621746192
6.183395367196903,133.86261782401357,1.0416354562706873
163.09594190745287,91.17241647225289,1.0417797781689808
137.5815961668797,145.9568436006293,1.042440603500269
217.88828630979003,220.84132882391827,1.0424776145427823
129.6240666952539,155.85559907584937,1.0427392527581585
57.56824624054317,91.11032929224926,1.0429600602950013
139.5322500898591,58.939906250012946,1.0430544644485695
92.29005148902321,242.5305030227128,1.0431354144002507
109.44230302248947,229.40343919189277,1.0432960966718676
190.00011337630625,188.80535380483119,1.0435462819350014
24.461047108985053,219.69426524376513,1.0436358256105438
63.434285981563484,240.56225981045554,1.043700488337816
94.91859479167886,71.05944469644717,1.0439109822755834
43.51522639872464,80.25973812842739,1.0441777010006716
86.37735825677967,63.05932796932869,1.0444614633942781
179.58221958388023,201.12263800041086,1.04449939518494
173.78356293246944,81.61798832383103,1.044674644432793
200.32774769138473,158.7284977845033,1.0447988213549821
200.14344177934086,209.58965278472544,1.0450622687935132
58.69694157383521,131.896715945712,1.0451509689161667
142.8220534903362,110.30663973416239,1.0451975410645646
172.23986207146322,233.32424832148962,1.045268287774469
175.58771055760081,172.39712647655395,1.0464810332854098
22.92784543472285,94.6501184017556,1.0466980591532464
53.045137047598054,74.39545130692217,1.047337817174974
82.56781103754025,89.7780458041847,1.047378388658862
37.26621089565881,160.363673980184,1.0474108518330139
33.81954394594717,71.15844748979228,1.0475434928216456
219.31907569460128,207.48259730931628,1.0475892284571697
249.81735594281233,60.66649017207652,1.0475990416798473
42.19600064766163,111.3911282243637,1.04769525022867
168.9246483454955,38.20097450900616,1.0478170781482752
45.51097261910981,227.4935391025999,1.0480079549697874
212.47795279451273,78.46937454681024,1.0482330866878369
97.27765895970613,101.97055439275843,1.0482508235692338
83.11287388778385,166.14568535506538,1.0482774184429948
229.38830365454905,76.9347492387315,1.0486755234427003
69.01273920540028,146.26747210210246,1.049037836276831
42.762514919202744,69.34696360789417,1.049084579612367
171.47173591686686,83.75948358998303,1.0492841805683497
254.5449934552997,250.95407668209776,1.049854782855818
74.65025414437808,35.10068940953084,1.0499318331646812
129.4537635417178,198.75483801947246,1.0499735649245834
190.38511635310334,29.066355180630726,1.0500137951090323
186.88310143268617,31.146272444916338,1.0500749054014489
114.6493689101973,244.42837319597376,1.0506822995866747
120.14811542750851,115.98602200720717,1.0509597550083156
183.72170525390575,248.60296005948024,1.051532438805681
154.19042071198353,141.97800439086146,1.051552147241334
58.805505447284226,148.9624325918065,1.0515969945277641
252.7994146284015,110.7312163070105,1.051598065848786
7.637338450943996,222.37038787639662,1.0524958443844288
98.61982599509155,88.85103576725523,1.052624323518684
18.258957704737995,234.499433925744,1.0526268069962361
242.60486804052601,211.10509183199596,1.0526587052885636
65.37239153531867,10.831145431569983,1.0526802028473252
46.79634988073195,7.870669813350542,1.0526949422426577
210.61609385149993,41.31213535512902,1.0527872082741927
240.2987123596312,92.04412508132039,1.0532911735489756
137.35829358604582,44.41333230676953,1.0533922716694915
46.84658203811135,29.242999182960464,1.0534989117268296
219.19101296971314,86.97978266173384,1.0539620107796506
76.65260764113006,114.58724904980718,1.0541593390301482
116.83244551003456,0.7115278679737386,1.054257944891604
33.8817573788169,183.3064037702513,1.0544423755872734
32.19554766717284,102.58188838754182,1.054567542165164
222.36166646919494,140.97803971129207,1.0546422541557285
59.47013431567066,203.7817997346926,1.0547094742261631
60.09219870624201,1.3603857201693133,1.0549316395258888
112.22620383055681,46.25121001422917,1.0551610223611816
156.15223393179494,200.61835915796343,1.0555566945278174
136.33040295272218,38.430335830622916,1.0557915416808095
218.23079395625274,167.3128591429591,1.0560683631230385
145.94224287442407,130.12986134007005,1.05609542933636
185.9737988068844,194.41089801446884,1.0562658798020808
196.14083670763384,117.3705429292249,1.0563161599345683
16.325188669948037,131.69146041764319,1.056381763344086
10.777116170082074,9.935357269943466,1.0566497811059796
71.987508426299,62.23526364473449,1.0575751400052569
27.406083051862144,134.65003865289847,1.0576355350567077
149.27503276047102,217.00898432703275,1.0578779687927407
106.85220523791556,82.11721345837934,1.0580493632992996
212.42453395285656,244.03110333764027,1.0581245436289224
65.1159697723699,246.95364727460037,1.0584548088431842
3.7490642737595867,250.41269632066792,1.0585864434112409
216.42732630355712,182.89421662070183,1.058716588498174
197.64786856038322,251.2522438949852,1.0588501713553216
35.33765008212058,177.77152031052444,1.0592416014164734
235.1939774114885,17.96640286560513,1.059334138819286
57.22372879506716,205.71171897275107,1.059340386870933
106.44004060160202,17.760610403269105,1.0593606465046512
120.57490220290573,247.84800637004375,1.0597853025479649
71.64365559029349,237.43659682039345,1.0604718707496796
204.67079657548865,206.49617382260206,1.060472705509934
119.78347368024468,253.75935703419353,1.060576050672714
106.11406928903189,240.2751191184297,1.060660028987852
6.77266648954678,177.55996926660356,1.0608581902978462
140.5142624345581,65.66924059823045,1.060905070743641
64.44369833583416,119.44104529730399,1.061516354681366
63.29423266883162,204.29473119418583,1.061661052011067
213.94817636293763,65.2278184853364,1.0619036255211443
149.47992889471521,98.59364908234292,1.062227594730756
55.9394620887836,104.32685538983765,1.0622297367386102
208.13186359036231,16.196543720740262,1.0623489829912134
65.91181080436682,168.75953165529035,1.062795420215146
192.69573154765553,10.22692679015144,1.0627980437267661
108.965306142309,28.155324286584975,1.063108700034696
121.53378799754512,91.07841775580658,1.0632662684036016
94.06000255451012,120.38909446946762,1.0633861364200525
28.577749501874703,1.7384083849991379,1.063651737079476
217.67485805639336,59.44594862679588,1.0639103341002918
23.08585599860292,21.43337575553419,1.0639425366398845
10.829334384310151,250.74784533344916,1.0640155000031097
158.80070728148468,77.8459313494518,1.0640759580695636
88.20699166070243,216.05936710911527,1.0641764033668926
230.08422951120062,68.04238825819036,1.0642866802570345
61.16188275382767,170.38673310445392,1.0643917938228116
161.61015451141452,64.67089228189836,1.0644719838588164
132.90396442064142,111.9248575579455,1.0647627410515972
53.227192010704954,238.19634427634315,1.0649592023512569
184.48019527707152,238.76002029903734,1.0650710035141902
50.094735667026875,14.732076055258084,1.0653866567562895
230.26706619688628,103.48785830337633,1.0658930178296087
25.617275351655437,13.75042325038559,1.0659264966041293
31.831906463248373,117.52147227869403,1.0660679578107592
208.81529577552368,82.87068032925872,1.0661803444611155
50.16798523067499,94.82666060463018,1.0663774999512259
242.61998732989383,26.95719743538605,1.0666121988046187
244.95925193079827,192.48613328971607,1.0667152759687506
196.17281781266917,190.26645176846677,1.0669262226870422
180.8123941262222,78.03171480299466,1.0675259626652538
53.40785787405454,66.89932909717517,1.0676730264735614
151.44653571072496,147.60964494576172,1.0678983708715706
43.32665365209773,85.71590175656577,1.0680347000238004
249.19102325343383,143.26454862943842,1.0686039322735224
226.57113479464604,69.157340228463,1.0687585029424236
207.63509902154368,138.56566695753602,1.068792144664045
25.63489749679494,170.10520185778725,1.0688913813051313
100.93874114014451,95.23650758890464,1.0694806882782113
127.60180064457552,34.61540478293395,1.0697386858043338
187.35587262402896,97.73511793495149,1.069776150847071
207.9835296308441,21.324640979981222,1.0701881421343076
127.38310173934568,50.10475376726472,1.0703008926116022
69.18491323255944,138.90761441261262,1.0705743563254464
2.8167635820266033,48.59098780482253,1.070592025501133
112.47988366508696,190.11881292134862,1.0706656189129706
213.99044648831224,252.27155107946479,1.070707207445972
23.64813280240397,157.61781451772023,1.0707705236321896
202.31709783538844,49.61571564035089,1.070804519890756
70.7612763138059,160.30386213571606,1.0708071684127347
91.29923886727452,212.45046285688002,1.0708910225072736
173.47619806717643,9.753225953896438,1.071254162672504
126.41033106532493,33.4273578373065,1.0714636119270884
8.777629703530094,106.51117691653025,1.0714967138620195
43.50951492938453,47.733558707421466,1.071758139929171
242.85333519867086,216.3486202324408,1.0718213359310949
243.67537895080665,102.58895846138924,1.0720577463695706
252.7496829036986,73.24632288748187,1.0720833152908118
169.2749322850306,137.7823442334104,1.0721577898909775
40.521887674600386,59.078946269877626,1.0725165778555756
70.07850671418875,99.57102106603972,1.0725215785509807
220.5385136925815,166.7211588654703,1.072527690217861
44.10019632525134,105.9184116953745,1.0726768788072978
57.28123178217772,233.03063960459409,1.073252780074543
193.80136815145366,121.92290044598684,1.0735902732072833
111.18390324297947,75.22762135630539,1.0741215507349826
107.05154744669666,86.9852256514634,1.0741322746471085
207.4381439337057,113.81399571321693,1.0742402777236972
10.971503922665917,21.03972686829514,1.0745625881008367
69.73327563168907,72.52938877031492,1.074659267845193
148.86526928080306,250.18160813535113,1.074758699265864
98.76387550690694,13.509428029637553,1.0749230828622889
226.7209758044571,14.626807117295668,1.074975714138448
12.093076747307554,233.35126859360264,1.0751084531782502
249.36093488961862,32.29334256028427,1.0753193076733427
13.349531590088366,233.10528356162138,1.0754089763752661
180.52994377873642,204.30824722879774,1.0756492982190298
89.04477856130377,129.57142274489942,1.0764333065186866
107.94038007247481,62.161056815501176,1.0767002354566781
175.4533531117669,43.87362800067929,1.0768384276245295
241.22464283238878,44.537842948289956,1.0778286706888356
5.011609419005177,168.20380811603155,1.0778955624515372
214.63349016231692,14.082957561959466,1.0780045211353837
106.49964504102506,100.59200138363869,1.0781867767448083
86.52461450964425,91.82955795288842,1.0784102728800566
156.55427488914592,210.0441367808091,1.0786687358048697
209.99450264402256,218.04995812389564,1.078757705503788
149.40425138136513,91.08453658301707,1.0790221780854685
22.943115394403563,39.24192453751979,1.07933794675661
101.75612045688375,174.10028128270386,1.079389024064961
94.0384035949354,123.00084445037128,1.0795544289835237
117.131471562859,95.46068782354243,1.079568697189763
63.01222954673964,183.24116307827703,1.0798043362208536
0.3605456742570551,84.53333551018076,1.0802224893953
167.05957509218155,231.33710748379656,1.0802607803185238
108.00305810159541,71.10961658285734,1.0803167555734048
218.56683364891654,250.19943860563933,1.0805085138093744
84.13506925198995,79.642792187905,1.0807071012048364
166.57551648837932,157.7998029292303,1.0807317299698882
82.4522457603212,153.81254862093155,1.0807369393699804
248.47352750084204,78.91661720688921,1.0812690747556435
194.14676833569482,7.760496549244229,1.0813774427908909
142.61196720260278,146.99741237614492,1.081459104465789
145.24641849508066,158.7086189519284,1.081575333843673
248.74837964576116,74.49934142010191,1.08177517126813
7.7465699114644355,66.89008854189368,1.081936251671145
48.46430429446067,220.57337475049965,1.0820079048692122
74.9382529042777,210.64098053825788,1.0822167155915186
142.92107794317195,221.7865723547787,1.0822822451613676
133.28761723987657,147.79631408538398,1.0824694203067833
241.45843686189235,175.37246048567354,1.0825153453302863
135.7854782921601,210.547977791106,1.0828333767702498
89.85459941340027,15.362129353388532,1.0832797087710264
102.39963003116343,78.61735072537998,1.0833446707130856
30.913528330990093,142.19881344690302,1.083394022572598
85.06012197848177,132.84984810631528,1.0834933652196426
238.0281296814986,61.16319907699964,1.0837891909676332
54.90610313521433,25.13678389977368,1.0838243389139415
163.19152783070285,102.21610141349773,1.0839329500303985
186.85294967522444,167.74246712152038,1.083991095624407
228.41737149723147,146.1028785692308,1.084684870586292
147.79161169004604,163.32185951373745,1.0848001502180082
219.98577920589975,77.77830290083567,1.0849076974171157
10.20623970850403,89.44347879204045,1.0851434742103394
106.2823256369495,87.53829472477138,1.0851440558234569
137.88755193925817,41.261808577395904,1.085799137630706
36.0045161099707,185.68718121646177,1.0858522710712712
182.16480647457797,186.28291495398122,1.0858831832026041
34.06503556947257,146.4239049998444,1.0860047453336874
28.91935454392524,115.1947660722347,1.0860350027575738
219.25528264309324,244.21911780451853,1.0865142355671422
78.34338042986107,130.14201402472497,1.087161577121941
2.670513002174133,101.96109674321305,1.0872476494890286
49.98654335530897,193.72439144459847,1.087300022812409
128.9590393693122,129.25009062703867,1.0873339156693778
33.964067100515166,189.1079383159458,1.0874614757505139
3.518494261836308,226.3658313469604,1.0879105785153698
41.93477692010012,118.59171024403722,1.0882064794742823
30.549597159541314,0.5500984510157592,1.0882521535438283
145.97785674185974,57.93116991205105,1.0889726679913156
86.02796318214403,13.208641468810463,1.0890315858706057
23.689981672924223,152.95495809125956,1.089270266889817
77.93714741907989,36.229548941797916,1.0893679702066288
99.45867614625695,190.99002605589223,1.0894285474017804
126.99744564391455,71.87160267217119,1.089754800544367
138.31006786605136,113.50180773751926,1.0899075578098987
178.07734260432755,124.83840453075476,1.089979297377516
7.157294857782329,31.52872856557007,1.0902741247833447
251.98896737641115,94.28032081809006,1.0903270413854194
17.82703615206294,137.83647850150305,1.0903911735708731
125.73290765934246,131.69452425761335,1.0907316265996312
66.55125432667772,75.33945405871384,1.0909197345950152
200.48118023178705,192.4336470008693,1.0909456934529282
156.12651136864318,122.03719559382586,1.0909623695531265
57.58299398690041,139.9376048158166,1.0910054301497654
182.17504105750606,138.21617257329916,1.0910142761443338
231.4634390392197,27.820701300374044,1.0910480696079352
157.54488226799023,224.0366340935164,1.091630039302691
70.67935192237364,64.89082307371092,1.0916362420212684
215.5434382184097,157.93750143145238,1.0917515998949716
46.4634929505564,75.16351260645887,1.0918898312632108
121.89861268810137,113.906286436475,1.0920299115315035
153.47806351876133,94.59651010171582,1.0921241415691565
229.34457773515635,184.39640880084855,1.0921314241804136
227.28385699613193,181.97262633425188,1.0923705751725492
217.31113659264332,105.12930191540761,1.0923832067513
2.568169063115939,244.04808287801958,1.0928416674884112
134.49402291654286,40.16463802578099,1.0932172915984482
117.31692021303934,32.74890329371444,1.0934653791167948
63.824761268486725,50.061296781928014,1.0934900349499173
36.002698769128905,192.75525946780675,1.0936297690434262
67.17347831457299,111.93669010032227,1.0938406349371828
230.964956863214,26.15852746372204,1.0940043417328063
50.45759720442926,31.65090436635041,1.0940573536114873
187.9362329055361,84.11209057151974,1.0942582861542647
226.52377090056126,212.74898820771986,1.0944539559542172
10.26020247163507,217.06903979156536,1.094624209397324
42.94396594478613,0.9113881865259632,1.0956900590997893
252.38029045411602,5.717001688538186,1.0957669896059754
61.837490736249364,30.29337723770131,1.0960041285057787
48.09671481376907,70.3501276664486,1.0960221877387482
31.845095868307205,34.23841203621036,1.0962703500181148
64.8085075928196,243.56733610871294,1.096456954427137
60.78582961522858,88.25418548785733,1.0967192336987488
32.62461770303949,182.8773999342578,1.0971181928566438
162.12790076200218,247.13489128301728,1.0972544902692214
165.2082466253964,27.19190769936917,1.097278721843439
76.36480069210099,10.994789688835638,1.0979848482411672
114.42335588929743,141.23568729161983,1.0983086443261767
192.56424609615345,54.31598709951409,1.0983434632244573
46.93845290057947,33.46819690599289,1.0984139589534716
178.65374655650518,183.8311336994886,1.098489623354309
41.75336560864252,241.37464486529996,1.0987125240383946
129.20537019119598,34.81013849747102,1.099146645392987
171.31875106705036,95.51795721055163,1.0992412422367617
3.758307080852126,202.73488861717098,1.1003489039399756
251.06724019825074,138.37036968867105,1.1005701976022073
38.18600577267119,196.72626521909848,1.1008873506329968
111.82508949633329,121.05927013869348,1.1010446773873075
189.6810496844644,132.90314143420127,1.1012792483852842
39.654443111195484,81.5375418485575,1.101403561221234
14.235844376019047,111.37494479297042,1.102234378421567
97.12014886270573,16.61789886130597,1.1024545062078988
168.52159950994454,247.20223531114587,1.1030824438344036
102.05332559273633,198.66716400819274,1.1032460018211165
196.13480128945238,157.12684470934408,1.1034562033784565
88.16099296797061,125.82185528301635,1.1035336710866994
151.5438406389399,52.2309688996679,1.1036810054348263
102.3768545034558,156.27649528840436,1.1038196849385042
202.30134103290138,122.08752240198166,1.1041815452637715
249.32967119237568,36.98171660779997,1.1043701713225889
46.65901309645448,51.99918919103524,1.104591165365351
31.300921203229947,181.14572941960924,1.1045949546150364
79.14020252788706,111.34058176887787,1.1048577711530643
82.52887292558916,39.69660331365537,1.105257628512416
199.2365029533887,115.75401710597478,1.1056149816228895
169.9841719032928,6.676355500478008,1.1059689658782055
52.35638067688038,3.0871975346175846,1.1064686579664431
6.948405287064915,223.10295784805086,1.1069440536105457
228.51379579598117,207.37273918593476,1.1069792513533638
183.08346722496853,140.57982319842318,1.1069883646513268
245.60723539433783,229.08442513044508,1.1070383014698824
51.0330182533619,88.02069578729525,1.1070792596313517
64.65569007150536,77.37888136766719,1.1071089288013531
4.034671550990007,87.10475111711946,1.1075733751887227
254.86099927439582,202.38272649061238,1.1079498458314967
212.1931696555848,113.37798746423053,1.1079730658860354
174.4656688782709,23.786472693193314,1.1080431875869052
193.13772675892818,116.19876427202448,1.1082245851194568
234.3904818828739,125.75165547187176,1.1085986809612085
224.25566066676657,58.89620403121787,1.1087099119536872
139.00054453702037,7.986496667748863,1.1089098551991161
217.1592369394321,229.578838146078,1.108997399380051
26.60472137429802,118.0437871732063,1.1092887641476614
164.08385931450795,107.22261949359694,1.1093481937079173
88.71692646599878,183.91087013701753,1.1093802513775755
248.64393268162752,164.44332111996013,1.1094682423189728
96.56945686713136,228.61341237206017,1.1095347500370205
214.01958740247912,139.20897774060467,1.1096662435629605
41.26658221899714,2.487666053636239,1.1096825245433746
243.97988170877795,177.6148588011306,1.1097064213211847
56.89554862710621,21.0747589503085,1.1098178021182095
61.865962153251,65.96635690076408,1.1098789047518764
102.08022966948299,151.14372446578662,1.1100000540269586
90.23160436795918,197.2001030662414,1.1100277636984424
144.67536214621393,134.00154700741356,1.110099894913208
147.87364588667455,92.27123447068517,1.1102460838733006
115.74033073776987,116.84851047231494,1.1110436776276265
207.29011836395495,225.09639404958943,1.1114055752813663
237.40322087166192,197.01804426147868,1.112025547624637
215.76997668564474,30.969001162562158,1.1120368129214084
128.55906100327732,107.04553361464667,1.1121044257987367
246.94317288921306,78.00161994027431,1.112234511855566
253.47331817817127,126.93716736237505,1.112405907078648
65.27825035195211,236.20039835545612,1.1130485848425204
235.95709800731004,110.8284843194283,1.1132208110622894
129.9576227732935,231.59429507292296,1.113342403665967
77.93788511434951,183.80322046044037,1.1135771459082988
110.94305415870308,243.77608326572047,1.1137993419111651
77.46339649423427,249.45088978345876,1.1138730318005579
50.778684722641025,162.41069180045585,1.1139872340818961
37.9185165257637,120.83492208779478,1.1142217042836189
115.24411231042944,7.5462626112502695,1.1144672261029098
10.006055010101994,245.17526026825672,1.1144760745847961
106.04808964174818,75.34434516901621,1.1147169033995337
103.14547308948002,187.20346280601984,1.1147239745143118
30.669442331298907,24.00984147229443,1.114727573057032
136.29524263403363,222.7455179475398,1.1149627089107874
129.48559211093155,247.27999915713661,1.1151240620995595
4.192142411220804,55.69770715158893,1.115124551693583
250.64727918602452,113.06626783484946,1.1157196404676994
248.9286766560001,54.26781402278059,1.1157810004430533
34.81048164396296,247.76749755408244,1.115961368956885
83.97553227581423,210.90148914184763,1.1161015832626662
101.69159672820605,83.34017052420482,1.1161423573769107
145.15802076935685,34.32973606249166,1.1161985383497879
97.85895834494127,215.77343481478226,1.1167708370441203
122.90951370664864,18.97175918561901,1.1167935733478647
162.54115058041822,161.3134190192102,1.1171578851289048
8.360220352596379,89.81803226647969,1.117160836435391
120.1878270974118,206.36830010737043,1.1173094383955793
201.8466652808939,166.93572712572148,1.1174053102655717
91.63374869050085,56.97858706383986,1.1174114054840558
175.50992015050295,11.718524222087566,1.1177150702116467
232.35969415280155,205.02308784817194,1.1178635508555845
177.64621261352715,187.68295526877614,1.1179888243865
4.862381184554171,101.0844858209624,1.1181815099815064
223.59868857860295,131.60917396804032,1.118220366541731
130.38198531458931,128.09504192637468,1.1184894835387809
64.66841440607773,195.50406161783144,1.1192339097230968
106.9059685191013,111.6843925027915,1.1192814827357636
121.4753926242294,140.29708084888117,1.1192917047668745
1.5239947951626578,187.08609001534688,1.1196943346452786
161.06279072295473,91.68796812395732,1.119730948242645
152.93359865899652,133.62051059958975,1.1198337438462576
249.47608454963571,248.19822155117808,1.1198521251089457
125.90559641530879,222.25955406892507,1.1198574542386956
174.51106993252623,254.59599575099315,1.1200242097608666
83.80307255785945,251.28399895646163,1.1200325869183276
26.327277472476805,83.24366205960422,1.1200473953993817
225.6574973348467,9.217021458476715,1.120052955354192
87.21055426721014,57.279013519942225,1.1202334721555307
162.7035534872407,55.3172415196291,1.1202934287202737
252.32965364755896,77.9099013436331,1.1204578928359903
248.03908501729856,182.42948087173315,1.1209732272609298
248.49936313485972,159.78992283624868,1.1210150961642646
120.03507659778789,3.4330810155883094,1.1212924033266645
240.25304566510994,211.87673140890158,1.12142303432059
221.3218599176242,173.88982438101775,1.1215689212269822
2.5047522955972163,34.030712625966466,1.1227254809809446
190.61693538212342,22.600646071590308,1.1230157588650662
126.01783945976163,186.28730952609894,1.123280711726636
217.0271605689205,163.07903459913086,1.1236992388292872
99.91935031588643,119.35925249076432,1.1237246086100021
248.25428497138745,5.759726047656016,1.1239194208130068
124.81783680402371,22.602540850204015,1.1239546507553695
187.32205165645652,26.667540741815476,1.1244486989035316
107.07783213044125,238.73031307630572,1.1244652144608906
151.37474862275835,88.51027672963293,1.1247117599892347
13.207352719428895,132.80835205727723,1.1247439431250896
13.904492068784494,132.7058815299927,1.124754434907679
186.39268977312906,13.021500232510059,1.1247941005685929
111.43447357242691,36.164366864001565,1.124828048928963
63.9236890546074,22.80173988805346,1.1248798334248329
190.46526444521774,21.111155749589983,1.1255473020972449
20.4501248201931,74.69792613550948,1.125739240429423
95.58238893988586,201.7602392964058,1.1257639646307802
189.10072227986737,137.61873496397558,1.1259074344639628
246.7478077140243,90.64705736004237,1.1262667554467152
77.27541678991817,135.2013753783273,1.126361079560296
127.86847429646755,40.15847900128136,1.1263649670812657
196.2607661432125,30.13802225786144,1.1267563820364463
214.60682794799305,6.048108245591526,1.127009521917727
148.59750639195806,81.41588018761995,1.1271647997966334
34.99861788476263,65.69171265506107,1.1274830342188513
53.71635230007327,241.1436529091501,1.1278630078232401
219.54575766940445,176.85566026891956,1.128170651357749
27.061409153056886,126.88488476693087,1.1285030440509056
44.472654759416514,194.4291242305814,1.1285365272551846
168.02875195725173,183.82845094230817,1.1290836653946534
241.69180547803452,113.51241794587374,1.1293130950008852
13.17980797625779,196.1645179988341,1.12998989356993
55.25839753280697,194.2636362691669,1.130393486514794
81.4023280966661,36.25303274473621,1.1304276653272083
27.64815269522665,44.34399958985741,1.1304995603196166
128.12923954036555,188.3467381116391,1.1305149868427544
182.13560328370244,102.89487419225338,1.1308025522956284
140.9866803231885,225.78103571109128,1.1309599777913637
210.9683159473175,165.3095153068424,1.1318156090690248
242.88520396581444,161.86453029812165,1.1321265515594092
70.39934601930666,87.42104665433455,1.1322902731996622
125.26137211842853,137.81599832764144,1.1323009145422895
155.40530469670335,95.91316689220453,1.1323388413792592
71.92887761933686,11.62578734334247,1.1323731475204948
75.69296017487186,55.916833658054266,1.1324583494698286
16.906996837664963,118.81658342526217,1.132834801105619
10.906246499797003,223.28568098082502,1.1334183754508735
232.2081477023416,122.5071985550169,1.1335951492562912
153.33138597934982,38.25379910812439,1.1336448700835102
188.2440157005244,120.79302185735568,1.1337846155435172
83.99193664997235,96.60603456312164,1.1338399878929617
121.02151154056897,110.62660631333782,1.1338475391601777
196.49366740212238,34.119203264637555,1.1339049924904772
219.04857082885817,252.37941754589676,1.1340322387044208
169.87025152017966,133.78423098200406,1.134386008133014
248.18799679667444,65.03315966488442,1.1345410200599506
39.921932526571716,96.16684278908264,1.1346089720924026
215.54039564563763,170.2283501529898,1.1347128215417286
189.81892028168704,199.72689236967125,1.135115817526957
9.474802147285876,40.140802433769785,1.135251545466147
173.46366593277148,89.51298185982475,1.1356048859607593
35.17537031478582,118.92219910747495,1.1359174124220754
105.23899556677422,40.518303782850424,1.135918154883199
212.09259280271257,192.22433359030882,1.135929985615095
231.04866996981096,182.87992302159822,1.13598094820086
110.96207167304668,120.68131416003507,1.1360741441691804
225.29154314272557,234.84219640204736,1.1360789848043964
73.42803049748376,172.10650492330652,1.1367054736424276
217.77901779418653,41.15799263086583,1.1372002648588608
224.82871518512428,17.158187750990262,1.1375395811590965
32.72883448718099,23.47778841930169,1.137779211544594
214.75298775679593,27.997894294574387,1.1378430610184245
30.260962672360826,41.57368230633692,1.13787778343756
71.48976323437897,207.23544958003973,1.1381914570548803
42.90866633921746,177.95403810688694,1.138304849922715
127.19901737547015,115.78619692833486,1.1383178501897506
15.180377488465108,80.30297945615433,1.1383471248715913
108.4537188039407,114.95164631725866,1.138353638477005
226.93879673020575,113.60138734599285,1.1384746744937355
195.49078158646472,154.95530760216624,1.1386034557159848
252.37968731235785,45.21640096170289,1.138810916096356
123.54446675022572,170.23140796107157,1.1389995704375724
45.63527851909596,151.34121507546095,1.1392300817775753
223.8214938132807,125.71893882444517,1.1392870317989952
80.73539931864548,37.36429922230484,1.139591936419917
33.86038660051507,7.847557394209678,1.1396575458790794
251.94870654215774,191.0074296433259,1.139893531401243
169.00920165915798,206.71302933802258,1.1399778344701859
227.29831360149623,90.87253691838325,1.1403139073948731
144.60607830219303,220.86426824736373,1.1406302668761148
33.28897258070523,123.05802235367935,1.1407920729780907
113.7450695882607,147.91310599583272,1.1409304282267572
27.835073448286927,16.364706017485595,1.1412092097077136
220.41873159625342,199.22365425516497,1.141443290231939
162.10003998245247,97.10869614489333,1.1416346967614255
89.36856266640109,190.77679178353665,1.141739628940142
190.1542043290069,228.79927204553826,1.1417519224240311
184.89432778564694,102.75715126303253,1.1420388229533427
22.90394969833097,110.63702255419668,1.1422043229333878
225.64480780636762,31.386906991982293,1.1422626091631827
155.51031645259962,245.52347710016647,1.1429159143529184
204.97428838609238,244.04688054382294,1.14343725639778
221.82162387989518,136.02375157165181,1.1437869866241603
207.6374969946111,61.79472009033025,1.1439172360440337
247.68478153449792,208.44916198799422,1.1441321321823095
105.3810446533776,183.96348114026526,1.1441951250661293
22.296641277522703,176.4306650102078,1.1448351308523135
16.66439421634754,18.507083410626077,1.1449379431267097
111.42879680809179,26.98364630816468,1.1450129748390556
158.51558539232911,167.4847813545507,1.1453437077162012
227.87756575443075,223.23210753774066,1.145565679707579
25.519674177345053,67.48866155005459,1.1456247005015587
135.68235678644248,178.41874391227466,1.145698058746552
139.45233792080325,138.63234386827776,1.145902949411293
189.76000049305634,170.58577493789596,1.1459169312542468
93.3033061068597,235.6660236022545,1.1459499809463614
134.32933933309204,140.47952266284486,1.1461494438848536
152.7799569530136,174.00706123150164,1.1462356424691635
60.668463126388566,123.16840490782528,1.1463089303740273
126.06066936405564,116.26457414024048,1.1463111927485046
144.54975072896647,96.3916897543684,1.1463661784177557
188.30743778384655,93.77289045181388,1.1467212445301376
145.86566898888006,113.62882698881509,1.1470586072712043
235.9294166091879,78.12397272308384,1.1470796583066125
117.14346188309777,206.92569460013104,1.1477672814060202
65.60005275058052,135.19869824698677,1.1477744730102049
86.21143563524414,12.83020208683384,1.147801274869153
115.83985004846338,78.62408755562404,1.1478146884860112
144.05177074388112,24.538291706043793,1.1479127616953766
174.30720018240106,0.06591548673566427,1.1479576600687555
205.13788027708273,193.21692539659202,1.1480702714162445
219.32672260068713,241.41394058189016,1.1484960572340608
72.08146498061818,108.97389604182585,1.1487170877182469
93.851084814092,14.013382907005973,1.1490851437037666
245.68771141477222,131.02156208802876,1.1491961244579472
33.880983624078226,42.81509162649667,1.1500308897146887
46.196869070960396,92.17506007606772,1.1505096571518414
170.90417810453238,228.75894374125718,1.1505126614131318
230.91590550139983,250.83819035288707,1.1508099981667126
177.52865515950555,96.51979899058279,1.1509085855899472
104.21732975669488,30.05680133916569,1.1510336947705884
128.07330607501237,16.03567287987367,1.15106231919127
227.1058683944862,97.57833640628034,1.1511911212823305
203.6879705716934,205.7107193884315,1.1512064858347377
201.84041463536897,76.5573674556002,1.1514402439072322
91.81751864280973,162.0251246460561,1.1514890135323377
140.05640227862156,199.70219191772364,1.151619887693931
106.7789530234604,196.67243690876793,1.1516879166758784
191.32261456290723,230.87162192958738,1.1517830300452006
94.96366694273217,190.8607900570279,1.1523160763315143
33.590667941754816,181.28796192966053,1.1523505892242816
47.66673517649803,133.49190420321906,1.1524477879196364
31.81844990753521,232.92922698299162,1.1527192551178729
159.50910703393907,231.43157770611714,1.1529941705946265
176.83855850677736,241.35537264359064,1.1531379367589785
72.68167198783658,76.6513186585439,1.1531734646138054
21.656496926029178,47.54488187737417,1.153177577279306
67.26815959399839,23.52052346373796,1.1532475524033152
193.78811053011566,153.3705845549619,1.1534526064732145
93.78997009701999,66.1184530667063,1.1534822910632225
124.93360162007423,129.13741287319914,1.153505602421673
119.42736498006434,61.57644983625109,1.153690948156438
179.49218104618328,252.30497747503543,1.1539896888932617
19.98917324326263,185.4197668495529,1.1549038358822787
56.416659942222594,175.07711530346555,1.1552230050086771
124.15839036912975,152.09410525927876,1.155306431844184
114.15606024099391,198.8154210436837,1.155758344420508
42.450125643236305,44.82068714294443,1.1557611696055052
222.7049087443001,4.536838304669212,1.1557664215719146
214.5646520904531,110.41016742072067,1.1559546855516918
138.9754648976869,219.11592460633943,1.1563293834309631
139.13038968774893,91.66139035718587,1.1563994917013167
13.470655873177716,231.3084506563386,1.1564089896058944
168.04744355126823,113.44508556526128,1.1566079963832354
25.067261560906772,207.32263914965145,1.1566417098347077
82.50397678925097,6.671637433176589,1.1567012046460912
26.24294469919286,8.883252958137028,1.156800349014335
92.48519908295633,38.955706124735656,1.1568156743089426
226.6756989984983,83.57382222887075,1.157413128549558
225.7063446786624,144.93346576985005,1.157528758830841
85.27168670775364,190.38798401908818,1.1575809366732739
69.10852657381093,132.95750504122998,1.1578580950353576
58.87931708545338,189.4508519874009,1.1579792607652846
151.21687867479346,97.0008973726877,1.1581626595930055
5.591105271877112,132.89517156693347,1.1581677758154607
93.93053727321322,217.40629095203917,1.1581963745930348
204.81169877318325,31.456631385816415,1.15828704437942
253.61719596062997,133.36995348044644,1.1584243729991976
156.54442286232057,64.9580452528344,1.1584318306651586
172.53109559450735,43.75548724274513,1.1585791352374268
46.63760379108484,50.56399027420081,1.1587532675511678
237.2212552131903,158.72547193940844,1.1587812729432998
202.69584070766192,239.30595761630724,1.1591293627693575
76.78793076790444,151.4304464660932,1.159467443937148
126.55544243313867,69.63052192666873,1.1596022872534866
54.38486285256632,183.89009967460524,1.160547982394988
168.40660058972625,41.69300087601418,1.1607647231604057
65.57935968865108,198.98579801680935,1.161623755689027
122.78343353522745,150.40141391588432,1.1616388766543713
232.85055092513875,60.428874696867986,1.1617129921932923
220.3203797215424,85.99618873659593,1.1619576299731778
75.48629994926839,153.03680872525433,1.1621746771182915
189.05326606588247,137.6654318705225,1.1621879849341992
134.32081747653154,19.50580565869393,1.1622130818381802
214.4963519720506,25.03081842433875,1.162379381145664
223.81689030594632,199.28154734131382,1.1626364278413799
150.05412814691786,9.765122991959132,1.1626916259149962
131.5466861759916,129.58627988211944,1.162725251022668
38.69928453109385,197.73001439573616,1.1628681808738583
105.76868922489597,143.3896941621966,1.163171606418136
208.64455452661147,68.96571484667597,1.1636519550240847
106.4655101631141,41.81352421435614,1.1639690082928553
13.240055656531634,17.916784575198957,1.1640441588686
128.4500611195347,92.81620550163544,1.1641023313919379
75.29220666319681,166.84434395580385,1.164331982115662
34.649916635626916,8.47398032532141,1.1643807999226308
149.01732688592293,48.93760881232843,1.1644858701203158
61.73101452429474,120.29895036245281,1.1650094043602597
56.91884404352193,98.72451531564872,1.1655191937775757
151.80945183481816,57.602039854981584,1.1657831646481407
43.581634921360326,76.01262064137596,1.1660420268714544
42.54364136585545,172.49421952873368,1.1660510904640586
135.55092620418674,250.27185849605718,1.1668120773434898
32.57877058850381,225.28921608674335,1.1673966696243538
57.7280896871467,179.52796788554664,1.1674378488479238
160.6113533325182,163.22443419173285,1.167501710665666
42.9171504262619,176.32817155653873,1.1675090979653695
240.4564816490128,51.578038711989485,1.1676785671392416
64.85372653759346,215.36154313303552,1.1677362851553637
135.0571168366802,48.32564321531995,1.1681279049627864
207.5601562910836,229.2751485370878,1.1682749286326766
102.15538601417241,117.552216418552,1.1683111279062355
158.83211823139482,166.9451216715652,1.1683298378278135
84.26924541819677,104.78548241427048,1.1683601160681398
193.76910432336268,208.88351120805774,1.1684080096112217
49.00489215931151,250.37316923172605,1.1693164733211079
165.71083649231915,240.57054074668702,1.1697548453394615
96.98526632535207,40.160882086956335,1.1701258991342267
127.22152281993208,167.61789299383938,1.1701656051004246
223.47126541835058,55.56178968575079,1.1702044547089596
123.05101732526123,121.11480060753716,1.1702197004654364
247.38104451445568,120.63750900757691,1.1703206532355344
158.78789889413616,49.92766963878367,1.170382057421865
12.477453830416879,13.179678817683868,1.1704751612546116
227.63021465417515,237.5012098331313,1.1704784421716725
147.82705849049745,154.14019748043128,1.170637540900191
166.0267360404219,82.35893897533339,1.1707759828881412
93.68670213744936,162.92261726395694,1.1708165674344742
166.78831626712005,187.37084312239514,1.1711456910817941
251.75901706743275,245.8975930502413,1.171278387654501
233.4783501195644,192.99034010405575,1.171362996019576
22.76785028724273,68.32163324113607,1.171591445037524
213.55713821275486,41.04113862117863,1.1718727750038747
41.18292417654086,104.62697276948916,1.171954641006113
46.27552016632126,187.09925764430804,1.1720611912034073
61.59909323321704,112.84261161301397,1.1721342930487457
27.907949202074267,89.29594333592314,1.1726624883049495
38.68865971410757,57.26279413531345,1.1726926205529262
169.79239043454308,158.07275887716864,1.173089216536195
47.18004656340305,114.25739480747997,1.1733965131760142
207.0994452888289,64.11342340554154,1.1734339040431006
124.9231294616595,253.71736524684408,1.1735517948968963
118.15159508305489,131.2082476087557,1.173762505507827
139.68110198097523,84.96036457350706,1.1739421066348066
98.46417924148614,185.37563713380783,1.1741117026159755
185.251582062145,188.16204446737527,1.1741529723061674
218.12871705722824,123.55509027027246,1.1742330753073646
114.36967702765325,204.4001670211049,1.1745125405150898
78.0114455120881,95.51431321483089,1.174647372946527
196.10415970667364,153.6846572480635,1.174848214261484
191.34741418709635,195.6980495845449,1.1750110507757794
99.65679795147864,33.94173295843465,1.175222823515338
185.06401485892317,57.95002716216888,1.1752410925480632
203.34697474869196,240.14109216076938,1.1752812353411333
101.40936796711112,95.88850997553611,1.1752863515323568
18.31896160500226,171.47498880968863,1.1755484420234643
109.28890682294771,207.82489000982548,1.1755852264230653
242.25266726221514,20.122896338434632,1.1757488134890115
37.41966397415141,243.08240002137222,1.175781921276916
251.10371371476134,212.91088048371404,1.1760787267561557
211.89851856829713,181.62317274961686,1.176117856249289
94.95891004372585,77.1410392325991,1.1768853876928018
58.21875014131027,234.34105698831752,1.176917367491723
109.30394764609592,45.46673008264096,1.1772404033161534
195.19289264284612,173.2899675866516,1.1774458633648017
120.32851113759584,209.56433298150947,1.178076804447036
43.942354685134546,244.35545045891814,1.1780928288681438
119.36365315107363,60.83956851071778,1.1781313697891695
39.235000287443924,184.88263550047088,1.1782777041381485
230.89301722624376,89.21185904453866,1.1783819640716304
142.55342974423996,1.2918719350317676,1.178389817970007
177.9826148413568,154.74279103911866,1.1786184960208888
204.2605084302266,246.34843230467942,1.1787935127229074
19.42079630904725,120.34125572407582,1.1789922133910804
17.821933605489114,202.90224924366873,1.1792293879417681
5.493998320572694,240.11558951016062,1.1793391222305107
36.14734285994576,189.38005372628479,1.1793853740266966
169.01531406800996,27.641558090061352,1.1794057745750004
97.92082735860465,70.5249972251032,1.1795232274554934
248.12391232813007,219.15785658807243,1.1798140620495448
74.15460958914669,176.07577306089945,1.1798583467752917
5.767417306210273,133.7549211558186,1.1801603964679204
3.8482497449887356,191.7082788304922,1.1801841951541032
233.31695984522136,196.28994467040175,1.1802253336442694
254.97280800495932,3.870893156671452,1.1803956218567226
4.627091180869352,25.230717643333225,1.180563878820586
28.906758448050056,1.5304092026897826,1.1807345924088533
227.2003155701394,206.88126036321404,1.181162804564449
48.465948149744115,163.0091891112752,1.181747009942039
154.5008542707874,199.2749290371538,1.1818727078101097
180.33683127390006,168.05956114540396,1.1819701889542231
72.96369566815902,162.1042561447928,1.182612985978873
229.18596336144742,232.0323551856909,1.1826780865082163
61.16440763105775,227.4001163820993,1.1828196944603464
113.95801571040569,157.62553636267566,1.1828625719952903
10.63652766123914,33.98555059564147,1.182904984414693
15.335253125137315,10.841203828628645,1.183044472379101
58.74471518219428,187.29486531518424,1.1830987260766652
91.08191886239926,102.92232053704285,1.1834057158059261
87.25626281266896,54.48810958363584,1.1837870228262586
123.94761927061879,40.19086171840125,1.1838050535876277
237.57281544290205,60.41286373361686,1.1839801525318916
191.66420172508313,18.100221696328003,1.1842392620630586
170.77776679816483,62.59031628084879,1.184629920348989
203.0435682006254,187.2022302073144,1.1846563865150113
144.10205620890946,253.84016583259492,1.1848470017383517
50.67086185962692,48.179659156025146,1.1852404728873236
34.15425907997182,85.77173135053079,1.1853796386600182
28.436018706151795,126.39926220443868,1.18548498421017
129.56843493571697,224.19843631903183,1.1854959961271456
2.859695890313447,180.56878672654688,1.185622979216631
108.77820891086915,240.86701534065338,1.1861619430619577
213.88074518606192,10.070393651728635,1.1861773297233293
167.3654365368991,177.14729345160757,1.1862066223619119
113.78526324779624,226.56602777586366,1.1866164430876989
227.56117745848576,81.16955600463453,1.1866521578779854
186.14991878076503,73.04843322917978,1.186812483457104
70.86250152037088,40.494611069746924,1.1868495588521057
31.946028099053475,77.19291840306522,1.1869037173422794
243.89297579096376,90.4738996959561,1.1872004966838914
25.989046749328583,197.03565728285943,1.187478157819094
10.35697795890488,188.32664766148932,1.1875143913947825
53.33438758433194,57.55154348140371,1.187718185230502
26.829518718217454,142.59576837544842,1.1878192646292993
100.64448236605915,106.1275983017203,1.1884675382493546
182.30879094680498,8.91113569760772,1.1884889557553282
148.00336898645656,239.71284980720225,1.1884987815933843
56.37211786975222,147.49405903980102,1.1885484503238581
137.7973331581417,198.5221041679382,1.1889017055029032
86.08361747986953,121.4635277765959,1.1891527179257073
129.3242609206023,234.89955747564218,1.1891848534627256
64.07280042170336,103.81889948948866,1.189312551208293
94.60326789563211,217.90760191891368,1.1893624248505144
213.85446464210426,215.1044840301657,1.189469170181703
22.43607339249463,219.75518805386864,1.1896779027292275
190.74299636100503,62.03877355391315,1.1897338062919853
126.4124892312138,11.535300336742806,1.190099363050374
154.51687108294746,42.76146765844103,1.1901334575668667
150.44101952776586,169.7126151617885,1.1901567906442279
133.85372092320236,97.69475925872193,1.1906330364173876
36.30178740656193,6.3968073462024115,1.1909747939144308
63.13565362129728,238.45358379505947,1.1909982944768196
124.7892748617551,37.39295533044213,1.1913788934536373
192.29835327902364,145.85492011940903,1.191755668837916
133.4265725784529,91.83008601794586,1.1917802642940607
133.51674129368416,148.6744591499954,1.1917869311839129
83.11751997304512,253.9329171239502,1.1918860442331567
168.08341912023673,27.35565117026127,1.1919657902419143
174.9795008872444,132.16520284848465,1.1922960746177256
106.14030504406986,87.80294684009172,1.1926064387238273
75.27969327734445,108.22398829074704,1.1926279682065029
145.02636708301813,206.5508131062025,1.193130569677028
211.49779302238477,104.37327477871337,1.1931329382851188
69.21109141862293,31.118592813202326,1.1931524705609784
130.57661603135963,169.9988551264575,1.1931994704079438
115.62453250371254,0.44208408279114264,1.193220213011114
147.19905010957692,32.46206133801118,1.1940818827927664
100.02452758549452,187.43170506995966,1.1942225817443821
160.1809032314794,12.557363222355786,1.194264326684807
2.70771397340369,138.73533363597122,1.1945031971592817
129.44098276316993,29.808242722262943,1.1945576334938262
80.07362578564303,7.702219646859691,1.1945675243501412
183.89507232395147,101.14245134265774,1.1946392519049032
58.77903565474862,158.9892497624501,1.1949517626347372
17.757816978162396,41.43519194326716,1.1949744152651278
212.39022342699886,185.03848071448857,1.1949847999179903
35.512880523640106,251.545148642645,1.1951760835228973
213.68830761186413,75.45791282525087,1.1955323239987614
204.6951489644446,26.579881123542815,1.1959455456902381
183.44351006465072,26.698226954676862,1.1961041984332836
116.84723461484069,36.33968620508284,1.1962831421360338
187.4741851117745,193.08559244832963,1.196595105940675
223.97925414406473,226.57313379338717,1.1968609620452888
114.75952058680242,44.327157314301964,1.1969056018126534
28.87228995610218,113.49515465218151,1.197180262153989
103.61341220062113,15.976052848348575,1.1973451143413314
4.5783504061708165,204.40636106953477,1.1974835989108332
146.8558590325592,110.57501935515457,1.1976089592427421
41.99359755692282,75.44981365288143,1.1976727171140449
91.11566105751088,23.228856065835828,1.197941739956626
118.16341757261422,190.12221878370534,1.1980382587590426
228.1246718328144,152.74189590684819,1.1981017900417816
84.37996636151739,180.69360223033664,1.1991657649340906
2.094372607949617,165.97972503645863,1.1993696077585514
17.565114071764597,202.67820644979426,1.1994305681508868
46.88541679399755,218.5591628210165,1.199670114019633
130.32341833948408,218.0955522078969,1.1996937839261195
127.96335678956171,209.38905175736804,1.1997267872728756
113.28616411159659,163.69554825134364,1.2000046416977221
167.67071950047918,197.50830004685133,1.2001802575876934
115.1493597687466,118.90472850592383,1.2005125944627655
54.25204937440938,45.74878104120694,1.20081588338055
38.24045648454658,253.0509404965737,1.200933449507185
215.9950883832385,21.4957667196635,1.2014616856572733
17.881076226664245,53.990598682872864,1.2016139108594366
200.59186742497394,174.8040979067591,1.2016972300714703
230.02966557761667,252.6755010651314,1.2019053749241597
174.39136125402084,54.51659514748279,1.2026693166351454
227.25949601374177,8.494500379419296,1.2026807087689577
43.32857489787185,122.8094221088056,1.2028900559880957
68.96746755126247,180.40137615325355,1.2029061781102806
199.71020791828693,75.79016459056747,1.202997710891351
228.45551376009868,91.1653315696136,1.2031751700431805
245.0248357853022,143.71199131510735,1.2032352015566279
160.93873029335776,60.91555438656648,1.2034008657791155
20.34397078944672,157.04378710337286,1.2034531267048814
74.72847551880582,59.052714176867724,1.2035222143528206
193.16282294073653,95.23611314809078,1.20387577072529
211.0575134995559,239.58603188706974,1.2041880321995073
37.26289137351013,210.01776211203995,1.2042435635233129
55.286567904334454,160.52930817331847,1.2043917365038035
4.702586535930195,186.91332641057807,1.2044954453276693
179.7129765824614,165.4275971574814,1.2048839593113176
42.98491604936025,216.3433391871545,1.2049119028489026
249.03626753086618,127.22152272908885,1.2049457290320114
76.53093581325722,244.67988204362592,1.205054144037062
193.42927937945936,233.2354144292439,1.2050791827354774
66.05765562851185,192.21415491312575,1.205249553698135
15.409939693777098,156.2942275275943,1.205694506858112
70.26643433109894,30.47158830629113,1.2058202490547365
136.25195002779597,9.36821502651409,1.2060517971975022
154.66434849889367,65.06638418140096,1.2060894733089755
63.78122990689169,100.44867344394919,1.2061171919216263
121.84900311699869,106.53184948174831,1.2061820396006184
254.28811608383086,7.998306107638803,1.2062909004009927
174.35718304287838,237.88351726935983,1.2065609028759077
224.2244828679896,117.28032551314138,1.2066205994610064
187.2602004332158,55.145886643654585,1.2070162313875068
165.55327213170196,97.25766596068179,1.2070711599142119
174.93752045511116,4.20708905903198,1.2073713111013535
118.87738463969534,31.111569899575336,1.207400052600195
146.3722948142492,67.43274471422049,1.2075104051271128
164.31233995373384,226.32891364739143,1.207532581008765
29.66897936304087,189.11833309734988,1.2075759424012968
42.94349401141898,61.10020285961725,1.2078501084186393
228.38445976206776,10.326589839974712,1.2080486208122232
247.91068586786648,14.247773108126347,1.2082837142497813
109.89148797066206,80.12637475730838,1.2083578856637391
153.8681657829718,100.29693020863779,1.2086974099693124
49.42868462547191,253.20913167819037,1.2088977102790663
172.3476914356688,223.88600372472453,1.2089821720903673
239.54600373979164,36.3448202215547,1.2091084147778546
183.85581893207623,78.08194340727337,1.2092643367136018
253.221374310211,6.08364011255186,1.20976793765907
125.55819732890876,46.39762820952857,1.209799290326956
250.16182002350664,213.28048279361488,1.2100874595570557
9.079369599213903,228.2894046830616,1.210163066806804
142.089037045027,175.01279759233185,1.2103732145075012
227.39300466133227,155.96179537914142,1.2105525375928714
91.367018594714,211.55665407195846,1.2107165391580814
18.393138805566007,196.78488328615504,1.2108665345682692
187.66606883196636,219.833780308291,1.2108925057579658
18.12274268132646,119.62243260762509,1.2110599442594578
11.678535271307888,199.0869826566236,1.2111439710806262
102.19929517685551,168.7680402561613,1.211323045075248
26.393808376470226,237.73506808695626,1.211329947371493
55.739584789340505,134.48950753893146,1.2114715302242396
190.38083279585533,236.53767030890737,1.2116143846689003
182.91891872013048,89.01937296217983,1.2118593587972422
102.08785578226266,194.91796955037725,1.21228226348479
220.28809279382483,184.75055875663634,1.2122982289339672
119.69629529062719,146.1002409900557,1.2124012115614833
43.58802184095662,50.242390328243,1.2124875229627115
98.05150541253143,124.27691664373849,1.2128359607215502
138.28955457637818,175.78004855927387,1.213169655322914
4.157602103565712,60.49851964453078,1.2131882264285736
161.65064924352285,181.16845660320715,1.2133294637972862
152.24002133382277,211.3597769327409,1.2133298842632492
147.96640166263182,204.03606199677122,1.2137608778142484
125.63395928955715,251.14971971917706,1.2141241033818302
243.63366180340503,112.78597463496304,1.214154926540348
70.57380414445981,13.374554106310327,1.2144690016389197
226.84680393614883,59.29945059972165,1.2144923152749947
26.520402668233892,170.46241287193232,1.2145214434406
92.2671190640767,117.48583726058354,1.2145579569046705
216.9585579634712,167.40468693568977,1.214691563137391
243.90945150019436,187.72218721374628,1.214701890492498
233.69042119694095,58.782979589599265,1.2148301819524707
223.20676569380907,195.16093431355515,1.214972591689107
139.37918922942538,56.94553956686793,1.215023657045774
49.58461100619078,117.88076565181389,1.2151406269993241
232.68007077441948,50.260568524047216,1.21518634267754
32.458499642238905,158.61650057574775,1.2152803030294406
103.1981947872879,214.08156562368916,1.2154181303143263
28.10442809814098,106.4013197100705,1.2155715973481538
120.74381897378687,246.1472501752189,1.216249196909341
120.82171748708848,115.204457790745,1.2164078294685754
164.59825252517996,134.90932417585375,1.2166218587445679
215.72032546512617,94.71906709884725,1.216634947884583
187.86982922560927,99.89603395756045,1.2172714277154677
236.9120341642246,215.0439833547213,1.2173966605132995
5.565304228650052,73.78096625717018,1.2177734043258144
80.26067758625149,92.36362772123621,1.2178146938822783
252.5315229265652,42.54741527489579,1.2178188018483234
73.33444431023071,103.52366702053038,1.2179697317647833
48.618117655510716,58.43369889989959,1.2181319620378197
194.81712739366276,25.90996200297477,1.218641324422323
153.21836200529262,200.71060291111155,1.2186710787031825
29.884032784745532,75.3535320830806,1.2186920326149258
117.92023001043982,147.2667717126148,1.2189175101548697
86.76072052106737,195.50530515001432,1.2190346626667192
18.369097134727514,59.34561719259386,1.2196116205690313
113.74531870093367,231.27209532410578,1.2197501416027041
223.36207586845427,223.7141192098775,1.2201849039663637
205.36839676417316,206.08738289148258,1.220462723346618
129.91260659037576,28.508842564370944,1.2209874983203284
171.3951394500101,24.851277040242877,1.2211352263334645
117.63533249598845,21.775304047053574,1.2211917938308041
118.96304197094275,81.35041776112294,1.2213142917619186
243.97040694822957,37.15940135623382,1.2216428520110176
37.84652534686916,199.5381008089079,1.2217082908053805
63.347543470601835,222.4060938714942,1.221762956690175
14.44432346029866,180.27510878678524,1.2217762068823141
6.075942562391922,118.37156952832545,1.2218361388821157
32.237981581937255,165.5275659268729,1.2219297056935448
134.78442400935054,90.03415498934544,1.222459002574546
134.84224406769619,106.08448526995177,1.223016588973247
149.64750789172743,155.64321154050648,1.2230616234088907
217.5153718637666,16.591146123734784,1.2237470027047876
114.53628369690742,238.9349666774797,1.2239076915823819
106.57639043210996,134.09771720524526,1.2240745452315052
3.0900706779307723,250.62464885171187,1.224495101387043
98.93006628563712,210.77233231068107,1.2247443036452987
82.27205997182186,32.92120198359469,1.2252930974049805
113.4250269279803,101.55740632009157,1.2254810738488862
141.47394345399582,67.52523630839198,1.22586651874443
58.208235690467006,25.569422208389565,1.225959115923666
37.61432475969082,224.4647288455429,1.2260174791113716
35.38907910827569,188.9987811084364,1.2262007425092274
242.31680578765926,251.4238146835439,1.2262490575705771
217.78174020315774,228.36865157769566,1.2265624500044852
226.81070458737184,205.26981026751324,1.2267735329062757
4.008950426355638,48.58403309185121,1.228294818109932
98.26344964742962,161.27332922292763,1.2287556289272177
1.0925692715494528,174.71278921971236,1.2288338124171936
59.777471788029445,7.525150977059043,1.2289197976683015
97.26244700264148,113.90894539024448,1.2290293709381492
61.99664732126256,120.31175385687783,1.2293120005415834
93.35368182131738,20.45812412476047,1.2295052958769466
75.46269755756362,211.47764210285263,1.229527689880915
65.50004128124915,80.05392278373284,1.2297231558716388
233.44440787118864,41.75990397770099,1.229881873599932
83.8253273512001,190.71119559049907,1.230221105398395
138.55861042700462,136.58106044381458,1.2303426347007906
244.9389627641879,207.07256571262275,1.2306118774054133
192.60846930271177,228.88734143899143,1.2306720101667208
139.6252601321609,183.2042499692072,1.230831562587651
65.82978151874472,84.41611547197935,1.2310655950047404
233.37837560751555,10.993726611860911,1.23121479754503
204.7489985497267,240.64485381616302,1.231451841198824
215.5015146569552,135.0715955834894,1.231732563490937
117.89500396173364,179.75359713274597,1.2318919922478768
137.06025828556284,200.98051981573582,1.2321896412269437
197.53295943701042,96.65291281989542,1.2323111624400436
224.1799752897741,135.24873767955796,1.2324415348826583
134.35396943930235,249.73636908557086,1.232717728190767
63.95665716485497,1.0942028597379405,1.2327912963121175
133.3859416845652,77.52236558050012,1.2335521523417157
2.5218007755301772,123.2923360651894,1.233723844338415
174.05598653600183,202.3495775993865,1.2338507418883014
131.4676029969275,49.53024636919852,1.2338762710324522
0.7910582533399263,55.42646133905321,1.2340247097607635
115.58679722489596,85.4122940962327,1.2343183587120472
152.4633011480373,251.53940106174105,1.2344304243773931
238.50102084895298,104.5881330909984,1.2346021948850858
13.998978704484928,238.60575832194172,1.2346110128128776
84.54263014320424,2.5760826428381507,1.23477030193645
180.0020605327677,125.55011562190035,1.23528856626764
154.0014202635872,168.06407105943055,1.2355677890940306
81.15093543268989,123.1912683509897,1.2358857173200435
42.71751199397389,127.79340612425261,1.2359190240636193
145.98884975189566,54.78608204391779,1.2362466276157067
149.6358683469051,153.74177075635387,1.2364910959624094
156.42396601124156,27.00589305792899,1.2365932133692565
16.845564493853583,4.610983936007004,1.236796352219608
174.32444917116294,49.28448766743676,1.2368693161198774
109.2989042385954,71.11849422534517,1.237068961689863
142.8031848218586,188.265143280019,1.2375966893059511
76.3937624769358,195.3671536662005,1.2380140801108603
169.88460737823675,102.69079963052104,1.238730622088
140.85897395001675,20.172637789369386,1.2389340237855797
12.073132298822497,236.1438264009513,1.2394107776301981
76.18492920505965,161.99890220446858,1.2395111235486769
179.2087535977195,64.8459044794215,1.2395369441446709
1.17796591660558,207.14304031413593,1.240154612213051
168.26050328056286,195.33595600832624,1.2414925166134614
215.84879426772565,43.50830501627284,1.241599118985879
184.83787609116723,105.55972670473234,1.2416370074965506
215.644399560932,12.578281829683133,1.2418230706981424
73.84979015684492,217.25885088608237,1.241864334563542
223.2880135455906,133.23753219836547,1.2418746839082946
37.336895434432584,121.06818192900226,1.2419285726626346
127.5083286939387,251.5204306393256,1.2421626892959965
239.67623395383535,25.25239316073,1.242499751120183
70.96405732409407,70.2391391894964,1.242744557232474
62.927816492835674,112.56763900405396,1.2428779635431406
76.80682921536018,92.00209908077882,1.243082415880333
214.52617689591446,78.8023996046023,1.2431257148522907
26.54956671731374,154.8194405745951,1.2431988839908001
175.2295041450205,37.982276153474125,1.2432890578148972
71.6724402143149,93.00060372352523,1.2433430101682272
154.09789546258708,243.45675968304738,1.2435656571930085
88.02931946960072,209.00169673267644,1.2436933003724002
208.81857099005273,127.39826219227952,1.2440421340120982
232.0669185631917,52.52481823914742,1.2450001607884653
52.38730073488578,130.93392111769265,1.2450844605521358
137.63510896673435,201.35604328555536,1.245146689661476
226.9612483906019,110.44734467934093,1.2452152373521497
171.959664124989,63.65707555251521,1.2455851841707977
6.583069066992564,68.75776762114108,1.2461107893326324
173.9268696943755,25.14968775842275,1.2462223009359483
175.67376834582214,24.995160977078022,1.2465369959915429
253.95931265863598,18.486539174955745,1.2466681181763306
6.194374207493794,139.03937733003605,1.2467374041020638
128.69613879115394,208.18101424281383,1.2469253578994586
184.33037407104067,197.11882265359534,1.2469847424919835
30.99868881076071,177.31038264556517,1.2470846425034883
247.43586475876413,162.02748035571346,1.2471376553226043
192.38226092069016,30.61789155648736,1.2475532761459063
212.65045853664944,145.11537196790096,1.2476816649881135
202.7409670463761,174.5362954174417,1.2479647039646657
228.14724029786612,143.52313274428252,1.2481965832316062
18.490131006842017,177.03732809311583,1.2483496913034395
134.70714369318125,196.8169188766968,1.2484349017200822
211.19287552152,110.04621182435815,1.248656255537909
94.98395825802659,244.4399305148202,1.2487270703991629
51.06232798441821,171.62363403193777,1.2488474781345476
4.712421748402048,192.5767173573129,1.249123091601522
7.119231158751084,0.009716663307405837,1.2491879134618515
91.63074477168674,42.752590128460575,1.2496224010598787
107.44324598583225,194.0729500533886,1.2498252713234008
138.10618655568197,177.19054122235826,1.2498393494841475
75.85760242228076,186.6758492749185,1.2502638975090465
50.602635994072294,133.0779296121802,1.250306219792632
161.1069709387878,181.76769437792822,1.2506430467741183
21.60408193779579,143.0669611431776,1.2508690572945076
18.52559344464436,107.89110769352233,1.2509974916038171
134.85829662796374,48.48113243498017,1.2510186804753545
61.62052203295315,62.974804413839216,1.2511001879703965
193.70680561254724,168.7481294587987,1.2515694181217896
143.66324305907466,103.49631566245685,1.2519337612207173
155.79670965173904,31.78720772892583,1.2520247225256418
221.43389491548294,94.51751457827788,1.2521484994110994
172.8364229865794,190.67442364050868,1.2521882284752006
34.099676147960444,90.92901718809132,1.25238513317878
168.47691927528282,67.538411889966,1.2527957888657981
218.0213358568969,226.44279468534288,1.252934640800723
69.54300992022254,140.2617753466324,1.2533338626648007
177.74534994864823,131.64819895701487,1.2534836524115756
82.3820262553759,131.37068044373268,1.2538301573006176
91.69777466257136,49.09117521555425,1.2539767729644706
139.28781851352292,74.98514252105271,1.2542426166490839
165.08954722732844,149.60611891226208,1.254730538056265
27.343930243953114,0.8315426340231569,1.2547592054920567
158.255594556964,49.9411975410659,1.255251325098332
202.68870842079457,246.62815803922342,1.2554400258661895
147.83306350471943,27.519187779949036,1.2554713627313048
122.63416866934982,243.7399201214759,1.256509800488012
190.56644270626865,179.66853931456788,1.2568922554286077
22.941660728063756,227.29473655520044,1.2572015832782097
222.48059058206556,129.43299256036843,1.2575588611650457
185.7726790239225,132.5775165664847,1.2577571859428498
206.44365273096926,219.2909713635399,1.2577726912992482
254.2698545094287,17.75580426841048,1.2585025346003995
219.21036412741873,165.1895535519499,1.2587721608991838
89.24441521817342,54.532479999778204,1.2588063208794937
34.06708518288938,118.0141563704682,1.2589681662522227
201.37048415403703,37.09830553869108,1.2590831326909002
152.11564270084952,6.629769259194462,1.2592602990254234
150.99530611533905,140.85688491679596,1.2592673055249457
81.93191670417055,166.13304132314863,1.2593057798652867
36.28839533071482,75.9173278595306,1.2593369705935717
174.0756738458662,135.1714619539137,1.259471832317384
17.59236644438933,36.402102582876324,1.2599197035947263
34.15418510120861,216.47923758100697,1.2599334403316114
140.72563644438435,77.3517599926099,1.2600295720846455
47.533682763133505,94.3193545531744,1.2600395846298602
193.39157950486842,74.39005392084485,1.260152167813515
143.6596030618699,123.62005351857393,1.2601754884947747
227.67296496098487,199.80466213285285,1.2603362353409713
69.87552660413046,87.27313717247864,1.2604688650509186
157.60573705922565,149.77346172124226,1.2604708047663469
212.20141621358187,136.3656782180579,1.2607030212357597
80.00098960467555,236.80443935795645,1.260930990042774
100.57644513964938,2.1213063675034762,1.2609487054873696
168.80554656485296,220.9310042181614,1.2610238940768943
193.94916107405297,215.5997969381199,1.2612621337934302
112.20900946990943,91.24067026318167,1.261510656745389
109.7378346884841,243.506810402563,1.2620255668342315
25.360475821192782,78.29005215573227,1.2621212108033666
124.12493581641921,151.11351628324843,1.2622449207830915
207.72411230165466,81.9776239747546,1.2625444919949231
165.24720240431913,163.9376638561619,1.262676532508387
182.8166591957708,29.836269167591833,1.2628903704439878
100.84612817281803,161.1787250709682,1.263001056250133
189.43204867542607,19.522706386100598,1.2630229297826003
241.44490408207702,253.0307883283362,1.2633588549963108
109.65646220874005,84.92260573719199,1.263491384132815
128.9699702194203,157.6902550678509,1.2634956042481646
148.6767383439302,242.97378356319516,1.263677541314421
144.50666963023863,96.73260176061005,1.263930626736455
235.29813718672048,174.13432245058806,1.2641751681267535
66.32683684346537,27.838307202623746,1.2643110632730457
116.65532617231271,99.57323192704666,1.2644043887077316
85.01123431991574,15.590907952482631,1.2649034105392312
142.9485192277787,227.0973276053285,1.2649218600096586
136.38389651027293,117.87835446995693,1.264986084927891
152.5179593278277,248.90377138639258,1.2650096438491127
99.76613527641793,24.374094013546205,1.265022601919148
187.77776521595854,85.0163272012083,1.265054119208308
223.66331840772938,215.22662283342223,1.2652154716953719
63.990266416538994,120.76346910002528,1.2654838170978926
101.56995640610107,80.17258300691502,1.2656667220089146
143.28596627301405,52.014415493269404,1.266305401840984
89.81110101222419,188.58941515952392,1.2663321814644735
184.01482057834127,155.79405276571904,1.2665479074961525
72.26787551496524,193.36513972821803,1.2666904142219837
198.86610319621934,6.3744993939085735,1.2669152744300052
182.5775707110705,215.5835635833525,1.267164738458657
227.41444511889813,99.96714414944995,1.267250608318653
87.59163793345378,89.45265269298424,1.2677687131287474
246.73817458358337,98.77915581414963,1.2678054483145882
182.08585498730494,235.68227920027405,1.2679188355246203
63.17942714422226,245.78523189477573,1.2679454209045964
232.16030891081337,121.3591422334399,1.2680431427338483
244.7979044337312,47.124039233230036,1.268250773521888
136.27001586120565,22.49250186780162,1.268417601982207
92.187707194583,81.10797949819604,1.268441216547119
182.43915126871593,222.99499803716805,1.2687025841307467
153.88368299212286,99.7426127298887,1.268728393386017
90.73192021523494,168.45266367949245,1.2688056399070773
148.19613569349787,175.90032581182734,1.2688237216825464
47.273506220299446,175.42781746393092,1.269069524564247
62.89882442836253,38.795115600736935,1.2693411215549397
32.66594243908771,125.2339929094997,1.269402337856562
71.33187692436825,32.15507111426103,1.2695590036418944
130.57174705432573,162.207616024774,1.2696309707208535
5.639941586320432,43.78262431868709,1.2699812331400195
249.35362196286258,160.75206195278358,1.2700570595810488
118.4328153205611,115.00312032436246,1.270295314723734
136.07481225402103,132.31952776746914,1.270481279644182
29.792779323225805,88.64830585188334,1.2705817768148484
96.1099650342788,121.86912711993129,1.2706583929553312
142.58553220491265,23.67910433192469,1.2707839273988055
238.09261012243562,249.5268528473454,1.2708027786249585
133.23303804575625,65.03004094399239,1.2710435448010635
65.37418262665477,10.590199577805715,1.2720332633901825
217.403184399353,221.4666350539294,1.2720675004289494
102.98584118987982,167.5172001310339,1.2723467365128827
188.2535036062533,228.40783755366337,1.2723796688321105
49.614508735609434,28.26017409867838,1.2727616931539951
92.2685989160137,156.97998802870686,1.2733169387534862
63.69640109098388,61.60139439749783,1.2733578686874936
233.36044048573245,66.27518855948271,1.2735031278161482
130.68895843557277,127.16251506480187,1.2740795684836248
225.11546300661016,77.65774072710053,1.2745880732305426
230.6060029026542,190.29891831842843,1.2746311621582955
241.54553218633149,49.409203785460846,1.2750448653534823
238.55395832927599,68.13724545092056,1.2752273509009122
191.1944479468958,4.474614163807799,1.2752808585459796
42.951122363021156,110.18654662559183,1.2752904108025929
178.2164443572814,172.31368731512507,1.2753432941410718
219.42628763617026,136.9810269151166,1.2755021902564658
122.94375040358817,182.4794075969637,1.2756876897867124
248.54148423300478,154.5742477852216,1.2759795268614171
58.835607536196314,2.182167256180658,1.2761448136010507
135.39327726954824,157.5553689939196,1.2764026547543328
30.43094241219517,71.65007036827072,1.2766234736118207
73.40579410510199,88.5136749410725,1.2767115743641664
213.56879188233665,139.20563244419787,1.277193336983446
252.0886938239394,106.36194079597237,1.277232855813153
157.5131575450758,34.840775399889445,1.2773131223429317
193.708220608321,206.8162866703005,1.2774137508688888
44.99355969172105,201.24767902639334,1.2774669159862972
198.5976667039576,231.4093029068733,1.2776656265548485
28.444792498672168,183.52754981163932,1.2776973837532504
27.156317561924144,34.25225815880412,1.278922020812354
178.97887340832494,143.25032242243245,1.2797132432025422
192.9266080362703,124.86002334685504,1.2797226717126713
123.74727004223796,201.47588389842343,1.2801876879181235
134.85862676501822,223.44392122354688,1.2803449647112466
253.43112694338606,82.31682905147036,1.2803750539347059
131.00391500478915,89.64259958299778,1.280761717669424
25.20627898939999,44.48223302136536,1.2809773146185042
59.77635917774459,33.925403301211944,1.2810197114118715
223.71189586284737,213.66663782876537,1.2812476260227106
49.68171454764602,12.753421559123128,1.2813776917934339
80.8977061885005,14.904556244445136,1.2818216081558098
221.45231674278682,127.097706450844,1.2821238500762373
213.235992843511,96.92248233532514,1.2821655350472565
183.00101020997977,193.2416462501101,1.282356709549433
72.09237677088609,181.4497524476171,1.2825740145188247
127.34305268125962,185.07731397333674,1.2827913220756078
153.6507785670848,60.1009121575515,1.2828047485903418
43.63524864461425,213.95804033119632,1.2834031545402151
133.18790105763776,220.3766233243482,1.2838810365733755
189.96654007151403,43.228579544304665,1.283924758158085
29.205509411190576,101.75706737612136,1.284055344992402
19.098818250450165,101.62339659157489,1.2842516499743744
219.17104325769304,28.691221100045105,1.284571647563945
125.47825936538013,175.81618501366046,1.2846699487723634
152.61768181096764,207.40695513777757,1.2850188024153257
64.91773247669143,207.06787042947258,1.285076730890382
195.49711063122749,144.45152947313332,1.2851980163059775
23.474870383748712,52.827219218582954,1.285274389457851
141.98160445974827,62.43680726535134,1.2853180847037957
219.3646594891232,155.25676653400447,1.2853353108906362
103.98335754377709,53.0177126897305,1.285435318847716
61.31441342037975,146.5495238141618,1.2854534483930047
16.3253926606058,69.22155350097752,1.2854584989342102
39.62368627145081,68.7446101245216,1.2856251985349423
220.49832819105117,66.77719662250904,1.2860657907995237
8.157483910882233,227.37831794485692,1.286193381624264
11.004326320224227,49.99275748246771,1.2862328973931225
87.82882276884916,125.51487028325957,1.286290707923338
178.55077932436373,201.03654102143236,1.286477082489895
235.3443235208043,10.596283973354478,1.2867972900364704
35.94449775253247,225.11951316604868,1.2868889942543023
69.96061408040998,224.04994720535757,1.2872409948297636
245.29829157444766,252.69619665350794,1.2879836654741605
100.03148043676934,233.48176213422462,1.2879878746530706
142.56096251436,251.4404400082948,1.2886401784626218
246.81725086693024,35.31863470096875,1.2888041936535921
159.48648904028775,123.12926358733579,1.289104195416001
44.6893209721487,79.28602441307878,1.28917876514957
77.31585812912685,113.13817567445456,1.2892969820921956
201.2527241427154,72.72608241696052,1.2893533710524652
10.530390774370863,24.732862547608683,1.2900121097257566
228.07681018795532,132.8376317126745,1.290345077298641
236.95917466657107,125.60865757411446,1.2910970141183633
238.1691018938896,133.6586397261289,1.2911141721659927
15.974227784222204,144.7444688274308,1.2911245348885811
202.8283917811066,148.343733522052,1.2915787068654716
94.41480528646557,186.50135904309607,1.2916023633983693
26.536814435167397,201.5590428122722,1.2916677831665877
216.39614793509332,101.03661446689104,1.2917529797309464
148.71544067567015,31.448298616873913,1.2918743976413283
81.78193764850575,217.92048598596125,1.2919962387858444
205.82621842018827,67.7618618363259,1.2921775815946492
247.71420848317118,115.20324182349678,1.292212837671202
241.0716426070309,182.7354520834726,1.2923865636796736
195.78715322227086,47.68761264154078,1.2925939973716736
58.78712280754504,212.84816205666934,1.292669702633311
194.0122434730928,175.83742149209314,1.2927913520069205
78.32628351633407,156.78138769912235,1.2928046729531002
247.15486623561327,248.35475047183553,1.2935587675800402
115.52118346235473,202.38887937359613,1.29369734995492
185.1199605183998,120.54013909383262,1.2940307875397261
16.43715603196555,245.3690631797588,1.2941152842363788
247.27295551122953,2.592151747191407,1.2943596114045515
176.062850821637,59.73560009639351,1.294458701134301
103.04001376261095,150.29022863000384,1.2946816241484838
243.6671497266295,14.400493720371784,1.2949839902067033
150.08313734614148,238.67425420217404,1.2952087528974792
167.04640086126147,219.9978119482312,1.2953324217098683
54.184663072120685,164.96609337696285,1.2953562591374927
173.22617461237812,132.91612196915423,1.2954436419841893
64.38634738009277,75.92451133973108,1.2955217811738509
227.44776967464708,216.18784032058264,1.2955511065554108
173.6453140878563,38.95644343236294,1.295728549627312
37.10453534502121,219.56885341638625,1.2958800570209752
209.112276906791,0.6427592479855315,1.2965933361504471
129.6316709281419,63.898735615839676,1.2966353838577211
238.99754627900668,18.008600140166294,1.296757847780761
218.54832778251532,1.2857144787282226,1.2969920330063587
76.41629498555257,207.51323805392033,1.297392547281166
114.3323684715616,135.6540750871416,1.297751254504469
206.87392882955695,142.21844779692972,1.2978361654530606
159.39009785482767,151.28051201885484,1.2984782565006927
218.60981853675239,202.00625138319796,1.298761860080744
178.01237715702882,192.4414037591146,1.2989237354946441
147.76927706586494,155.9064209136498,1.2989835016134832
199.03592479993026,49.090516432446,1.299231348690316
48.140228411835054,247.60530286132825,1.299398024886914
94.63474403779955,205.81305093340538,1.299445474583361
13.9242101808029,200.83153926066,1.2995760836976704
14.666370739545275,35.365872937850206,1.2997280555349515
14.40581629220149,69.23997990109943,1.2997501863483392
170.43104732481626,122.81878426516987,1.3001674575561808
179.9785888631731,131.67997243276676,1.300216865931326
237.56231267236868,119.39781972745321,1.3004032541336985
53.13843628451209,22.39162236176744,1.300693743080277
91.76198868359222,136.99344658553414,1.3010230723026153
135.56277698685054,17.24063379440858,1.3016005521302025
0.22506471136647388,239.18456993462607,1.3022375558718138
107.11174295095651,166.63336823262674,1.3026322172568865
50.77859945099146,100.49194096670081,1.3030189332292437
36.161905642629165,227.43851687359862,1.3031754972801344
234.0205694267207,143.9753514653678,1.3033744695990923
118.97459998665197,58.9952361718809,1.3037646641903669
171.83499596577997,151.61353156415595,1.3037795726440289
70.95593319508741,247.95173327429933,1.3039946461779521
21.872147839487752,68.01806917564427,1.3041584541830475
139.64995542463515,160.9495026523589,1.3044015172750267
135.00580518356188,199.5324136253515,1.3046743719222624
126.49927034707552,69.73004644902984,1.3049269978058085
163.92289826329744,80.31419417294236,1.3049622561967962
155.46802775334768,20.267699492359778,1.3050666753286337
134.05382603136863,249.44381313841188,1.3051405019445046
42.497902639934736,174.14082194009396,1.3053742072702799
181.07256942204722,188.93894423094378,1.3055003851761195
35.03796171330285,31.801249194184937,1.3055272845897743
84.80311779428096,215.13896494585904,1.3055453569229105
250.21290427952627,104.31249020342223,1.3057714565177698
107.97695995246912,157.2244371704696,1.3063060294234095
7.913148863244285,163.0775675301071,1.306353239331735
18.02615343896653,165.159126971333,1.3066028574264095
43.996685532375395,33.49915989147649,1.3067395146414358
168.24096547999613,170.2765950225941,1.3067713650277837
42.713921080469405,217.91630217641455,1.307120075978675
142.5444590382619,174.99427093029502,1.3072064375093186
244.1433210810244,127.56603602488158,1.307440784510448
135.5467538120083,173.3831911648356,1.3076378514447171
143.44595973486685,16.466589178992567,1.3077653289166054
251.89785090327183,61.473395237789155,1.307925172773948
163.046659645738,174.36092837159057,1.3081466075376396
187.01634822798687,242.17770166044573,1.308318248557397
110.40153595613783,183.41551157949678,1.3085128805777255
13.489316579808646,126.76276585227971,1.3095990161342956
59.14052462004965,12.79495207866299,1.3100355990398385
100.6361780177931,131.53576468775213,1.3100955314061518
62.16044078683655,181.30398560950394,1.3102978070129288
53.363237902305336,176.72720629296268,1.3106337747401207
72.7902654359348,77.88688322959105,1.3107751264442937
28.166516024033015,7.290726681929144,1.3110284425998402
213.39267702714582,0.8253636727871655,1.3113195527139563
127.22141072796893,101.38722750864495,1.311592138379959
241.1105297467507,86.39087883315362,1.312050733565981
50.218767899864794,158.42318189686085,1.312100592792171
245.87348563148333,219.5857114654054,1.3122393776574328
167.23878720400248,235.98866763704635,1.3129205083400373
215.3460225140881,103.12481342458747,1.312923022879043
240.90851025349713,213.23177654588218,1.3129348501060296
63.00472566112643,57.895616043249625,1.3130104530965614
81.22766503106665,9.403661584336149,1.3130964670851224
138.41392135142547,41.8858567572506,1.3131642674292798
188.22311453713826,77.30494420732177,1.3133974042107068
218.22447502477957,9.073211558647817,1.3139211124993226
138.05138570857625,204.2295292654925,1.3141613055253047
190.22538462054806,159.36229801352678,1.3146140856438246
193.88868885330436,70.51065904485732,1.3146655003400265
110.58245161770809,169.66878281261995,1.3150501965759174
175.10784097946993,32.49932438268268,1.3150931565454393
41.29026803860112,55.96471814656437,1.3151400860140994
88.9378542796878,205.20580730662846,1.3151731897903562
110.41336148858792,7.900294889873118,1.3151859614445593
0.8011382155789221,22.48934504963504,1.3153421698552639
254.98129508098316,58.95296874347403,1.3155763900587154
166.41561548650162,28.325809106327696,1.3159153591313635
242.4391116765087,7.68204788044112,1.3160218384972078
198.3489040541067,182.41202059952656,1.3161021239412887
62.74515937816983,195.3138862910411,1.3161399042773725
29.4832092318428,245.23620717240823,1.3161572267185464
230.5141013614064,50.63952300359347,1.3162162657278569
172.85530045863894,185.78040419142144,1.3163509165915535
67.95117710983259,35.57704386334777,1.3163824053754376
217.70705625206227,36.47864282886168,1.3164981199964436
234.73666353528262,114.6908435236591,1.3165703937998456
233.703887476396,143.64009184362644,1.317280108271879
232.87263365421592,247.5545974913371,1.3173256969771945
88.43211594120977,251.1070076900122,1.3173815874262134
215.07529703885524,210.145105342557,1.3174123720489994
235.5298036651114,86.15739440171875,1.3177540499811793
203.49761164966495,224.3816538863542,1.3182574299004508
52.57063045400211,159.000602637814,1.3184378921787865
17.55572351767982,121.76296731043796,1.3184965776759174
211.51804685252375,200.64456227179198,1.318692615028012
230.47862498408696,25.901356651011262,1.3189512573332547
203.45254841481227,246.12625479586936,1.3194238690224622
93.91222619524913,165.10787771519904,1.3194784744794654
156.93020187813343,213.82453144428453,1.3196721387329362
141.75774104218948,189.7660227492828,1.3197111134954176
60.064616877289374,249.49960616031882,1.3197588280113521
52.67181637460217,2.868773238160383,1.3202729529853496
154.89535253194265,127.05805841957313,1.3204189941338007
236.15840518048074,157.49110206151983,1.3204316490561754
30.562421333633004,252.1956646874702,1.3209532132832271
177.8534562229754,22.343606683354302,1.3212841642651865
77.81279176717294,83.76136463947458,1.3214105053826581
163.00565221480997,201.6760226295317,1.3215510999469466
243.42283603675716,213.51738101992333,1.322174058423289
35.995052559248705,120.83893661500632,1.3224822706338666
203.83231079756777,146.65415342157306,1.3228663892762436
152.39706976261246,184.7453516216208,1.3229998934096245
53.80520997682837,123.88995285605543,1.3230322954262184
146.0663323431421,54.76434210103443,1.3230836979340166
225.8897001674837,57.97641697669833,1.3232067805179821
168.78513491871234,17.23168756176243,1.3235753222322608
49.868693604828444,246.35114905715895,1.3237730645253751
33.13601283790376,83.9423367943214,1.3238807634164265
227.71639176261044,172.82129584318787,1.323961811021584
111.67054244496474,161.96370726151187,1.3240255558017051
241.78128754179215,52.046103874513285,1.3240670318318646
187.07012254823408,139.34128194826812,1.3246860104457983
201.50570923855778,88.38200574141703,1.324777314389506
190.8324724048503,179.72942090333225,1.3248518490431749
230.53682265349693,99.29954612299059,1.3249129652192495
36.99113104611421,228.13246853329386,1.3249705939187566
93.25964246575023,57.35989835837238,1.3255944632959908
28.091044249491183,131.05830690516996,1.3256086641834102
113.43787174871584,87.18173042748255,1.3256088186303723
100.2809841381089,190.78772702574355,1.3258859466706463
250.06446736365143,169.65888603338453,1.3264140778003752
33.2466181449769,107.0284380759801,1.3265043210621135
70.08805058217632,65.01635210868676,1.3274071608489377
80.2235215496467,27.937643914586,1.3276173455992348
99.52072130531295,138.37946948864504,1.3277466129769535
37.57180665208703,121.41654942058993,1.3278563126025524
75.95147420175881,239.6424718998658,1.3279227565511176
41.85660282590388,171.9507441628495,1.3280252181678285
148.93913289954227,151.18910956134775,1.328101079210567
51.2187869809295,142.73654023808731,1.32813222669993
141.86825882731492,104.29166959050438,1.328151293052797
117.36839190474171,195.75999003915507,1.32883787612228
156.02316210209443,47.82784896907042,1.3290249366187596
192.54937818675438,236.28845826426846,1.3291554910375845
58.8968151362004,222.46612845634252,1.3294909618952864
183.6147151166825,155.7518931809906,1.3296577802266454
194.1897790646472,217.6282767733671,1.3297644933283672
89.93160867631678,40.30089467979412,1.3298500601976897
138.1166654495561,4.527041338292064,1.32985452527027
11.47398256617624,208.27251322519513,1.3302348554638077
144.42417327741353,147.83726604904953,1.330295416326267
100.08788131724559,201.574725427795,1.330488050147183
105.72465163222458,117.89283708674012,1.3305916504449622
215.652395503267,3.9839956117330257,1.3310798362978333
148.82953987110352,68.80178467441658,1.3312872674423877
196.718512460474,21.43202659172742,1.3316078108362603
170.9678786079107,239.6915518900047,1.3316327630378102
125.8848831839379,148.15446449725317,1.3316350543457716
87.6342311347041,116.78099202002608,1.3316715169450148
205.00234843957327,44.74960260739967,1.3316961576046773
39.9442583227034,178.3828376583494,1.3316992811489403
28.175617126472204,185.13142192483605,1.331706975354759
234.45603949410125,214.36383262798114,1.3319331508861405
215.81753626315,232.06450820448075,1.33209565220717
94.94341744035177,85.07539977760067,1.332315502519576
67.32457868313354,207.04361373650664,1.3328721739715026
89.31135812242954,206.6637483053061,1.3332784478749808
74.71273871664184,236.6781880418342,1.3334387233206344
207.17824578547578,25.64489343359547,1.3337734275141961
88.58578189253122,166.96447641170687,1.3338564223263272
110.20893404110757,84.26669248302393,1.3338765637778918
90.07947589595953,14.081967767102283,1.3342125038168424
44.9569084641041,210.02906396836764,1.3342442263973502
120.09763747508653,223.78686200237982,1.334281087383684
190.15674155925032,135.93610821740356,1.3346644760631092
26.977502207687767,198.65214566303817,1.3349405686204845
102.8921340278689,2.8016493573392025,1.3350201876540424
54.53060081921495,131.2414307406554,1.335137492282557
69.50586161379942,147.13728844282699,1.3352811499836785
47.22349616646036,179.43101280179386,1.3353040140475112
236.20355055550368,14.880136584029081,1.3355489309961823
93.76408155312973,176.1572159379384,1.3355712062019038
125.04252119884225,92.40502549558377,1.3358792596922142
190.46162866602103,253.99343866433532,1.3359622051431088
136.76064395490056,40.23293535158462,1.3362193829639573
23.902001783309746,103.78704824116414,1.3369293626830783
112.83253120013191,89.47958406119231,1.3371869046237184
32.20253388684568,176.06151835369096,1.3372883123130432
112.65240385434069,154.30691352423543,1.3372933277351922
147.261823935956,10.531774415847162,1.3373770603686643
215.59015719353502,174.2866721492405,1.3376490849201343
219.48423877158314,220.9536790112638,1.3377037205865558
109.95153628999272,121.81172022470984,1.3377417531970472
86.82558533896581,2.746845609975109,1.3377956801419062
221.20914052473802,58.19012757700283,1.337981389695383
170.82028424075168,57.55591166404062,1.3382367319838167
185.11753356062906,38.82177126996046,1.338535483037386
50.56051412136643,170.83180981081688,1.3386320964732967
61.4511883400663,72.88501205015234,1.3390728546919897
181.69884758554915,112.11070094518368,1.339143773398204
141.58753276361648,240.2738730751557,1.3397363684915262
149.33144962006557,62.73484103535223,1.3402007372932914
247.40769885880192,116.34593187638947,1.3406710566106665
246.1712061080183,29.44282226720233,1.340701717365996
252.26230948995996,153.09542295483996,1.3407250286866632
153.1655335420393,28.755591114283177,1.340819173184822
76.53148273662434,189.79627011895693,1.3410943123824264
162.05731950115202,119.95749331538876,1.3411227254581133
31.370723914185625,75.22533924024053,1.3412795409304112
126.3172020277902,58.98452309156926,1.341619710807409
181.12773919204025,113.05317979634914,1.3416465338621275
108.61087920054781,13.388105054020887,1.3420100944419162
169.77293709463046,94.99738650338767,1.3422285204258169
140.81087260505865,241.2263921628193,1.342752714765192
16.819869734145882,203.32835245934876,1.3431612267071518
157.22291477515014,196.1415605613781,1.3432790704627589
31.513548291398653,222.90053374709544,1.3433661660212848
141.89258461721204,33.11223903134206,1.3434934582714269
20.068161578529182,207.1561278434398,1.3435303959737814
132.50122522465702,56.54401923296925,1.3436171776083126
51.33253749380766,136.59506277375698,1.343753166629024
205.8672155182242,42.07235046610227,1.3438969083184276
83.50524433009748,205.2067939401899,1.343949501902588
207.13478353316071,37.5066964839638,1.3442497785666663
45.37760900580836,126.77106360602632,1.344325504949415
217.92889102506783,156.41911085603775,1.3443544048896698
114.86683093547767,64.81354987133479,1.3444371246820557
91.9241909627917,179.1171453601842,1.344861478714162
190.30284249380625,214.2893198579279,1.3464848168790808
37.4354226014281,254.28321748778882,1.3469540707344942
74.55129663068524,38.640008135667536,1.3471178028326554
148.38946236934058,96.81396693042333,1.347143715124973
39.71888120561358,159.9349875314364,1.3471799057449996
57.329513145460325,89.1526519365867,1.347186812690765
15.312355467812809,143.46702800017488,1.3475130266997444
88.18776520165666,226.7995973103396,1.3484455696848996
217.96373884761738,60.99899594238359,1.3487530889403372
233.88855941408468,169.9899959353296,1.3489270527759676
120.85089703373461,31.710966591330553,1.3490676340102288
238.6826692952714,184.65064126733674,1.3491032419833875
113.49713540297117,193.80977578673858,1.3493679482488297
202.7922112760691,169.5437580561917,1.3495982925402037
145.55299637637128,242.10786975958587,1.3496870573310242
96.53325842173462,117.00554264666907,1.3499114998581896
213.97108349825896,154.59594492762605,1.3499248183063444
192.26564624329924,1.77979005177127,1.350036209743919
199.55223524953456,29.007529779712627,1.350094044332367
161.25720125792313,180.95597474045533,1.3503459749851492
68.16140019547029,0.47975073381299416,1.3504772615107978
166.9869498128016,208.88427873455052,1.3507640535010028
254.04173074468332,187.93262512973155,1.3509473268930798
93.17444440280859,3.226054624556146,1.3511421332472904
50.95116801669064,81.29713587775937,1.3511675681164346
121.01302601321154,41.54022411221932,1.3511692523201198
228.47470862267647,117.4367148234121,1.351223842176349
45.026522385017174,240.5113136062997,1.351314846568291
184.6400136218821,193.64096368413357,1.3514435619033247
221.63182019086662,14.064650914181538,1.3516966409135605
183.9252476415805,151.3147551239769,1.3523694344866657
240.94472156986092,48.618612162882755,1.3524594559316536
168.29328909775666,134.75718164521646,1.35291988099144
28.54251136877756,213.6340695756941,1.3529250781394209
57.479771108910704,38.40497860749083,1.3530183508909097
64.73484027164525,2.300501913979556,1.3530533988077038
40.82752936336205,129.62184235826157,1.353250985282858
187.80163721692236,10.114876859013089,1.353283321592964
32.487177334246404,138.88521066195065,1.353481214438469
219.73015064879127,12.698480209237871,1.3536518079017699
155.93843637417197,64.94202627465644,1.3536703246406174
238.51681674000685,54.31177409065713,1.353815855582959
185.22763228750534,32.85867749850144,1.3538313783796536
145.9611380385313,238.038036556715,1.3538367231471997
18.36999005663816,36.77495483646593,1.3538805412135222
178.28083537540095,41.86716198621455,1.3539824008286798
221.76548681439144,242.22083955167236,1.3543655255569695
236.66582971970269,32.02934429774238,1.354948787478111
230.91243210017552,79.86504955839764,1.3550497621025603
173.4077004104183,209.0466383650344,1.3551170331742726
115.9493085210319,177.06996208138585,1.35519384186733
149.0838258129525,95.90331662088285,1.355281665872091
188.04788621244097,174.59961200702432,1.355441438858765
131.57133561646538,211.40301672919912,1.3556549549585615
131.5354400445909,194.91278482243396,1.3557744936137286
56.14378804130891,59.101895951685464,1.3559844104941243
129.22586632360859,249.71613882292777,1.3562468643686119
248.70239483195377,11.987145708977192,1.3563384583511693
253.48182955392133,173.7239580130634,1.356627755305302
198.46246080277072,101.27044790612065,1.3567318662314558
31.050008944832104,23.729910474223477,1.3568604181589308
249.33689169089186,3.0610912753886934,1.3571695456720234
179.5208424433267,184.91152845439868,1.3574699890474873
20.061586922490193,156.80707786495898,1.3577155743047418
251.9768489638647,65.24453464891882,1.3577464111423438
187.26629443960596,109.32461045930638,1.3579550074962725
137.76283026176668,36.740173105116874,1.358057005973953
15.784048491104272,136.7653280523012,1.35814025375009
179.49909328711934,21.472297884522245,1.3581709825787287
179.6552219035664,242.48492542962762,1.358295482839719
176.99360470518744,130.0755266374275,1.3585452358546364
121.47609390434698,3.098578148449575,1.3585713379593278
242.26222967220795,1.4048937715809124,1.3586319695033793
168.02155462498735,236.21185611078022,1.3589559150433608
103.68372233791848,139.52557002672816,1.3593534317626979
9.92600813323659,204.9772930402393,1.3594601329027134
144.43156386674968,38.83166823112295,1.3597807223476572
244.7470016628666,121.93791821224526,1.3600981394557363
192.6836975361315,251.6972831589679,1.3602634447800217
131.428110009002,103.49973041032972,1.3603121819634787
237.50072691060137,199.4796999556409,1.3603671886654791
112.32859842281665,126.62840023229147,1.360549364630162
123.05381315841682,220.2852705954832,1.3606060604084824
133.84734605392336,200.05020998362335,1.3607392570879604
221.7299938262953,197.1520357901561,1.3607414237346276
43.393015088385475,211.12603196870947,1.3607626106539934
252.0688649400471,133.9869347242682,1.3613582517387905
135.17290929492756,212.49078334004116,1.3617102240733425
101.7593078576378,178.66690211051602,1.3621777422012116
108.91284038605676,105.8569926181769,1.3623212285988044
180.60328102194214,167.56020927002976,1.362383938609912
22.78723067194632,89.96786435545306,1.3623931421523898
121.00465782208752,208.30509948457487,1.3627308839038261
32.13101444874345,33.75222201490126,1.3627902942568273
128.2421298386347,158.4243434387799,1.3628166719927297
106.89218363038972,214.79251492260573,1.3628787747078563
15.223142698408724,142.75553820853693,1.3629487233487294
247.73811325401215,29.605679874615944,1.3630143753994775
240.76713846480476,34.14810720395866,1.3630850094521074
198.93377647766627,217.7810166767755,1.3632837252722838
99.13355796078476,107.23251904720212,1.3632920088430995
8.65869662795588,72.3530187608981,1.3635271412441288
88.32851296852735,210.72667815961483,1.3637745056103499
28.299284276319955,43.120297116779234,1.3641304619631607
192.60474185552178,222.97758716391203,1.3641794368081066
219.07991052431143,213.5256747590086,1.3642187830957395
176.33593251701993,136.6044086501645,1.3643694043640422
201.65162592969511,224.2386871623821,1.3643951991081609
87.29557483353256,206.84458694487725,1.3647189592316693
140.84445286580942,42.35597019207987,1.3648556051941845
208.64479910120514,229.6037874910871,1.3652412568041796
16.970988222858228,101.49870750934654,1.3652484905445235
186.7813072397331,164.2895034340956,1.3654397394368025
64.78580671736128,99.29213730923034,1.3658584436646313
147.24548933966682,251.7460580404649,1.3662164115084767
51.437786060003035,253.45146666142205,1.3667537591449659
101.76023499771091,73.97546956333879,1.367282051430614
148.69185628909656,191.48787427778996,1.368269626687638
81.12344952712542,20.86012387385321,1.368657049290623
187.8201923874388,231.68644050356724,1.368703527730634
101.91441573503627,157.42255026862534,1.3695599185164389
216.42290170395847,141.07189171686974,1.3700336087989216
93.42289444896245,146.1593618050849,1.3701240975873152
39.23510891240897,123.9614049121297,1.370278758189416
185.79247703736607,51.22731110461533,1.3710358365831181
48.97089678339187,64.38538838085684,1.3711838121144315
58.400120984273116,43.71890491374469,1.3712424818008522
182.15158237064563,19.95952386226919,1.3714366139257845
51.21795773922087,239.23989383818665,1.3715422681919027
80.538932963242,229.73462980425694,1.3717550166132384
142.65679633775915,186.19837697279362,1.3718694275805419
152.70854365983533,51.165948160892306,1.371903514564129
157.46079318262525,202.78124486116226,1.3721493648638066
198.46432035660303,13.455310592690157,1.373098594965123
157.24675236502486,22.53440927773694,1.3734388110639688
18.476541531348108,43.55825006074728,1.3741742871347997
10.942383698811568,38.26392456314646,1.3742459038741632
63.740029082473974,204.10836043839464,1.3743348783043738
129.70287582995883,206.08725047590207,1.3743362079084673
127.14791432203225,0.043790266458116345,1.3743591847572152
176.96868726436895,252.87205362123754,1.3749405799467742
226.19734880301914,87.94407371946362,1.3756026304226379
119.17356246883462,231.79366349309805,1.3757396813230347
232.64472981801458,159.93327085382515,1.3759345785951935
158.11928483011587,74.25528779326076,1.3759901724241097
151.39809202834815,76.47564277118698,1.3761682610557284
247.87698775677592,66.20124233866746,1.3763434925808617
78.25148692076962,215.9072517859342,1.3764719249718613
62.21174229649003,149.85912714296018,1.3764748477330144
164.05769745066644,70.31542834747924,1.3765590206782679
35.58357598670249,61.76389986555671,1.3766101369388322
81.73666150576368,67.71779485580504,1.3767425541010128
61.42255169333318,179.58595954800617,1.3769613912870577
188.18614551852147,223.77473069346044,1.37708401918012
159.63527692703954,80.91364387859393,1.3772411017849426
110.30383330304761,194.26626553666105,1.378006082732099
213.9432651033301,187.35488011243666,1.3782504575199823
80.96418357308333,103.74141006923404,1.378714138745891
37.27829805198381,96.99736625839778,1.378720289867132
77.90698326231227,97.49588684640041,1.3790316399209417
245.16595051622483,47.17981365020088,1.3791634574217682
190.93615689434577,253.81395711042515,1.3791894857023717
154.61021396606455,191.41748806260125,1.3792314314568623
39.899723935842474,187.72781706156772,1.3795731303737429
90.14088122737618,80.36916964885604,1.3797787773536758
104.6196139876906,88.96643579351566,1.3799067740157236
90.09427253980498,193.35056431549626,1.3799700737144847
171.95515610289314,130.2562103693115,1.3801705233904462
130.02924332520956,126.82422991444544,1.3802296560579352
124.73459916379318,152.17508501187558,1.3802632471225698
166.5447646205213,189.33051387982388,1.3804971613244965
73.28013560294943,149.98604819743247,1.3806252073978686
19.86608396535251,29.423106449086315,1.3806347751804482
108.93868467525058,245.39117080758353,1.3807090751758846
32.206567500069404,47.068668513465425,1.3808510830149987
43.326068413880485,247.87303772184572,1.3810895144214408
5.417470781039786,130.95953008178915,1.3814620350054672
164.94674216837566,90.36355914047522,1.3815095722916697
56.727898935787444,202.5642354832443,1.3818045273423496
152.58626133554728,35.887626189763076,1.3820172633753873
20.60008454177317,136.2751098988762,1.3820746622862727
64.90046205703393,10.872627017279337,1.382101304910331
79.92517817579358,253.267585536079,1.3821462056506386
138.6483425464533,185.51285522974575,1.3822329732352938
184.90070561379545,37.372887828194095,1.382296316405969
155.50748876322345,122.80163950826177,1.3823662388854727
251.80213691426442,209.97966687619592,1.3827199057206174
100.11554329965529,166.58450655085548,1.3831578718889928
9.809441192721708,187.1572475165682,1.383362079721894
152.4139289932391,254.61631642382494,1.3835009548943886
150.70046279535987,74.98338689374759,1.3838816370034175
48.630866814477486,243.8175975757728,1.3844536867386603
56.46672273630709,134.60449165325124,1.3847011893424217
54.00002591531073,90.05502297443753,1.3848346270765357
74.60458865100438,170.0227524798019,1.3848663907022252
123.36117219601226,29.88727222736194,1.385253757393016
140.228222547371,17.531577444691838,1.3855448234062486
148.81874791906986,126.12529103298158,1.3855803608914081
167.71003890990136,113.92930033748212,1.3856813672330985
205.57474274232973,29.801417149475032,1.385846735562474
171.0453663515553,252.31072008324455,1.3858502147073306
92.89154253534419,241.07829630761034,1.3862116845007888
117.47740941315183,231.5424145024886,1.3865247155147618
232.6051835149983,21.17154969931066,1.386908211080249
72.68102909896304,90.44480346184753,1.3869232893816414
42.61646636366591,19.546208965393852,1.387099988889584
159.59361390308993,47.16230995172219,1.3871177527761003
195.3486409409248,41.35763450226159,1.3874680212258703
14.990838228020458,221.4426649948015,1.387664695237263
9.682053350939393,57.73412477127184,1.3877240348725213
15.097221959098718,191.74330922174937,1.3879321284508814
248.21638719233573,231.95296799823956,1.3883032530139718
233.69123945449041,171.1194412673057,1.388611391468032
244.38277926030545,126.64062641776084,1.3886807444509686
40.55387789931073,14.143194198297932,1.3886858918412648
56.705895127091964,111.36944796662327,1.3888491500007787
208.1443908510195,9.672830316494641,1.3888927029962506
103.92689578782004,79.7261838329518,1.3894193913808495
33.99281251123018,13.886687820552426,1.3895529691868687
33.69112559744707,64.55606022119487,1.3895761252610173
89.0643325069114,44.833815574541305,1.3898095999033688
173.72744632035577,196.37321810410984,1.390336308646125
132.57401504503437,165.28687155442103,1.3904507529982735
5.180066999952935,102.18697725563669,1.3904701687964363
93.59190064144902,234.0816783103646,1.3910882098188462
69.54779715870541,239.72651766998243,1.391261978759761
62.320931051487044,216.79138566740153,1.391302301747951
77.76427914341845,84.26684927512157,1.391382291655423
83.4473561224507,70.2577536165566,1.3916249988160243
6.315959151517152,166.312237770155,1.3919879708212137
191.58413846081555,192.08109095017463,1.3920343673932836
109.81393879334273,129.1933971455682,1.392088651484742
248.6150399270171,125.37272047282521,1.3923087704524486
229.1326969462804,80.27817309225843,1.3931487530885116
67.23567339230947,62.44784401153685,1.3931834358878972
60.85772400606465,33.49950854739648,1.3933592340613077
220.75460570986849,194.9878658935488,1.3935031581903603
182.6980888681081,251.48576396530433,1.3935644551678565
213.2925080758361,28.779807842582027,1.3935686793166362
166.81645905661537,115.69121454456211,1.3942284921795243
252.40488649788117,241.08757473745752,1.3942304005277744
222.48847846065016,248.19860248571982,1.394282740581401
87.5075725185478,239.04697245343735,1.3943020552720229
30.66254016100226,96.89671917111325,1.394826106312274
219.19661461159117,132.31498418824523,1.3949077386525484
160.0842940707787,31.30614989734865,1.395121997720921
39.98173639115363,78.33779689559452,1.3955171573404108
138.83863842865492,232.6076261822133,1.3955207250325983
21.18801130440607,248.08350087823408,1.3956699300204873
251.00949071777762,122.63448075613525,1.3957602213125562
45.81690591635747,251.10772332346588,1.3958939494335239
138.674181936292,225.6105383590412,1.3960249394868562
49.22591407845485,134.97346122781926,1.3960473602471937
170.1432982961565,119.36304661912462,1.3961356410491559
167.74284438149786,106.35410886601568,1.3966444654030363
64.9642485195695,44.008952387512046,1.3967784690356948
54.84732129508871,243.52407616171425,1.3967937512626785
216.25985391568116,247.85918993579077,1.3970627959218935
221.6419594230079,7.407526045537325,1.3972614582254828
136.78481684958732,12.786747845359983,1.3976031225136658
28.985834772116483,220.26387541212256,1.3976469329831207
19.910824793727866,162.02862651443826,1.3977878665057513
156.69292433382927,232.7944767911643,1.397846444377582
188.18292982011843,131.35817543504547,1.397930055805098
82.29600470806321,142.6253136417775,1.3979607172732524
215.53841608920754,198.7970253267471,1.3983319806710088
224.82014051620368,32.704228390013405,1.3983566814113066
143.5563715319896,31.873146728077845,1.3985868930524425
79.32150165541779,185.4568061762354,1.39858952176809
175.28908260009078,136.96571429752552,1.3986681233116662
40.8746374846259,190.96365378584093,1.3989625603825155
234.37894946843076,14.001399963524092,1.3989759664852777
152.5115727275151,92.34320073427384,1.3990106662537403
154.41185330961392,73.28699143321484,1.3990873560732364
37.01810433617344,71.34251704025444,1.3991167597097685
144.62092401922692,4.6988594521074685,1.3991350704080467
121.65539584572718,106.67025743842049,1.4006898987347072
4.497011377973323,156.46417821846845,1.4012787722034206
242.4260628056531,92.00551094597022,1.4013702503663803
69.90182761147176,143.93532157440546,1.4014127659589724
23.999099050872882,88.2054958726098,1.4014170905029413
40.39749832956552,93.3515174084568,1.4018559291538633
61.336475864942635,93.24763191415263,1.4019300195672635
120.62519257077552,78.18708765495298,1.402060223711977
233.21327898888353,123.5363531958633,1.4020879702048747
94.69219716598593,135.98541330439068,1.402520353822169
44.18573848509047,155.37833411562457,1.4025945617737978
151.0471380732055,54.31273964212536,1.402647293835013
189.29542945943325,196.5903340393467,1.4026739665058245
208.24352631110378,29.651720709496352,1.4029984395404456
159.49213398364628,25.776439787098713,1.4032390698755286
253.43043317450062,159.09381561020388,1.4032662336831907
153.6399167059233,15.45221948324671,1.4033968942343344
127.33800735834637,252.95145107050828,1.4035131623308834
208.5415970769348,234.92219089570588,1.4037130265411706
53.36811748260372,126.3078331754293,1.403809989060677
211.77138809671226,56.38569829027933,1.4038757070323953
70.45422347216237,192.22105588414004,1.4041010875988273
105.09908057848095,207.81463289907293,1.404108068131513
168.2918051369015,26.04185397568176,1.4043026198086608
39.81286547986199,55.770398171035026,1.4043839196610386
132.96933948403338,155.94669558367744,1.4044918489939275
0.0805915525639328,14.987288455877128,1.404562275645723
106.4977855336561,241.8578548945106,1.4047129213280978
127.38111703558933,68.75220596675634,1.4053376135844224
252.38737931986506,209.35016425804375,1.4054791111391738
113.01409837056713,80.47472696192048,1.4055014634437755
229.20075415457978,160.58083408776594,1.4055573778498174
94.62179867844279,105.33918052796771,1.4057576856239193
117.40979105140904,114.50227606339483,1.4057931528118022
78.45653148204964,54.5505019573713,1.4058119909874462
27.66184634460707,226.09620622137393,1.406050155418579
17.33142996502888,164.4861976243558,1.4061164455979842
68.65036951261158,118.89644571780268,1.4062558042794182
29.71718767204924,31.97185556106828,1.4063304264331642
0.5520503671066962,233.62135085001307,1.4064610412279757
157.11896346137638,240.28429555659977,1.4067612909043976
253.62305463119674,228.58059818475434,1.4070059167267899
244.04675889089643,28.00012130578105,1.4071784262032152
132.29949847659614,107.15179503176442,1.407334464945082
126.01041933654487,206.59341565399205,1.4074665315608832
131.85385668155243,184.18211989692557,1.4075744416816571
167.9779581547022,112.14301404696243,1.4076438092200132
196.33743116163558,252.07235037958367,1.4078197393236764
122.4194082896839,40.18543056117131,1.4078614695761227
213.6442380482436,139.7921898423305,1.4080860670858224
204.28273795113756,174.67288972926335,1.4080957663777647
242.81277302227792,76.86771594155117,1.408096210970738
11.047689081905364,65.40745043674023,1.4085150653466154
5.827603156868398,93.41121302383443,1.4088216498634858
7.630790702278568,155.32386925502374,1.4088413910716862
74.41908448782709,95.56553526557717,1.4090079959932855
132.21106969225863,185.3656806226774,1.4090133664136915
28.693421111249688,163.0440448869084,1.409116440547346
184.00480534753052,100.13233723991856,1.4091190136555185
6.06146761468856,189.2664840569853,1.4091769354180224
5.636692877469757,68.85405913910817,1.409301939648476
217.4520693688412,185.82567527633307,1.409516060935722
14.007494259173495,221.60123162627383,1.409834249746659
111.45896693231455,155.85958538219526,1.4105931714173274
173.56764660013903,5.845628643209677,1.4109059024301687
199.5587424469698,34.66538159031168,1.4109236258186646
54.64280838184009,15.857812177915473,1.4109522435511421
123.03408908167216,144.6966752364889,1.411021974350282
42.841265378447524,189.9575046995558,1.411042117370222
224.4637988001037,195.29739321183823,1.4110692607324986
136.71551715460348,208.04714692555905,1.4114073140019088
247.51686237445395,233.73250673468164,1.4114383999031466
24.69020625292461,114.2925296493037,1.4115784213251172
127.20097981534768,143.96053384128413,1.4118437230944825
155.62759194120468,96.79508219316526,1.412021073168586
250.8274702757519,171.87408406086962,1.4123781651625689
190.10644262669828,31.365069718413576,1.4124629957503128
244.68050923351817,252.77272090994555,1.412497665330792
209.49179134422897,155.25477905898606,1.4128985632374154
237.72159240586075,108.57084962792369,1.4131929133918315
156.806873105533,209.64901110118777,1.413683043871486
113.88479802220184,143.69735471368017,1.4139033756273316
31.77492770639243,211.8446965585877,1.413991122237197
105.65099779215672,101.641185889239,1.4144995970639542
141.89920746980872,146.16337623896734,1.414738038643497
162.73892810858538,204.23756838382565,1.4147840952566686
203.49205238758145,135.73835424325023,1.4149652186874626
227.5887518737214,108.3069526172566,1.4151591495323794
67.43846061826402,163.68107639343822,1.4158820307481466
129.0102102509614,75.05884366182337,1.4159158815008794
90.47319027803476,68.82595769376296,1.416589989813953
58.27667921323529,79.37352281565022,1.4171487739986084
173.76591189557087,252.6384030674057,1.4174941178953013
159.04165353667423,176.6312557806415,1.4175423885328595
108.5740860599632,39.720138494787385,1.417556232708229
108.4898756612421,51.67642691645552,1.4177520766707419
188.1371148917318,201.1815905489425,1.4178270093428795
17.265802161530335,110.39508646555402,1.4179269249377866
29.465920866138973,125.36603711948636,1.418400750387782
161.14050930154443,143.71215764514815,1.4184830568058318
39.21244702917723,158.28474078988074,1.4185148446012017
161.1206247488639,112.91202636688728,1.4185533317918062
35.38817187971895,94.098831548223,1.4188535151587855
215.94315860711203,63.067056176382096,1.4193997921595745
124.33673995176835,140.51926624972202,1.4194285891257705
146.9928216718833,242.9789854926387,1.4194319003050453
207.61248263429096,199.84173012858957,1.4198179719146147
77.65354049374984,228.3974462648131,1.4199053638166936
43.48571275643965,217.74751012315343,1.4200067531070073
21.70372201841278,223.35145782781797,1.4201298333172228
222.13381477729055,197.77116840967088,1.4204008613416346
205.5698798177667,134.42690019630103,1.4213968104099488
27.664885866010582,21.02844471616148,1.4215697049416207
14.682309486270213,33.87638651001785,1.4222015620073991
67.40523998003293,85.39602483900744,1.4224109814813322
228.53302036608594,185.6418525671149,1.4224761060160795
131.63763836277593,15.11890294260434,1.422514254925888
118.120403880281,67.32135597180961,1.422600751973233
153.6710503923374,58.56386662674508,1.4232060426990292
167.44873033231397,84.06634247006066,1.4237246710584877
183.36767139264654,249.01054885652633,1.4237908401515467
122.5064886666634,91.41568892540157,1.423846213317219
53.45466101919953,85.4862678527127,1.4240579349639717
174.51196867721535,28.120046900565946,1.4241893692302792
4.237763853503914,17.628282030513876,1.4242921372081225
174.35556752787963,5.6509296579858415,1.4243251339564738
143.04703127777296,140.9094677384565,1.424517459657142
183.05478652101556,203.47425329948751,1.4246854936999171
124.83436551499373,53.645620201189615,1.4248935817935422
69.3718154192204,58.58847492057846,1.4251581827450366
213.0949000703389,25.611931761983694,1.4252178195605516
14.065647553719664,239.68349829143781,1.4253633003950623
169.47325036031384,106.99705224989016,1.4254762308267424
124.98749536273083,200.63207498046623,1.4262655695339508
145.0392904066703,157.40348614469076,1.4265455657324135
157.5933873361896,37.49425288047998,1.4267099053529508
193.57962820597797,130.61195557624038,1.426801171467867
34.37757737838584,78.73841751640451,1.4272555980689123
235.4358649640597,156.9603738483353,1.427531507796643
85.96734645688844,108.35065124944323,1.4278703465321232
188.99121035116846,33.59879060917422,1.4280503397709072
237.09381190741416,243.25425978796721,1.4281061792410512
47.909702545254596,25.77442307486769,1.4284933933257957
229.1227012948383,75.05999915172674,1.428883061411828
160.32386729624713,47.11522872493585,1.428922324138509
114.65800861014213,71.4926759730544,1.4290062731495183
30.685783113506634,153.19500539687087,1.4291431891026
15.40669842409182,179.32743683704632,1.4292369721443643
237.66314672149034,201.6939517109014,1.4299983749715022
188.79826698631237,109.69823418215147,1.4300722874228602
208.5287459109964,142.9075445644063,1.4307630640343658
155.26102076442098,2.0157212363169625,1.4309062944060922
102.40237935944174,30.48790827815717,1.4309410720578204
85.88283392107738,240.1259484501328,1.4310988085793706
68.3993006167852,51.02329690522353,1.4315351521385058
38.79167076456582,234.937926919802,1.4317569249198605
206.9776608289394,214.56780529402238,1.4318638587338894
178.58577750596578,89.48814869876922,1.432100400110455
163.89110641527571,206.95056223734377,1.4321964276894463
141.42965375090893,56.346853993132406,1.4322523952365354
22.63664025093981,120.00321088577978,1.4326536112779955
70.18628883240596,45.055595116767,1.4329978331074893
65.61452539208406,27.436362349442913,1.4330315950061658
18.21843297855838,166.1392516328471,1.4330621451910364
209.79343697903488,162.42797046165896,1.4337806015648684
32.646294507134634,178.51582505322122,1.4342732551656021
221.56202026655703,28.40174323155861,1.4349219323161984
210.313612748748,5.518869036084788,1.4356085681333077
55.360519163224964,183.96519153243293,1.4358095192579148
103.27729042956788,240.24547908235056,1.435920174158849
34.43146079829383,209.70974751983195,1.4360934268062922
208.09410316782802,122.9113743553296,1.436152751218545
195.3850254061459,240.89674284844799,1.4363454610397264
90.54470899645082,169.70339658453364,1.4364257996178884
186.3934235961701,105.64381375982231,1.436453794261696
203.45744953710118,180.5377763681279,1.4364576719610045
181.3441922182642,112.3647316026023,1.4367944244104092
241.40886722756602,151.66817590300474,1.4369372701352683
156.1268898084937,154.91194951405342,1.4369749422968043
124.10680347694354,131.30743787195613,1.4375322351456887
197.5498378507327,218.8341130038474,1.437696213539822
41.98084755917768,175.9530722272166,1.438335064833844
230.47287509492446,180.23504603017258,1.4388217699068
26.682344087426674,13.473449842857622,1.4389024362175917
54.99759264085651,73.25280835119598,1.4394185544862892
95.33473168307015,234.31371474444205,1.4396667393914573
86.43505802525839,217.2271626137561,1.4398632550608919
109.7774750013885,240.5290679081874,1.4398903276798756
209.33090569664094,240.02930510368395,1.4399623097724257
158.14966167447395,175.41117760187066,1.4401141430165945
184.69402030555653,62.923405986581955,1.4402115221242473
90.32958677384761,79.40815409967566,1.4405534472694892
220.37900257635144,147.17762176888306,1.4408727216358936
164.1466559717786,22.517957451558612,1.4409283549191063
226.066195431656,60.09827619822006,1.4413679326693678
23.88544899504721,133.34202142061108,1.441485915389535
203.0272123510647,54.331328366187186,1.441572266882057
79.88680369943779,47.38750971732202,1.4416134198016026
30.526792951641664,133.60567823412097,1.4416485379081097
43.22445171381458,11.460654083803572,1.4421470923333937
232.22098380500034,87.19942752233887,1.4421687416270172
42.396598173571526,161.5283746363866,1.4425491419871384
241.08009765101517,176.29985106496102,1.4426209252759195
139.17758930046327,253.9459339124365,1.4428731589861088
32.67241008665141,211.2430995297029,1.443047790222485
7.9753609337486635,66.93685955484214,1.4430853542867292
38.34936047566368,90.15132325423986,1.4432686733276265
61.256740466305274,190.25912445194427,1.4433893386943037
167.60596702087386,128.68489036169765,1.443523297198151
75.60405501194202,41.238473732519246,1.4436019840426
21.49553010013545,237.8828441318886,1.4438066130432397
124.09000956352816,252.31778784993477,1.4438564304938815
127.67777481737554,250.34430931037178,1.4439839158793255
52.1146013998245,33.785845570374576,1.4440925647311253
230.23895913500397,34.0849374694694,1.4443702274059493
138.01043176524385,17.14511102139218,1.444492370130845
68.35208217252294,92.33447118639808,1.4445912393216809
117.03370956371566,231.56461438540737,1.4446554144874515
50.97770462523521,57.29882265265871,1.4447941070205368
156.97175906088802,116.25431201756895,1.4453306303023077
153.97355933045637,2.172727632660465,1.4456552341342517
187.52940073424676,6.740256637085678,1.445796039920309
136.4150313492213,16.825037429287203,1.445847311128623
146.0675612643734,28.005258379571707,1.445939104223426
161.41602363302448,61.30891832413118,1.446856689904356
168.6012042222643,204.39104801619408,1.4469394120058725
54.39479100455192,106.99480632351558,1.4471259448449898
191.0714896200022,164.30091272275953,1.4472430562641134
156.64240689700628,41.443141035736495,1.4474545600466617
93.33507536843578,16.404695806507235,1.447834287951839
140.13557423100488,27.857352188287063,1.4479433315969028
224.92019279611222,84.75862556955236,1.4480474241674601
233.14348065158373,94.84896786660497,1.4484314165039
170.9311111799526,167.10109247222834,1.4486668152841047
15.508877504291958,126.8530698342025,1.4487693691791257
55.407428441084505,26.72013165180955,1.4490209262609717
119.55970790348293,88.35636928250162,1.4490625563148951
81.42589744971993,243.69962268157113,1.4493262809119418
242.6304642125142,48.96576576001816,1.4494228292545817
187.00448718677313,200.6312325677001,1.4496131206694245
173.91421040125476,70.09069379692804,1.4500776122224472
75.06156739997415,146.34287468571534,1.4503329013757582
26.554010058887627,74.33958034872471,1.4503868748725475
38.07526032140175,104.80399844800957,1.4507650531023288
200.3927207862477,51.87119902661412,1.4509664461292078
107.98810060684674,95.37449898968283,1.451104015861789
187.2419595834084,75.95658968679459,1.4511318463450325
201.86299816836228,196.84684985145498,1.4511893786988368
117.6572747666023,246.87412490654987,1.4513870081087112
159.3933685767996,181.09208253332028,1.4519832458964381
63.0171265614228,197.4755383332926,1.4520248653520078
113.14638897186634,243.76507713384532,1.4522629738983188
97.70331216315137,86.52103754511577,1.4525780502708858
137.13041298688123,199.28682237390743,1.4526813443140745
109.06770215579489,93.263043911725,1.452880621432855
135.75979641900116,180.30313440803897,1.4528845964287327
18.20765187413451,25.79994104728868,1.4535267231932845
19.73092051059163,2.2674160440059596,1.454502160737454
150.4981284042646,42.828049373454526,1.4547681946718667
132.1124980983307,249.20795904833773,1.4549593387107222
38.84690424922256,179.91602931802322,1.455453646957301
206.85389970112269,12.09175022387796,1.4554695341335049
149.890526123575,115.46154349234143,1.4554821305668948
39.9680436579778,148.48900037908786,1.4554868830060668
46.84009873329442,146.86229273181206,1.4555061953396353
206.82944063576014,254.8856885004691,1.455688401755984
141.94897008582987,26.64143104743125,1.4558569835119102
67.89088670481675,122.78483254491624,1.4559887852169364
98.94722129729016,207.04479268072924,1.456113633938223
232.06598425080955,48.01594205645113,1.4561583987643736
26.6196774085982,13.05517398921243,1.4564839201896107
243.98658243056752,59.59776009834968,1.456595521041591
250.4870885048112,167.27288361113824,1.4566055353498546
68.66151036036152,72.15053949277188,1.4567893495986626
93.65385445715367,101.09080816389776,1.456792605273655
251.92138118865168,12.739596998599806,1.4571068806080016
119.08511572884179,181.941695315662,1.4571974924542574
102.64050207205946,96.55333939546294,1.4577104098719738
184.58224347754978,185.27034160303302,1.4579663991636804
106.27079192154008,19.347996521931513,1.4584549773893998
116.22375017890504,111.04734451761028,1.4588307789414343
67.34717164093281,247.3063961521923,1.4588699918101344
165.9225696657735,194.99899690233593,1.4589660304134964
53.92086060011691,202.70180161100245,1.459221277588224
158.6849622806721,184.39334602717327,1.4593922971988198
69.32134786103371,153.45218031947888,1.4598977547017709
114.16189203108082,220.5182634546624,1.4603238149601052
99.67995285374226,222.49492080137,1.4605393644895128
36.09048815337321,234.4360689314039,1.4607558816097657
184.34127834175126,139.44002160157032,1.4608044768695636
215.10003332149662,100.32866995962941,1.461085527718794
192.46338744850618,226.79700035513144,1.4611192698268876
212.669863537651,137.7397690972025,1.4617195626237416
65.49608781886694,229.83092123373055,1.461839983501451
217.59151128994083,169.53187567662164,1.4618593067147467
225.71729831297154,248.68626909694646,1.4623290679655905
185.03713880564325,113.25308038619814,1.4623347975182601
152.7828361500294,217.1802890074285,1.4625337793698387
29.362856587151057,104.40942330252898,1.4626366685975545
221.95672893119138,57.62733372745583,1.4628823696616322
213.7066325218689,15.596331758100384,1.4629956086543343
14.527633387662782,65.76698036307941,1.4630859959585658
47.485729483131514,71.8027732673499,1.4634225728763626
127.37918246446353,22.203655061363442,1.4637760160348854
29.077168025907554,235.1324145039814,1.4638511994082317
240.82327995998264,75.79600128255429,1.464158415662432
173.78076056820902,86.91956004328895,1.4642874570505646
99.94704586553381,194.52404918807807,1.4644261810088373
65.68770748317793,117.82893065541069,1.4644743130686286
196.218335536958,164.2595684846963,1.4644791473291936
179.1429703098898,189.36422378478832,1.4647472147538985
111.37225575081298,86.82462835519858,1.4647562466828992
187.11374760887017,24.65654973268184,1.4648677686208018
11.485524618770627,194.39916866236933,1.465388718086776
34.02243325437242,125.90663099264113,1.4656181501434247
71.98616896968525,9.444878965916498,1.4657250308568284
119.93887167076264,24.069138352635473,1.4661880369892157
159.5877327826476,250.88257110917695,1.466438461217652
210.92128176056383,67.47640677103777,1.4668398651117824
249.51474158775048,242.4356463971283,1.466920733782688
109.8132750925689,66.60079961611648,1.467173634130591
33.669535453963476,186.19733472023213,1.4672272344731885
114.22831960179246,223.4934173109562,1.4674481828912134
30.896314111939805,252.54994225291318,1.4674758907485173
249.15321756569645,76.02076109752227,1.4675013604473666
92.0297606689034,127.45211924672533,1.4676352716690528
146.80061858407973,94.33913748688894,1.4677035663838427
108.14491197755365,97.65260240176411,1.467720036019333
35.04264575674095,228.8105193134945,1.4679310353882
88.24245816276576,79.01322527204641,1.4686190244112565
210.43950690384492,181.48498682892725,1.4686260885254327
156.6021615872177,15.69832968050559,1.4689603445164372
146.09443005682678,211.5370222218661,1.4690436811926428
64.76757127688518,153.26601792372972,1.469070699379147
4.8082930429491135,42.31356917630514,1.469127300248969
67.62500594267583,196.78412469347626,1.469233236314041
206.34709026391383,27.30316623074026,1.469825908475413
109.61255640380377,79.3762687810887,1.469997324126895
104.94815424790134,138.88452506432873,1.470216326608782
153.04105445470225,144.43577707743847,1.4705834057572154
76.00275433775475,127.89953743359884,1.470818184711011
110.5341575601518,174.57636962169056,1.4711952968974995
139.01443093085297,7.55999012725387,1.4717981689243698
80.41311118735844,15.921064986363069,1.4722056503703485
203.7402359709823,240.82848331540893,1.4722361035844915
243.98950044249673,225.86896846650612,1.4724390485844479
187.49268860512706,196.4664037105896,1.4725588799967757
182.91093440090978,94.02427174718785,1.4727845952392877
104.74778459317183,187.31167954907275,1.4728373183244865
87.8471178548911,237.13339099417027,1.4731024338533454
78.27472529747952,94.41134811340974,1.473104493143309
68.45125372138028,46.812949835412844,1.473119154541908
200.68335719384172,118.06465208620496,1.474537130833703
240.15474428043586,198.06590048209958,1.4746141797783807
83.33135367216893,231.66109472906092,1.4747419769818122
167.88298753837006,86.64607753510846,1.4748100085020053
177.80231160251077,178.3031993044771,1.4758176121068778
131.33444759430674,152.68522741327087,1.4760147051260988
63.98999060246649,39.45801976694352,1.4760717725581054
215.816540283909,182.60973631218468,1.476332944777117
220.0475451578532,181.59954961269332,1.4765608816756308
109.45358993869301,20.729456056092854,1.4765863373029429
35.4051482536169,202.10905137711669,1.476678424651221
34.29620012143603,177.20736669558403,1.4768448802712824
184.63108455455307,115.7688509638634,1.4771622549315844
8.967824729567289,70.24830427661053,1.4772978384791495
172.65380939151166,184.26014847650006,1.477877821223932
78.14373240895937,190.5413826192359,1.478034692042871
113.16037175583307,219.9178979265932,1.4781754404727403
149.6349083693095,94.80748142392653,1.4784522266563804
186.1845108570305,23.449757474330987,1.4784730757302718
97.30606840049384,225.35083553071172,1.4786600870492308
193.052279785018,72.92107817493904,1.4792719418185292
29.036887426395968,203.99009225633654,1.47953694258693
223.53133075670405,24.504884267527505,1.4796312258188222
152.17917688326963,133.3386898154992,1.4797161498858187
52.12478305715431,251.25745480288694,1.4799661623993274
98.4221852991636,147.08253130352094,1.4800187381167627
170.48801955516362,74.9758812295992,1.4802807478578626
18.275616326729377,16.41906247572992,1.4802971660475233
44.02931402024258,237.82571442195027,1.480590326857395
202.96663022979905,33.42534498578548,1.4808919111687722
238.94192038691864,69.96496531234628,1.4812741567379328
64.73333323671471,66.44766707526324,1.4814381614921472
104.43082628384006,214.8561962616931,1.4815544863099732
97.91245252498972,150.76761901277152,1.481616200831764
77.14105067184703,148.64699543566925,1.4816970089873152
57.87918766123058,172.21613466415164,1.4818035250454484
103.4080817497653,176.16776172533616,1.4820789169794002
64.78112835492699,38.51106316556156,1.4825597114705205
28.22731221937545,205.2701515769179,1.4828300165202024
96.47978379749105,59.24834567860936,1.4828322411848731
4.9705703652620095,121.7084150020481,1.483118868801517
196.18847450527983,212.29364666403598,1.4833025905165755
156.53712703787494,76.93111888501298,1.4833233093267095
202.78893485497542,68.66724768160374,1.4834157278584552
247.43778137329966,59.29487355564011,1.4836037903184127
8.698753081264545,113.68601174806878,1.4836755469871574
92.25338865171048,137.05960286045504,1.4841964662211853
213.42777336982243,87.21602846360224,1.4844277122441982
54.91578962815163,110.59391225126126,1.4845078902356408
0.6755333860707569,180.1221154848351,1.4847243291910355
4.426260388454263,42.179828335644245,1.4851184918768754
57.04096553740007,160.06646580285664,1.4851339466958644
216.58740691662683,27.01432354301736,1.485141381453653
194.56211569200818,153.67923131584152,1.4851852152239164
110.50102499133763,79.55133148093631,1.4852437147651596
64.49020051165945,203.97588990441827,1.4854207418469219
32.45092462205565,211.8454509280265,1.485460913546608
3.6167744727828546,25.481671105713566,1.4858220356788463
105.86360401166779,15.200339891100576,1.4858805288420955
103.61703845403362,72.13613307960192,1.4864759108005527
66.34159172599985,164.3483705033702,1.486493509106844
114.69926013979851,205.46336058479895,1.4866501990665977
220.24257178378147,114.51126796146475,1.487255611980433
138.55100299784783,143.03984234301248,1.4881897549953438
179.6247528621192,70.49307888982561,1.488377883780991
252.64238016737045,16.735758591640156,1.4885288833448869
117.03510053916611,181.72813624948586,1.4886575291903839
86.71222729588241,12.001343933310991,1.489217513855326
8.5478121321747,212.70312228274307,1.4892808249464078
103.64415299632724,51.21052438567824,1.4897904415127359
153.92735240610614,235.9972371338491,1.4901304811416343
92.73546650156294,141.97734836407759,1.490443798152053
190.950157264079,221.71271349904407,1.490569756494705
161.28142339186206,85.4443767109343,1.4906426400407804
185.9302658840797,152.95548416660031,1.4909635454758368
26.251076968398074,61.83987986258129,1.4911341865394823
104.30737789614997,85.89622380603844,1.4911502603122684
252.47282459185348,237.37093165384627,1.491221701867028
249.41242016476184,234.05803584518026,1.491262392023858
241.59231606657883,158.76988240276853,1.4918771232770953
114.91953173721204,190.58703311933212,1.4923097797972462
128.74782584123167,233.13568581535503,1.4923492731367383
203.82217356418502,111.73542462514547,1.4923695823718017
168.63381789690953,226.81714755184402,1.4924714455234154
124.01709394169056,43.95145104655939,1.4926345948266724
23.142136966365417,42.92286527705806,1.4926452316094465
81.76498125697982,254.66231770154684,1.4927406156530325
118.43726533582992,122.99489024694108,1.49276631543133
5.27274713989246,211.3830281136226,1.4930390113421312
57.62147547683344,216.55591472065393,1.4931993918748705
244.82530031503435,115.04816073627781,1.4934305198675888
139.9169802078147,130.9264403082923,1.4936860103202814
105.89903278493101,188.9186006615227,1.493754396357527
41.750454802290825,39.29802859282778,1.4938088552933269
101.65916291456857,60.99332429644057,1.4940984304348703
65.26796434613115,161.40463693894714,1.4941494144091856
3.0062744745973573,148.5135732494331,1.494829662691653
223.6133914330911,94.11258602029902,1.4949083355902144
220.70717744166694,52.45069806425368,1.4952937613752029
151.09150810427676,227.3315654650299,1.4955401325172717
76.22147265774188,236.7329783398274,1.49566323400778
35.08528779989584,251.35888917184522,1.495875545067322
84.00561363621837,113.15543553099087,1.4960636056948222
254.21845412954477,138.23539342352305,1.4961863788352927
246.17848671829003,1.1137660613358036,1.4962535815564288
225.31872814258497,90.25270579753936,1.4970125437203987
26.556332040733373,221.58254672950633,1.4970152059120663
9.534818490116612,145.9205305623893,1.4971462603323331
148.44109105354016,43.23316886190937,1.4973884017890438
184.7477240111055,74.44460551373837,1.4974001193368731
157.06807120430037,69.85484921689861,1.4974596854276685
127.14964778260928,49.66173112254756,1.4978207623044109
104.62878676566153,125.1612174938761,1.497992739884393
145.08783446982235,205.06342358128734,1.4979931814206582
127.73226477445857,75.37833173726045,1.4987944969669833
3.828300873446664,34.92416120530898,1.498819551052857
0.6703308961737009,244.21987623604593,1.4990289039622111
79.15819674492124,171.4114422164744,1.4991052130032594
78.43775798322179,2.7049201120566098,1.4993184058301738
121.33017051789419,62.65843924606427,1.4999493063008245
106.5063058506295,205.83109325208937,1.5001476008390873
39.74243086159649,245.25202121671538,1.5007899172884658
99.2217814628768,246.4847714816696,1.5009952421307484
252.0828758849057,240.21672188346497,1.5013873784785758
60.8615647300689,114.05785113980905,1.501551026532167
77.14557807693726,91.28047539433297,1.5019628272213246
36.960130753585894,114.3631363737569,1.502081644381847
155.29401754445024,62.80842736757265,1.5021894856914229
43.41735220726008,31.214674753669645,1.5024687557009528
188.53298627021096,43.160602817907176,1.5026323948918212
235.70215660166033,177.0685926721695,1.5029582531383896
75.06998190833232,8.682562196971825,1.5032024338741463
1.6482959904515604,241.97772218992102,1.5032533979684863
44.4922925372155,198.3450961510073,1.5032716543822855
47.15724876136595,227.76075201415756,1.5033057370208294
197.35278209112232,40.4878231417029,1.5037813738110672
204.33881851000604,77.31184671193783,1.5038938610534458
153.87097387778155,230.72919232326817,1.5040639242115421
224.73772988423036,188.7445664890794,1.5040682896634836
116.30557130888528,143.65261279657287,1.5041890707116234
26.605240804347194,53.217556180019585,1.5042451798331404
80.79601908174857,226.45777730645204,1.504679687344815
10.23403209584081,244.96555094707426,1.5048714754640733
135.09233569677025,114.50302011326816,1.5050544486068507
93.25022703667591,183.58379936577572,1.5055386206521078
228.93252633450692,43.44601706067117,1.5057530896611766
101.46403372661783,8.150075461812415,1.5057573212481208
19.551804738100646,119.24950516102231,1.5058288038987877
200.21892471918173,62.986799908160144,1.5059158375119828
242.4801758477492,192.8771769948364,1.5061788121480282
135.0361085378479,24.568922169677656,1.506214690840783
122.4372303865149,176.05581785270982,1.5067704695567252
155.21839768167035,75.29312904264609,1.506879871919448
134.98925121124907,186.26142795231755,1.5069063556487454
2.1524632970753683,28.409268639552053,1.5069223626898247
161.7424284234821,36.30766871164663,1.5070021837693668
147.63158091155947,33.84275965837132,1.507182346704521
18.667615480932028,54.13529597489917,1.5072071216285199
42.59431161727706,140.759363969627,1.507212488509681
220.14116924121802,194.7672230068384,1.507459973933538
192.58304444904832,53.911282761205804,1.507788615860103
92.87399306231997,131.5756701019325,1.5078409834413664
162.18276513606705,109.44416449901358,1.5082431805120002
77.94739882401447,41.90969301687625,1.508343017232413
117.10070620113302,169.5570229706399,1.508466048167858
9.526993945499067,234.26188613714515,1.5084987836632773
112.88230526908288,234.00334174586004,1.5086102584351835
207.88111476958488,247.61683970134274,1.508868527593317
162.15775464480902,116.48202199160654,1.5089906067329426
90.21567630788653,39.14879186062911,1.5092319291644647
213.03104635232248,202.55135644314058,1.5093543951821191
206.20213865366918,69.9210246599294,1.5093567985000893
68.87628692738494,254.75398572762666,1.5097033002803046
202.63750123151004,76.15414623427812,1.5102093236014102
102.21429785620461,63.96198334988203,1.5107392390748693
57.99561989935789,126.74420564891066,1.5107761386003005
155.4254195539111,242.1201160973498,1.5107833295087054
254.18516687593623,164.7005493304991,1.5108349153409213
70.34797288009497,159.46042499786714,1.5108537797820047
104.76085214783468,238.9244790317515,1.5111487771146521
138.34505058874532,160.1494077038307,1.5119237663825087
45.165268935789314,3.504171214517551,1.5119262385676058
100.04356531889862,148.37217742573404,1.5120834378792973
198.0126175734236,184.33017983345655,1.5122391092038607
78.22226941275804,57.25724255982491,1.5125895211898783
80.48127335827206,112.47355162316742,1.5130795867668378
101.68174924232477,13.88312893867396,1.5132651823409284
55.255310515419595,238.7174886874489,1.5137959666855465
232.54406388371962,106.72509121116902,1.5139364188470767
16.88811185282633,188.13413287708602,1.5139959332946245
92.79293664562843,217.74173790855482,1.5140879398357832
81.40852370918415,127.76003627652881,1.5141552707679173
16.63015393472153,243.16377674909418,1.5147286083204996
80.38207599453135,190.48457221981906,1.5151025879098863
194.03051059251658,45.112767615660786,1.5151902403775304
241.04431299707446,108.49762174858465,1.5152198240752572
135.1453976691617,23.61318877606251,1.5155159878707132
188.34950863339998,206.04119595218648,1.515687586446087
97.95890640367232,136.3163653358348,1.515859389927112
179.15616633884872,193.97864238972159,1.5158661584338067
229.64008131510445,135.9720554341443,1.5162317420554967
222.10723140109025,252.46009221391319,1.5169130887393576
184.98274679075877,53.000035765561286,1.516939277838094
167.48478934903272,120.40034497770854,1.5169442055491886
77.09122982971606,22.016328571458967,1.5173075287967865
243.42680803094774,163.29543924726093,1.5173511137623097
223.09891635669476,120.49688531614115,1.5174225824328094
130.25294419877247,193.24512214103243,1.5176402584900113
216.83631496176363,244.16375625980857,1.5178797717083412
4.1481255098823135,47.84756518677835,1.5179787847134496
223.80406809982304,142.45392475714343,1.5184027064623558
220.44371116532503,188.657699110791,1.5184241364029345
23.452815435086436,200.02662766990474,1.5185067143145783
92.50589996774217,169.3715023181544,1.5185774713724938
169.31102221952526,140.8850274669301,1.518653092817395
240.95734061744548,37.32195578009856,1.5186923005000554
64.8948852918361,146.4794310182887,1.5192404837071818
218.25250021622736,176.95200087905775,1.5192912261417642
189.87958603626058,1.4749422888782227,1.5192959305385338
211.2710523709897,30.047638170740864,1.5193349656571185
234.2214185192747,46.79719000585496,1.5194787916527166
14.100617864819146,22.956920404837252,1.5205002283029239
19.07873427867044,56.08986353933406,1.5207198499081505
71.25603204940056,124.41266643109057,1.521109388433211
233.50955763953326,36.107924541522884,1.521559947031582
222.2714889439844,87.14600091584381,1.521929128033192
111.84194899751824,38.74363279594369,1.5220237833925314
112.73122743373256,62.437663017964184,1.522132416715966
31.016598126267493,38.3972713072592,1.5223019690183388
128.42577793755618,143.6138797086995,1.522408473655196
87.68950105101271,127.93158327809911,1.5225499975296666
173.57446591638154,160.8080762604344,1.5228074392866218
144.76411768946414,176.4966227169009,1.5229253352156311
79.67868043804965,3.9769063066597456,1.5229259250950822
71.49358576902577,123.71067133813321,1.5230238897427728
15.30766246497668,68.2806681925205,1.523104285169269
187.70724692891932,206.43885645537608,1.52326357358218
118.53922645738753,176.83498008977017,1.523368333999629
134.99362165754758,28.738527952529,1.5234093398134343
222.3469504791725,169.09672712334367,1.5234434390909957
100.01712676333534,31.847266427468547,1.523474598388983
81.30144847340922,75.71501294423646,1.5236689771621323
127.52997469425638,211.04701862028477,1.5238174069846766
8.992751181465408,35.38283830949673,1.524510428641126
151.49434753274033,101.57266580247607,1.524983411059597
108.21274322477103,136.84371691423982,1.5250413012790265
6.091191629581294,249.4930761494545,1.525872006989883
239.6100391036187,33.88420221048214,1.5262645575218068
248.89417985382397,207.7634874616808,1.5268939284451353
2.602687761356832,107.12164732151606,1.5268964941113314
166.35014455842224,160.0199841415619,1.5270128539511905
35.16496876008044,148.5333660233035,1.5270473105574862
245.8127690814895,111.18825174888825,1.5272117251342523
171.64545993703155,33.9718149846468,1.5272417443083788
1.153520429440329,217.672956835317,1.5274563906536183
0.6734513033480249,134.20939324875272,1.5277585091864527
41.778192454043136,184.62260216619188,1.5277747854006982
186.08394572086,219.47839963957452,1.527958734761753
131.80166125497982,112.20920715701034,1.5281898920942798
59.18333723420918,162.53876073097268,1.5282609330487895
63.28790524030376,166.7362575058543,1.5283900538666302
15.021647664587512,44.81540470959453,1.528691426421484
115.04410456785222,117.50258922398146,1.528769598565007
76.88107383796269,98.96414189264235,1.528797119657489
42.833851192572176,140.9063788145265,1.5292282691758166
110.88862932741114,185.30556241899896,1.5293594266880282
208.206696507099,221.56516026817386,1.529468187914534
194.59676268276598,16.996416445419047,1.529560622678028
93.10646384999622,184.22104218872107,1.5298704426770424
105.07615357581027,119.61550770699115,1.5303162986309387
91.21985189156301,48.67587859270552,1.5304812445887657
58.09428479110696,30.507954592873073,1.5304998453303278
207.36787365005296,7.777514142061909,1.5306880926674065
246.68153774035133,188.31756276361077,1.530728083285954
179.22121227498002,44.52275036446169,1.5309332720922437
109.20519770933734,137.25005670418597,1.531024429457556
120.01186606120888,7.834270245908873,1.531105589088762
156.84640747391833,189.38311904759036,1.5311067403663228
136.7749830330822,201.53580825448068,1.5312795443389395
97.32953281533695,37.57537837581837,1.531325941673001
60.23140381211916,206.738200686023,1.5317226957724521
213.4997567775201,96.67696184265183,1.5318181841522365
137.78883810928514,49.487770119267665,1.5320742204908135
66.4503400241455,17.205617196761203,1.532281513563398
121.39575015408725,253.4112140573966,1.5328710667604135
167.02373215239504,40.97744745162531,1.5329572967873866
153.16463191287966,37.27825008775141,1.533054751033354
105.63330815897258,90.82765988304268,1.5332000541083133
75.90298045219127,192.3521427492361,1.5332848781227717
33.34114783718819,35.44265029140529,1.533443662833034
248.49607805495634,32.966678720129536,1.533748379390871
51.788454868570675,243.82833323063895,1.5341606201597113
47.8970838775822,166.81709174908949,1.5341777961079177
161.55463792637204,2.3663831147579906,1.5345247239752642
164.8053049558239,177.18541036077409,1.5346466395074063
214.91759707515953,251.72209138636407,1.534670576216875
10.464906382448822,181.6255032704799,1.5347766521010466
120.61759115769287,53.70862442021439,1.5348387509326926
188.53854301178518,139.96557305819843,1.5349628652446927
142.37747848392834,68.62754044475119,1.5349922275941392
69.4311844306195,109.00432203368905,1.5354941945394798
53.010354566266656,122.26500147869515,1.5354974548804443
126.65080778687759,156.89662133466308,1.5354987155000526
91.30222344233658,198.79115197372502,1.5355443017976016
26.840083163675573,102.03500688917099,1.536220010131347
142.98584612667335,61.4362182146197,1.5362330829981568
23.62016031646275,33.41213138899389,1.5363044469903733
107.82043943529382,25.202359008209946,1.5363575539336034
205.95318710394804,114.56839048954004,1.536364092206378
55.926526208515654,221.48421538515868,1.536719391011136
50.03617503715583,237.81616187645372,1.5375177569984437
16.27727568934224,3.3095804320473827,1.537943603473151
78.27813712937753,194.63800490384062,1.5384610807289507
54.609306102001625,73.00680846645926,1.5385720991914513
156.25447845542476,73.90907107214102,1.5386639884287063
92.97244757273243,102.96262287615737,1.5389152787889697
254.76639303728035,157.49941672950234,1.538957611576267
51.848368747993284,228.83621374010775,1.539052582178946
216.61407932290948,160.0770629278306,1.5391194466552187
61.81832278959426,201.43526490386012,1.5391667457846903
221.48411514302805,222.49262483892758,1.5400919103059107
92.06925059285422,144.6228071723372,1.5408630994484125
225.31703807555584,4.528097115353028,1.5410700043806922
165.05623417702873,4.34485888541331,1.5411424733870713
26.286369234725306,189.7681329565067,1.5412188538943454
179.70031953258277,117.73109022617929,1.54125006954537
194.3579707679557,63.05848514212748,1.5413411173716636
101.67787423140975,174.74506024614868,1.5422064043586112
89.90149594650138,232.4204775476161,1.5422975229565634
61.81911384544486,75.07294335887174,1.542301529181812
80.10639178790426,49.44425222686849,1.5425538174289974
35.12156946722187,254.50492418688233,1.5425849241409066
20.180070978357712,83.44218381157629,1.5430481877559084
226.00745234635102,31.51093419202997,1.5430842024311426
28.04819965433153,83.35765808475,1.5437952332728757
171.95516012421137,216.29924784304976,1.5442134066615159
53.484783319280915,186.0020669160107,1.5442548407870738
121.2667471121281,247.5122452006444,1.5442939393808366
250.57875196036218,12.184769712488247,1.5446181312789427
146.98784683498116,183.52472828450624,1.5448919986698633
87.31832637171983,235.83678485814588,1.5456182666511988
250.5091971039986,0.32092222335629916,1.5456483122434819
92.85909055371879,124.08532255967144,1.5458344469048015
93.49119497071968,240.47630229654126,1.5462575851548295
79.45096689005156,26.566878374887946,1.5467477899101583
227.09156151327224,153.48690881045493,1.5470010229455602
219.365898877116,154.24562625953448,1.547056124429871
207.683377869762,9.272975517486428,1.5470608105350474
54.11174875049866,130.82553338051497,1.5473213111296442
177.03031401407236,69.98725729548295,1.5474090865041958
183.8019831036902,205.98295108435727,1.5477739476037122
159.7734554463344,47.58954660976221,1.547802560918439
200.31437428526402,77.79190296783771,1.5481343238878158
180.81864757680538,4.873149506635934,1.5482125426214912
33.95814272284233,178.7538065118779,1.548413785700663
57.15301656329106,145.0246823474091,1.5485392460274785
220.21645414413683,57.18091704405883,1.5485800726271433
76.90806098207737,155.46328300890096,1.5490862184808494
187.5056647755903,141.5610437995969,1.5492647076648096
56.05107047830947,91.89346678919914,1.5493778915912784
187.84638673510867,11.04217048192888,1.5494564008271283
53.80429129095711,196.43988215157026,1.5494962451558665
122.12683945910672,205.17729044037316,1.5499094004651053
239.063001244517,134.81009001127578,1.5503474703614133
119.35503165708967,119.96378650820569,1.550661395010781
107.82397423875068,96.99086085112717,1.5506640867950894
34.38271236695852,141.3452575683309,1.5511840275669229
172.9868589260378,54.91819330524761,1.5519008151205322
190.60949047190167,146.03716190782518,1.5522952479728864
141.6952634192414,181.0303770837764,1.552463009603617
134.3742472960463,75.29135704770428,1.5527400799831192
253.43126321481986,48.64367794652195,1.5530144786108198
61.01476505422646,33.933320490028564,1.553321744572038
93.97356073533983,82.79985024191436,1.5534332710308933
138.60086097953157,138.1022321652843,1.553486026614724
38.274800734505554,216.37071107926843,1.5535291464928054
197.1363572664704,174.5938622888751,1.5537512876020352
163.55677686227787,244.15150197148043,1.5540896537045443
185.5686509603744,206.087578638051,1.554341227212758
174.8514164413435,251.15731638492008,1.5548255973823697
108.93499755859705,61.877217132552936,1.5554766781698697
33.96379895536117,198.38870081952348,1.5555289739316294
93.36023821768721,213.12203245601768,1.555550038277112
253.93083353733778,195.12956301828993,1.555613127271419
72.08565743752845,1.809124425924621,1.555929677927364
7.489189390326806,19.026360091245586,1.5559777170445208
194.74572632250943,194.23356541206687,1.556008157937643
205.52394854719785,168.33243424623154,1.5561389144955868
115.71833041844774,57.37459004780555,1.556431029888911
171.12291148233103,5.063524305447495,1.556536976843243
10.41691566712884,122.8094068524426,1.5565619624497051
60.785482733377215,61.649139159196956,1.5568713917443198
169.03911562662074,215.67643076088194,1.556945034410173
119.9322737726697,97.25364963725177,1.5570911025402578
83.2249073656659,91.52132295024978,1.5571203984837414
76.21078659500901,57.75228442773019,1.557515543068453
76.10960282645175,209.54955137482483,1.5575363374548103
235.8028524069551,4.742346142296045,1.557715846516049
159.14644476288007,78.79482808624176,1.5578212658774695
221.70415778659086,152.70286983242715,1.558279584111689
186.01500933055925,177.94013598177023,1.5591727474514843
228.08180658004886,217.6922476604124,1.5593002803690887
202.19346767911088,187.98929573920793,1.5594404155156458
234.93355373638022,19.49691595541219,1.559634626203307
109.48543323465343,6.407458184237763,1.559702745680309
183.00378098716172,49.386457502975475,1.5600174515650747
244.2227074634187,47.961333403819225,1.5602763344067685
125.55472564688762,32.85565552891599,1.5609946286877128
183.79202688031594,121.77430927446936,1.561010545360965
158.96728418689491,49.39913101020021,1.5610807216353093
151.24225737143297,107.94944301416301,1.561281994743751
36.098784236218194,163.37844377636708,1.5614457333718925
69.65356527827937,22.074655445944035,1.5614723555847023
208.88426524546423,15.45169462717161,1.5616022933560951
112.57698735058736,179.53499036665883,1.5616618176088162
36.527572151353574,34.33403009101938,1.5617516399417768
150.97294470380848,128.05559973812055,1.5618941430785858
164.92381965665518,156.7636413506235,1.56202533343059
231.3552425296291,22.691197036685086,1.562147826651298
241.92249679477723,68.58678734761243,1.5622430578730702
132.12456860028684,54.92005226232741,1.562446212640427
137.87519488654706,121.60895988191072,1.5626621009478998
35.93675384478998,72.31942886361418,1.5627723710736185
18.821474330527664,7.980295036004947,1.5627934214523367
33.46890469757162,102.95968219510578,1.5630187265713262
111.95345708458527,170.42938120635307,1.5633010185065852
151.60957879861442,35.2155794425298,1.5633915375485992
209.03216848786911,149.19530569433917,1.5634080656098956
15.189027676968681,139.71675322120595,1.5637880295912991
181.8914798062067,119.68227608856697,1.5639075250725043
142.15832676735164,0.9295804087070686,1.56391376460212
97.3583745974264,110.27035371076185,1.5642453566154568
129.7693014409244,208.80444781090418,1.56427176085166
154.59583206012564,11.05705970561355,1.5650722418300926
67.97555786756979,173.0488325673688,1.5650962560221706
209.0622816058781,104.64907923282937,1.565161386112865
29.16407582201405,54.96598964240916,1.5652629768219921
34.13326064214706,64.92883327226954,1.565330916459583
94.8886427536678,22.10925996295062,1.5655033761543728
149.49299430828782,96.64832265652379,1.565802482296663
98.1364608261884,16.756850592940236,1.5661251539990364
17.260700909352686,210.1199687226114,1.5664123447590599
144.30791565321772,60.726661372189625,1.5665838540621613
79.14945731910551,44.56305597568696,1.5668796360813102
47.5231312273148,158.85622571940746,1.5669942162950035
67.7334849480168,109.91486258106661,1.5683039819788673
234.39039708537277,196.81245617961358,1.5689822845791257
35.40402391422029,30.548898835400564,1.569020522827728
104.08677912892256,210.01215462647454,1.5691083929412522
228.1237674732906,140.6708139103297,1.5691619753954444
167.32584793556813,44.48371863168032,1.5692208746855503
137.10423034259497,148.06309103651824,1.5694920877052805
33.549388530442016,157.36021042039243,1.5695155037159303
114.04510182098761,15.873341149450699,1.5695602684812795
240.06860415022504,218.04312064521537,1.5696038703702193
205.6690085892156,111.87195197439537,1.5696498697334345
88.3598239987825,196.1880130803153,1.569953486085941
242.27656361395674,101.79111705443782,1.5702807944130766
225.44655581791665,56.79443871043217,1.5703610820125546
187.1329208289121,141.78643557115888,1.5706307591209807
213.6239168421325,157.23915733609414,1.5706605917190666
60.04939502386541,76.40689935808552,1.5709130796128377
96.49667203718079,100.62822543242751,1.5710784368660635
85.0026350270152,156.1042174797646,1.5711784864931977
154.2165637279585,55.797444707105356,1.5712767499745974
113.41922982193111,195.15320897285562,1.5720325125789116
63.41410463014129,242.61212064997468,1.5721391187926346
37.766997214229555,147.29586077688307,1.572313642349362
147.0191430469416,222.71119765405484,1.5724047922949882
107.11201785826017,159.3444260354474,1.572415330284594
213.8076900107304,32.083848846623795,1.5725396959871194
8.929019742549789,252.68635424619646,1.5728251209065853
144.8945619425577,7.532646170134068,1.5728388499514285
227.57606924425693,98.39840658647155,1.573361944781567
13.299166502406527,37.676264963381804,1.5733902379509257
176.52788490524696,208.82002933942738,1.5735360857034524
223.26540911285997,85.95128399148689,1.5742109536010875
57.801601207005575,92.30754760108036,1.5742190537802716
206.21560258859196,46.517720925621504,1.574293712627752
21.18615243913461,219.75996169294237,1.574439828996081
210.13916409341635,0.27333100569467195,1.5746672254011795
161.46039651843532,197.52036168894062,1.574863462490832
97.94108214732427,94.46763002390297,1.5750954378433237
176.64218918501155,229.78071404570036,1.5753042590166964
235.33499911785088,11.032172837413746,1.5756207986346824
61.08251483750714,147.17535327919947,1.5758188657242533
166.58142147118525,180.81141025851005,1.576010872334183
37.252197281550814,152.30906171221233,1.5765906331650343
226.5826273146077,152.13136741213688,1.5769340044813758
164.6763723597451,187.169916082604,1.5769397479074165
66.78587883894882,92.3282065848348,1.5773408772144641
153.91138450952513,203.50631641930943,1.577410588828122
75.52093258349338,169.00845001561433,1.5776186995477481
70.3093771874024,160.26163950855073,1.5777293527864882
65.54528616969057,161.76717457806723,1.5779915790877674
49.85820143851098,16.441949198409542,1.5781073861338744
109.57706943791737,57.37373251812789,1.5782475952402755
33.94807679132337,192.68527018239746,1.5783688951536508
138.04720207447076,225.03551698771142,1.5786103088718348
153.24123585434458,91.34571610534677,1.5786162939313804
41.29121742364477,44.20328467342518,1.5786280700476107
209.07227692829164,228.5515786978391,1.5786578851660868
53.6775293694869,140.8389953828358,1.5793082725060026
239.3576677281507,121.24701228486889,1.5793145023390116
201.18005538404378,207.8749759880186,1.5794031283454069
139.2178391084192,132.06584340908327,1.5794653536519208
248.83430385497604,49.67334682427443,1.5796084710281235
161.2104160923044,180.56488740855207,1.579675037675235
198.0268906469893,173.12399182108553,1.580342015872223
143.24784823948707,185.76593757157573,1.5809120001071206
175.0531777058804,47.919592618415535,1.5812127359463377
102.28851980844091,128.06658682277737,1.581415086634938
142.12287079810835,192.00391194281156,1.5814427464056975
169.19806016261174,244.67456723504418,1.5815672584924996
186.59435200152643,108.58623529739265,1.5817275929418035
46.09114556161928,227.15655321771158,1.5818091998182597
176.2312512951743,218.33923349441665,1.5819211962408926
192.13856092681274,42.929678702202885,1.5820183434887802
231.74155968958692,225.0479850522908,1.582315844672651
182.63721555017136,105.94624187328618,1.5826876377663637
167.6303686887008,248.8220471008517,1.5830163413110603
46.598344945880434,96.02487038801938,1.583090097558238
232.4549367073832,209.1785569462272,1.5838353609355464
236.3987293960183,95.49553868989832,1.5842607305083962
149.83847871293176,13.167986680234417,1.58460048213818
184.0349399167154,166.69422185923474,1.5847465615169973
98.41557655122729,246.58096605891777,1.5847504732134432
61.83029646854738,56.913123267014676,1.5853675050069571
89.49875476570902,12.459738513464986,1.5855032527729953
107.98955615564259,14.52155650441161,1.5856593252460602
26.977386543617232,15.082943998425305,1.5856844480499492
234.7943427454816,154.2732936801623,1.5856958151178138
130.9666755100765,4.137952042419252,1.5858994331373857
241.21332294828926,207.43594081586014,1.5861068170991997
94.95631071098464,40.27464187578213,1.5863730920578027
193.1440019440612,13.027766720806008,1.586526805394749
42.21651069694294,14.83532267159676,1.5865630972842892
4.9359909753779245,163.44126249064436,1.5866705297453376
164.58591824518626,230.22841882426707,1.5867701870826816
86.5599742950019,47.864519673223974,1.587111954284953
203.4409011443941,169.9189694489747,1.5872844422197414
15.311242237398657,84.16884484623776,1.587337789895183
159.39008811976908,205.30323940154227,1.5874083184883288
250.23735826730132,103.55124330521744,1.5886878648363245
223.90307737281248,215.54793735558917,1.5887075912039084
33.69968693201178,51.13038179815549,1.5889456368636112
46.28956811676351,110.2175555412374,1.5893053755280488
49.30886724648217,127.814586146696,1.5893359214034137
189.2462786931672,11.308320119941264,1.5898143570485788
78.76598659923083,233.87136181259453,1.590215012120076
43.13047198592517,215.94396833326678,1.5904080958924256
101.2094788774546,192.9641309316001,1.590615881701741
181.01649038963473,15.948352086414076,1.5912359850514186
104.45819495410018,49.20923295234878,1.5914653741202995
69.14707299381102,1.6697383380033326,1.5916114030726447
216.35544546912666,207.94885449608185,1.5917997317680486
243.42614596593108,213.9013123529293,1.5919838156237498
123.16429421075493,16.488052663950985,1.591999455575118
120.15307689471318,245.91385275920257,1.5920711238865448
12.588486448904879,155.49057508729422,1.5921700223378183
186.42333814122398,93.71692943265542,1.5922560061577629
146.12496876113485,7.378511940347989,1.5926576635049166
59.422763402790316,150.70301461645013,1.5926722792994013
191.73557393254944,167.96558327457856,1.5931277849989292
134.79599458418272,8.972080860953305,1.5931982731494616
232.57455560363275,153.31355308707242,1.5932616827410127
16.399160467149432,252.8625083293616,1.5933891715667363
166.11895932445438,84.32717400779579,1.593728768290292
145.99871519915115,31.71761641726573,1.5937649933788767
53.13062976448443,130.53546382642065,1.5939650681024264
77.73831821410006,56.3903962595684,1.5940480602760934
3.5160965036230682,23.089981109959027,1.5948471604790095
149.28270199163362,246.00200302152453,1.594937389948945
94.56238232189799,204.3333116255243,1.5949573994771262
123.38618431696018,111.97842461333285,1.5956195152450725
228.5441527320935,191.2724611983251,1.5958432597555101
218.2788105112664,25.491344438750275,1.5959450539113145
45.62472448758838,77.0662031447829,1.5960097780161973
140.7306825889669,94.3501705467723,1.5961089197189124
74.10730024811636,105.80800182735864,1.596793869252709
17.02679653170626,85.16027230673465,1.597109568103411
233.93130288645594,2.095083808371723,1.597197499920852
89.38956030161256,27.000733510144453,1.597436120231511
228.37337698182782,183.81272095516044,1.5975133939651955
222.62796965364672,114.47115108724253,1.597545366617802
213.73398639976344,89.08485492219836,1.597815494553126
136.0361876659965,237.97783665104168,1.598068152440901
15.049313225989275,83.74675194012556,1.5982610912099575
225.11123918659965,156.71568197464978,1.5983160006435704
48.79977577178156,96.85033877206348,1.5983364348103162
212.57699827590432,4.5154392924303846,1.5991115551365702
46.15057313524739,53.47143090453262,1.5991299415560805
232.29253119393715,66.97503600361374,1.599417371119829
165.47290020689445,198.42986366548345,1.5996444238316938
121.17925377427966,207.4147204986536,1.5999928699428605
202.06409499184915,30.630188164687446,1.6009544494178731
66.09069691601259,38.8848063963008,1.6010898406479086
203.74285377955357,74.55055004012621,1.601428129181762
166.02521948987626,156.72619309256447,1.6014360697349486
156.57972390209576,166.6066592525364,1.6016914967788698
203.86377590010454,47.28287722422483,1.6018691314097375
102.9420361686989,80.7287456926037,1.6019547108133998
92.8855608940177,242.93101593741682,1.6020323147559579
160.09498740834636,177.9831310093998,1.602299632022277
181.93640448883966,147.3791948098417,1.6024445582262146
70.05150462984031,101.59436591383307,1.6025392396094726
207.85427961930677,79.65638385246012,1.6030132030450408
223.9684666706044,171.03436213601418,1.6032458148857835
222.30151422315768,129.1003332646113,1.6033781671746716
28.258922670250385,211.5442996300081,1.603534616486318
106.72086935158302,120.17971819622409,1.6035744846562425
68.25219819872261,20.077552213498073,1.6036678512754146
215.98546358716072,252.5848755220416,1.6041046496214815
240.6997583997772,35.332827462912476,1.604185711216426
237.54487847942877,182.6604206144277,1.6045371422499806
210.190566191373,73.67334483255375,1.6045751376717203
225.71037410180702,70.48823637418657,1.6048480788385677
202.75562342378777,14.208688697875461,1.605194517995867
47.86761801329898,29.181088059077826,1.605418702830138
199.59739704007498,216.46810973132165,1.6056445742497127
111.8673107134196,227.07632012059798,1.605846570313456
156.17466447526814,123.41476871361614,1.6063345588636904
92.43913599541757,242.5728244611445,1.606425156668562
100.73916595265273,204.37551326520986,1.6065676363773147
74.1290631471766,41.83061929240118,1.6066491540779588
162.19106808007984,76.5675416540729,1.606835085958582
5.992089471734449,48.35669829391664,1.6070989665670183
121.52379451497349,188.01496967047623,1.6072536838233022
220.96392416133213,52.46692323857587,1.6077027556272996
106.2409774309999,50.165597834395335,1.6077912927430649
97.82268342157343,85.02807052804005,1.6078858818332165
224.4011113850096,118.30940381902896,1.608086334190204
46.95059642716367,166.94442871967638,1.6081531399217412
248.17531023947583,211.78349005754066,1.6081687622858023
248.21383320886392,27.93379492768036,1.6086612906300133
246.46784134086022,68.31872020123937,1.6086796067562483
50.112007107676476,176.45077151573796,1.6086914915871995
91.75800201785249,237.87678181953177,1.6088488465917985
142.23396504243277,61.145914626426936,1.6092961731259956
248.22675106106476,46.57738626421689,1.6093646301463609
189.25533098056366,218.48911582742286,1.609417837749048
207.73757236042172,198.34379224368465,1.6094660267941732
2.256977517820162,105.45224410188027,1.6095325046114712
202.40384255534133,19.093433632834124,1.6098927220524413
152.23259919215747,193.65692539713936,1.6098992077204286
183.04428206114258,99.9975624647562,1.6104724734467797
60.60638881493628,72.34004486240997,1.6107972392785346
21.038764886161697,207.1050946339827,1.6108894213061393
170.38465162746107,62.56289431007526,1.6112686451696574
37.96513889390574,207.74997123229443,1.6113389991201241
198.2923938041359,191.10085350385026,1.6114634847561935
43.56437489672119,103.05994348362469,1.611596848879011
70.15508127922612,107.49341783802463,1.6117204521060682
168.0610353267153,100.13028608898134,1.6121031026410717
196.8067099399573,138.78824158382082,1.612273661974663
209.53990774615673,207.211778942344,1.6123131388438672
25.203336343251014,77.50615437514526,1.612433653445029
52.20721419473868,160.74746854462492,1.612653686717127
33.26652629421343,9.406164758435281,1.6129599876688427
8.862568355239105,36.461755978055436,1.6131124215705046
209.10094034549266,80.32661399232992,1.613336391306192
244.6297106996952,198.12738960840042,1.6134918968362135
223.6396258927708,195.801492833425,1.6139550009204784
252.47939247689058,2.835913415171254,1.61396106699614
221.04067916532833,8.259126346694607,1.614080066558796
149.59108549379542,122.18312944046498,1.6141604047257312
146.0381973936952,153.42190554843177,1.6143860538917325
126.30819482942337,91.44203059936203,1.6145581626584338
25.47015624515582,223.76175765140474,1.6149017907416479
75.10577966311669,95.40578116452897,1.614953732859432
152.61686286514012,184.45085673388283,1.615249575847527
169.26068289373916,246.6102620482442,1.615259370556098
118.53023571994783,107.62444748451549,1.6153421758262905
63.055935942790555,58.906318076068565,1.6157119928618424
22.56187480692496,41.96496914403906,1.6157517495621452
16.120375264648782,98.86897771952242,1.6159462862944811
54.51560279643433,234.0898569992116,1.6162928985566571
236.4940116569876,241.1749139215591,1.616353670190581
217.02755843542056,239.4890082946744,1.6165562052073281
146.00034599554039,21.62262700112607,1.6169526899127111
105.29661327286783,73.92500912425044,1.6169603746885997
239.78304811012399,5.775867512156081,1.6169846878014946
206.51895173309393,221.48289521656147,1.6171065223167356
234.14410988747278,59.42154035149697,1.6172105905218241
218.34183989661668,81.17246891978225,1.6172221371472248
237.1649072241686,154.50458847511354,1.617442754752235
155.8137736007282,129.63761649750623,1.617772216879128
29.20085843411939,131.1772199395863,1.6178087309534206
153.3696700265402,212.56515530634647,1.6182914972113964
90.56532523481371,191.44181707648474,1.618529668151722
238.258112524878,75.4733972382606,1.618704311042247
45.113810751866296,122.99716674007745,1.618771288423691
240.90888084621182,170.76583627471828,1.6190177032669466
164.41727773942887,144.16511218194933,1.6192255233691264
130.22269225923816,157.66730505434458,1.619284686614957
8.084747687445269,46.235548241457344,1.6195685148660686
96.07214595679487,200.7507705622695,1.6195928240537332
170.08735235914307,38.151909883458266,1.6196167436020152
71.47485785459838,186.85337970518196,1.6199291239645914
65.93458444887546,19.111200593445233,1.6201065280254574
229.15304917674084,18.236125808034988,1.6203252698883026
44.640002210679455,208.19152084760296,1.6205022397727677
91.45322060953634,66.4413504063917,1.6205397395172434
2.1150070969764054,219.860355906104,1.6215058726561369
220.17325596687607,66.34566774917366,1.6222995705932437
104.38186859361592,141.91551265393625,1.6224584730417009
78.0148009812925,132.55909137728648,1.6226305051809926
14.390929037756381,57.252830662687856,1.6227599333687472
47.61321822627838,43.58231683612045,1.6228269169177705
127.38202762407363,27.095986195791507,1.6228507662033738
92.16458545582685,98.33679631682648,1.6230189835589983
119.74677758607184,188.9868872880675,1.6230256664751244
75.70059065695624,239.77003595321503,1.6230420144533309
157.95227557194139,78.94323841434053,1.6231335540084453
66.38620531872785,44.705227041306905,1.6233989456987699
124.84277166905295,228.02119485790593,1.6237888011853863
69.54219422485967,63.60694581668912,1.6238263229526537
186.16711464344314,209.93384005756212,1.6238316195995386
53.288387671877516,8.56445179958722,1.6242463077632565
195.69896591582304,96.23951104773394,1.624261135239061
181.95178577542544,227.73482601323875,1.6243153157681602
146.01013248562407,193.4137059841971,1.6244993501549556
128.58789585895934,246.3669233519996,1.6245816876248336
194.91981640327225,84.31587699222143,1.6252937552522877
18.701208139223915,109.6950638322041,1.625446351476142
113.4233550975816,78.17665791989485,1.6255442697261404
56.138381834734105,171.71632280476825,1.6256396781327422
141.97585567138066,69.38429516185155,1.625676639020937
213.4723119324483,109.90812996915992,1.6260439067486157
96.40728140931563,68.59221363750956,1.626342913845059
87.52820571956585,189.7848762735883,1.6267227723967987
56.34524671509189,99.53319867768326,1.6268249107934616
212.28831802916054,154.08658051648214,1.627291233449567
200.53109879861304,60.9435913485391,1.6276075893657411
99.31707751838275,19.460326457705225,1.6281812793604762
120.29374456994462,37.12821731397629,1.6282343355834001
29.494424516049556,82.39168280928007,1.6283084358448991
146.8443062913254,91.59054276715496,1.6289849624843022
40.9927485739045,247.72975185022344,1.629061662977887
8.995951556916376,92.52187540738787,1.6292401368636245
236.4537557998265,93.2313783401894,1.6294635437791911
116.6674100464006,195.95997524837367,1.629753522104801
196.62055148010526,179.85104611952337,1.6298175417737708
140.24900533968903,4.466902341370826,1.630204929928456
83.10004783480801,108.11091287255705,1.6307500273223612
79.01761027509657,55.47510624884941,1.630896287941102
129.90327249859786,17.498733850496595,1.6315055869341115
227.09723327223412,166.39269684747956,1.631736319103064
121.50340418926952,56.22245253837619,1.6318061199994875
108.80659164801153,31.725549445947443,1.6320529029744009
18.4644763888305,82.58064409618223,1.6320654499402858
248.4780534574653,208.45840701518026,1.632104086769916
152.67020069503377,214.09862437998268,1.6321108841224188
104.75618522149632,46.63583725151491,1.6321673031107804
18.68072390169965,191.90535474600964,1.632582274205719
147.27707118755154,249.40707180345882,1.63278485192452
249.78641368453825,140.8532987258138,1.6328744117773695
223.29756420815664,200.66687561432943,1.6333437657104515
252.81056035478088,86.84485339398394,1.6333789070987919
64.95030714067858,111.8310784730642,1.6336704555561385
184.50742271479007,233.14397460106088,1.6338797331896233
235.22499522468493,34.66062482391889,1.6343069901702758
146.94686078739622,202.27755235368866,1.6344086052019355
106.44985671279603,247.7652862552356,1.6345936057662347
204.44395589431207,156.6249692525096,1.6348418727708
55.9198844792698,131.3484642790697,1.634964300784642
38.87512157047597,252.46869198391087,1.6351266670169828
94.15643054521364,77.93043101092236,1.6351810690605333
37.91145438897221,78.93712445466305,1.6353528001833666
177.76623572231992,148.23129959133595,1.6355958071153567
19.782838682736397,53.77191657649861,1.63565044111727
97.60891806586818,50.155685803593855,1.63578450175153
234.64465074713394,26.90929944968939,1.6361330320279164
245.1953094879188,10.124336627520934,1.6362352153562654
187.13419292240098,128.35341751885588,1.6363176847769896
121.66532917954729,29.205225708232625,1.6363664247796175
132.7608525339743,252.5579799911351,1.6364635506221037
161.80616685654655,109.32968994079353,1.6368830964110395
253.64761094928025,54.486288427082656,1.6369236354354886
128.24206479803598,170.26112724468405,1.6370741488220888
111.75833249851378,49.34606897754593,1.6372542408023563
130.25728361714224,47.566418859512915,1.6372911664367844
96.82447060004513,116.30588653516988,1.6374474279871472
170.96611412222592,173.5773918659347,1.637529386656214
8.072902798014843,154.65422773089554,1.6378392690913173
249.775527349953,239.0643378900867,1.6379766801961249
66.30264811324625,212.1006296393504,1.6382513507688494
72.15498267302047,247.4339298487116,1.638486051234232
237.2979830774338,185.6188788256283,1.6385405772105013
247.9631784895522,12.019533008876769,1.6387188070917502
25.737067008515208,106.68591676570819,1.638819942561729
16.109843444364994,36.75718919702629,1.638883796637347
246.1309044841403,207.68337019175902,1.6390590280411832
36.95688890627404,176.28001717586093,1.6394261187191466
172.82329378862747,229.58577635475515,1.6394435939358103
44.587403718863676,70.00721089959956,1.6397544862674542
92.51425400041241,185.97098521134058,1.639845515656503
45.22772177309801,178.31050242481692,1.6401129202352513
18.11666182268546,127.89863604768034,1.640316107699581
244.30989846736455,44.595554149246155,1.6403428995110894
205.00321513781518,236.35829646837962,1.6404354800924477
10.492121879530501,246.56052333099484,1.640561648303328
116.78087810924293,163.1065411741133,1.640767736140508
178.04788733810022,79.83155402646955,1.6409578362660802
168.180653023136,76.50847265808935,1.6411657243742626
20.41211697087791,66.8654401186899,1.641336637821478
63.999102206328416,76.39902047517592,1.641352214586064
123.1174926427802,232.48890043645886,1.641477648352998
198.9253965181595,160.03414517047358,1.641898283901847
244.7550752498803,43.529947821462436,1.6419036358045525
17.045042469230342,97.00938602097082,1.6422275114130738
28.51545528449979,113.9707774448295,1.642237223224359
187.79080983343908,106.44378494213913,1.6423096436049898
136.0778397269637,183.13251947170258,1.6427273060840204
122.40700101234775,250.24323157579047,1.6428307196399556
99.085585580314,39.242628807573794,1.6429206577132303
183.38435106406112,66.71409891850557,1.642991607214614
103.23623689061591,142.64677112670006,1.6431124981109861
120.05024818501415,211.65424408973226,1.643521771575012
217.57710332116775,74.4436614170002,1.64375411181317
183.39795212666658,33.024905060050536,1.6437829672601343
139.39342359527853,127.69383562069466,1.64399488983251
51.692250085842566,43.68631183731283,1.6441302963452382
218.25220447209034,252.9168182714705,1.6441895176824501
207.80085700511512,28.56202677377675,1.644366273401381
38.192549947136484,180.44939150457827,1.6444489608482775
178.62854302157672,67.19228866846505,1.6444966865063693
30.498319223919232,70.36003694500627,1.6446855714386983
56.63985007302393,178.3635436036444,1.644995102653812
131.5356488457115,6.280979876360809,1.6451398494125915
93.89175070367271,219.7140298194182,1.6457210267392615
74.45667634312953,189.7018091253733,1.6460785215502538
105.28446101355804,252.16327186235725,1.646150565802556
56.01165127545201,69.69911991457647,1.6464846261376995
218.82634925831667,137.08129355152644,1.646495919310925
147.75798574839612,80.54524901188176,1.6465364717084865
69.73496510896223,181.15666540817372,1.6466922436814104
162.2068804427187,212.87116822082348,1.6467958601911017
174.4214315552812,126.96471911370524,1.646810886715645
53.68537411378741,221.94527547790292,1.647017869977903
143.88589883056736,197.7755534857887,1.647089680874212
28.102379215964795,189.80388733409328,1.647849774235526
118.31877502027227,183.15355540317228,1.6479607832009926
73.78724883096915,138.41756077307383,1.6479787527384695
129.24188877653216,43.48907220822447,1.648462800233334
88.64227192670599,149.9106675998115,1.6489198442130244
126.82882745552662,10.280939875347151,1.6489547601108991
223.34120367900397,164.33458841332026,1.6489801721910162
24.948473614942092,47.68399442734822,1.6489823439451314
111.79841464233422,71.80388377863291,1.6492375568212063
39.08836961495379,90.69862123991481,1.6492646150168564
162.971836682162,139.92190607875096,1.6494111270640301
109.99939344909713,76.54810141246003,1.649501733296697
164.26426900339575,179.7994986846316,1.6500000273243347
224.9407570727008,134.34711765773338,1.6501681476765957
89.3005056408266,98.30257633937944,1.6502102394618021
43.884587830560235,81.48117907251805,1.650606186884034
141.19303176549406,137.82930116392268,1.650714399728488
135.34867739578337,243.72275363812025,1.650982332047308
180.47138581115294,48.43582133974654,1.651147543610696
62.752234191741316,30.31316335767048,1.651406197681421
192.55837920633894,28.83830898964558,1.6517050178152728
174.12871791601782,85.65951516354795,1.651904269457307
95.84740655113171,101.83706411,1.6521200640389202
60.97636883601985,55.23193745716638,1.6521411319642247
33.32064546919351,38.49898619548852,1.6521848401953674
205.79010772528432,245.19059169542638,1.6522237330639389
47.89771021761227,59.58628425921654,1.6527720177531375
244.3727380411895,22.518993905908275,1.6529982888831818
219.43222412363576,75.81549954800414,1.653008057421014
140.19960166611452,136.7791399513136,1.6536584018280136
252.93982782312906,245.47329225122812,1.6539594268263726
37.59893670883684,243.36765568757235,1.6539896459108507
156.74301504371968,136.99813017534066,1.6544416616885382
143.46784219227288,4.632504731349072,1.6546199973966491
207.42183541368877,124.39025348316063,1.6546671132966042
165.55859670175812,16.374641433689312,1.654913884037277
62.761709375610046,118.6959051135307,1.6549416243496753
69.2418996647707,191.29961386816655,1.6552552142573032
240.8536009855203,189.350693221291,1.655317234742286
66.86344947005371,121.78147322103545,1.6554398691810623
89.28144346685062,220.86867831015607,1.655786883414919
92.9285713877277,138.78543658624514,1.6557992864609885
233.30507315269855,42.6460638356185,1.6558321360263537
179.05846156029045,225.82197250196612,1.6562700430634736
211.04202365201988,102.50478220939969,1.6564863038391844
145.8704262348971,215.75441233865368,1.656500211846077
92.4790113891762,17.005726165745326,1.6565026192409935
60.23180619440725,12.841576237151486,1.6565612512145447
3.1590239596908765,230.34357917319616,1.656668336039055
209.66769802920635,28.25143228819577,1.6570685003679186
101.66338720663555,100.38366602334345,1.6575266286242942
221.33730518599583,95.61509574788363,1.657756420062186
180.7337288873341,222.1242222632414,1.657822309078392
122.86552481363833,125.82428757115727,1.6580100492401202
8.831910623339615,173.38483218344072,1.6580408235893662
9.820207955013396,248.24566473493564,1.6582195878443486
204.89439425689952,55.50779884768341,1.658579282728456
2.8171458869964843,138.28922788954176,1.6595558562046815
79.31964081302809,172.27575948980478,1.6605134180564607
123.13822945094378,106.06939874400621,1.6605883310740979
111.84517471514069,53.41623392447753,1.6606235738731894
188.83970831118614,106.51036636755875,1.660743481661239
109.24751816020488,177.11530059819012,1.6607958470120565
73.64832272885873,176.24516201731615,1.6608626628224454
161.34711280683445,27.72558508577885,1.6615213378615812
163.32707048074386,236.1904759451999,1.6617818306044387
230.0527860554686,57.705845497992335,1.6617930878937826
115.89964112380913,165.95065649285465,1.6618231345703687
9.553137618214725,28.75023751994519,1.6619138193454792
17.935949152930046,8.54725770441523,1.662137362832086
47.07758617780529,178.4068106806272,1.6622290849831218
234.7677328480659,209.81353380404954,1.6624525174205693
168.35325819411696,249.19910201664806,1.6629825727022
186.68434732426044,74.19877305609106,1.6630733405319624
227.03573930718784,172.94466531050907,1.6632475667895585
196.27188661881752,38.71416239145372,1.6633460071336221
114.34163991814349,192.07159484020997,1.6636735118357624
199.1077799720383,37.08577005858998,1.663928693111726
18.31137443587668,63.73068343600109,1.6645705001838322
7.547309966851964,110.26836060254591,1.6646678176016405
125.09317522845545,242.36892327452378,1.6649915605782917
97.3217210485226,233.35852397795722,1.665215308551233
242.207623689253,211.5881679563112,1.6653901959280777
155.496008453158,241.9016957323209,1.6658275190623524
30.88995926179269,155.98156014563045,1.6659235722567358
122.94468783080337,184.94215750101887,1.6659325023152782
62.72762605122766,113.15377891743253,1.6662366488673854
6.750413117114447,66.43972719992006,1.666279001565971
107.23545901995844,80.91289192636648,1.6662817350605934
8.29808751488185,160.95875989143087,1.6663640914807514
240.21214504616864,135.34666211499854,1.6668583581092604
177.90034451503396,198.97051601214568,1.6668932034553237
116.80965282157104,211.04140505188843,1.6671933114948791
240.88514122103075,31.618649317593256,1.6676353952309917
94.22860696379422,17.375661680625708,1.6676789943787598
44.97891159057363,222.66246190568486,1.667832287788206
170.73706956920026,46.86065948663786,1.6678990981893456
24.344694269415694,217.99802494476629,1.6680033632377067
79.57700359619545,46.44123319507416,1.668105188506699
224.1611362408324,247.46722017687568,1.6681443487772722
108.94291734697913,131.10139327030657,1.6682327008754636
113.34573001127576,25.294609870318805,1.6687240530970888
10.088986134230716,42.14354456257525,1.6690506235676807
211.0683770243186,190.3032638774498,1.6690589131419271
58.654181622906094,67.16338597276416,1.6690859260619308
225.71742182548567,5.108295357249077,1.6691412686085105
78.40854291544588,157.6396246358496,1.669328074598267
123.20501956936533,140.9510215590661,1.6697321096958126
153.66837647087007,131.97973911037099,1.6698496610072617
58.807739234163336,198.719561248003,1.6700844556863985
242.01104701971278,242.4749247695164,1.670118511306755
3.186825547233866,235.08199758838634,1.670169454964386
133.04993186897562,217.31110665369377,1.6703608985197071
27.934218717551367,238.72132945748285,1.670445908199005
71.79632465075734,250.01946410150006,1.6704793549587784
219.8819089368169,248.62397835346005,1.670493943391482
243.20808085680258,251.00476093441875,1.6707176242514161
132.8475856945581,215.82350282985104,1.6711370395288294
35.59715615744131,10.896308538688181,1.6715745881620583
36.58919231309126,67.64886738012378,1.6715755287505187
223.09853427745082,183.69173442289176,1.6717095680235825
41.58036795354192,225.22114885965186,1.6718934759522366
138.86077472281676,221.16733089553665,1.6719361154879906
35.115294841153464,64.7161597939771,1.6720264177536286
100.80100381656291,8.621109584096507,1.6723740088488208
54.53310592099778,240.38294688958203,1.6728322826337598
104.78626368409077,108.18215796027829,1.6731875187808198
157.58987456670255,241.08795948070016,1.6733850736026967
218.71412600157268,217.31374990837594,1.6736748109686879
233.1687518151508,107.10366049464697,1.6738227550545743
94.0611339172241,188.1344490791202,1.673909856570449
135.85357631800176,58.76247452997626,1.6739230158082563
58.8378527494899,182.79981472033006,1.6740023704970812
109.19366943081117,112.04674411585871,1.6740542139831005
10.17288368737571,46.141069458524036,1.6740965972565394
232.54647316200248,11.468976688132452,1.6741401090874743
149.95205326952302,223.93413436190514,1.6741527442802384
64.80469675689534,39.00676774260474,1.6745030774645897
176.09557287507803,181.97086269585697,1.6745269808749919
250.3811350094204,61.680960524711836,1.6745707402219903
208.90457325666074,182.9621157933386,1.6747576237026627
60.30518432040571,60.50640301851792,1.674799536077221
55.68723316303298,110.65905680760618,1.67484931328959
205.35528964153153,79.936107062329,1.6751637373739783
100.65533551675108,67.7993377342124,1.6753770026211925
25.585748977296376,32.75306778791057,1.6753782066784044
65.43178730214969,251.69382167139764,1.6754951480420996
200.09366913892035,54.945156438273415,1.6755758389585425
13.021325890822945,14.55115814731149,1.6755783024749378
100.93886891761537,197.36879636315356,1.6756122442854835
210.7723646416833,198.48478158936314,1.67570808565001
65.1699563434731,122.36935977355343,1.675851750367389
58.74290206574245,40.16569226469353,1.6759211262439382
112.79238158343425,209.50903683753467,1.6760355628438162
239.02201085508278,181.83459476911744,1.676038240650215
253.8712088533077,176.89175283751067,1.676184588051071
168.48737482908115,107.44932210964939,1.6765575548730203
221.12511208469851,229.4720538985024,1.6770763643355913
6.199797220237628,68.21610918710186,1.6772194832738272
247.2256112835008,217.67231208708031,1.677256816739933
7.556248933497609,78.43162305678825,1.6774334572870635
5.010397836133214,106.91427409270585,1.6777500217478603
101.56384581361995,21.053072227898756,1.677867993797412
19.511773049295154,218.43961398877687,1.678332342614123
238.90365935985537,6.561398748645225,1.6783391571828157
42.861194443222246,176.78211621922577,1.6784500130451254
107.89082760482336,59.06096996469647,1.6784754394086514
49.27643535597112,77.25763452419442,1.678507555534522
14.3615784006508,149.6293238392961,1.6785422377215338
153.00833928723966,230.71623994838018,1.6786315241990049
138.49662220414925,44.97543626599366,1.678655223601908
106.95689162706861,0.019365264703677942,1.679089000163662
19.424619908432508,197.77949522007773,1.6795114249106973
26.3554053960527,152.95746846602734,1.6798929347247307
94.52056345248629,164.76999995891146,1.680344818196831
73.52435683996269,181.9892074683394,1.6805506366851024
33.7106439833967,136.67058198328516,1.6805970373575299
133.31547594208442,63.231116190153806,1.6806818121942888
45.969075396362534,92.99816963636498,1.6809749716380187
189.3838320992538,35.35024042158126,1.6817855786104126
126.70639368499208,136.57716272051795,1.6824880245386897
241.73921022074205,36.16188693804503,1.6828875340000282
67.94491897506062,128.91972741418894,1.6833486273914093
85.89224886928861,36.66202249601428,1.6838704124747002
234.43888232862076,163.7905294831178,1.683932914124638
142.75023811024408,217.53118269683603,1.684144525136673
218.7570645535343,80.67536642634327,1.6842940090475047
167.60126162883847,190.33849496813798,1.6843080552114629
245.89143222577565,209.41790895218205,1.6844851783265231
139.00071182460502,140.53274501406494,1.6846117150943947
84.79357456356925,237.1024373016793,1.6846822385132545
166.54614258006816,5.760866922879742,1.6846919028150003
21.87797994052403,132.97565088765657,1.68493512002481
21.948744872867806,49.71502907131553,1.6851546693965045
51.41237249308103,136.64437089746562,1.6856159653732539
63.67969732183439,175.81256009077097,1.6859216839206128
112.97130339401991,84.46085847130666,1.6859599461985644
200.58924243982503,248.75291509188278,1.6859734379434876
224.112726242082,209.9767761669347,1.6866255352416304
19.795096795943987,41.27896907811333,1.6872800186482146
239.59696257725378,240.65816482258523,1.6873129229808599
113.99533393779168,28.886114477996813,1.687433526034308
99.46938180093247,105.89469894948826,1.6876841864560812
210.18948038313914,88.3994858509919,1.6877171164874738
254.33202859843675,39.435795032266306,1.6878514950096208
147.7117348958179,116.27478539370989,1.6879686188074852
153.35157367676385,99.57066620915532,1.6881821681252502
180.16098398578904,164.3846061703524,1.6885525616364514
206.65952099833106,43.27477490713749,1.6888630829108038
12.431455858263842,127.8273194349935,1.6894023862660545
19.701350910247648,104.46346957257397,1.689707619817838
95.68976987705379,8.84672468211743,1.6899401738010666
12.525557052829647,89.82005240170372,1.6900031085484843
167.04050379268085,0.20486817872185928,1.6903706737509894
200.65135045920533,13.713576160949243,1.6903822031362141
234.61694196323253,181.3391556496458,1.6904218946697807
116.97676786931159,113.77468191045632,1.6908895992955801
18.628657093068373,248.64362519034347,1.6910148955585125
145.39001577312374,194.25198902643137,1.6910540049016756
21.59950444328739,125.18757828694284,1.6913248580753777
122.78903033416374,29.350793251772384,1.6916321922224768
82.57440416879017,208.85286114884295,1.6917463567871263
110.7115474398283,165.57172552576634,1.6917887594731085
159.07001548337445,85.13835573306349,1.6918655670325757
109.97524829468189,245.00630123981884,1.6922151841094222
130.2883648394659,222.878661143509,1.69244120352773
84.2268710809354,180.70886725633025,1.692452119660674
43.2271598024223,102.14112344914071,1.6925928840633158
131.59566167434411,209.88605540198802,1.692680403093432
196.86594755317213,85.4634339232217,1.6927819214408042
109.22657520221054,23.405582774189696,1.6928290188103767
48.63218702987908,138.1574015427442,1.6931721691966362
133.07644742536192,165.95547308551414,1.6932890270083851
43.52441347426951,61.47301474812834,1.6934321951488458
9.29795024851023,139.40412935775691,1.6938249142357384
232.2495258058833,238.19330530999142,1.6943651874486276
120.56894923197976,245.48091030661033,1.694896706496714
34.605713000148924,32.41978264659431,1.6949808836815317
253.815905480217,83.07117304622159,1.6951151802870512
31.215417010372473,50.408721038197704,1.6958367883135776
161.10431692214846,119.82338584654775,1.695899332008707
86.69134364217255,73.91123341951042,1.6961012636501245
70.58914421560729,154.77600427028386,1.6962087475351932
53.27367440692826,126.38409604718713,1.6967495645805009
121.84018177283693,34.92089564426774,1.6967729470684714
227.76048087664537,82.0772236190781,1.697329285008095
176.1333561512102,86.39622027473007,1.6973870118130483
52.20016917905366,188.81023883086797,1.6974142535563765
137.90055346887218,8.722518479002526,1.6979513125131622
157.28372431731046,151.92562446499224,1.698037404025242
90.73123376169492,165.15096537951962,1.6981852434019629
22.41124391144503,42.92380878707369,1.6982622281758153
140.51414300727535,59.981967127363355,1.6983795545503393
102.27714948510987,169.7905442740353,1.698444687416723
35.693139413941616,67.83874236715056,1.6985325838356438
178.27798927294717,107.65071055938016,1.6989105331540708
249.31074364636694,206.7053640236515,1.6989238259820791
46.95720916779064,240.9852058492412,1.6989789821770123
4.21419391361453,71.74525018526067,1.6990816460374876
4.320382034453114,38.22841992187928,1.6991867877512215
149.06390815193657,87.36722980228737,1.6994381551238504
80.62172072638762,237.0099521306792,1.6995191183178473
55.728703185936666,64.21028790170641,1.6995342049092934
162.1134680629613,98.81808975455712,1.699784019653146
236.91020789923505,166.61900783786643,1.700201812902267
103.24197366748777,209.46074647104103,1.70079011777152
6.3919524194733945,10.220302787931546,1.7009351226008027
238.86615026510765,96.92646278299684,1.7010504132091895
36.45454945398889,177.11932585611385,1.7012448165157912
223.51109166614373,174.07637555028796,1.7013731849409535
31.91093008612422,197.98044923708198,1.7014440129064372
247.76580765967668,249.08457263495657,1.701451556329802
13.420046507842365,219.65596844302638,1.701544378344741
7.2801111540978525,3.8277932388014158,1.701646839617419
189.92038716327153,146.12922480925147,1.7020009757848933
88.28112061360805,37.84355954985211,1.702282212298654
85.20743796321162,19.595480126943773,1.702609819340036
167.85346142409298,136.0612719645582,1.7028151886013416
252.81796419700115,66.6881328377734,1.7030083294566942
75.86650673904903,141.85327062089138,1.70331175970368
157.44462698749368,121.83168024030817,1.7037443728646207
193.32799091868065,20.29502060105252,1.7037937852445157
9.887258519464867,156.6927021284555,1.7040463159329224
221.7914027404639,20.147300994819425,1.7041716906845272
198.41421899293337,15.026000954469444,1.7047632590941428
53.83838221615224,101.93702573539807,1.705051461594358
12.913966774382875,209.43313946696009,1.705134862121295
179.98589718732367,157.3254902849184,1.7052077240406813
250.12672551251453,80.79083320569833,1.7054032895742857
241.27028098543903,32.166235026821354,1.7054595553837604
210.75526730833383,26.831817467029754,1.7055827463623454
49.10562284814799,75.92332983259888,1.7058394005682334
151.69026262330672,242.72622538294314,1.7060465450052016
87.245982232023,149.85401509294536,1.706133978223482
165.0823855020675,156.72567424543314,1.7062172686816242
179.8069290920967,44.297793216527296,1.7069554672297578
72.22764791828145,15.915185937906903,1.7069668892298067
32.58757096280074,0.32928445743125534,1.7071960818618412
49.70701571521442,87.65602970891682,1.7072390377781173
32.214593466108354,94.83116307398481,1.7072538675446074
221.49531575942993,0.6495508523611954,1.7073147907600197
126.80332027383184,246.12482338500288,1.7078498810623093
244.84624349180274,122.50604083169482,1.7083136154431142
225.54059445979075,133.9365927379464,1.7083156412470897
67.49503296188024,218.12076087759826,1.7085282528113186
221.42325324432426,122.77187444816995,1.708599317343811
179.71783186138987,107.99702006719752,1.7086609031197069
35.866679903400914,36.559797658225364,1.7087355738448784
73.10062780024101,112.92156403061179,1.7087896460498413
178.77669275834097,231.87534553517455,1.7088789824324633
247.41954360646795,159.27321154503838,1.7091783938035885
87.40131096529086,237.5066732151973,1.7096897064558652
93.55591806891852,124.40753770040669,1.7098129406464873
5.767217268661971,188.40960277787698,1.7098159318270412
147.6431892232276,192.3871113803695,1.7102852205810506
221.24876848204832,65.26335613660363,1.7103757224354637
158.36476532046905,125.19174381508587,1.7105597193158786
136.56130458981553,176.85079351786635,1.710879604410159
135.73894149664125,240.79099776536034,1.7109460928958287
163.5039506886426,232.66562354302474,1.7109867682562618
71.42166030871218,75.4661798591632,1.7110285994972152
132.6585362658164,202.23317200804172,1.711366182812634
249.3205457990863,181.61952518166518,1.7117422618208313
54.92675843408179,17.64844808642511,1.7118804208739498
177.46832444057017,129.14429182501982,1.712367821503863
247.156062072272,161.32388269315706,1.712527312846003
134.41746628094543,24.784672365022267,1.7126705936517466
215.4628699423385,193.785402643922,1.7133828794532278
245.90524805671714,230.78347869927617,1.7135958578545543
187.0692350129604,88.90674776741167,1.713700675884983
127.05605370493441,53.53802482981091,1.7140864216410254
141.37765204522648,194.86122017010408,1.7141716240955267
89.67913612862998,95.74439668601144,1.7142077763622712
206.4341603449222,7.310329599989538,1.7147208532801876
24.287583578553246,101.5629656661241,1.714800896136949
64.36398834877419,84.91779431510069,1.7149571096427372
30.411371294450568,236.18460088956869,1.7149583946297764
45.546043091213384,191.79111074243065,1.715347160801787
121.98566472844848,238.64529787551626,1.715396113768537
230.1073223420603,52.584079067130084,1.7154338532067548
236.51142838202645,39.57212231536186,1.7154855000653362
225.27477351567873,103.57819196776745,1.7157389412917912
231.58492949908026,240.47368187534624,1.7159666397650697
5.156803446258985,93.24243107180874,1.7161012619653073
218.80969523784415,36.98124905040808,1.7164053179395684
96.18263159265268,248.35914275809077,1.7165545373243616
250.09764357721966,17.98994286637256,1.7167665220360235
166.9592144989454,41.387414208239115,1.7168436675137568
140.2048427056693,172.99113343105265,1.717044141922749
90.27280051020223,245.7978527391179,1.7171823948903604
132.21690694375826,106.93276002323022,1.7173884331968956
69.86959898463796,115.38246411832687,1.717413306635191
82.36759505727143,232.53235148611736,1.7174468255240167
207.91993564193982,154.0823878786561,1.718009952690404
132.9259085567787,196.94242591962538,1.7182476691489126
40.555922177347156,88.89863820091836,1.7183710870155866
31.967731562040267,19.286618260741903,1.7184969516367616
188.99254504712113,232.877132701183,1.7190990201546459
141.1534385354447,99.17034186156661,1.719234016949896
249.55306337140365,11.479237515359046,1.7195044557820032
151.50811813890593,56.357781064837845,1.7199572930585934
129.7930011259068,199.5912640381622,1.7201416265772052
64.52169841499686,127.06573927877994,1.720188226939378
118.09758062567651,78.65796285665822,1.72029513412661
26.46918898542822,23.85422447269639,1.7203241910336555
32.120439026496705,107.96308255749832,1.720473366965029
133.14527117882386,180.460783020337,1.720523223263234
211.35940985870312,103.48036922682857,1.7205542613723226
162.0754148716424,75.05569815723459,1.7208194952835343
77.63629436555541,195.11512330382206,1.7208238500872308
163.44899280331074,251.4189180767352,1.7209514710659002
189.4845304835657,244.81252579105362,1.7210305905649983
35.26950682064862,173.4544030154737,1.7211587997789557
113.08516657386205,193.16250043467394,1.7213021693388684
183.71804121447974,106.14871909343815,1.7213210390320033
233.99348156778825,65.86807541050493,1.7215702518005163
38.84918500970607,96.70081745548228,1.7216959521651485
69.22304386124007,151.29525300824523,1.7219141217818126
165.73891177693585,178.65403878877825,1.722396637453952
127.39997946212449,35.24502579386072,1.7230993281814901
253.84071879614459,4.852926606027962,1.7233800263891597
118.73446247825655,111.7025092562395,1.7234061599880648
108.53977692488691,79.04493833924387,1.723550897061208
170.3269281885326,207.5612291334703,1.7237594261640887
220.1787149058807,112.0188851783016,1.7241361107508588
67.80084139291158,160.68334526225013,1.7241738634945838
214.93188038004735,76.40156768337278,1.7243185193514605
61.591901472278174,122.25461601319442,1.724348140231127
152.07808213139916,216.72952390760196,1.7244269664079908
190.453935459016,250.3834474200505,1.7244349686488614
184.20344560319188,70.4375288418035,1.7244491663308394
190.46011656976245,210.0766100504077,1.7245067558004257
51.83139314778097,159.17497068531375,1.7245630205774294
112.4499746646437,21.85524849662592,1.724758481405935
70.69838299767495,225.47691136359452,1.7250001472830039
110.47362780370086,13.206658201239163,1.7250067759061394
67.84431995141765,172.02368914955568,1.7252082484982862
125.15140156851606,1.6758079246274997,1.7255346578733934
56.41538744673161,161.00429234053402,1.725708673114298
65.9809915441174,91.33072019492168,1.7261557576503692
110.84898465450473,199.49614493516663,1.726286154731124
6.105077489327483,119.43515240463346,1.7265552071104375
152.5941825901781,179.18035509597644,1.7267646595519852
35.12722771244116,42.67080662261432,1.7268143895887433
175.01000406551088,141.24710054319016,1.7268847031767947
2.620941221258329,213.7179961471404,1.7270810596841448
59.10987705607274,38.05609877223419,1.7275704180148188
141.04574620729161,193.5205687949252,1.7278785383326725
171.46045571569687,42.74347907040845,1.727935562108486
232.83681475600832,243.27983966470626,1.727954681648435
200.993368984009,97.09836107906034,1.7280190852742194
238.9517252786762,115.95522111606158,1.7282456758354254
240.72056028030548,128.0623242797447,1.7283734654398144
234.5920572157432,96.30175738784531,1.7285959573046763
65.35427414457959,4.164649424541298,1.728776394728039
8.43299997335598,158.76365876989232,1.729005909849477
2.774489600603452,76.59538875031414,1.7290789123541186
162.04435817113978,34.40536153481298,1.7291347474719385
144.11374733357556,107.86893588052608,1.7291527833809999
128.19279164729892,95.4724033846989,1.7292061387366664
19.064692772128264,190.32297817068093,1.7293327769796467
22.976182773319668,232.7867041802782,1.729585497931255
105.01974419642622,199.7511658166634,1.729730969455759
147.39866167136842,86.91132618216277,1.7300573771326697
124.13343831738247,200.05785524919844,1.7301471301645825
192.05486456188206,190.47329669421632,1.7302592555505258
91.22168379930268,39.4678896598328,1.7303565962036658
8.469032168610573,70.75186206423459,1.7303640468421995
139.23223788594757,122.02401523485952,1.7305115488091716
106.88337410390425,211.30370678201862,1.7308190505501915
56.0929758930178,162.85937862914432,1.7308198771773071
77.2699468366617,115.60874555236943,1.7308310380771386
52.65551204587234,227.93993899691029,1.7308397888812628
68.5712719561798,15.522463175389957,1.7308979160757871
237.16320098917086,45.351297773278425,1.730941955768119
187.33455400800128,198.87451263830232,1.7310056384996835
114.82585874743178,58.23210766041297,1.7311563760142352
4.145780712933118,139.53008093690732,1.7312144547622665
34.85868310005509,229.46263985767357,1.7319829738140746
187.95886473381702,159.36881463583333,1.732589230855613
209.88746411300548,168.35898250255946,1.7328083909668652
186.18150376577734,17.462639671399707,1.732932194818583
27.57632563596693,218.13314708045974,1.7330814902305383
76.23447221694813,210.34909954191377,1.733574484983501
144.38908650149895,11.900144874025427,1.7342671006878243
60.896788095493086,132.03753217934354,1.734371604789958
211.534393957503,254.17228294937377,1.7345675524303912
127.94748725383539,36.13417571792868,1.734768101214618
250.10141836507336,65.22720854167926,1.7347779861871475
177.14290858913094,128.94383755656906,1.7350433850472275
102.33131900369784,17.549107642215166,1.735101365151693
23.099478498853294,177.15233860164062,1.7353491878927458
32.27660007081436,129.69172662983948,1.7353885615610953
142.63809240936283,250.50140840688476,1.7360396014383122
135.83861722529005,73.91642090294819,1.7361931436094495
110.39289057011736,116.12583949390893,1.7362931233424472
132.7155947225891,18.187458849374533,1.736319636675486
123.06495126181883,102.39972299134462,1.736369285452651
171.69541963725456,211.82573038331995,1.7366101843825603
47.74053927810386,1.6368489020334291,1.7366456364391727
252.64208431196806,66.92917959884674,1.7371181570281935
37.60589303923529,113.3035188363373,1.737136399285001
51.59749769878247,181.36186386548815,1.7373586957898752
13.795936588537774,201.21546947851317,1.7377048557031314
55.28687160116783,25.42210045135686,1.7377410065181886
110.51461911935266,110.6340726980683,1.7378772133751925
142.01387680371533,74.48326957655902,1.7381894703293161
223.06193118513625,79.38582014336552,1.738683309102828
165.86386198542317,8.697841313565112,1.7391533833739101
50.63163630347602,115.63566196961001,1.7393464050839758
206.8535811954689,126.32721661095016,1.7394537963508605
75.88920331062218,203.51907109086795,1.739705000211096
75.69130762262576,13.339714096372958,1.7400263723732297
185.35448226412902,174.52806804028714,1.7400622368686895
198.19941693491344,118.42194469245709,1.7401183526816555
162.46200333578952,65.4843751516329,1.7406382750814613
227.00834033645853,6.845768675867817,1.7407858875797224
118.35297286042848,189.2228518598133,1.7410043559253254
23.968971127610192,150.38715985871443,1.7411493675040022
106.32466113563217,238.5755162740254,1.7413590051742454
29.82964153712051,33.660901773428705,1.7415279198773148
247.11961820321673,202.24968760818194,1.7415547243112202
125.57382533975913,59.33848252646881,1.7417040829831913
107.9337185248294,228.82261096119595,1.7418523059644864
17.353265978577273,26.37140779796337,1.7419699758410125
183.87729987045054,3.133869507159029,1.7423613862504963
62.07885977117844,82.50906308304948,1.7424040495578834
247.44410930068278,156.88412495285075,1.7428914339692116
208.50707262124266,191.43587554685627,1.743021017328362
62.79463744010544,187.93458370280868,1.743252024858689
160.75105650537233,228.69509831784507,1.7432977727621102
116.10145394154529,181.89242219314207,1.7434141287602491
40.65504350671219,157.8140775722221,1.7434436300192588
109.23042348829503,136.4936607243714,1.743655132014425
142.88171769440854,49.72821813454591,1.7437797712843854
129.8342691486471,33.953347310490955,1.7440928422842075
252.9910983037449,103.58980803213966,1.7443061094167347
211.5876368661031,17.97999616605208,1.7443385266154499
245.20765719899555,142.12189620601208,1.7444402863688726
105.53716047637081,36.606121140513544,1.7444571424398536
10.144235761947552,151.74231944386176,1.7446818453058865
141.02714061604192,36.62565188468552,1.745128317271011
27.478307506497554,70.76465908225585,1.7462421173383325
190.58310421182168,112.30230143276596,1.7463161467344055
68.45071444890866,100.33906863726018,1.7464440093689992
91.63897213528921,113.62268721058102,1.7466155714968559
142.8196757025034,22.106530597651815,1.7470247174422096
7.099980977152151,123.75778144246448,1.7470500253451846
246.75853972150728,114.34183643205411,1.7471125914496033
21.06297658774964,87.70136740119423,1.7471865689196313
203.49953982945487,162.21426483797953,1.747488184620924
247.62913140939244,147.17232751033615,1.7475176404960353
104.43765477273585,76.44351350706319,1.747551853758901
194.0148774079465,125.65773335652061,1.747587238280729
177.3550079113669,11.088646985899762,1.7476665961624198
181.13736815167871,74.10625641083182,1.7476788027271672
171.08007803924446,80.40140164742445,1.7478504213340533
39.50890154672471,80.67940321527819,1.7482608895980156
72.27947406163823,191.03460945081025,1.7485937002840257
248.7618350981886,31.524507588464285,1.7490942652600103
148.4578059047401,72.24160561679173,1.7490978464526465
28.677337633076828,230.7609619076308,1.7492264651904577
226.88458268127988,81.81120839775802,1.7493277216421257
222.25484870582764,197.61071290971316,1.7494125196123416
222.13306281602223,98.37587750778894,1.74946074212837
107.79419652050122,61.247003402958555,1.7496457065677933
68.27388214353535,55.55450381448037,1.7496542472633387
76.0809785911241,80.4245137944548,1.7501569599464135
42.6255004275507,205.70168103452315,1.7504328055881282
140.040304378773,155.78827276835236,1.7509179608808336
206.43103029478647,184.24652764779336,1.750965423573348
204.03608694832548,20.55335213395251,1.7510765857808304
116.85488131681271,179.3947844793131,1.7511020436790847
12.205040855753095,77.19112100299687,1.7513991543587846
66.55201515525943,174.960972055648,1.7514889262818532
129.23219554526173,200.97162328263883,1.7516945263476145
153.9994555477291,16.366944143077536,1.7518446943613597
92.04247885192936,163.2847775685082,1.7520940193202625
77.68461082587496,58.20125532750109,1.752131714170916
141.54361404650172,118.46177348246906,1.7521726247929803
58.22313014602995,242.25355345992196,1.752307291093297
76.0561883147568,244.92071176666022,1.7528762138998195
159.62081698779616,162.77773281014956,1.7528805601523805
90.65587076923677,189.52593437043538,1.753055347314007
218.37712203484728,157.4609603742669,1.7531242749454443
216.58927321089217,20.728272580713185,1.7534715491043025
147.86220222854752,100.90030778770941,1.75430430056828
190.2507158767324,203.4562024728536,1.7543433505532318
217.299795408494,140.02122070623858,1.7544191448399826
16.19689490988132,20.711537019876832,1.7544905329282054
36.061330423507364,225.36622122748807,1.7545820814039057
79.65181073311194,200.23807022086496,1.7554407531587433
194.49953921339605,60.0283042838786,1.755562052811053
65.16591952808675,250.07436004130255,1.7555938392020831
161.36051587899786,74.58960737927963,1.7561364701942048
106.44601842746059,5.573857084849767,1.7561612447744617
231.1973126868322,22.360283590492983,1.7563223137369193
165.19797984413646,180.77579264614013,1.7566051798867728
112.99930781114331,50.46749699201024,1.7568344347629021
113.05597290075936,35.567733373631775,1.7568346536263977
29.999305407225936,153.69709980834656,1.7569764007335147
199.91211036523947,84.9207389298005,1.7573725489669978
14.924836337264413,105.46240839707802,1.7576919486525686
160.54811098829478,218.40094535142214,1.7577197527676922
40.93903264310499,243.32551831808271,1.7580203704924624
45.22689942002559,142.52623677967014,1.758712400124504
167.5070719976537,186.18625252500556,1.7589268602369097
225.06168616940235,197.35324426575303,1.7591625327401292
6.651906172207453,199.06462289401654,1.7592068344281393
178.63572737476565,10.600773208889162,1.7593133774322705
77.19301462312731,18.146468323005763,1.7596826496654907
207.23859525754148,168.34464464049063,1.7597252178191387
99.41596298033237,59.791805338938474,1.7599205484099962
119.05984308067852,2.8972980331004328,1.7599530675551325
51.5525537943323,39.650818886511146,1.7605402871979483
163.40846960956196,81.15878291885622,1.760559897810436
65.0210616823862,238.62694880335164,1.7605897508087276
203.67546145158698,248.10228310672505,1.76085706956207
205.95671185539678,33.823987979629074,1.7610294993660183
218.9748976458692,51.60468358738417,1.7610324655892808
96.6618541948838,5.607324205492951,1.7619083137660858
149.47070095998652,35.07925653530768,1.7622474857042436
73.29953249799166,240.4567543200436,1.7628913942766027
173.23735615332495,242.9499912778186,1.7631626511650036
146.06265080090742,174.9342732345615,1.7633366860005917
185.3310170620341,164.27425762760686,1.7634802410329373
99.45450771665595,92.33032639059655,1.764126221705504
162.41625447582965,201.28562135384308,1.7642160299539336
179.56696104454403,226.94012380709293,1.764291118948096
60.91738872754984,106.10389694191765,1.7643508335397895
116.70293864941775,1.6960752503960908,1.7643570451641613
49.58678018742392,159.51508727699982,1.7650983566133627
38.086368265347595,170.45793218854655,1.7653173367497885
199.17715762957906,103.81744942499807,1.7658159033279286
76.19974942941194,190.0090331536969,1.7659953235977495
134.90861593485835,12.774639538434428,1.7660651494647508
37.31929552610764,11.799966082739074,1.7662768624424505
219.82724385952005,209.17142622790445,1.766571497599848
106.0936148592557,167.31951175096128,1.7667392394152988
44.030511609823925,24.88195972360071,1.7670853395181465
88.83971188487835,173.92112513419954,1.7672169257339678
42.42292737978353,198.60014037778845,1.7672794215433862
78.02497573009377,214.19673339331155,1.7683488226543904
237.94520950584229,200.17168693014594,1.7684384593588778
168.00400203864632,165.15867805262107,1.7688981369387935
139.30867758343172,248.30042247772232,1.7690945784776964
246.87664723633875,213.08997999560665,1.7693888847721824
105.10826047880741,114.08521707357993,1.7694092964356736
45.72773357427825,0.9897547159604148,1.7697930060277505
41.82379243680927,65.90322954777615,1.769959118385046
43.17199010625867,225.53397588923835,1.769997991373266
77.22085109752072,43.19906668361404,1.7700443391072551
114.92931649706723,53.464793302659956,1.770279989400402
26.43389336238732,168.90770790145513,1.77034176839635
189.5781868200644,172.50076370609426,1.7704222329295687
197.70436108111159,157.3675760699473,1.7706009466606618
201.97022033585793,219.34972288072373,1.7707153231139923
25.514209166879006,70.7332011726909,1.7708061427855097
215.34099014159085,14.506399308535055,1.77125216802305
238.58523252585832,51.016549059353494,1.7717030564280747
89.84916555398257,103.89469400644296,1.7718884925538894
205.22097784904727,66.97816865897285,1.7719802937774338
207.0010218670044,132.24282479245818,1.772433634381325
247.84639750350647,165.07376543761586,1.7727451912189565
249.12846534701268,72.83459881660372,1.772844490158039
196.488097327901,172.67283752270868,1.7729843039307422
145.16381035181317,245.6201139536262,1.773057061666887
178.7854450956666,96.50613151319281,1.7730964804157203
20.93661432327993,233.49853014849722,1.773489752351234
113.59663121284166,57.51256757545283,1.7740450019756395
228.79674675092423,38.43656888507889,1.7743692261204742
177.2841870312413,248.1090658861437,1.77499493807799
166.03161604076084,129.91703511328924,1.7751092954965348
167.26377949273305,82.10369075799235,1.7752969525213298
83.67534840889101,138.35407647453934,1.7753417457432061
186.70309035017306,232.3601754074856,1.7759570843211665
252.6453997206644,67.9535389551831,1.7761985620479568
199.2633161659175,170.65180837852446,1.7768659672539844
106.88018585054289,230.9947191306604,1.7768790670493422
70.87511490532759,50.62909548585087,1.7772534459176446
104.11903617310072,35.5264249648539,1.7774729364363318
104.84063830546646,113.3097183094105,1.7780218328085198
62.40543077210558,248.06869869407535,1.778038276131108
34.08213257716009,212.53328156260514,1.7780530542512079
37.69983296189622,160.1638434362343,1.778095569788091
54.06586714564279,138.8489964090311,1.7782527887382553
55.11987119217401,23.04707070133754,1.778293753019478
223.33688821992197,140.41802328142316,1.778462300846577
136.25866961603086,129.4240237292204,1.7788349364403702
62.84773224826542,33.790468967717,1.7788470227848419
194.86310864641587,249.95529658101185,1.779444529255891
240.08476693308975,249.03880784666916,1.7795936419932477
147.47768117629303,101.84261413863753,1.779633562331862
133.59161629829242,216.47328842683797,1.7797025807845437
225.34745460846423,41.39172884468963,1.779856339203257
201.89326698013014,166.29844474670705,1.7801862375737088
116.01755339168434,162.15795357338277,1.780406058147492
123.3344387093619,50.126469274516396,1.780409746039461
88.64079748580413,156.58492319717485,1.7808291562081857
145.9148370992504,245.20875231060117,1.7809501272157617
214.7939143481007,30.56885507800979,1.7811574786487312
56.86885456859725,220.92312007431252,1.7812559361886628
224.3828920102483,136.07993455660616,1.7813342076967789
119.38586805011572,79.96577465787223,1.7818545725998411
152.77393182131684,96.52781031242247,1.7820295950943774
160.63919353736347,157.53080814388696,1.7821013616351695
81.61288182253455,27.509281927683773,1.782109018153575
212.22186899391852,114.97169746444914,1.7821418760801426
159.0022196329667,88.48062939575833,1.7826469573938366
43.72313612494902,211.8554974447538,1.7829911664404452
9.147132925130501,143.10229663600037,1.7830185365456608
21.262552441519745,87.53352333274131,1.783183721954271
122.09310910790882,154.22495197657398,1.7833479560079561
131.75587047270696,156.4708955375482,1.7833803661556504
132.17989146314636,117.11891225121339,1.783621996370893
63.484086994621286,204.00203490400182,1.7838360817059036
67.63033029826742,103.12493231543823,1.7838536192644747
87.67504903868756,156.58572449923338,1.7839798333867491
12.403983683201787,63.033758347080656,1.7842490941054678
45.15575549410491,249.44637443032698,1.7845102798311132
23.201970671656785,84.38683436242313,1.7846195401055494
31.688930543135537,124.87513358500115,1.7848374410224677
143.78093326871547,213.53910615976608,1.7848999098171914
58.12237036207497,169.26645419213267,1.785155499432279
134.24168172332725,85.05371345253033,1.785180501258009
18.041157998447456,116.20251551687315,1.7853695743897136
1.434799663141298,183.81194744854676,1.7856189829709919
65.51867783913784,15.943118515717655,1.7858780673331287
84.16940417675067,238.45563507846833,1.7859055233779633
241.35920916778488,77.04281287313104,1.7859709412729556
164.11447858940082,91.52130617797418,1.7861374010589885
44.383789076706364,128.21274237434943,1.7862116378480162
111.46605646186528,68.86107264837112,1.7862193147655399
10.38270041296246,94.48367460082986,1.7862553573038387
134.1732954989646,240.10632906470425,1.7862703802385451
54.49853466521277,178.35919934627762,1.7865068410840301
218.2434496272895,181.00938579942647,1.7868440167919444
181.5310560867216,12.076103928627868,1.786901488440009
85.21545754645098,27.888855338961644,1.7870098119331184
30.315142391474215,77.7729818116246,1.7874128204200153
233.60182571283318,12.458182203535719,1.7875422477952383
156.01209286951712,36.370158616644346,1.7875865676748648
65.60936788536284,163.32406835528292,1.7881338143303882
64.31314943577082,18.98114481218487,1.7881612536930953
26.478296774779484,211.50181397316788,1.7883470239262442
31.3469536942318,236.52340075431422,1.7883992036449996
129.9610298861834,113.95232841815778,1.7889888078641198
189.78555204019634,194.57127954728634,1.7890342899335117
56.980530499173156,240.34967274879799,1.789597692243317
17.44876821082423,193.2125686582067,1.7897378700895228
122.79275471104545,95.70700109373774,1.789804808035256
31.09597708338032,239.42450575921563,1.789948724484894
203.169469601943,170.54571360996042,1.7900470655122924
176.69356350151915,99.4000134023987,1.7910059647471601
202.3829323182196,39.503953956457416,1.7910098143905802
231.54445788078846,124.11712012655654,1.791038847103579
145.56800495485285,6.466169301131866,1.791081908356238
156.8984217596822,28.975919130862724,1.7912710454985872
12.680727617003607,189.16017171652842,1.7922891640564909
99.08783811154291,47.17544080938169,1.7923760100456512
224.10984888051973,38.85017091196573,1.792509382070846
62.947359458057456,198.8222992242023,1.792559258929035
136.9111195696558,230.6889238282072,1.7927127105763638
132.4142118469726,154.73195427024592,1.7927151579810374
175.79422908854835,220.3132416596684,1.7931396749649282
26.040491042729773,156.78093226355801,1.793781203138122
37.885184648009854,139.9392248359402,1.793972803895807
199.4994656192733,160.68137539039105,1.794298628318677
186.52794387678372,238.38716865370725,1.7944388920657226
96.82085302632959,52.78058969470515,1.7944592277956977
240.4189819795128,237.2900839620783,1.7945312656591315
226.71119666225738,230.39554047730053,1.794586799357462
122.7339648782226,194.30178018860988,1.7946154381490556
8.547040235585694,103.4593412783518,1.7947939449415602
244.8305060228139,140.37655450641012,1.7951151637456781
180.83504293053983,77.71536810308406,1.7951821157652244
232.8563425075137,206.27130146451026,1.7952466549791672
187.42226250846448,106.88555088824192,1.7953317566772453
35.60978758996413,11.161728213434886,1.7954108448654353
2.462101587811663,216.5784587690728,1.7957053476256812
202.3946347948039,33.95656905745638,1.7961579437937891
17.324424315298813,246.5416855300783,1.7963642554021293
11.12174511360009,250.64828376356812,1.797246816564361
145.1907734429089,107.75002312017472,1.7972644736780747
183.50232567628535,168.02742359872053,1.797386072535749
64.50067996461465,40.32957314452188,1.7976967798079846
174.8896564809875,102.12101305875477,1.7981152293873714
243.3412519832702,103.78715929771117,1.7981418805041507
162.45899841591822,22.257104704226645,1.7982517658803763
53.53057424816556,253.0011556338273,1.7982805131822823
153.21050700659165,155.00317672612536,1.7982987314135035
187.93326407157952,206.84520384206928,1.7984454638624099
135.21849837210274,85.70212150442444,1.7985910477931017
189.8854907543111,189.85503595808203,1.7987165505630216
17.868588930594765,36.08027312305387,1.7987427595346164
149.8336651434443,103.55711358898898,1.7991523129580342
42.19801608839597,251.9146814841651,1.7992846982147819
49.19679564648878,244.29430572002602,1.7993727140745759
76.46708079411928,158.77743617926032,1.799745915276159
164.9634139684179,254.79180534279237,1.7998430764876736
82.09850214329752,200.97175254340715,1.7998779303817924
220.0429893100222,89.86649436243492,1.7999448523241552
200.18653305671035,68.14420435056488,1.8004159327522644
199.60879644935213,74.23311501725496,1.8006204962289534
175.01564748755902,126.43043216551469,1.800757966397268
200.74997727272918,187.61619012230727,1.8008327705930227
41.73283527345731,210.9677290142872,1.8009632433438796
96.60676359970662,240.2853877059646,1.8012264085341956
195.42254505996476,148.70391339835095,1.8014082392721202
176.95407450578813,214.99882950729994,1.8014882801961876
112.3421914980097,81.35820010063935,1.8015207159353668
36.03556751100927,180.28534349846518,1.8015406512392769
155.6181521099406,22.282011554130573,1.8015999488938066
15.246661975159952,18.131168160490006,1.8016712558180388
190.59905363864536,6.475894084077372,1.8022618266768569
238.77256727969072,66.6393868544901,1.8023045639516888
123.6886728124994,254.73832788585193,1.8031125391388751
222.72334929714594,163.9429965769227,1.8033002933672353
238.46873490794772,214.17500127996755,1.803342959785641
121.10891203320175,236.63530428821832,1.8035211372846356
151.75663589679982,182.3295171705763,1.8038265194933825
134.00210683188533,46.75004470016135,1.8040864912981314
138.80790489040947,247.01600721752044,1.804443568054483
8.615145581312431,84.38415521570143,1.8044927746727253
15.875009817457045,38.323981730137085,1.8045203767923845
175.5190140037373,156.4232448316955,1.8046088229680761
224.56336748766967,217.7694067446218,1.805101356680176
140.86476977469886,178.80770482910955,1.805153186947236
171.01613870144618,174.39910882757297,1.8051971592031684
140.13173491434375,64.15271502084694,1.8053913904790433
76.57907644932206,92.74401577622723,1.8062112825576662
186.8706694202175,225.51657080816358,1.8062506780179655
243.87267038496321,59.18447167648531,1.8064855894778884
70.06708684803193,70.92681606955759,1.8068305778035443
120.14782595799717,180.33364229961958,1.8068974508020499
39.213269782855214,157.89454309073355,1.8069775866661735
148.63406502928245,19.714023920330906,1.8069984667056604
38.76140869658452,42.265540231493254,1.8070457450057265
101.22487847826089,58.1054036728145,1.807280910340462
93.67043624937062,215.45998833575817,1.8072885208681877
2.898395023515329,155.43290817416027,1.8077011871047919
142.3164216538427,88.45224275629784,1.807765273350644
124.58720417989063,190.49508686168738,1.8079742872800115
215.86854836154532,173.64450498936563,1.808054962205956
54.12881283656442,187.4148150196764,1.80827274697836
84.90490961080133,190.2071124255315,1.8084033611659305
254.24720746378327,177.4456923833106,1.809119183143346
251.2545712777871,199.4737667512598,1.8094178815453594
228.7454319159669,87.47357357315151,1.8094989868073235
165.09836036983398,236.80918387180597,1.8098793433702993
29.485013887290936,156.19613184240023,1.8102954329778485
131.31939096480232,155.68311463961786,1.8103544154910196
180.38710487684077,118.49687392530798,1.8104016711279953
16.332411663858004,238.42529955937857,1.8109717901797915
34.35237349050379,250.91300679903566,1.811063165653429
206.53616860801634,24.08366021738581,1.8115956613724167
105.88899153891535,172.56642471445886,1.8116081564240036
71.94133586108305,253.83282781880334,1.8125748284534462
120.79431712505688,175.05325140606772,1.812743295420045
82.85085793639627,217.25379053110166,1.8128083279513398
17.202857251145783,220.44175193289112,1.8131206648580838
86.15503682426449,10.558994411212698,1.8133297426598356
178.3031187092439,77.70423856801844,1.8135745549227718
249.18208400889557,27.24927734060899,1.814154902988187
103.47245526496454,207.46252825360014,1.8145697129745844
98.38614609244053,162.4169582460654,1.8145857595984984
144.1929555722088,12.22984816760499,1.8147521158383728
232.97943131087754,83.02280540431295,1.8149934934097478
185.13770160499797,171.2549620328401,1.8154059542713241
136.81894212805847,135.4086569074241,1.8154903142857974
195.3695352249712,83.79399300938172,1.815522265142985
132.89476964414155,98.49932133304897,1.8156550100394369
230.57649751093038,215.59312792406865,1.8158113143943584
130.246704158117,146.92692915552186,1.8158699349208391
220.28713189731667,232.29413153716243,1.8159823444379277
139.16898768142346,247.01088531896997,1.8160123951637392
242.24645433650176,65.32737160101101,1.8162557955885588
100.09680916207577,49.19058979255552,1.8162699637161381
27.781211775953025,232.33335324434907,1.816314344389667
250.47115189013599,31.851940954023803,1.816773359552085
7.677439676822638,79.79653433460894,1.816929636827955
73.98681178009353,178.83745781859935,1.8169844439170422
166.20688276697126,210.94105063533542,1.8172488694997815
186.11789977138977,152.55975098975745,1.8174006568470296
220.3759992979167,26.742802083973135,1.8174144989611374
54.98459066063936,104.48121855127881,1.817507066513248
4.5366583360710955,249.348358668504,1.8175276437545913
184.9658298535143,130.40937986741238,1.8180121057261975
127.26572002558173,111.21274810611253,1.8187895276347594
243.0822248806391,61.484783906128,1.819518100498538
70.36184653720086,43.04769551379523,1.8200762625878202
185.06138780556185,3.399154207030577,1.8200819467167226
177.79668380924355,92.64441386561654,1.8201153317554217
27.90244351191759,243.99663092856906,1.8203287078736514
88.98304564386865,83.98591289417962,1.8204644783166468
181.5621222920053,157.5808985069234,1.8208510650404923
56.99705712739253,213.0465866684573,1.820890900858578
89.29805109860521,222.91260264427032,1.8212718161035946
74.42501134655939,50.33958402051665,1.8213222940651028
162.20285037960565,43.41055669194653,1.82132402860917
120.02888438215163,12.773317524684511,1.8215800358430578
34.66559696648824,36.399886046831675,1.8217114780711556
31.830043184407486,73.48517364858367,1.8217665661308187
243.0967901519056,220.76955721624304,1.8217841495142015
173.0984809930531,170.80171690212694,1.8218989504274505
167.96005284491827,74.55512282313087,1.8219778775651583
133.31364572086042,85.36791517983085,1.8226763846726544
155.5340242004018,124.36764184896148,1.822835825420637
22.26029683157122,83.76599332024162,1.8234850890458831
19.818102695029364,152.23106127357943,1.8235796563613877
85.83885331091486,94.94977932656639,1.8238795978257332
16.88626841894626,119.48086449593173,1.8240633433019802
51.93926105590984,12.958158951285355,1.824196907927858
125.52348283829161,51.56125141899975,1.8242189996365066
202.98544075124695,218.8452867047864,1.8247832862834088
115.6811785654927,195.21853150678655,1.824833166585785
97.6774474483992,174.72501289060193,1.8251348677440948
40.32286844730184,220.0631402338548,1.8254477876265405
29.588708371823675,78.65137914285303,1.8257757696886192
5.540663597878406,23.318713049814253,1.8258610132746855
131.03288886278682,3.8836370848078037,1.8258908354916175
246.3589855615792,194.93386052875246,1.8262589393425592
203.17630838019608,37.91333095366768,1.8266271626654869
74.41656070017957,63.69794559875143,1.8266410382156697
202.52827971445484,90.64781214629006,1.827533949709522
52.18623690807121,147.32298672251582,1.8281739378009465
247.26098745868796,219.63633484808233,1.8282834963843932
172.44004177605964,198.83632254233314,1.8283245261496455
86.27435901764645,112.05502939981398,1.8284345351203604
181.1713029725091,7.70755756172704,1.828447715288919
62.285029869901116,27.16883571423126,1.8284899543688187
179.3695833617986,90.59337093176781,1.8286646059458795
180.98624692350822,153.18775868466867,1.8287596930505654
43.740719447380656,58.86054138500701,1.8289443002947738
206.87192742277884,227.29501450802942,1.8291644058103267
76.03262870747923,221.582752799062,1.8294018076558713
159.24475174045136,116.91882296305236,1.8295314881785492
100.24392977627464,6.01421957486356,1.8296783271542811
168.94930454074154,216.7858985547535,1.8301530891348914
204.69300347447876,61.9425370964998,1.830591092658552
172.03359672993466,86.52741886024309,1.8306793100443177
231.45860913472552,74.18235785063062,1.8308234156181682
82.92168057932413,227.6804813015959,1.831033333416938
128.69037672236126,28.132168316666334,1.8314532148583653
93.07074789249418,69.55248160303572,1.831846924567959
206.66817658579149,235.2982542123813,1.8325843716285668
58.07989168299457,98.13942118143036,1.8328899516887558
122.17583309543733,211.91579815821305,1.8328990573673214
142.29966356151493,155.89468724108687,1.8329058954233726
181.44159741129147,108.74722394371223,1.8330151470248848
132.41184292921358,75.63600216167438,1.8330217258812473
216.25913244163743,176.50382921681904,1.833186984855587
78.4759471170393,51.31928985682494,1.8332551128900954
162.08348075512563,197.3549917229772,1.8334023758539497
174.96420661955187,146.57369111900172,1.834146180461454
40.531034776580015,109.86560214383269,1.8354228287476115
148.62049771089903,43.28040647829667,1.8358930382035608
182.73650550700953,117.85701661061928,1.835902027968156
254.4370244063016,187.37354273044633,1.8359167714178903
172.4362102475955,225.26544150386704,1.8361887749659054
214.92968852688264,177.68596424720207,1.8361994465802685
1.4848401835644476,69.6183448886564,1.8364382753888548
223.91235822541535,162.77116498872877,1.8365478493417802
17.711709785290353,176.6507839528007,1.8366646757796188
246.0661822968532,176.53387225722693,1.8367157966605097
11.043597434706044,137.2430573841309,1.8371848809421607
254.59560394630483,206.66556755062211,1.8375283222426027
107.27071528995266,95.46138279527251,1.8376394853754954
216.13612827724685,236.62866885597936,1.837656871626422
14.200880711077106,6.726605118466471,1.8379658954296811
8.027742590821681,206.66271542934712,1.838822307832121
252.9089359438755,145.79054745709212,1.839062799418732
87.63044302200895,226.85477132771692,1.8392946546208095
78.19836514372481,90.72084558013532,1.8392965254418867
206.96439018712076,207.53096315266646,1.8393747472395734
15.822180805487971,61.04522500063315,1.8393864456084585
202.49121574357417,195.84288800414652,1.8396534319935585
73.06771764668767,136.31799645495082,1.8397010706074377
173.74959581788926,89.67035036342227,1.8397648367892467
36.65389569576903,122.99444103267294,1.8401527348053575
96.36996568178566,248.00766959957863,1.8402864496176643
157.13780850181135,225.27351127973603,1.8405245088552726
59.9410645046756,49.53473818007768,1.8406693660423958
206.23559896093633,236.24923326809446,1.8407277870164647
227.71867571683825,164.61809062849235,1.8408427875213198
137.45210869144583,98.51179981805815,1.8416901508157557
246.01142342453755,13.841463051740464,1.841900627883811
222.89277023496123,105.87496199907257,1.8425629972969315
130.03115633984933,227.09935477979468,1.8426156641130178
74.93239804449493,63.076854775685035,1.8426658123016033
252.35707641779527,194.35803989098704,1.8427130740799031
66.18344290023505,235.29126759229277,1.8428363766377591
210.10339950077667,151.2337439624529,1.8429618475481098
221.4461586362769,194.10151708664682,1.8430597628342773
152.1670756273728,85.11444828537039,1.8430663587787601
236.325708929364,177.49469769777744,1.8431529990906723
190.59528384766008,119.85254952132773,1.8434751331636172
226.12892282823617,180.63038235237974,1.8435335229884497
205.1589586667457,221.38679365317145,1.8436853046409454
93.82006404494484,65.72966632775777,1.8439037325882146
175.84556458994166,121.31010020951722,1.8441913646977155
97.355887765257,81.00642327029968,1.8443425425374722
91.34494206376536,211.65338201505048,1.8445489413259533
89.76968205480739,59.5456740222609,1.8449052932845027
197.44037233410674,170.62488717723915,1.8449466967108183
64.93680285169185,167.70897563214197,1.8450433096122436
159.5863316626485,132.82945080840895,1.8451427713900912
110.32984782271386,57.46388852257033,1.8451972121754807
51.12969796163562,140.7126570131088,1.846343291807371
72.20922934089192,232.33487465425554,1.8463579399297567
1.2686371070853535,1.4463951197868896,1.8465315703205887
169.15038279287836,227.49069456887955,1.846676204250407
195.65092095242693,141.5569566542034,1.8469580138390773
137.05769608837204,152.45252026083588,1.847190086695498
204.50562353996588,143.10143135439796,1.847261730574203
162.83603338619162,75.9930318074854,1.8473442406278084
153.24675504552235,234.20677233110294,1.8474957105349412
45.91159621946999,94.74853250080766,1.8479030368149207
186.4707998022751,177.48980862914163,1.8480554671128184
233.99276508149325,64.6212716312654,1.848079094614379
35.35432835645689,229.9065519323928,1.8481215911749462
22.974620741977102,66.76954735688467,1.8481362452728194
116.78128336523088,100.67318261773029,1.8484028168192468
28.86658100818892,187.8093057571118,1.8484405664917303
159.0128601740902,105.09888153314309,1.8485903205123302
3.0674730051909953,241.60103597456668,1.84885194763182
197.44230450971835,107.50537770671116,1.8490397936787908
253.9887860461972,85.57586101281582,1.8490498042446617
156.07021204492455,146.329975353933,1.8495892676413623
175.53433990239148,241.85772938842058,1.8497110394782792
179.98389386950274,205.99227733632836,1.8497975219423761
7.511657075315695,133.7391711233014,1.849810873160204
155.72501994722174,52.900372255840296,1.850270240621337
251.2671440165005,168.50500546643357,1.850442474014411
197.89125979412862,179.90958132361587,1.8504434188770613
89.21647499308303,7.472495389261655,1.8506217422530888
218.83873026962848,121.78338195899133,1.85065647675073
0.362029641744932,92.62253399414018,1.8509176942562822
194.2196051791159,96.39418724591246,1.851123987907449
63.08849989310011,83.04234087934023,1.8514629100406763
8.665517031493703,3.578933674706808,1.8520089834681004
101.3031538723893,220.323700249758,1.8523509734379844
236.89922098692503,153.45362356628792,1.8527597519483903
140.9175376232788,122.22629629910178,1.8531408067991593
222.01273659454563,164.24831731815598,1.8533539327371265
100.43044011885573,45.25118887194964,1.853526486202648
36.96323370097949,135.15196287725408,1.8537402403764682
194.57243037521818,66.90462723613062,1.8537419853653563
189.9693421960508,146.05005480301395,1.8543261650951655
170.03470055078247,104.88626617642639,1.8543490060867116
134.61251844756782,166.00332759135102,1.8545159418153108
67.89802273336524,44.75253522748946,1.8545376152476143
56.550407506666964,249.3003015614572,1.8548269039734342
107.92466423261185,41.29885220231506,1.8549871353930165
251.77619404570513,31.105593560021372,1.8553589541926137
71.1992397467848,143.18199896793953,1.856211665160008
152.52125341845314,148.97323808177143,1.8562293350953822
212.0263993022417,212.97608950747323,1.8564437015192703
149.80638398471854,29.984400507659068,1.8564718740718966
198.5662514403541,186.68062085943885,1.8566989605172421
37.872919826883034,41.67093760914522,1.8567677700219984
251.77019729707732,181.22930609891708,1.8569277942427898
200.0756396206022,176.0347146238437,1.8574007591940533
254.36423093732148,68.84017216903887,1.8576038568668258
103.5701092417829,56.432980966194606,1.8576952846099555
182.74047790548778,34.816736905450995,1.857738449610213
206.48857363831664,83.4040980058096,1.8580611862088834
110.83471960289069,120.67202910214922,1.8581838772959396
133.95816629659714,144.83436923924089,1.8582981259737998
232.9213582495707,84.84909360738233,1.8584716222662534
142.11421018221085,76.50319307312084,1.8586361942607377
196.9161366290771,150.85855846331916,1.8587459766172194
1.5957365980998395,42.8371156069289,1.85903304171833
30.267653383350343,8.601115902112713,1.8591212306405835
128.6539444688456,27.022287186080153,1.8595403222271523
64.59641289845334,172.866517129813,1.8598084663174743
122.88566733070195,99.15350023039373,1.8599019322968957
147.47449336961333,192.23029610889898,1.8600077574515257
150.5237289569243,35.62408416038561,1.8600890317943053
58.959347957483786,79.62172490245162,1.8603388904675247
206.06844484924832,28.64059616601176,1.8604439855439632
224.1894317038214,142.62541907191846,1.8604766961949348
76.9198176893008,227.36550580957945,1.8605827337416876
148.40527217588203,160.96878970792565,1.8607786529062689
134.6954426195696,146.44903180050326,1.8608818302477743
230.84369733358747,157.81979155485382,1.8610636235444737
173.4396503505903,60.186172939157,1.8613158402267123
114.42225477608923,28.235038157441494,1.861395226744026
44.70232051819989,115.62721988830843,1.8615442952237615
93.53485126583867,166.40442874813965,1.8615586454700026
141.69649813418758,238.27130458013556,1.8621663309406118
37.64634065019973,242.02368503708743,1.862169740150355
142.18664329373098,194.55932962302546,1.8624321218409092
220.27332746971447,228.8170156066064,1.8624845529898795
31.24469411316095,25.358614267995804,1.8628376859833375
195.73912650442662,221.2395060487939,1.862870807918989
37.34916165363142,94.87413514604576,1.8630734448924264
89.07385529290859,217.46871972103023,1.863251038761999
3.692933469366521,232.6949496519074,1.863699316009804
16.44048341077769,151.9704463393318,1.8636998572401027
252.18127478934858,50.11312704644183,1.8637575559033965
228.12979418027098,23.660429979073683,1.8641341744774915
20.211007970455036,41.67003849379006,1.8646846759913795
212.31212249566332,124.43038595135188,1.8647175424047555
49.97143678827108,210.00659833955802,1.8653101799654421
198.37315358776317,9.562095084347513,1.8653541823884339
229.221029981679,193.5115877157921,1.8658572079854265
190.52873708106333,59.451453777625304,1.8660966037473652
205.51960887049663,122.82228990412044,1.866228321747633
117.99597853023398,109.77472818523324,1.8664549061469535
169.66550122553568,41.59410682595009,1.866524733134266
217.61930411348501,118.77435752652416,1.8665349567509375
38.56740665254141,28.188307375727476,1.8666423847195615
235.64537795005606,12.05686052393211,1.8666615664627764
30.392675835428687,130.09399192085655,1.8666773774554895
156.86988504022645,225.5131416052387,1.8668790320777748
50.01773295616189,0.20946554009208307,1.8673513089772775
72.24956038357092,84.9902535637814,1.8675476947445147
48.728450117454514,214.0519467671744,1.8675552764282113
194.12338300405443,153.54671227418052,1.8680616238773566
27.72641812209822,56.811207979634254,1.8684975875917549
184.76932368728285,237.15083504753028,1.868505434810124
182.5468299779542,93.9677479909735,1.868671583141634
20.56407561426038,48.86789589879773,1.868792764138467
38.59261161018688,6.125319354238331,1.8688807177210154
98.03095215573322,216.442640269483,1.869250473152568
186.11681536786193,86.81214455912347,1.86939602851158
248.70865374904687,108.55117324716521,1.8694475646504705
190.2647800111947,236.38852916693264,1.870446914035884
230.20805159809007,236.5093121174317,1.8704725447446624
69.58742959010328,186.34477462181636,1.8705536556714275
150.68106496478953,222.72271732219886,1.8707211840814466
11.948124922389308,149.1341865396931,1.8708949373670798
43.55324215261172,45.817216262022306,1.871027089095867
117.57364460675402,135.14162447424317,1.8715492696461746
106.70038950151805,109.26938242439901,1.872014715914954
31.687325439383088,37.49422435980213,1.8722550737951886
13.7591178113658,57.47988307253883,1.8726991597049385
173.9260476113149,11.608672602683262,1.872743194104113
201.79812474800644,210.1134838100375,1.8727545999605815
70.30203345499211,32.36198349948616,1.872789577469139
72.75957077207431,188.21197151867162,1.8728478330490903
64.19005198202264,89.50506522640211,1.8731924163275695
239.28927648580532,110.57929069583732,1.8734588293934595
38.4590536167538,212.45941467518625,1.8735211813858705
66.16535799613544,37.46817853324872,1.873879843567431
123.71418190851877,98.79540469153133,1.8739008870709581
161.91649421784635,69.7396664189987,1.8742562834599197
235.27851247431258,71.94800937043809,1.874408799060747
127.70049648988339,186.5413543350596,1.8745222149067193
36.23417749520662,75.72728977824943,1.8746626422731876
176.58390335110388,155.26956601243205,1.874878381140779
252.35871517476036,21.989643995006666,1.8748954704558825
9.608551388925216,224.73647486983754,1.8750651927865973
95.48144605571665,55.07154713465242,1.875328411158934
116.73320528295083,161.31543885247632,1.8756841809114067
96.88220294519799,13.41253960549905,1.8758170545684536
16.554272632220133,156.24007262620003,1.8759122759427553
182.50461141339554,53.49190174078735,1.8759231929022673
177.74733741219052,235.50880827883395,1.8767474926264507
142.82982949310232,84.88419248220443,1.876941789719618
163.52049885196297,119.35531084030646,1.8771377232003241
13.224709320804235,35.754309252313064,1.8772707664820865
153.49401884127346,180.13788806429667,1.8775495592942955
140.96303141645518,86.06389352936957,1.8778846545633683
16.210986689008497,120.87500623561793,1.8785215269679156
119.88353702781079,81.81179729504616,1.8785885902831074
171.33614573655709,170.0307917568189,1.878717156733947
126.55208918866177,183.78286437355806,1.8788832976194207
6.847002398904848,138.581402026813,1.8789148816524892
71.62833752726654,183.3154244135193,1.8789229714973426
50.76233282383852,111.03527578758585,1.8791788256619906
231.72473966055918,25.07972634935415,1.8791991086607944
38.24268732079687,31.119053409970675,1.879301160896012
124.36007691054442,27.567962809736642,1.8797087490951885
233.5783831951293,6.641454737899892,1.8798817270607253
44.60439989097502,61.6675905342239,1.8807165683883726
139.91881486910586,71.10353010974471,1.8807199877795295
165.27916679313094,58.46971132858493,1.8807258705917913
227.73544756418025,107.16487798435624,1.8807631885177434
20.20540238090044,48.62263669229683,1.880954514742914
86.82263030283035,151.27982030435214,1.8812915577332268
83.34463528056932,126.24591529565078,1.8815273146643006
85.36288977702074,157.27654636818016,1.8818256120336625
139.51594270370455,244.42852235774936,1.8820222182958384
105.72575042238627,105.80027606874458,1.8822789631316221
173.89989519615713,138.8385063941949,1.8822820642819735
2.055342250466456,163.7777361749774,1.88339955300038
12.712472960662614,204.44306529394265,1.8835634613873296
216.8618113373367,153.77580907385422,1.8840038841320903
218.16306015213732,43.722646031591445,1.8841768650631774
48.265414878657715,101.80531681654085,1.8845067879548287
224.23988552747647,82.01941757414545,1.8847000173512904
86.58765671278886,202.47185256327776,1.8847155617508602
224.54977502103546,41.084203140315786,1.8847768706876629
145.42512161172456,239.0201904411669,1.884841046344138
224.69594897915152,3.562534085474039,1.884909929313035
23.37186048089183,154.47896900811767,1.8849223735644673
198.20191658435172,151.9243911158233,1.8849454265291004
80.98454010224734,222.64525928465775,1.8850265794310463
39.906761663978116,24.711543647431863,1.8852479323744855
144.81019007806114,48.86951611639242,1.8856054707034575
195.60920476490526,169.38096648016278,1.8857637068380815
110.34544313410744,35.4287243727958,1.8858665275392865
80.97488861732073,194.6045424576002,1.8860327382528963
86.07406563396522,9.202597096440616,1.8861306128590924
61.87842128643268,19.315683263356526,1.8866677584933014
95.8504535812351,248.03472994344776,1.8867577440670005
69.75831433113379,125.67881934125951,1.8870247177756632
215.62504746447823,181.3214281997243,1.8871454382268669
67.30722243785003,113.28685079502704,1.8875127299022934
153.7877963712084,234.47682454222087,1.8876136899587306
98.2858761671442,223.39205262192735,1.8876343922523047
62.20753881621833,10.749024544929904,1.8876596166599031
57.06296722132489,205.31767225416633,1.8877498156197665
217.88184238032792,53.14374675019009,1.8880529531416435
186.46430268927966,215.57215314812512,1.8880985389059832
227.02849631208576,135.6776085805349,1.8882976475801234
100.21652732747994,48.96829439438688,1.8885329897023797
167.0138381017084,131.2741940064642,1.888995415558969
245.9958625674108,79.66718635005802,1.8895438932169
214.80831967549676,41.177726288019215,1.8896716437881242
161.11471760630036,101.99777375628409,1.8896971510329605
121.94591464519992,138.95948061371834,1.8897566249931794
80.46098879019316,118.87751228050963,1.8904900006805812
231.23288627471726,125.7604951936322,1.8909047648040145
31.68835107257992,77.49701494606363,1.8917030807473392
219.15396317656493,108.59722302594162,1.8917051103828864
249.96230189791552,1.3952221323406526,1.8920117119479842
66.10890812832334,15.943087869208055,1.8921732833782736
37.27104903404538,254.15147445533918,1.8923506452614138
178.501676648661,147.40311743024026,1.8929381783199513
76.57213368761508,154.53062269940978,1.893609457749754
59.40720806556556,206.56238420211082,1.8936726266192994
250.7173488047625,35.503186108965124,1.8941785455562457
188.8988157234051,86.29191425040962,1.8944644662084156
139.07185633750032,109.64804669629636,1.894671984166085
74.6599682778984,54.66642898065885,1.8948577011989012
132.88620719801833,194.5178261845071,1.894981641121717
145.62996430167928,252.45310208628572,1.8950928144060533
33.87333586809099,207.4609733062669,1.8951002871763791
21.889586202535874,254.83102751104593,1.8951891312460185
30.72113920193276,223.80613774261892,1.8955934252704176
224.74988906132896,147.95442166287484,1.8962332284011718
42.04351988069765,22.822693360103692,1.896649945953148
181.30982391576708,24.58365205620486,1.896696700127672
108.44957956100198,45.45363366317537,1.89683207651679
218.37708851569374,95.86581366644118,1.89718015993096
31.410726064044095,239.93641237220442,1.8972714524320236
17.929121351218694,120.54248719855246,1.8975537779317722
149.30615997637432,167.45975339860877,1.8976569075466774
132.35307879806106,171.3080693416888,1.8979551092927824
22.939763961285504,214.79811714772015,1.8981127360415904
202.6109154287701,90.9615401811688,1.8982634086538188
90.61012483199471,119.82694128362564,1.8983246558653069
102.21433445334057,136.04121532428442,1.8988843089824026
124.24287560357755,107.2875859774282,1.898898168196152
249.04216515483708,51.836287918949004,1.8989535243293465
204.22094849674073,86.56927402101059,1.8991933261235914
174.19851103375194,206.72621776887956,1.8992702165487823
190.6849344209801,173.60865180019363,1.8995686793726114
244.96570504127286,184.41340802494472,1.8999518320821651
174.4457910981361,20.49702127494175,1.9001504520323214
76.4248904479814,154.50330320440472,1.900308233499972
72.91252965674326,140.1020554933873,1.9003501789112842
161.3957656222963,160.44956361281297,1.9003878801002179
54.78101106469291,212.60165682314226,1.9004748999968524
233.42661917859735,65.94724200278144,1.9007155302075127
12.920895070129115,180.06978385536826,1.900772788028284
81.38967313318221,18.399839931004305,1.9013776064374517
78.04998204810278,118.09351598591616,1.9014916055829216
94.90893605530246,235.44131693289995,1.9017115068298593
175.9162456605512,151.66479874423354,1.901763521279058
223.74339636266376,127.15615139943944,1.9019539715330822
53.35186205370092,7.649930568950354,1.9021963140737699
134.68503110563358,169.68815744478425,1.9024154214452704
39.18095761756712,159.16958711888026,1.9024286516175295
219.77105355589833,154.31215626548462,1.9026867022627645
74.37432178929254,17.64327386804321,1.9028079710722519
68.67822159562122,101.4012223288194,1.9029983971774067
49.89632900046161,181.73926408459366,1.9033793641875105
10.542576503622412,239.0450804908933,1.9039157406711396
138.47464901997668,216.40218549479326,1.903952196721314
189.8211349488453,195.16504728872553,1.904839335045961
221.52219109863682,28.756309926452577,1.9048479954937447
178.42336250268067,132.18406488866952,1.9048901449104425
26.100767912732856,180.34272250183096,1.9049222109089305
145.3124571324081,162.86794019744468,1.9054721394026661
119.0929107193305,56.966406786957116,1.9055583938703995
223.4355774010414,2.436388246812666,1.9056648378920247
7.06595100086455,78.38892712766442,1.905992421983923
169.8500245116406,168.0926613593225,1.9075185654752334
34.68603266304742,232.5491568781658,1.907698668949504
181.50403893820362,4.7478905397314906,1.9078660603982256
227.67294165419472,214.72623659362662,1.9084032767833903
216.8962961527767,181.82024488665684,1.9084585266089298
199.44452998515138,57.56367355714499,1.9085582305550746
87.66167241960997,56.18192935511424,1.9086984868756307
254.41180358233137,130.44290029196398,1.909253139631049
198.24159626921738,195.79623256629242,1.9092619867638057
49.51743221143205,99.15087652017361,1.9093598242122256
202.59889026912387,197.77278522839455,1.9095671217160473
34.33236860798003,90.55758026723394,1.9096390039328053
146.62026028105464,137.5076047117915,1.9098996510009465
60.376163082461154,117.66657393802707,1.910110803497248
87.62340768425877,220.86882208849653,1.910249393405313
190.99385185490985,230.81766762585886,1.910297684798376
220.45324624173097,222.32840326577383,1.9103538642562459
173.05183375103664,219.0854157324651,1.9104863063561965
105.94568348522058,125.27077589674002,1.9105840034172825
137.31648445547816,114.59559801300306,1.9108625303381361
190.97711635919137,180.8824015144322,1.9110717954253411
66.59892383276973,125.27655868699493,1.9117387256888687
62.328357079715886,231.23369744409925,1.912701396121185
70.25544473811966,186.4510458980426,1.912993685135074
213.69976203491137,206.85338350801646,1.9131522201054925
241.48732434229487,229.94531673574565,1.913217241093419
142.68924244877834,111.70608945814524,1.9133470399044166
35.266538138651676,115.3719648382764,1.9138164501397483
148.58114819073123,148.44705366485442,1.9138469980709778
192.6461763268138,239.28531039307197,1.9139112884300462
211.14175603379445,57.01495860339209,1.9145057458416466
100.34950502933484,226.38443077628344,1.914557501851567
178.83653859134688,226.90701147618685,1.9147820894643663
221.97298685648178,227.81603361608302,1.9148324760847912
123.92202322275752,44.34888606653119,1.9148415234446794
163.81635685578127,30.28890738008371,1.9148772976825046
40.67843605946248,228.20614433640264,1.9150193581238875
36.58571702378097,238.71835331719168,1.9150430919417611
61.053808247801264,144.1045435593932,1.9151392810166872
93.90378289458083,54.776274481741154,1.9155852171512158
117.3464288402577,228.05020425933662,1.915651890864964
209.82760930897527,204.7015320226403,1.9159077014280645
36.30665212618733,121.22146391905262,1.9165174074832505
25.315563761354266,12.969632771741601,1.9165341742906077
51.506285341409836,52.466687775942816,1.9167870666240416
34.44846575738669,137.10751126974864,1.9168397510070723
202.29159321870537,145.3328306882437,1.9168561803415085
19.32782795425445,84.66667325171014,1.9168606265630488
120.86156629336769,157.18530396269355,1.9180993197732616
6.413484450690588,171.88419705414955,1.9181117840150803
5.447695127967753,40.9704796044329,1.918156335495913
93.61417091696553,143.9730253013787,1.9186417768358826
116.85553163416988,88.27531211957336,1.918722998514238
170.38554490452498,22.786458124754905,1.9187269504806284
62.87601269625796,67.4352064646506,1.9189487187330465
211.89151842371203,47.5289569042375,1.9191673817711277
90.6532112481177,35.844336395622705,1.9195690812195172
118.27925465918902,234.80663677420566,1.9201591064670989
36.78632002541006,134.97638145454138,1.9201604932951872
25.85586795438156,243.50588511522326,1.9205634978323105
175.4960447048255,143.00585864826212,1.9207789024890725
121.55140407870556,194.36610608781567,1.920815767284031
119.22679086854042,219.630098855421,1.9212703701183929
214.81016099932592,239.63106371797147,1.921286982501732
68.4008427485053,147.85540850891897,1.9213138089605746
254.52082892664524,72.99420837958291,1.9213220068958143
199.2393916638651,16.108234283498145,1.9213499010830906
206.80787918841082,97.05668527373692,1.9219118418290893
22.733197774466408,243.39363941740285,1.92191270099382
56.773103747694286,179.72333731150064,1.9221104896141852
76.50818750147327,181.9326079695081,1.9223220907344745
176.42179802639455,2.715012137503766,1.9223718135635255
116.12365800532432,250.9432033688656,1.9225009232740626
117.91987818301479,250.75993172337735,1.9227356096335777
182.81488555200977,173.21521015778788,1.922766686168094
98.59973473034422,42.03286912199029,1.9229789583736394
252.57564609871477,23.087863954201477,1.9231706257018615
120.98244073730922,171.3906135036589,1.92320814647758
198.6641527961306,104.5790344645661,1.9239906633606891
43.62668101269605,63.54298007551117,1.9245377550057747
242.08282873684868,116.6417809521034,1.9251118232936628
26.234309733470607,112.70349725206083,1.9251700625367874
40.20740614412713,45.204580072595334,1.92527952123881
48.02529919728098,91.93172435235255,1.9257724808582064
78.3487097313266,195.14065133216033,1.9258209686396728
90.24073911895364,213.79114533234429,1.925855713870901
244.34079923740313,36.85600783022255,1.9260755936564011
95.69698926807978,2.037538332885831,1.9263650316687015
140.16845349782827,173.38134027923388,1.9267430736377362
171.10536849974426,237.1184265722943,1.9267889659792912
183.72115086449196,191.48014696539735,1.9268173794206767
65.27980664892881,208.54662458687523,1.9269260923592921
131.7313973967442,131.38298101138437,1.926951610397141
97.91506994378834,131.10715335326833,1.9271988579465342
131.140675995375,112.40480160940943,1.9272160844657746
208.60069254912594,42.51588183899331,1.9284682304672967
82.27938139712441,206.25731436092354,1.9284717827534197
233.20986035083519,208.79048472259274,1.9284740881164801
140.11769889269837,81.04042180127806,1.9284878609629659
88.7626061961471,200.51873488129146,1.9288626452946933
78.51061739732569,215.8003619077247,1.9289249680384482
168.55013904499984,87.87238665091571,1.9289923744663564
13.608571282926016,139.37121700811173,1.9290472141870965
185.06453795195537,116.35461906514942,1.9299239653930667
7.4870544812183155,177.89987164039294,1.9301811866325278
5.0211395932195435,43.89389437472674,1.9302410546390338
112.50112497954329,80.80400197322825,1.9302575909111106
94.29917475974968,223.98339850506076,1.9302674787197904
189.9111298579912,27.292112265037137,1.930386562608833
6.131548194076059,128.00471674598342,1.9305921887441464
165.50844300518034,26.500323739705845,1.930798944196902
156.6487567854544,141.3365622615349,1.9311411113595776
23.830984772107048,186.69659821105654,1.9313140165205451
182.78819175497685,5.5971466048174925,1.931488327227653
242.38754927703118,177.5424867346885,1.9315319005657101
108.70032071384543,80.24650718385472,1.9315942355830962
207.42488067101928,222.99116128083787,1.9320263161532598
151.06661217854702,184.47501490214455,1.9325602425588273
39.28691393110328,211.49389151426237,1.9326038367657465
84.39818455347357,21.923774057968323,1.9326052671268532
42.07937498750836,128.440725379162,1.932921146584837
159.02992566714659,202.6429453819979,1.9330568173030585
147.27845388948825,45.11140911507315,1.9331908979874266
149.53112727711093,232.3666263907884,1.9336141168010432
65.00325268015929,43.40571305459953,1.9337080321903881
193.04500233147633,147.27348194000177,1.9338667190442689
235.69119699611892,131.96752341106796,1.9340695249121964
111.6431529382677,202.66080542262202,1.9342724620640992
171.96408763857974,243.93146545107703,1.9343776416208671
23.777830404784808,240.44079154741976,1.934615309338871
213.71470375754106,85.4717652652768,1.9354548439988952
37.49350203777529,143.0748706096114,1.9354574105494518
9.20782903015252,114.01650412820732,1.9355422801746338
189.7401319686681,148.55892979799805,1.9359959792757393
15.185984221736897,37.84226467105801,1.9360693325247236
115.42012475753307,248.1626552847845,1.9361801286008977
93.79324927058282,116.02003665748198,1.9363099794729968
8.528854027415234,61.06127835804767,1.9363676256789626
58.597288429885076,188.7146781220683,1.9366892762629806
221.7750968816485,84.38761618585943,1.9367010745057476
103.66589147411497,254.3187020165474,1.936747544263524
175.71946930217715,248.89475263225378,1.9370741004870549
232.82963269627274,210.8230438806844,1.937221043157821
113.51444571308734,152.5155018623351,1.9373133190137923
132.4313381127329,106.73487688613422,1.937397779571415
108.3940745780349,116.8333166355191,1.9376065764480026
144.64894367537823,3.2971194033984306,1.937949224584097
67.7557990474152,153.99501722690937,1.9382937159713673
251.37536693800342,15.271732754246703,1.9384372014363855
17.32270732407787,78.61219607722954,1.9385110612784318
116.20368517924338,213.57250335456354,1.9385268165968963
147.2215182858353,112.63198705128326,1.9387787183242624
110.96454232219828,242.502237019158,1.9388224717774107
252.98595717590987,251.7329441099267,1.9391291711493934
127.14436331302349,112.10590218600895,1.9392016370153942
69.20254668483432,90.69718627921918,1.9395424520909144
56.91718083359668,110.0366363222144,1.9395856001250198
60.0291769199216,181.0711383820706,1.9397045772131283
33.90359943438404,163.80326811190247,1.9402367628408514
114.95357962341886,30.48881299187815,1.940306984991469
167.91338175114905,126.34904760978954,1.9403780721481971
63.762534292268384,104.63665169987159,1.9403827775950013
83.1589358425353,32.60863513366854,1.9413911162265953
216.84464100505215,152.38513460743985,1.941609112157633
244.4700128917195,146.22675811472118,1.9416855764237522
16.76546672636366,69.18583659232445,1.9417036870957125
223.25876636277306,102.58183643384116,1.9417697141138812
80.56795566738126,52.13198882047926,1.9418852243078248
64.35292350125889,92.12337782481077,1.9419121231622598
200.51009345071614,153.03484257575988,1.9420206161047797
167.43562511856993,29.4123746165328,1.9420681900681076
181.13877760500043,232.71943604679424,1.9421360302788722
17.654216225579518,161.46205155293637,1.942143621243009
74.41531185863988,230.56617572041137,1.9424989085518094
42.335573305285536,87.03924656523581,1.9427734601614668
132.59826182027402,194.07393387588687,1.9428926033759157
64.20779037243602,91.61786516572313,1.943061941665727
254.39960475128868,236.8964314498918,1.9437974244742813
14.661616092597304,45.26571966383324,1.9438238746652055
217.58562852772718,61.87818005371574,1.9438512351341901
39.594799694294935,29.09113409148446,1.9439115868267733
88.13794202022783,26.50213753077213,1.9439511596482495
19.128229233197978,182.7681367654633,1.9446687177254183
96.69265698232348,32.08147944532445,1.945134775227139
238.0133112173917,16.963399611858677,1.945253841533155
66.66111802718056,81.09692493317058,1.9452763280284064
222.57100956483856,247.52914863097982,1.9456152041509664
241.29070704027188,119.0209942722479,1.9457437118839065
28.69800697026744,58.722418787658114,1.9461145936109008
177.21773033862914,206.45703208794623,1.9463545585550541
0.4755174900339054,182.38041627855037,1.9463954938224315
178.2579193186119,162.64157784913206,1.9465307059689811
132.02036453417966,160.13512403552468,1.946571483138211
49.971408009031684,160.98217676329696,1.946609251086607
138.890878139142,31.217013913520006,1.9471394219507188
193.4416831363817,8.86271712805856,1.9473821568690526
129.88386442768117,29.342852733750078,1.9478804741786802
143.71524095133282,226.49224557885924,1.948304154353341
53.09687750908162,198.223960377076,1.9484671562590556
173.08146063071854,115.2235066482627,1.9485137160217247
22.053038590303963,142.58363902391093,1.948547955906737
182.28678214274694,209.84097142702066,1.948662556655901
4.834744886931017,38.03518100745206,1.9488288340484297
119.15037443469215,59.308512767975536,1.9488350178443
195.1453335076254,54.082848243233165,1.9489488305195444
214.47633620062666,243.39180594889237,1.949087144796238
166.36299719985,179.93253612311022,1.9493042369201452
151.68166041327603,230.2924987452484,1.9495137960303077
25.330531228603917,81.06298405524957,1.9497805657727119
33.91279559943444,206.00191782675267,1.9498100456550547
187.65584275580306,174.0549485236715,1.950120244119225
226.81360303608272,30.22256764071576,1.9502644394527942
91.12395579489223,110.9232198606709,1.9505592103519516
53.09727681221724,17.56546230648764,1.950760158407442
205.37714111060518,47.73750390452007,1.9511316604552988
94.24421932825729,12.718573983488632,1.9512883902908165
180.59656469471267,111.01959581176749,1.951362521929781
31.000938463426294,214.9446370364303,1.9516292649398697
30.71995588919624,181.39176676447434,1.952016509858685
133.71597812227216,42.90575621279235,1.9520845303611376
64.24647199624498,133.82066834085995,1.952163937868958
93.04629274131717,114.19592363355855,1.9521963214249753
246.08526173422035,234.93841160176882,1.9523359074295021
179.23714363782037,18.76011893748467,1.95293026926069
82.0149770988072,152.37337430887672,1.9532184990527395
224.03806504576107,118.17794015660702,1.953464247110958
124.2234438732409,97.63138452209661,1.9536059400669032
94.98063021008623,165.86776714276272,1.9536232605076325
142.23505098758986,89.24142523512681,1.9536931999390716
167.19145990840724,61.196566557497896,1.9539340902941704
107.13684756979758,246.83647935936548,1.9541630496919706
100.49014572334636,172.6936898216822,1.9542078769706144
219.2044306051737,80.23700192502494,1.9544273559121572
52.8998614055645,239.2025658069669,1.9544531539857908
177.6828396428524,67.45487962279711,1.9545316929887262
238.07462448480305,203.7785521977996,1.9546287735683578
42.73459655694406,209.92225190825712,1.9548097967662967
215.16737758900624,245.67506951424224,1.955011049242316
250.96033918876122,242.76225451889033,1.955083056192783
95.9828796912951,137.13864985487396,1.9554627782575917
207.9642876738241,161.73633047610915,1.9554813506901205
193.754037377301,41.825101249222506,1.955573403201698
96.3643714064674,50.04279470228532,1.9557848157180384
185.10200512160492,120.99730789086979,1.9564289399536723
124.91270747800105,155.96895783345707,1.9567992594389176
152.14399277267609,225.10159012610276,1.9571898353455959
23.677220144080877,138.6646156325972,1.9572871058045063
240.39680891159668,170.02409171120303,1.9572978211433052
34.61230576567374,16.48880602124771,1.9573985046493438
184.33987056305418,57.139848467274135,1.9577589207341732
249.88953238346477,70.83312809741435,1.9577842834209693
215.1069320306853,63.461563912870844,1.9577939550906622
201.86732836603142,231.44696850451916,1.958051916252045
195.6829519323989,85.97624225829085,1.95840731269254
35.1114456138502,180.6266591939499,1.9585254720625473
81.63460623864847,172.50953369798168,1.9585366939820636
12.508722219759395,240.5100689978182,1.958612933921211
162.5914229642671,235.5643328939341,1.958751280354889
244.75204305524088,167.7938913836073,1.9588710997420977
85.6445327392527,101.66367496601778,1.959451387296185
1.0750172091898798,90.79265039596024,1.9594723371823342
84.3707594365967,68.06281587890369,1.9596791078637787
49.11576352194536,120.3424408327021,1.9600769850504056
20.899857110810355,90.6472148603396,1.9602454460419587
147.1359631010284,51.76347217668647,1.9607125322514205
187.75464854928993,191.83220360725957,1.9607993249804305
199.59026390616867,131.7465051611581,1.9608495863028121
202.9851437667609,216.765583162583,1.9610172574786062
64.33693666015539,85.12992324311328,1.9610211324517746
177.77927764591507,190.20841268454188,1.9610446159600428
171.83145402474614,21.947950401588088,1.9610651190126207
76.54444987591393,24.33978693045051,1.9616991048180958
65.11835154621251,45.19196239229729,1.9617644554704203
252.22572654480618,17.310163443630657,1.9625737936927952
215.08034295662796,219.2062173989543,1.9627586012810663
39.38924149975574,166.7568780206333,1.9627633343640214
156.63933137182363,96.38328825201579,1.9631948876650158
53.26711380250176,38.43793585694842,1.9632251594608126
216.64879504416638,93.530755521913,1.9632960838436582
76.0762764972864,44.09770912217847,1.963588941375966
192.88829116509072,135.6072037585009,1.9639338835541527
212.9837394897775,174.37812911709767,1.9639771711379483
244.92029422042424,80.55611167345945,1.9639997357054408
21.98174779797365,152.98940760358676,1.9641143352757395
108.9120795303428,173.80426650687627,1.9645668650596932
146.424274274978,10.663891643763074,1.9646335368406633
56.592737339841676,72.66337336052268,1.9647036301273508
52.61107361047918,200.60953604682751,1.964736457809094
242.00130024653043,147.03768645509322,1.965160262172812
78.49051006982143,245.6571037624985,1.9651810584917748
5.524405761808417,71.12253061939113,1.965769691270442
163.35166717312114,99.78499383683568,1.965815292102966
60.999643209202304,134.71415082995728,1.9658322621115782
206.9007021295351,45.84799728330607,1.9658691717389858
194.52676841346886,35.25764597733221,1.9659248081904874
211.9545309353251,189.25260745909395,1.9660080612710495
14.672541442847072,191.3082936233567,1.9661693554124362
234.02218861202124,74.26083055956683,1.9663280262737837
86.07911938432667,183.86651813139824,1.966351021856586
209.22912976087852,89.26057822170108,1.9664126888391025
35.167922240855674,105.77521845964554,1.9673005359537619
219.8554810068584,54.04045465351405,1.9674653924632266
228.53730015691866,32.479331874741035,1.9674775205438901
179.90144664312393,150.8559861573413,1.9677572020877594
134.52050554907106,64.50526000555713,1.968081544469073
26.253158618632536,106.95770409276793,1.9681209847185912
44.54347693959012,169.0926164568957,1.968242333458338
238.60289573641484,43.20409361185513,1.9683999089854
165.0693373774895,75.48459334699884,1.968907275553841
68.42509990559351,151.1931179274965,1.9690599454422995
223.99256274350236,169.79137331187454,1.9697039794901778
68.51722244510572,9.86877082914989,1.9697090349523347
110.32077768495657,136.32591449617578,1.969724699509975
90.31682816149478,31.823792905382884,1.969798450192384
84.9742581263895,243.60864637702048,1.9702762325596201
148.50694879093498,58.50764752469339,1.9704005299081213
199.68191429853155,173.93953263789533,1.9704372558157852
92.84223802187563,205.22300691352714,1.9704958726123716
39.3358668950243,101.8380295216502,1.970508641427713
197.28820834839996,224.18854966431527,1.9705239680893467
45.48898383676893,2.618555410631328,1.970733713787596
134.20054905094767,197.98222674880475,1.9715247242889797
40.26034324083615,225.7759887559653,1.9717387138983424
142.52472517166584,135.20302419563168,1.9717631311384602
8.476179929747705,14.732546159415149,1.972272484459681
216.53862228976578,143.7421305494173,1.9723925054025817
187.28837803893364,188.35265115267012,1.9723938056626116
123.25068329851516,219.44182616193348,1.9735193487541975
173.49367597560519,169.39074601588698,1.9736099798076268
218.17033207168998,188.82832402013972,1.973644956944463
235.8420932267683,135.10649143704777,1.9738201227803758
214.24499912436028,222.94951675040238,1.9738683316551222
156.14967534668324,49.00909093952381,1.974032647255391
204.44566914468663,251.02677968998367,1.9740373135970177
118.40761739468948,74.70528076975984,1.9749415956237764
61.67183380982663,74.80284003992082,1.9756110010491887
221.3423890829207,170.88816115179827,1.9757332515823043
225.44471261005714,147.34560786419,1.9758967368556484
59.1169235413757,164.2394259843921,1.9761541096728799
215.70661725985855,159.94642364312614,1.9762149062709602
239.3166133648915,48.65491970090491,1.9766646333089508
75.63548675582351,162.33109912952276,1.9768930486828777
126.29046457630163,73.99249885593241,1.977051952889786
204.09219515489409,38.31281290867053,1.9771118198892974
90.11679153016912,243.78368241076407,1.9771720599902256
163.16886867548988,55.151801897063955,1.9774158281644334
24.091327667534213,55.69706784089737,1.977462851046962
79.07980760381031,116.71079967292687,1.9779915075625234
19.41055703353278,46.121092979635044,1.978003765380303
62.78334168108377,28.47345548139045,1.978035404702153
246.15625885364062,26.057917987505697,1.9781751622847483
172.0670536575399,203.19436984297315,1.978285147940152
162.06557942265803,82.7419037580833,1.9785204540874615
143.7671031212737,114.94332241058497,1.9786153294423834
64.40208354400937,243.9618041954102,1.9786192231439057
152.73267955495467,144.73595122733613,1.9791919593153429
65.7329632912059,29.77924762932765,1.9792565829862894
239.42185705112215,143.20546484942554,1.9795953143929184
28.594765535947513,228.49580981804877,1.979764377511995
72.83714538622152,211.68036328286502,1.9799050137645364
182.6016224975564,192.35399826941486,1.9800628000102167
250.28339605234117,101.68099000884514,1.9803966849974959
15.387396119377437,50.8551080582306,1.980573236932317
173.91224691910793,78.7397650298523,1.9806707305275353
130.99331205053022,13.799937602439075,1.980699315268163
69.184242645811,36.458952435525056,1.98081671890301
71.30113077459676,217.57877680345754,1.9812707643109637
198.94801615711194,64.95690106039174,1.981271485464165
117.96424214515221,170.56470617174762,1.9814715448690556
221.67127059701508,83.10739054039038,1.9818079000051991
213.42051469503122,165.4921350484422,1.9818393296732222
46.39237615828144,38.43828903453048,1.9819074497059948
205.71767339244857,93.87657893793835,1.9821446393864275
166.0243380225254,196.16220829916003,1.9823585471360816
132.4159227736781,194.19577874346555,1.982512185303023
211.54801896695614,144.40783399531566,1.9825646867386522
83.94581443684672,254.38621863123126,1.9826180572306518
70.85035109106518,231.92007873553467,1.9827349326292087
46.73700765642882,205.76289517156314,1.9828777764434062
111.92390689352055,201.11015551967287,1.983119654198438
234.54328898242895,197.3866513558308,1.983501652717246
67.94911396050527,225.20489525548422,1.9836339498623379
38.632571420455335,78.32450770742787,1.983702801822642
0.5778543784799273,140.53550973973879,1.983828951160133
56.86836318839866,174.91545761813694,1.9838405674321697
157.40853901779147,162.11836316479977,1.9841875638933002
24.22183993227015,146.50130786851344,1.98433088630936
19.908633494965375,183.2883403341089,1.9845543644797818
242.672078015899,174.76077596156986,1.9846825542542306
53.43501936370319,0.08710003762078755,1.984775794485575
148.947746573933,114.89984147456921,1.9848909992979882
161.94624559558397,218.15051394642896,1.9849113661326219
108.32555012347024,184.97560817177208,1.9849498739392892
142.84566880729747,186.1596441179126,1.9850590980370049
84.89137295182024,61.30700055703478,1.9850595597290592
210.62641033366788,17.746581867955115,1.985148012533138
155.9603795495603,77.89749327879957,1.9854378735195788
169.72371578868658,155.8238295316923,1.9854864706737583
78.56670187307077,31.397101888708427,1.9857099523148174
110.64751499574197,82.20258061673768,1.9857211782611124
71.15029399662055,58.75289274566214,1.9857705864336588
58.93232353310433,88.56973261496152,1.9858634161917645
123.36209641100143,207.84109013789248,1.985914556328502
195.20961910437092,118.57051700142866,1.9859770387446884
252.39609813001306,211.46276838065887,1.9861135269725583
11.965736588253826,231.51635991261224,1.98635552885536
25.245292888956662,157.5001533623827,1.9864116475395834
83.80738641592977,29.52008802891738,1.9864793946990806
54.33392632806951,83.10755765890234,1.9865542614604434
196.24231044773077,134.09631962647768,1.9866520231967093
239.99096307217988,129.22972027506586,1.9868052572212591
27.977492859328244,39.05913104293324,1.9871752755800782
173.29846312007328,32.31126021380591,1.9875697537609056
169.32629349998322,104.69010339127365,1.9876777963166108
248.64272218387725,114.34917072157975,1.9877022878423534
173.82528840966484,50.636282439504306,1.9879153084562708
187.55798165016193,222.6442945839484,1.987980953360891
226.59716820672776,241.98500067432911,1.98808349939412
173.09916493921264,154.42173691388507,1.9883174352368187
22.428662710879244,155.96129697365419,1.9885744066731776
127.57737187719627,136.56159168667838,1.9885868490463248
121.04204532829215,114.28718762057866,1.988781052915505
35.277819742211044,55.61354639245823,1.989066208876882
113.25632306586053,102.34181370214431,1.9891022592947685
75.14705247144515,92.87757138024958,1.989143255982831
55.73400839920768,176.30411156427363,1.9891725690601332
136.23968928925788,229.4275611571983,1.9894470908558786
78.39318806816902,9.806979653135576,1.9897454986419962
65.60994203589081,200.76017181014166,1.9902508638013332
112.32031970407994,222.30777167056476,1.9903105414747353
184.31001123826923,191.90474965535336,1.990590647701842
251.28847848329104,83.78893720050456,1.9907557942104848
137.75993370347697,109.32564606570408,1.9908334487338286
26.459022965208245,163.40799509708467,1.9908606395023192
207.3797596879876,64.79485018771015,1.9908965786007853
66.55610621608011,113.20766486679307,1.9915239579965016
227.87857773223783,248.32516748714073,1.9915534924320966
143.43681651349388,174.56862714728334,1.9918056943304843
238.12650035669552,120.85747759499343,1.9918644363615092
207.36096033606117,180.53920719422675,1.9919267613080307
253.75329512018806,167.3474521716191,1.9920161639240626
142.95306648101885,243.82390469780364,1.992121627673563
147.96829254682814,180.5268501291979,1.99219703862485
23.510478496055562,177.41117795305416,1.992871865137885
225.51291415030084,11.24771283708839,1.9929651379998172
244.1473305402699,213.0422229302506,1.993158851776299
88.53707825554658,232.22822464587972,1.9935334574682149
32.12417715646103,238.20222614729335,1.9935420547309963
65.99564927657637,89.8067141657525,1.993669359574915
20.217805749513666,188.0821846423116,1.9938017903361103
239.6758010515983,236.53574201198708,1.9938769077030714
93.4790524434937,204.52492392598364,1.9944374762497217
238.59446239054986,139.62455860874744,1.99466228145757
200.86142989393463,164.73033416847667,1.9948141868065237
180.12956178392838,254.64669576958758,1.9954742703824817
100.6141691674726,201.7263557131721,1.9955556548922142
66.60948954886045,163.87541977901174,1.9957783814549035
35.45834985687444,174.9820875130845,1.995805169927122
249.05974654516086,79.97145282822991,1.9960931709064722
173.1983435895659,222.1748195656764,1.9961299064518427
10.53320024568678,209.4995291007379,1.9961753611613273
56.053062680733625,216.26085049598407,1.99673437837244
184.39454336686595,207.65017220459754,1.9968808535385754
155.07370088451555,57.22573525488689,1.9970057620271435
16.61440022173615,124.57768646515528,1.9971748206796522
98.9030360827586,105.15812230209357,1.9972735313601102
27.902252967811055,101.64821082071401,1.9976118160698737
215.02145978602823,171.1071048692722,1.9985741854004493
56.24664836024943,33.94581441121993,1.9986605526130619
210.75011277508494,97.4333364227808,1.998803049662322
34.21430033664225,48.239971800167524,1.9993673739768247
252.3316508862326,214.79689085136647,1.9998494438566377
193.00408909485373,118.09762070597631,1.999912684959263
27.191948971765694,43.1832558533739,1.9999453557079658
146.01767834740437,105.52702212032432,2.0003844747503594
237.7373313911128,190.6919626841766,2.000805078133087
222.4250363490934,115.30370543055744,2.000960611921062
251.4516895115717,240.44281736433751,2.0010179481614663
106.35855914490756,103.85924292499443,2.0010942653212767
148.26914532051453,136.63272369257118,2.001263846921538
167.75657649875342,131.67928119583956,2.001568493344892
95.41667625841599,220.93537147227445,2.0019259345853384
84.42090829847601,236.8543911612345,2.002261365973791
62.17361778276277,150.42403658448873,2.002455245702068
71.58269525219677,72.1916869780838,2.0029814865358526
37.34261872567095,58.11161994634294,2.003179855883099
114.90870273056973,248.05862164076902,2.003183061963317
21.637720229776523,189.67902030763008,2.00325118628455
125.47179820300944,57.73719333142822,2.0032863014021056
200.48918668696658,186.44879827067797,2.0037628062495934
0.5638974437953009,132.38860056623818,2.00403918985383
155.2300077014923,43.91819393678024,2.004379932147938
104.98814464722177,72.35765660401104,2.004391691592877
238.57961417197578,229.07726274884664,2.0044231039398213
48.36841866271682,6.801077042394363,2.00442431628374
187.18097479365574,87.12364864808546,2.0045361554264933
168.3106666768617,115.85961417492683,2.0045802281005956
208.4965607948718,128.23395034116015,2.0045840362237133
33.32340605940064,84.93481499788707,2.0046314781658348
89.73779319594072,147.7509172624887,2.004824571992893
130.1186328682674,252.39039643070856,2.0048799038019784
178.85110358150408,90.72128503533453,2.004907751477862
77.02801579438504,212.87068483793854,2.004972333542817
60.92979359010496,145.34770278493522,2.0054273839642707
15.3919446086086,28.033466807050278,2.005533734798218
84.15789939667687,168.8748416308431,2.0056644347119317
23.194826664169593,130.69545131992186,2.005887606897423
109.20226857439546,203.28948003081223,2.0061752630007885
130.6505827212125,190.81873998888136,2.0067432297420904
62.652401403621155,122.69524423773694,2.0070540544733126
162.56531562196813,43.14073804392763,2.0071276195920675
235.1377391651004,32.445677110342345,2.007807108369916
61.58928699535423,28.16624963188544,2.007966209300838
135.5332334425148,25.611033953633534,2.0082150015970197
253.09706566855604,193.46763396493074,2.0082528902809136
26.27623340478476,52.77347059964199,2.0084149302284913
96.09591767457165,53.87241964775345,2.0085872186558045
227.06319197873137,12.87220068205398,2.0088883866248834
68.33053120960554,27.622442890553405,2.0089824941189014
104.76389205064282,18.318189220228692,2.009176191540475
254.30978651721225,142.4884667226075,2.009272213950781
72.7389684111545,48.04657012681869,2.0094478756288874
81.96745368769207,216.01986454919088,2.009568326045035
73.37906747605939,38.39294221015766,2.009851477247304
186.76418837459414,55.891281601182236,2.01056971274102
85.30686214679486,148.43270735636867,2.0106651506445368
166.01471400336558,194.5727632119364,2.0108726170665037
122.27456515223368,53.371302429263146,2.0109303055064425
127.31775513858452,238.78951761742437,2.011049186990984
239.48420664200708,88.38802980846438,2.0114058925420215
217.63753615602116,169.77151096216608,2.0114460720712835
184.0756573371761,85.92416132720155,2.0115772386214594
186.51867261116897,80.89855213057149,2.011909798719702
158.63935078560374,125.83372332319608,2.0120266939999074
103.43111532841847,108.88310999834667,2.0120960099451426
71.44383998587028,184.96008384547383,2.012194433636188
115.3516621325932,242.0054416339061,2.0124096007865897
182.71918846673125,186.01458521639262,2.0125780775438673
88.83219145218686,203.14485202733982,2.012677553416375
18.181133235882836,208.52114186950007,2.012990916703551
107.90342791533122,32.98715898551191,2.0132118031420374
230.44026535703946,118.98019948785578,2.0134250128504276
192.30277062345672,215.7563671647152,2.0135000708158057
231.52101446546646,247.14386149480814,2.0135023053708765
185.45705547625326,215.4045760195332,2.0136013052476573
68.68996246131522,229.70755562284384,2.0139438290473066
129.05699011020607,239.14385717263875,2.014059074186128
214.3649326047157,205.3355763962447,2.014272536054699
68.2378444241514,153.69278753010073,2.0142968612010184
221.70501148169137,136.22736809340103,2.014303272478223
162.06878918569504,250.848883120854,2.014352985428212
191.554682798677,229.7402594793807,2.014423028133439
124.26934596540518,53.31914202933901,2.0146854536022665
195.49233234792197,102.46887446870528,2.0153328881556853
4.322600398293337,95.28654516127247,2.015393551932555
222.3788223992137,184.68458403032304,2.015407610390048
152.83582005926024,144.06777393462613,2.0155213478164278
235.5817854018982,31.062360874153043,2.0158199168312483
69.75282960159338,57.159724073723126,2.0160873465343974
65.86067238693589,74.11061424251558,2.016177672846831
48.39492042866077,137.44074924338543,2.0162654079112214
43.79949383304159,174.12991179237545,2.0163666796191264
23.399505037869805,60.962654536150275,2.016593573894719
45.5708302617555,125.10770984058253,2.0167253276479986
157.82569397230907,126.46504343687029,2.0169032880363984
106.72200409238536,238.05683713905157,2.0174322604399726
127.7420283627175,219.76303655500897,2.0174334625703874
12.045272459294916,247.11015431175565,2.017597017417968
107.48388868677478,115.6393792865984,2.017715798170744
33.14301211497389,71.13376239245495,2.018057412797058
192.7527200911745,96.59578173175022,2.0182239552544954
179.96312954507096,187.14793959410196,2.018378121336018
227.07059606322144,246.7561928955838,2.0184535232781298
185.26033926064858,95.34494471672744,2.01867602528682
115.5159350682889,153.90210021805308,2.018842258969163
217.1436392024408,251.42242195752996,2.0191887185653083
48.23439862526627,185.46191625489803,2.0192138251109957
157.21381684561794,197.57862082655103,2.0197509730217367
163.21320682570132,108.10395894552315,2.01985704153761
182.06291924690362,126.22274465623164,2.020140265943145
240.4598540538308,182.49753154220417,2.0210348497579482
217.92335961126898,141.58330562105957,2.0212087895231843
219.55137081971037,93.45197207531949,2.0212106043187577
203.3775776264677,87.99945686064815,2.021253538106664
222.527584772934,173.31020130951802,2.021649293254583
34.34244428249986,67.75441356426865,2.0216853410601576
45.59077798070068,197.58065931527057,2.021973287025243
73.88299224132511,246.71102198562056,2.0222595007223183
243.640497408173,169.35477466356878,2.022355224375006
136.79428128779765,163.39933687332285,2.0223740814745663
51.04371366143268,56.01327146551533,2.022980887973836
136.14390081134,70.066454755895,2.023002855659328
233.46104683303486,44.4474922671913,2.023672751449565
42.7442990842676,146.81253340488502,2.0237183322851213
117.58529221339785,120.97198311075097,2.02393585773731
246.41840301481247,58.487394164864206,2.0239692454656426
23.466165947174215,92.46825861811811,2.0243104754098065
194.6172788734836,240.38447984570186,2.024490167330687
83.63502769687453,115.46776866193848,2.024572791786787
143.05697723041698,4.788925358444489,2.0245868563737592
17.686104953002072,108.7852734853092,2.0246140243388364
118.39777223371979,43.53727761541988,2.0246939550748753
123.64662537777521,31.564362754321394,2.025040958469777
170.91147067159557,70.33179868891938,2.025146005723216
8.389283216451492,253.55018312051197,2.025284954195203
229.93171433915498,219.98484811701073,2.025293434376885
14.026674698928788,92.8499123958619,2.0253207582489163
129.99095527411401,144.96216586123816,2.0259103760336776
71.19748446229808,205.58252772333734,2.026091704371698
20.914959867469815,150.5261790695878,2.0263299010354223
43.03242484129416,200.04608169441155,2.026732890130062
102.40498961410236,237.48209237574648,2.0273696523304863
86.406476827784,3.355858292987173,2.0284749711013466
168.91572283132658,120.13470592645794,2.029072910529125
115.50937049605882,60.60160948479349,2.0291542770564415
254.9502231351839,5.228248932122771,2.0292262867381092
27.439181844403706,70.82792141471676,2.029699409464736
16.88529456015898,25.35617363922593,2.029796906836793
164.82624062508535,61.44122759645468,2.0300473287448453
30.87809234382298,220.39557188483738,2.030321098225885
15.262475257266836,172.20308185469193,2.030443052821205
19.551853708037648,167.48681517652068,2.0307226286360347
48.14974787665659,109.39670709564591,2.031130472740319
14.945428503918844,245.5807273299382,2.031142528648239
156.1859775473244,243.773210928982,2.031179108544587
232.63143777610293,120.23354973269953,2.0318643761768738
79.78118767694653,42.41372112059299,2.0328320844931738
59.829949911989836,182.67406465726984,2.0330470589311003
103.41420668240434,66.49470813660533,2.0332177191572476
69.55218261700482,31.415149173244664,2.0332674001949553
231.9702618791009,228.47065550537155,2.0333974013144376
53.24286613135582,152.8948099962218,2.0334530526806844
15.47933746054207,193.78291023462168,2.033505285689122
38.40988669623719,190.6009154387779,2.0335625490315414
167.7825202940954,80.43450672561683,2.0341105039001466
36.93922314543051,140.1518659267695,2.034360248601975
99.57187183614472,246.3687637944146,2.034542744261098
242.87758422215322,98.69391562564783,2.0346609555484796
181.25685839738537,151.70243410508857,2.034714449317782
6.59617099742243,71.7315688508034,2.0347351710158925
250.4877980330416,73.76420978900202,2.034752427415747
229.62380443924025,185.46683443879215,2.0350248197260767
41.30281202101879,0.07759358609088496,2.0351608682624596
204.38944928137542,173.9449622386681,2.0352847741896105
129.7523236108805,95.45201989435415,2.0357545873185616
143.43386331801403,40.5810303339817,2.0359598699221375
215.96357983190913,224.52879703640346,2.036111903844314
198.75363943323157,126.00715330866439,2.0361149425334366
143.92295380104193,51.97324514080614,2.0362301656768906
17.725580169357837,176.2862689217326,2.0363355553782143
25.67599477950631,178.68527068174248,2.0363774845520317
184.90177605708615,169.8721438035826,2.0366788959441804
2.499140461160842,36.16649360941217,2.036887579518057
175.09247172631274,238.47351351889395,2.0369613533852777
60.553504231370894,192.38377185560302,2.0371750609447346
178.40221466412027,117.10118513991698,2.037223577511799
195.4368392646136,219.7995790848195,2.037632765641326
82.49908012238248,120.84065599790058,2.0382099674849696
104.43551184971322,63.42872068309858,2.0382451218225364
79.66167747707078,233.25358694314664,2.038309254432283
32.67507989219381,38.30375955078481,2.0387334640405825
206.41594451010124,38.60997015709936,2.038760680547729
213.15618187931472,193.08308681194669,2.0390568048241278
40.790173622760946,50.311556818637435,2.0393229457850626
17.271913311579166,206.60202560642725,2.039328333011394
163.13635147758472,250.43693010342184,2.039676655493615
139.03249537642802,50.45775402520353,2.040164009149453
229.3407705545526,226.90149509176692,2.0404460372782554
32.64385650073929,53.68175006083339,2.040510498839977
124.77517449789944,197.63673991261433,2.0405184716221423
190.91954756547563,126.13199327925477,2.04060576526105
160.980065946244,182.68378896744656,2.0408592624556476
229.89535003674618,166.50880618143236,2.040978387421871
146.67515386264606,17.572891438818385,2.041297750568626
51.93360627256309,222.62608867889602,2.0416060948768133
169.17139224414765,244.36124951249136,2.041995480250242
237.40870904663953,238.66691087465182,2.0420367015236525
115.73433710903906,240.87955298709807,2.0422597569246714
41.07232228488799,77.00846372947802,2.0423906087133377
26.33473090264078,193.78707141370927,2.0424907016468437
98.3038905630514,25.27267799136836,2.0426444917425073
54.950008185274015,36.79232781889369,2.0427370286581534
28.248405357166046,7.191847150974192,2.042995591008018
206.49921129797937,212.8140323068498,2.043476480337128
79.09214588656346,48.68840830683244,2.0437179705595563
124.75645910917169,23.17991200532907,2.043762360920377
57.94671703698011,172.3296098571747,2.043896079398413
21.489759479818378,174.92647681170365,2.0445169302422697
125.28396672051416,86.69734808796218,2.044632314156565
166.1629693557901,220.67213761395564,2.044891254655413
87.36195309156989,54.50333587185615,2.044926086931503
132.8871321863306,134.4077482103799,2.0450759237901788
195.1407220327827,39.86108072534913,2.045289735211572
98.56257802389855,23.397708917211,2.0456941449264363
97.8812644460858,146.97592848828663,2.04571962123914
57.795427912684445,120.98544349337959,2.0457520130957847
78.76123644813892,195.78825323307214,2.0459868495556774
167.9360474933447,195.44813095308098,2.046181399853693
237.69012100241943,100.08167163385572,2.0463258093821572
208.66653915852783,131.9434855209299,2.046401682017524
30.835761669883084,13.496286302914031,2.046494135443
128.89364460534878,139.48920952134392,2.046522630877106
89.68112173586645,52.33053732573124,2.0469827516821884
96.80957261025655,243.99963041484423,2.047004821562608
50.63901358470315,193.98264176430283,2.0470257847459603
157.26003727467796,171.9458728666081,2.047152008585146
82.44449659458238,49.892951623733815,2.047461814213245
52.382241465586226,80.67088346389515,2.047547712835825
161.71054926074424,53.62669743589822,2.0476328997745252
141.05441463087888,50.88101278264571,2.0476806847652536
124.42208163445675,23.321624855606842,2.0483538533115033
52.932660469701744,207.36662929418486,2.0485232150484336
14.862566489870446,229.55093875184804,2.0488469862450596
114.01983101804434,238.3199016757935,2.048984395105133
127.93833697472996,20.873453923987338,2.0492439911251235
95.09721929531412,239.47112007627982,2.0493179732757247
69.63074286756569,254.84038542936216,2.0494192063085643
20.146484943932045,185.58220594870744,2.049722299017156
209.71469548486343,77.663710900521,2.049864681378826
175.14729457752705,10.947939180550431,2.050015521609704
27.146107983446633,73.38269216409485,2.050049914641534
176.8058612852629,107.62313953371272,2.0502293003684553
78.75717014891883,138.7135745307831,2.050368806232891
130.05753181505693,64.24381169047348,2.0507463599973974
1.2467081948654901,122.43687367232992,2.050916430557037
39.63249432430042,17.533607494344544,2.0510148824757053
197.8880967375379,143.37951027455918,2.0512020531223776
190.07549639653834,22.50980091283776,2.0512461930558787
126.75688737213369,42.35975339148562,2.0512693458574525
219.05653441321743,124.4138004331134,2.051372611413229
138.60917639691573,62.582299457916086,2.05153166082118
126.70325687900693,29.50658546922787,2.0519192511962285
24.449673812341977,31.85314541895758,2.0519977627477397
191.58538314565038,192.977999063813,2.051999041010061
146.41312874525673,74.96087466116705,2.052061055399769
250.08743232546004,51.613880145705174,2.05224044494207
52.462803775587496,228.26155942035035,2.052542829171464
240.52124326288296,35.162377127761594,2.0526743927947932
198.76309905372037,192.60768079229905,2.0528927589819057
161.97488528161125,17.587423492700527,2.053009795369418
210.94382621669783,91.62361435268713,2.0531404633284547
