0.5750010456980575,0.6101061627332659,0.5005374484591607,0.575101569883481,0.6098763030781945,0.49217365640758926,0.575203134023092,0.6101892094331274,0.49209544950190953,0.5752069646685256,0.6101612195787097,0.4921268465089725,0.5753118540999992,0.6097083203701036,0.49211945442574234,0.5753127974430068,0.6100754828372295,0.5060218925631191,0.5753158971935252,0.6099082186156406,0.49678581242511505,0.5753752957365241,0.610099305074176,0.49214807304469355,0.5753901347503841,0.6100248647494901,0.4921882782993339,0.5754215547706693,0.6099602566357125,0.49208837574035647,0.5754529699598352,0.6101031010877731,0.49219135035853173,0.575464685227174,0.609905417725722,0.49213066971294633,0.5755307062231212,0.6103943806920327,0.5012320317945698,0.5755631572099418,0.6103195505728956,0.5070057693864994,0.5755835565967463,0.6105590519492274,0.49803939560795013,0.5755967747680044,0.6101932290681205,0.49209573510689947,0.5755987913264087,0.6096344582860423,0.4968054196798406,0.5756095032326374,0.6102405333117703,0.49507256468784955,0.5756171350282594,0.6097432864726398,0.49611837094157807,0.5757361999834844,0.6100494949318966,0.5264974354056936,0.5758603376795554,0.6095318996288037,0.4923042837750814,0.5758965184211104,0.61000946886747,0.492834674722583
0.9529900224108392,0.1751565205471899,0.3974242214661841,0.9531087236019637,0.1746762037671007,0.39665296470475536,0.9531602030830063,0.1755556016279498,0.396625450294662,0.9531609656842954,0.17491119753128875,0.3966850229058545,0.9531864565414352,0.17487063568102296,0.39841994266011177,0.9531903838574219,0.17503794423513813,0.39702026707706156,0.9532064341352494,0.1748811242733787,0.4887194389048384,0.9532214061214732,0.17497496754631764,0.39665945939205277,0.9532253161826528,0.1748158463009969,0.4063068852765809,0.9532311707991121,0.17455235730321425,0.43233904802567186,0.9532663167793933,0.17479082654793773,0.396634377753697,0.9533023630844644,0.1747404952788868,0.3966575499022797,0.9533317026837772,0.17497229898959085,0.39675533306823874,0.9533318107479197,0.17431572807181195,0.3968977787550189,0.9533391761078723,0.17450922082256123,0.3965942488815771,0.9533395924737376,0.17474580573654938,0.39719038389704137,0.9533524310834391,0.1748728783517605,0.39809516365231906,0.953373705663941,0.17487617488369536,0.4282343601738353,0.9533873327496384,0.17485218973245487,0.4082509220786253,0.9533919557933936,0.17506927247515594,0.3974470954471028,0.9533964663586969,0.17489137517553902,0.39662952671062573,0.9534277865421814,0.17477951329345645,0.3986948664447794,0.9534322819274287,0.1749577206369537,0.3966018711460256,0.9534395046839549,0.17441075584920487,0.3968332272197074,0.9534420344586785,0.1750438390167349,0.41890618597374396,0.9534454949996194,0.17500726395175714,0.4733326940241628,0.9534468167709357,0.17528218479111832,0.3965978669955199,0.953453511924905,0.17476207025017018,0.3971509959436598,0.9534590060564446,0.17522835303777948,0.4067433363689198,0.9534602059502828,0.17518288943084526,0.41200893009934364,0.9534602432624727,0.1742976982238964,0.3967446795251939,0.9534694769767482,0.17482553774537596,0.39670268524192565,0.9534717674836504,0.17467592239707433,0.39669488650122864,0.9534774847483505,0.17535783775422617,0.4236629174523078,0.9534894079210835,0.17469512169040427,0.3972810519817869,0.9534896585063694,0.17476003653354344,0.42132135335072163,0.9534932036489288,0.17470421783315926,0.41569303335715435,0.9534954492365268,0.17484457292374583,0.41097735893708465,0.9535032194853741,0.17493479553851404,0.39725927803247985,0.953504113641249,0.1753366267478132,0.3971895922550445,0.953506632607225,0.17444490316893577,0.3966513036171944,0.9535095302732254,0.17471457607081395,0.4081406833381279,0.9535153306348749,0.17441500136527274,0.39773792738367075,0.9535167680398888,0.17484809308416918,0.40199194618596984,0.9535279802139048,0.1747822283635982,0.39879621119575903,0.9535325541069344,0.17470757005846568,0.40966062047639334,0.9535425326118998,0.1748699116463395,0.39659837251609203,0.9535500147476688,0.17491609898836474,0.3966245465012026,0.9535525582554915,0.1749828565870745,0.3965952384302779,0.953552643718536,0.1751881658806353,0.39663857183723444,0.9535739799774241,0.17498672280426375,0.3967252353374879,0.9535799705659227,0.1750686762219651,0.3966918630982991,0.9535875237139408,0.17490986930222824,0.4128015804691358,0.953602625517445,0.17464391283553782,0.41359990139564257,0.9536039524494643,0.17492692692290712,0.4020881386573654,0.9536087261625645,0.17493619335965516,0.39665938159112774,0.9536134654396082,0.1746922069698767,0.3966454766631599,0.9536266322967653,0.17489291390154393,0.409357962468599,0.953655233593335,0.1749621347983598,0.40067771132599833,0.9536560759063617,0.17528625151812519,0.3966283906057567,0.9536921085304407,0.17491494875005786,0.3967361345321982,0.9536922268463623,0.17474258578774243,0.3966468978623204,0.9537047535703738,0.17544776000661017,0.40015251456787926,0.9537332035506584,0.17464447107028389,0.3968252520782268,0.9537689456811416,0.1749735602569844,0.4194258740873595,0.9537746902558074,0.17485403279593636,0.40630969038980075,0.9537821023137796,0.1749617544309796,0.40023613720940654,0.9537845852620452,0.17465081894357495,0.420947727798567,0.9537974237150194,0.17521876134254383,0.41433539433059996,0.9538036793688307,0.17501227810045109,0.3966100803447056,0.9538042711604677,0.17472772663427846,0.3966816308145218,0.9538496156848951,0.17485215861935732,0.3966018405097227,0.9539265825091212,0.17480517091031433,0.3966764712946707,0.9539632228411201,0.17465492138115668,0.4177059014700682,0.9539740636521448,0.1749952146545584,0.399488537620875
0.6403623174668315,0.16858748928942985,0.5430398571398878,0.6404263025230957,0.16899026084995172,0.538556507976672,0.6405025385074373,0.16906124430223626,0.5482921936859583,0.6405276195120195,0.16901616762208596,0.5511604404662712,0.6405526033517788,0.16931650708649332,0.5383382477145596,0.6405660297782052,0.16886335069095645,0.5414717938205161,0.6405742453145313,0.1693419402170597,0.5386130207368307,0.6405755121364791,0.16908796127590114,0.5385977312457471,0.6406145672934456,0.16899273147989416,0.5709896144407576,0.6406173121329419,0.16884479698244984,0.5397942420155929,0.6406310383932516,0.16933395589391412,0.538484783268545,0.6406347914595982,0.16926077367842107,0.538339816086933,0.6406520890297035,0.1687160102409589,0.5897005852791158,0.640664771018076,0.16926961191860487,0.5383720203578712,0.6406837830172599,0.16890132227403634,0.5383751791519575,0.6406882964375162,0.169158782285991,0.538544496664746,0.6406929085434415,0.169311569677111,0.5395414835209162,0.6407645741569021,0.16944385541204368,0.5383717030121071,0.640774618565604,0.16900254979972998,0.5384754055549118,0.6407883933028506,0.1693598265405564,0.5467264035382017,0.6408060199763524,0.1687938385081827,0.5431336125728864,0.6408074269736307,0.16927067667743537,0.5383565716184628,0.6408113555468526,0.16904123337267127,0.5384362216071568,0.640831858474244,0.16949588021433204,0.540890429708229,0.6408492504402901,0.16902447742953344,0.5433069407956718,0.6408559266922389,0.1691218817038906,0.542339521101366,0.6408588822193504,0.16911053990318664,0.5504954285134653,0.6408669810035355,0.16918187676677499,0.5413906130844226,0.64086936940516,0.16891326973706788,0.5438158060695718,0.6408775490210419,0.16924819691346987,0.5389990870088951,0.640911315799642,0.1691587204260836,0.5518270352424067,0.6409271606276384,0.16910773860527445,0.5384683505995083,0.640929214253749,0.16875429151773377,0.5490044597078111,0.640930500733338,0.16900009806264812,0.5383389323271771,0.6409318180232615,0.16881759761871806,0.5507814308404715,0.64095372941459,0.169019830863927,0.5384206088103837,0.6410004979745567,0.16894344698717464,0.5465312260404147,0.6410021351981686,0.1690783840047346,0.5386861457214333,0.6410163858377752,0.16890322565344315,0.5471352010673647,0.6410316092424034,0.16912143751243403,0.5383621704593418,0.6410719437246535,0.16938951208337777,0.5650773415248705,0.6410968693714846,0.16915184881677164,0.5383695191905913,0.6411124214799218,0.1690170776242219,0.5396647552968624,0.6411126998310782,0.1690240941054464,0.597549065247476,0.6411692084986071,0.16913405588031308,0.5584450306370103,0.6412536644174094,0.16872001127509895,0.5383578925448061
0.18098842567774157,0.2977684242745031,0.8182198937294812,0.1810753269045724,0.2979834990840775,0.792189126397278,0.1810973680997436,0.29784021597447974,0.7950598880688691,0.18113324491732327,0.297361745191942,0.8159555903984413,0.18114349394509627,0.2979562695589032,0.8069300662008603,0.18116626004219974,0.2973689570003077,0.7921424352909628,0.18116926298409844,0.29789639996488215,0.792267777442497,0.18139406826074428,0.29766282110735115,0.7922316570825344,0.18144926968326103,0.2977554558544823,0.7923449789652379,0.1814533760121302,0.2979073757895355,0.7955515709029835,0.1814655140546579,0.29795962609709237,0.792253193764155,0.18147589465790648,0.2977274758750309,0.7922716472004608,0.1814823357430236,0.2977438292468639,0.8260204487911899,0.1814845602029295,0.297372320901456,0.792162503704796,0.18150781634514263,0.2977623720075243,0.7921572782521771,0.181514756853921,0.29801995386132785,0.7934723661018811,0.18151929500633468,0.29795690183960577,0.7921554382625795,0.18152888931788844,0.29762227262140245,0.7921924363404951,0.18155168873469846,0.2981047064876807,0.7925384046377254,0.18156977600318852,0.29755932609287405,0.7921293365077411,0.18164463923571642,0.29772947124383387,0.7921523103740462,0.18168316246839067,0.2979474586086179,0.7921380337347926,0.18171560151456637,0.2976668126832097,0.7965619024364105,0.18182003435574184,0.29763542457264885,0.838352788185076,0.18187113270228442,0.29754421202425485,0.8247621518294254
0.766967296343937,0.33957505922143094,0.4415248090586693,0.7671099936503631,0.3400459045135674,0.4409548709141141,0.7672392925494429,0.340170752079863,0.4294822455858485,0.7673378241104437,0.3396260820928648,0.42978623400315064,0.7674563698538802,0.33969954271745556,0.464168459306207,0.7675432443814848,0.3399600936923009,0.43125505425698557,0.7675445669521077,0.3403648423252339,0.43340906265703866,0.7675624030559779,0.33989694494073003,0.4538928479246269,0.7676310721536252,0.34030453857415394,0.43246680081760125,0.7677237161003616,0.3399983913097747,0.4298755310839644
0.5116692073077399,0.2949331514101334,0.14400113262779346,0.5116760411203549,0.2951980448924884,0.13553014297991978,0.5117785845518646,0.2951068477690931,0.13686039704118994,0.511796708369364,0.29471462781924923,0.14159091859642528,0.5119584208747396,0.29489218010714296,0.13664444732484135,0.5120168500716745,0.2949674794069599,0.13566600016358038,0.5120189457133385,0.29477277675771635,0.13551175148065078,0.5120261100686077,0.29479646169478346,0.1461932533694575,0.5120992179229439,0.2947129575622667,0.13554908937231155,0.5121209036119099,0.2950660528254129,0.1355312610092117,0.5121319036016274,0.2951451026201409,0.1355495167518375,0.5122324925775598,0.29460997452742477,0.13551014350498636,0.5123635703965851,0.2948560559086798,0.13551917697146293
0.24372244479915475,0.3595698405238883,0.2652280333726672,0.24407841763264534,0.3594332551875756,0.2594988899196719,0.24412075400431324,0.35941254488263713,0.2593607444184712,0.24412117734981745,0.35965636446161053,0.25936243835482836,0.2442147483160886,0.35911905009583234,0.2597042471380545,0.2442507927415639,0.3594250133967255,0.2715907752916372,0.24425212610552274,0.35956028261115097,0.25946541593669875,0.2443450027089714,0.35950462639892405,0.2594796484698775,0.24450436262439462,0.35965894726900494,0.25976742242994827
0.4521640371243165,0.6336961472469198,0.4467529420916908,0.45224563608278834,0.6334839725160922,0.4373796924970468,0.45233121911534013,0.633530378945731,0.4374147023487205,0.4523860823727476,0.6331413461736622,0.436408075460958,0.452399976364008,0.6338463132717161,0.43640178262278656,0.45241093313352526,0.6336512503156225,0.45227530531812304,0.4524542705202491,0.6334423686304739,0.4364403112985221,0.4524558827038945,0.6332677851917456,0.43641158865195373,0.4524691695207252,0.6333601225015157,0.4898931341855301,0.45247600650872455,0.6332855948292516,0.43776767596951965,0.45251029575350077,0.6335744548618665,0.4363471425812982,0.4525204723826887,0.633318921901405,0.4371988925167695,0.4525251305592451,0.6336365134067542,0.436374520248694,0.45255130143498157,0.6334531867317599,0.4364314455854633,0.4525675317953254,0.6334777274447965,0.4791544257372734,0.4525744388502569,0.6334938862800492,0.4507958216373118,0.45258356559408036,0.6333420107281782,0.4367290117264339,0.452596143839177,0.6330775036558509,0.4830274022158257,0.45262612983770867,0.6336056989693982,0.4363717192719837,0.4526262792975872,0.6331531144729198,0.4909378508853585,0.452645183743998,0.6331723421275856,0.4363628414101937,0.4526575780379482,0.6330446505899736,0.43637360589527874,0.4526604988423141,0.6334857280125626,0.43652311661565923,0.4527223417641728,0.6331263343307305,0.4408107745568804,0.45273222327335005,0.6333683653420829,0.4365598847142321,0.45273643240907596,0.6338227643074095,0.4382681247021918,0.45274852829468193,0.6334758396497682,0.4366147754817378,0.45276322818457254,0.6337302834193862,0.4743552381302564,0.4527793470129176,0.633426221135557,0.43720982837603156,0.4528104286803987,0.6334622337284295,0.43678606377427376,0.4528121621246812,0.633414340282494,0.44275970553948213,0.4528192197416499,0.6331267934564494,0.45418179048300816,0.45284499444061604,0.6335100058979487,0.43956636856879283,0.45287728713849124,0.633393099252583,0.4364275622654043,0.45288710461148374,0.6336037882046042,0.43637336910287994,0.45289250892589467,0.6333652518748,0.4363498569199324,0.45290479938497896,0.6332288004221511,0.4431121399321738,0.45291419714036035,0.6336980495008323,0.43741225645634363,0.45292313169004783,0.6331341135718156,0.4363654302775013,0.4530866359577329,0.6333951335618727,0.4459003309457921
0.6199778027809353,0.4021012167894275,0.97031406276443,0.6200418368621273,0.402291719283699,0.9892002524011128,0.6200639396971156,0.40215278481748323,0.9727803816508813,0.6200913106893449,0.40203050520621814,0.995731989495056,0.620095355114972,0.4019169715693386,0.9906543283073785,0.6201274483063324,0.40206987197190036,0.9701968726265477,0.6201359280683614,0.40216149608577784,0.9944466002995748,0.6201645619618897,0.4017272160989747,0.9727204613179832,0.6201779135884523,0.4018233817335947,0.970332797602723,0.6201926658814514,0.40157208857369786,0.9702064772836045,0.6202189431017522,0.40222563288777047,0.9801525861803843,0.6202467134377175,0.4020020343869837,0.970311193229983,0.6202795030077694,0.4017982233809229,0.9704029439383567,0.6202970465170633,0.40194260088555694,0.9950207527122987,0.6202975500533103,0.40226518330634536,0.972245128969969,0.6203144888643335,0.40189269775690306,0.9829603081317564,0.6203214769219614,0.40197178312502285,0.9807906513092364,0.6203247125218329,0.4020632394448486,0.9755074756115394,0.6203368775359468,0.40216255208698154,0.9770698900365926,0.6203391309213541,0.40174824696710115,0.9724788098482717,0.6203657288273141,0.4020037925434532,0.9774907514148097,0.6203744077364008,0.4024616384869033,0.9753106266308806,0.6203795751703545,0.40178048022635476,0.9915264273624549,0.6203824230672603,0.40147111884495373,0.977903045564695,0.6203856242010812,0.40184851226523327,0.9702198458353822,0.6204003853488852,0.40197777845751753,0.9702145081248806,0.620419036799091,0.4019807615773585,0.9705898219577285,0.6204405314746329,0.40187896341317353,0.9912678539558029,0.6204571256770498,0.402090465369449,0.9703924377559648,0.6204702095610093,0.4019737750605179,0.975941489857546,0.6204704410152994,0.40191445729298625,0.9702502274450877,0.62048221376221,0.40232367559154314,0.9792435032908655,0.6205381728557713,0.4019501510446462,0.9735986228230858,0.6205965584740909,0.4021545184323257,0.9705626596750058,0.6206266282809542,0.40218590942539123,0.9706749507358609,0.6207970609098001,0.40200034254326744,0.9707655570024698,0.6209777953475725,0.40189576477012656,0.977439331637808
0.3946053936367954,0.999909124058583,0.9488269158417157,0.39463573619735026,0.999899320674242,0.9492160951298056,0.39471005346557164,0.9995155439894238,0.9493864265476892,0.39471662981021954,1.0001801843980607,0.9698081898981138,0.3947214445656404,0.9998597223581269,0.9490227926396282,0.39472171306708487,0.9996615329715732,0.9491338595036773,0.39474071114180775,1.0000236601487205,0.9489433561606258,0.39478149133454304,0.9994848521522863,0.9488213206300743,0.3947847992487765,1.000164069681513,0.9487953406964155,0.3948034801140331,0.9998323034041933,0.9546441757193159,0.3948058786435777,1.0001314478527568,0.9488744846831726,0.394838631618241,1.0000786150039185,0.9490681404416663,0.39485480031954795,1.0004743453704428,0.9545176670032226,0.3948659339366954,1.0000969632023102,0.9488579056104637,0.39489169370594057,0.9996918306887735,0.9489733715072112,0.39489688798453393,1.0001160034792942,0.9735849108405955,0.39491137434390844,0.9997701870721523,0.9521340932705761,0.3949133259347665,0.9997440564017054,0.9488186404532353,0.3950492775253207,0.9999556132167376,0.9488311528355622,0.395060855626443,1.000114774859726,0.9849952958030375,0.39506160818104824,0.9999456810921882,0.9489653987403492,0.39507992129426583,0.9999547237396672,1.037822429229048,0.3951606934539769,1.000170638887103,0.9495142065210772,0.39516831262534136,0.9999777348944539,0.9970916651101369,0.39545852940012743,1.000114396739895,1.0027496822403958
0.18170411757357555,0.7539280016502381,0.43305776504176624,0.18176935495863153,0.7539809895563221,0.4330291908803383,0.1818296808642976,0.753796776703259,0.4353181158917486,0.1818848515499423,0.75391413216268,0.43300687325078124,0.18189579029983152,0.7540431843387135,0.4660864967002611,0.18195896841305936,0.7540226012027818,0.4349289993584899,0.1819683882688596,0.7544117999497704,0.43304366750758966,0.18198443948302379,0.7539775716852957,0.4329977164389166,0.18198472468894009,0.7541370780489091,0.43425516983546275,0.18198623076198825,0.7545681296022425,0.44030576951066824,0.18202892155819703,0.7543454270715539,0.4618662896505538,0.18204001516165125,0.7541567591712746,0.4669918272842964,0.18204367962869428,0.7540986990032832,0.4502359675448486,0.18207934947113075,0.7540225070386639,0.44133298605411575,0.18211181850233876,0.7542621005211061,0.4380114415652305,0.18213567248862517,0.7542513922453066,0.4451499247556281,0.18213883986867457,0.7542610447988569,0.4330115233793746,0.18214116008381412,0.7539935253113442,0.4353359326643765,0.18214586025790283,0.7541566234676692,0.4347663326644265,0.182164311676931,0.7540267531130586,0.4330148322549806,0.1821698052979516,0.7542494395619337,0.43304550032573863,0.18217388801824594,0.7539418671306765,0.4508329225759802,0.18217769361136596,0.7541700017590204,0.46115316068077206,0.18223528442927317,0.7541409248959908,0.43329344899661487,0.18223699336184523,0.753980272231251,0.4331534058728971,0.1822373482737931,0.7538415735273569,0.4332956093502872,0.1822480165639411,0.7538108571523264,0.43304360856695445,0.18225195303502256,0.7536738296687367,0.43325687478938135,0.18225312957054834,0.7544349019577957,0.43314649851268927,0.18226635097757748,0.7537292133835753,0.45524502271007883,0.18226690346299704,0.7541648471591701,0.43897243360804106,0.1822678480311553,0.7539954289673072,0.43299934453037625,0.18227567635100844,0.7537899549032955,0.4644582752923263,0.18228357421970462,0.7539249081565407,0.45693831399559426,0.18228606350704135,0.7539324842295474,0.4330115118823916,0.1822948687809276,0.7542711555781587,0.4336469315638251,0.18230403011821214,0.7540851060593835,0.4332137905382477,0.1823043324267374,0.7539200587854297,0.45994080452326447,0.18231625953639163,0.7541804111635457,0.43303542456658456,0.18231997476564415,0.7541892543492589,0.4347741202386524,0.1823233423074394,0.7542678174527263,0.4331421367374412,0.1823402166013295,0.7542359369480802,0.456587410534365,0.18235415483486803,0.7540402426409312,0.43330600863739877,0.18235515512394843,0.7542694447556025,0.4454542494347256,0.1823555195793845,0.7541260821329105,0.4330257029903593,0.1823603391459069,0.7541841146878716,0.4856647569245805,0.18237155504001543,0.754445944490963,0.44337705308278674,0.1823787504194236,0.7540612595877203,0.4455371756123874,0.182452069610238,0.7537930512551484,0.433134147624309,0.18245365310648948,0.7538958990698749,0.43337083657712333,0.18251278452084221,0.7538300015858335,0.4330624519723326,0.1825155017701918,0.7541703509388189,0.46917673857678666,0.18254108808303737,0.7538310701666041,0.4330351610787064,0.18255502516937755,0.7536380764825558,0.4330160768003456,0.18256508931428286,0.7539257176501559,0.4491044925878961,0.18280217693339407,0.7538396334390669,0.44581720480482334
0.8360207042948853,0.9501792842412179,0.8461789963066051,0.836140894543789,0.950161589327826,0.8489723131086253,0.8362052074549183,0.9499765972325559,0.8492918320987966,0.8362196688867728,0.9498078172543328,0.8465785407895232,0.8362406556754746,0.9499526964275558,0.8461801896961368,0.8362987991675791,0.9498173400693832,0.8462302832481732,0.8363032478515003,0.9498766489603522,0.8527573152527331,0.8363053241560177,0.949485846549596,0.8471788375287747,0.8363989236149775,0.9493393873814014,0.8469755705550676,0.8364736473630563,0.9499113891807671,0.8844484313897313,0.8364819370001269,0.949796550250937,0.8906081169368053,0.8365043786166518,0.9500739950170602,0.8461823434919848,0.8365139114996423,0.9497265657805131,0.8518410944434782,0.8365207542303751,0.9496647500259522,0.8462578656478549,0.8365354488402423,0.949902958208528,0.8548530247067869,0.8365436935416056,0.9497072594739737,0.8752732034400964,0.8365518759907361,0.9500769780617705,0.8527724004626678,0.8365741328756551,0.9500208809944038,0.8517631444544495,0.8365810106372086,0.9499743754215851,0.8470789991540094,0.836620111151816,0.9496329871697168,0.8514544474958805,0.8366845671142452,0.9495658635540124,0.8490937795418356,0.8366852212588194,0.9498180449136561,0.8463220377570091,0.8367133165345547,0.9497000171476624,0.8483885839557208,0.836735656148353,0.9497365940186968,0.8462151629055089,0.8369433275551519,0.9495603205259723,0.846176860043428
0.6029641544508653,0.31198657713140593,0.24145374429872127,0.6029991363368101,0.3123648878347293,0.2554526937838729,0.6031927768513635,0.3126000796398801,0.2508338407060967,0.6032465635968846,0.3119361032161979,0.24147580410781508,0.6033179216103544,0.3121351400396965,0.2543669558179923,0.6033433644375106,0.31187612172244594,0.24146334083452053,0.6033609794709696,0.3119935172632015,0.2562971132547633,0.6033696729617533,0.31187465166515865,0.2415433641491691,0.6033717667895869,0.311761055798055,0.2414391435081351,0.6034112222550798,0.3119015220237939,0.2716287600843234,0.6034175948429928,0.3118963507466781,0.24933196789223222,0.6034240341350148,0.31216603209239324,0.24185463900244522,0.6034361123369312,0.31234375068526515,0.24670920546924327,0.6034635472621136,0.3121310519595973,0.24435652903587438,0.6034755450286099,0.3120105044244109,0.2417670931875069,0.6035099487274462,0.3119481909638601,0.24927523486483005,0.6035215066029567,0.3117688953659379,0.2414492748378937
0.9512307980392852,0.5942570707614209,0.6970388367061199,0.9514279268372869,0.5938006484889866,0.6965811892396793,0.9514419989563296,0.5940613642803785,0.7245496627378233,0.9515540342317648,0.5941899520601103,0.6953868229182159,0.9515743650958738,0.594299034208803,0.6955611628762874,0.9515861296291823,0.5939914949330041,0.6953844081792595,0.9515881185844997,0.5942006829014914,0.7271086318965871,0.9516001948758612,0.5941456234428658,0.7230045742152773,0.9516008153163474,0.5943392625999061,0.6990451066407241,0.9516254623687785,0.5940716619381368,0.7005870902116982,0.9516318375692859,0.5943377216934191,0.695479744326382,0.9516587409847926,0.5942276927504796,0.6970444841006342,0.9516687176605167,0.5940449876732089,0.6955487059819824,0.9516701560528857,0.5943814246998266,0.6970848780059827,0.9516711884815932,0.5939520127927764,0.6958870522251214,0.9516740397577833,0.5941117073439645,0.6954415606556723,0.9516804222340922,0.5942980248680759,0.7081846594964126,0.951705409656274,0.5938642735836078,0.6953358870859707,0.951716828098912,0.5942211924379796,0.6955694342362424,0.9517168549802423,0.5939752522257845,0.6953626504071769,0.9517362776830631,0.5936899448909974,0.6955395568735664,0.9517676199764311,0.5939749520178726,0.6953565343557588,0.9517688238694869,0.5942625181581408,0.7527803285504111,0.9517840250019111,0.5939968469890771,0.695344906775699,0.9517841443591848,0.5942549817024918,0.6956069753460024,0.951798083208604,0.5943046072204753,0.6954645846547739,0.9518071211954955,0.5935333000114853,0.6976463090972403,0.9518135396135347,0.5940952512345034,0.695385684203754,0.9518294212183295,0.5942582547179939,0.7453132112812091,0.9518427427916838,0.5943160824244613,0.6984901526184197,0.9518434756594437,0.5942450945059471,0.7007597521252857,0.9518545640929971,0.5942947954717043,0.737024514076549,0.9518640321837328,0.59436776343894,0.6956040685271259,0.9518728931583422,0.5939599097782352,0.7185244786996273,0.9518734778011437,0.594255793726445,0.6953512080371504,0.9518885519483802,0.5939086484514283,0.6953704899457787,0.951891881674859,0.5941972217634276,0.7262980063153759,0.9519084825361969,0.5939663973969675,0.7345068885007822,0.9519088051673277,0.5938300694440828,0.6953380969640728,0.9519088271262602,0.5942810761975071,0.6988529837912707,0.9519153732519271,0.5943990243943638,0.6958338928912637,0.9519190054325674,0.5945543582744268,0.6953359852601715,0.9519371707380267,0.5942268578784601,0.6953558986160598,0.9519427835653872,0.5942206496300276,0.6967527331765309,0.9519435059902319,0.5939985278815091,0.6953715997634299,0.9519445097247958,0.5941877190338677,0.6975665094880104,0.9519500976860228,0.5940053674176643,0.6979226643272933,0.9519630947662198,0.5939623948332985,0.7078583049679286,0.9519645155935226,0.5942781390207552,0.7070618126885484,0.9519682727514174,0.5936640537529931,0.695354221829703,0.9519693672289808,0.5941267899561354,0.698572023838969,0.951974314919614,0.5942027696941053,0.751546220725049,0.9519825434464032,0.5940168869058414,0.7093036696978146,0.9520251007830751,0.5940446919962996,0.7008615995866263,0.9520410616204058,0.5942181516219158,0.6953507791352657,0.9520520787699619,0.5938981375896897,0.6967613968067469,0.9520640852690347,0.5944822449220895,0.7258618545541591,0.9520652296202989,0.5939972221574901,0.6990676672310778,0.9520730363283844,0.5942696825181489,0.6953434314973316,0.9520810018342925,0.5940227986635328,0.7060933641938216,0.9520936074567681,0.5940820157508812,0.7210864457106795,0.9521103477547507,0.5941511327350566,0.6953495047835405,0.9521170017277628,0.5939688631918885,0.7090141991464357,0.9521388709371436,0.5937331683936231,0.7044911270108655,0.9521419832041323,0.594235618492476,0.6955261842136312,0.9521847470452915,0.5941861794937575,0.696088319412906,0.952286448280422,0.5939622673478223,0.6955309471069343,0.9522892015949693,0.5940867829577797,0.7219283721709936,0.952399673108483,0.5941534009192495,0.6955174124739641,0.9524421644362758,0.5942628836865534,0.7051867998658501
0.254109095097943,0.7822303344796147,0.855499509049353,0.2543259585582246,0.7821853222148065,0.8554148089706084,0.2544009743603333,0.782386164153299,0.8555575519302143,0.2546964929125828,0.7821059542065066,0.8555884349571312,0.25475087832755317,0.7824266834203581,0.8657317521162473,0.2548132109069763,0.782610025387617,0.9050907954400338,0.25487383869174424,0.7824856572343103,0.8684113298858348
0.5441086098969717,0.12387554548355922,0.6178373377588745,0.5443780912623499,0.1242386201689641,0.6177619659969112,0.5444347293055352,0.12401180836295825,0.6472620007554637,0.5445066843184087,0.12419846237812336,0.6295901430690545,0.5446966599596865,0.12395840517666736,0.6416328064436381,0.5447269938791568,0.12425283297920496,0.6232363701648299,0.5447823852054813,0.12417947440919824,0.6178533636677791,0.5448185271913445,0.12417492299522437,0.6201973165005101,0.5448317936804306,0.12426143012724786,0.61876493673206,0.5448327877887211,0.12410902882997345,0.6262886481709518,0.5448436764897988,0.1239321254742568,0.6202661879728628,0.5448869755673899,0.12401788197781752,0.6196088187547315,0.5449247319590461,0.12405949265320819,0.6177829505950929,0.5449719754574035,0.12405806634170241,0.629333681337317,0.5450239749183736,0.1240803857896583,0.6441627564872588,0.5450372036466988,0.12420259818790284,0.6782087584206451,0.5450737021639698,0.12460460110772671,0.6177735871009993
0.3950523772376195,0.8044009856550957,0.7026696413773592,0.3951442352546763,0.8040338460207236,0.6916342849534727,0.39531161076322385,0.803967116986122,0.6928563735502422,0.3953236575599976,0.8042535121288544,0.6916338307049134,0.3953261287742297,0.8041934994888911,0.6916288867216708,0.3954091170340792,0.8040473860129768,0.6932599644717014,0.39545527568390954,0.8040906693833945,0.6916526490620087,0.39549106813514057,0.8042292149617587,0.7348941332390555,0.3956852779548394,0.8041442200486651,0.6961614631266737,0.3957019388463428,0.8045287425497752,0.6919148844719918,0.39571782127219396,0.8043967160641984,0.6916700029509073,0.3957307058365985,0.8039142494349012,0.7318645582396673,0.3959004253492592,0.8041426183589556,0.6918044727474728
0.3200174891949711,0.7601918463326011,0.00505004630784337,0.32002237792393845,0.7602306727478685,0.005105366754677565,0.32002730640787286,0.7601311154416969,0.005100396183295075,0.3200516495243463,0.760408316318439,0.007553207072289925,0.3201110397871915,0.7598698346098111,0.026306337492859034,0.3201259360964631,0.7602363138796482,0.005440868096369444,0.32013956675360383,0.7601603092107129,0.0053941769661223545,0.32014106535366316,0.7603331653595883,0.006155685208462336,0.3201442613912732,0.759873904655159,0.016544584998615067,0.3201482737775765,0.7602113298073669,0.005005527260730114,0.3201632113963422,0.7603662657483767,0.03427999709985646,0.3202037210937408,0.7603756430898196,0.00849732866289039,0.3202064777195292,0.760518390504691,0.0050645919715416095,0.3202080240907091,0.7601781350583602,0.017399982098490953,0.320210513759704,0.7604735915338816,0.005064417021236689,0.32021204781202095,0.7601037735108447,0.005091762259191224,0.32021671586001815,0.7601332137779637,0.020572161468835136,0.3202265440704321,0.7601733432370642,0.005010382017098114,0.3202282211087957,0.7601449055466727,0.012585851918358572,0.3202311207037034,0.7598631362932065,0.005050231456909171,0.32023661980904605,0.7602450963068353,0.017497155481151938,0.32024914652621345,0.759960508230975,0.005051748107638754,0.3202786731372624,0.7605102385911876,0.008844130153004637,0.3202793271931462,0.7600037704153643,0.005007795872524023,0.320282828234579,0.760161852833037,0.058688117748160865,0.32028505902185417,0.7599494234382238,0.016881857656546963,0.32028718672963835,0.7602849467539787,0.00538388823406939,0.32029241091067967,0.7599061183471577,0.005362636194389858,0.32029534415508126,0.7601133222496744,0.01710983052942757,0.32030694390311637,0.760267570298844,0.026655831916638617,0.3203261496479029,0.7600206313046908,0.005152762726867555,0.32034275007482527,0.7601136343570115,0.005095977920541594,0.3203459057039315,0.7601551339257027,0.005697743603964567,0.3203546617490584,0.7599530859493343,0.02969281427279833,0.32038483767986453,0.7598195981345345,0.005013261301857386,0.3203869376534866,0.7598943284166614,0.005010905485176742,0.32039087620046364,0.7600116990848204,0.0062501862955362305,0.32039288562391727,0.760307735290989,0.034298221853941525,0.32039623104846043,0.7603710078704122,0.015833637021341787,0.3204044388779754,0.759926454162418,0.0050585259578218465,0.3204096157312109,0.7601585219427998,0.0050121488501695625,0.32041030649676455,0.7604962663460277,0.0050331939917542924,0.3204124817155354,0.7603005314405237,0.020974016496260264,0.3204139685091733,0.7601268103256722,0.01564903285359811,0.3204178508125898,0.7600867988762042,0.02422362581651666,0.3204216565799445,0.7602754845288501,0.009123587271951717,0.3204249900746188,0.760221026821198,0.02561149093950158,0.32043173381994394,0.7600456115365023,0.005559449875393485,0.3204355137324238,0.760244907738199,0.005025015763150509,0.32044183328245956,0.7599763753005867,0.00506857644283989,0.32044255892079915,0.7601680219289482,0.05303281381797631,0.3204517287746211,0.7601883938966167,0.007296198087806316,0.3204530537741009,0.7601311755863718,0.012519928966550575,0.32047845353209553,0.7604138706421487,0.0076548889308644345,0.32047965606784024,0.7598457399100311,0.02439262652541574,0.32047992467738684,0.7602512457976552,0.013129489958014329,0.320481301472715,0.7600122871892991,0.01559000707539502,0.3205247526600428,0.7605137292395497,0.028330161893459306,0.32052495716855234,0.7596025986404321,0.0073020951194358915,0.3205467976859637,0.7600140228519441,0.005016699288772841,0.32054684746141276,0.760134337026418,0.018384122020747684,0.3205785507767219,0.7602212908469939,0.005158676480377433,0.32058394422670106,0.7601442142774583,0.005020296694239423,0.32058721554270647,0.7599326872337788,0.01752952720673369,0.32063569203324993,0.7605336626460337,0.009938295871214997,0.32067762705923236,0.7598910351849862,0.005606688563011742,0.3207327558845956,0.7601942384920178,0.013756629397399467,0.320737030056457,0.7602546416135914,0.02406867250528846,0.3207890749939566,0.7605419431816978,0.0050054373489548335,0.32081258577876415,0.7600970294922915,0.005105588196319666,0.32081870911746874,0.7599855590196322,0.005117628688632569,0.3208252276710811,0.7603641036928185,0.007427838424540323,0.3208329895001456,0.7602494471644815,0.006959374999504742
0.3992374021967525,0.3241670841090537,0.6041887951169339,0.39928855087026377,0.32400094034174404,0.6041851371822821,0.3992891602462409,0.32411651445306555,0.6041711779885274,0.3993880343223517,0.32385375294553287,0.6041721138200474,0.39942834047519327,0.32390795735123357,0.6062560236874751,0.39943843117367034,0.3240871161913845,0.632159020023437,0.3994403631159501,0.32403063073393157,0.6157772475407813,0.39944745080727817,0.324125666018386,0.6042136665160536,0.39947516620945994,0.3240277874930582,0.6142827981832361,0.39947578249822185,0.3242659141827139,0.6192748244641089,0.3994935850875153,0.3243447588464119,0.604178577336602,0.3995720589985502,0.3239272986800451,0.6042964646159457,0.399590155297667,0.3240032761878842,0.6112484048719259,0.3996125499597609,0.3238459663616893,0.6115060785120567,0.39964074478286377,0.3238393893995648,0.6043678305781233,0.3996517325804498,0.3242885703774689,0.6056466297318571,0.39965332954735294,0.3239278820094866,0.6131736146301412,0.3996675612585941,0.32419151427249865,0.6042321196675254,0.39967020765676103,0.3239300913483118,0.6050420949837306,0.39973683646632957,0.3238472159105957,0.6287400311662995,0.3997485694540486,0.32401388182139446,0.6197601823707867,0.3997488170514953,0.3241938453474182,0.6041766553639611,0.3998128836100905,0.32362218805826004,0.6041882149181048,0.3998134848179472,0.32395536306727096,0.6116924153642339,0.3998174758366463,0.32418240452187247,0.6071596800109906,0.3999435629701776,0.32368650355355666,0.6302264971370627,0.4000012517899693,0.3237304305979831,0.609007100507315,0.4000122146075615,0.3237404253174586,0.6110951280278609
0.922548677062206,0.5208853991265805,0.21427091043139113,0.9225934439549078,0.5214486884535449,0.21145595095873926,0.922671693071096,0.5211445395216564,0.2186060824833641,0.9227091665452138,0.5214289987414594,0.21758629083007536,0.9227256689356013,0.5212537215441824,0.2181978219800053,0.9227270286438648,0.5212860641366843,0.21103191836599117,0.922739749952892,0.521670908646041,0.2128711991444574,0.9227770103202055,0.5213820643628313,0.25483391034642844,0.9227818531861258,0.520963840919997,0.2110754229364489,0.9227881862205836,0.5211442944252298,0.21106560166181548,0.9228107151087608,0.520988570588799,0.21131680886895807,0.9228270432634192,0.5211046665886876,0.21120257156082442,0.9228341807556372,0.5213600392770537,0.2168550683859788,0.9228576987053683,0.5210234745437465,0.21436268493128044,0.9228759182190356,0.5212046687431499,0.21573594471342572,0.9228798077771787,0.5213959162260641,0.23185803685686457,0.9228968873934432,0.5214020046202676,0.21105866064345222,0.9229090720792462,0.5219100726956523,0.2430189614473986,0.9229134118812206,0.5212222477795418,0.23949402991967833,0.9229428890174175,0.5212558036082797,0.21104685406866025,0.9229538834327381,0.5214016204364965,0.21105618664781756,0.922954671251276,0.5212595295968389,0.2113229778567547,0.9229605726489825,0.5215586796165895,0.2111409422606615,0.9229648147273425,0.5212901107896158,0.2418770242583568,0.9229775670034103,0.5215229632450546,0.21121930357980634,0.922992365408549,0.5212524990973816,0.2110832528535298,0.9230134190887342,0.5210657067764102,0.2679848972063943,0.9230140298792187,0.5214496396297869,0.23380032045268184,0.9230224031260608,0.52169884944379,0.23167122527746764,0.9230260253609297,0.52088877058098,0.21209756776879982,0.9230278064526867,0.5213469721058082,0.2110403486075856,0.9230439904436721,0.5212201466158327,0.233188940127623,0.9230448557782838,0.5209889334991122,0.21161440048012925,0.9230609812711608,0.5212305553803591,0.21103436645401694,0.9230647633398881,0.5211882219847808,0.21709313847094813,0.9230699394276054,0.5214502946318395,0.21179907866283176,0.9230741598110808,0.5212927862690871,0.23245744118459674,0.9230759519627831,0.5212826728205817,0.26911806583856107,0.9230784657391617,0.5208242175544028,0.2120865231408923,0.923121130597327,0.5213226094190067,0.21104601839113252,0.923145938448077,0.5210282998377529,0.22014088400885456,0.9231916398770449,0.5213193403324993,0.2110583666721429,0.9231944998268434,0.5212085839992603,0.2110655541905736,0.9232077541541501,0.521540698859232,0.211641908747856,0.9232188279778724,0.521189286060594,0.24674141031353936,0.9232213887779732,0.5212703549700238,0.21109281600201613,0.9232273669187196,0.5212034559171211,0.2112958779460378,0.9232750232687875,0.5210074524350143,0.2111280876696208,0.9232852862675583,0.5212568246526541,0.23809134146228836,0.9232905303662505,0.5214173026280826,0.2151851782320172,0.9233355541905924,0.5212709711127888,0.21104378957639058,0.9233625661570081,0.5207086542090105,0.2198769786754413,0.9234125976628603,0.5211684531850462,0.22847657334566407,0.9234846776077998,0.5216620627746158,0.21162157776642088
0.4952627697166188,0.8712438464925846,0.9936862133289501,0.4953769967412769,0.8712273991547407,0.993449783667827,0.49539292139657826,0.8716237588971358,1.0459051514575584,0.49552615960119656,0.8712430598169821,1.000296968832607,0.4955320544126276,0.8718072827239262,1.0320860138913595,0.49553412724500384,0.8715079826945056,1.0102673991325624,0.4955411054764154,0.8715892659689218,1.0078175802057832,0.4956015943169379,0.8716511059790866,1.003146249346353,0.4956085083822643,0.8715971897829201,0.9937339981313764,0.4956788444985989,0.8718685577949079,0.9934843087118018,0.49569170602835044,0.8714664728587379,1.0181353601124306,0.49570472651530095,0.871646283167465,1.020358879401408,0.49578081815046665,0.8712189712549506,0.9934016204428296,0.4957995909485478,0.8714068845214868,0.9981665712641179,0.49580688870467843,0.8714531414837507,1.0033883522043978,0.4958106725923912,0.871294310410439,1.021378482797599,0.4958267395712679,0.8712879686347157,0.9935219313914028,0.4958489398003425,0.8716165411238832,1.0027605146324607,0.49585421137702745,0.8715404264613598,0.9934750492800675,0.49586609416896715,0.8715907514425013,1.0079894265302578,0.4958760077788126,0.8715582348999332,0.996154405295928,0.4958817170547785,0.8712346215907162,0.9935294383320666,0.49588918483676986,0.8715380019377368,0.9934441055817982,0.4958931025897448,0.871320023007848,0.9934035037596024,0.49594332391497586,0.8716402738186121,0.9946746009016111,0.4959507505851644,0.8715841666862196,0.9947147165784933,0.49604697880041326,0.8714059987607706,0.9934082095293673,0.4962431055165857,0.8715587462497711,1.0081640562137473
0.41908377327978497,0.9375917236415361,0.523781051758871,0.41914020988754086,0.9377508809896536,0.5426603979599001,0.4191495235126455,0.9377619374142906,0.5237251120191522,0.41915967112268804,0.9378051115823222,0.5236504778472189,0.419171515076404,0.937551157608631,0.5237056875799632,0.4192088340911047,0.9378696720680532,0.5252511362179766,0.4192554205789012,0.9379030162410328,0.5422810209634442,0.41926012263806534,0.9378718511468028,0.5238551754386739,0.41927340117815487,0.9376134463937763,0.5354331322140551,0.41928554010711533,0.9378421882708486,0.523641095949644,0.41928962052167823,0.9375978357346351,0.5633806264739553,0.4192930146534073,0.9380272623767656,0.5295657204037206,0.4193228003896372,0.9378345980374654,0.5236261862876528,0.41932402148123676,0.9379333709843892,0.5236468210834085,0.4193250320084908,0.9374241063788615,0.5236792123760642,0.4193535650296547,0.9373656468349846,0.5238369138942451,0.4193554382740446,0.9378458370898678,0.524797569741708,0.41936786559756684,0.9376903752518598,0.5236281972876152,0.4193981491317107,0.9376998490907683,0.5254120432285273,0.4194014963929806,0.9378629965541415,0.5241002001300669,0.41940771774195795,0.9378141514624055,0.5335037008438381,0.4194193269033714,0.9375257115450767,0.5246574322302878,0.41942016759201606,0.9377744094350362,0.5237988415367223,0.4194279722817208,0.9377782930897988,0.5240366597757403,0.4194393411504265,0.9376959525585009,0.5305246228826174,0.41943991387473595,0.9375573180718402,0.5317854066126076,0.4194693754658301,0.9376976292525742,0.5637114475052645,0.41948096644595745,0.9372856172349479,0.528998193877851,0.4195061423891619,0.9378365202802179,0.5487823881293248,0.4195346212995217,0.9378765940401803,0.5236328514585595,0.4195622142486403,0.9381506904282583,0.5236361480734463,0.4195700079264676,0.937882630524955,0.523631775409879,0.4195839864661999,0.9373363538305839,0.5237324181031484,0.4195890724759479,0.9378954093318825,0.5259550159183705,0.41961506401086257,0.9375831873817335,0.5438675906550071,0.41962805192677205,0.9373990134477427,0.53529543195224,0.4196549344157028,0.9377476950506166,0.5342722900307982,0.41969830643476935,0.9375668301069677,0.5239969331335872,0.4197246272338675,0.9375808489457903,0.525820934206152,0.41975734982112073,0.9379868089238688,0.5255451896652574,0.4198209839854467,0.937719230567385,0.524198179539565
0.7155996300712641,0.693450911071763,0.3641163669732977,0.7157811979903844,0.6932485064970215,0.36228394014398063,0.7157897790552025,0.6932285120873639,0.3543808024982079,0.7159049724392278,0.6933435473473655,0.36950225819856247,0.7159062088075673,0.6933738158094997,0.35438349748786396,0.7159338107525505,0.6935611553794798,0.3572084086106828,0.7159462898467254,0.6933762244256558,0.3544270067816918,0.71597100765796,0.6937591823551282,0.3733500323660737,0.7160143586590234,0.6931728842216979,0.3580577062053453,0.7160335014556755,0.6932714675421404,0.35437796503976504,0.7160570295320798,0.693406665691952,0.3569534188116949,0.716058033387234,0.6936516767590684,0.35466044647923617,0.7160663642031343,0.6931898427039112,0.3544172243173096,0.7160793304571625,0.6930278536915689,0.3544159555498184,0.716105572774915,0.6936450190949114,0.39388095909501486,0.7161249206390531,0.6932493855144451,0.3712791587689728,0.7161389626145895,0.6931237331038659,0.3544123948344354,0.7161589819785434,0.6933754981691356,0.35437807069439753,0.7161813924673017,0.6932041511178788,0.3544251794782071,0.716201010119155,0.6932062025762805,0.35440290235656935,0.7162183208292251,0.6933199894742728,0.3557991892497724,0.7162228480016783,0.6933194220400802,0.3543878642459584,0.7162300539348098,0.693300918748482,0.35442114389356627,0.7162607137973129,0.6933808969631369,0.3547669145154695,0.7162898849497347,0.693279579200717,0.3637176353648335,0.7163021847972726,0.6936049519706307,0.371089763795443,0.7163037831263616,0.6935370857598204,0.3686445893909116,0.7163286637905963,0.6935474759768753,0.3548096305212689,0.716332408782182,0.6931407704072202,0.3543936238587953,0.7163508047857119,0.693092614014093,0.35480322863362224,0.716378495668149,0.6935986490637139,0.35761250792133764,0.716409681310112,0.693175806567437,0.3545932731188239,0.7164374531906715,0.6934514113354957,0.36160202190887447,0.7165004019748197,0.6931254660736662,0.3765882311441338,0.7166013670865816,0.6935564452824958,0.35443896656824414,0.7167232146571978,0.6934225375105781,0.3545272505796495
0.4235398455668982,0.5338088408568988,0.8489849377406795,0.4236557008708548,0.5339316759437702,0.8482349107406899,0.4237592088482591,0.5336747435778435,0.8481394504244082,0.42380371836857006,0.5343800634914191,0.8522751238063784,0.4238159828322291,0.5339649541002889,0.8958960695588994,0.4238627618684433,0.5341531963630859,0.8716454084718779,0.42386515718618445,0.5342078706374443,0.8543174069138513,0.4238950486092554,0.5339751956376756,0.8694178154636771,0.42393941354331327,0.5341317484098854,0.8615147197104602,0.42398234679064384,0.5341739144875574,0.848163833281268,0.4239845503519906,0.5340207695523649,0.8485028890288606,0.423995992694528,0.5338742172757868,0.8481156496110378,0.424005563045614,0.5340511614439997,0.8524187516205929,0.42403266794639144,0.534256983294818,0.8594175879493879,0.4240335457053602,0.533972906321726,0.8611899923765747,0.42404674160583194,0.534300247017638,0.8480820415142097,0.4240502835432614,0.5338590016481017,0.8750021430021635,0.4240540044624162,0.5336616386320756,0.8480747541183866,0.42405823413089444,0.5340433110969823,0.8480857858719031,0.4240710418491269,0.5340513490125985,0.8499159683620241,0.42407808398180596,0.5338054531956675,0.8481286770130415,0.4240934519657848,0.5340306986378792,0.8481209700417691,0.4241135443737213,0.5340121153519286,0.8784826187675856,0.4241210035428385,0.5343419408001678,0.8481038570949612,0.42412882115049383,0.53411836445506,0.8481744556104867,0.4241320193778951,0.5337409300778445,0.8561623952560943,0.4241404609725434,0.5344801507886346,0.8845854553434124,0.4241547762073427,0.5338859110307144,0.8550361686867103,0.4241573560896923,0.5340757056402282,0.8728955394091296,0.42417039502344356,0.5338545802455,0.8480791852691971,0.42417248567031246,0.5337675180297139,0.8566418720279605,0.4241726600513986,0.534042658214118,0.8493182143929647,0.42419521549477346,0.5343406052744034,0.8604812793699692,0.4242137870645627,0.5343156485977311,0.849878874600531,0.4242498962095739,0.5340250848503889,0.8508376453195502,0.42427611328651543,0.5343779325528222,0.8483204591682122,0.4242906645080562,0.5342592005059742,0.8484925761910075,0.42432016787641325,0.5340841460653184,0.8579381841038004,0.42441835793233396,0.5345821247461936,0.8481402129928097,0.42442330571336595,0.5340942779513839,0.8481195510721063,0.42443729051051937,0.5338893667636718,0.8595185768057687
0.2862081193276972,0.5624719889940966,0.997235398295857,0.286282155175775,0.5620284749609159,0.9974911416849293,0.28635554998910556,0.5619203545244656,0.997221137377749,0.28639819683365997,0.5619928808306893,0.9973249678899963,0.28641072354981073,0.5619960412935925,0.9979995412803414,0.2864883047863384,0.5620451627830101,0.9982552981964472,0.28650732364376896,0.5619443415121667,0.9988895869211436,0.2865162558712866,0.5622538787313173,0.997284466101222,0.2865253743764206,0.5617665721315332,1.0523359179451417,0.2865408126419657,0.5623542338622394,1.0020722346935946,0.2865748367411167,0.5620119024561071,1.0299728347749695,0.28658137167969017,0.5618059514863247,0.9972597166713005,0.2866119879889117,0.5622203221715095,0.9986270902577729,0.28664131352203687,0.5619318818229073,1.0037776842494432,0.28673984051825774,0.562062187223214,1.0038872091769366,0.2867539115669807,0.561839916313329,1.017717424591679,0.28676821404606323,0.5620322570534029,0.9977769748731642,0.28680506500350117,0.5615325951663421,0.9973436572896959
0.8562174948848751,0.7195330914786049,0.5219894844438385,0.8562506774292038,0.7195973499179502,0.5473405378987162,0.8562518221387422,0.7197103550573083,0.5405213029687471,0.856264089761413,0.7193322112980488,0.5222974442919758,0.8563407315329513,0.719462643556263,0.5216363638572934,0.8563830940928894,0.7194026064632942,0.5281324086784631,0.8564572308175157,0.7196100743972916,0.54181292482118,0.8564625749192651,0.7194539479780373,0.5216030006732344,0.8566100187113608,0.7195560242889087,0.5216010216344482,0.8566204782652853,0.7195996869104243,0.5459888188489678,0.8566913504836029,0.7201348860719986,0.5216412347449736,0.8567279405007733,0.7196966693487159,0.5216931979626044,0.8568137222395682,0.7197237746435514,0.5217500463508197,0.8568345850893786,0.7194622379925814,0.5347269730440026
0.935144733150796,0.23195994940430692,0.9812340105882358,0.9354447669599342,0.23201277837633186,1.0582030237758735,0.9355920280490563,0.23177092144366826,0.9813421407892229
0.6413298597936562,0.290210988414102,0.39421655335450045,0.6413326159381804,0.2900011599996105,0.39411642859721124,0.6413942259512626,0.28988905188849623,0.3944053138264363,0.6415167028990414,0.28981409931324925,0.4135342650872333,0.6415580604837793,0.2901203012472748,0.4158336688830868,0.6415667913423015,0.28991926645650634,0.39414603071618687,0.6415798247317286,0.29025981726561406,0.42557337126066946,0.6417560968734888,0.2899872020939841,0.39416907948570395,0.6417570156459638,0.2898932104216872,0.39657488345239633,0.6417614037748416,0.28999207299074675,0.424260114763686,0.6417778142939421,0.29038155390979925,0.39420809873854834,0.6417802043525549,0.2901311129171826,0.4161776449563046,0.641780432455758,0.28998161071329176,0.39895829917580505,0.6417974201599894,0.2899624247767034,0.4012807497157716,0.6418116571518158,0.2901986019916811,0.4025979760646841,0.6418140719668596,0.29013853614026697,0.3949326815435471,0.641838112127953,0.28972987755032525,0.4118207393656769,0.6418390237182551,0.28985090433008137,0.3941273489630513,0.6418413750244218,0.29012382875809045,0.3955008979867353,0.641855009590205,0.2899905590773257,0.4018500204576356,0.6418817914172208,0.2896924508329606,0.4057963411626666,0.6418933180367483,0.28987783369371933,0.39586860704906535,0.6419026203187836,0.29005985692184527,0.4038461068476582,0.6419064174417426,0.2900290421675692,0.39768797696212166,0.6419117014221946,0.2899940871023165,0.39412347829657707,0.6419172836742629,0.2900534082620675,0.4010394100270178,0.6419178891193205,0.28992813951205726,0.3944126988057254,0.6419191890836743,0.289641371297399,0.3942038304495205,0.6419238674942429,0.28998641918975776,0.3941236345652099,0.6419266490377055,0.29008563758769423,0.3998866464674834,0.6419353469980099,0.2897632073474875,0.39419595834588234,0.6419453691705473,0.29012642533741206,0.394108512308957,0.6419470976239701,0.28975855999638417,0.39415315228840575,0.6419592342577527,0.2898800212847461,0.39557518644427836,0.6419604135710928,0.2901213666147627,0.39430386398185413,0.6419693805335094,0.2902842847509088,0.39413089152899283,0.6419824812875325,0.2899300548066275,0.4123469819252093,0.6419958070564765,0.2899576504058745,0.4189848391941748,0.6420209096108677,0.29033110058110095,0.3998271497971408,0.6420209504966128,0.28973497865860076,0.4318071705230011,0.6420253780046966,0.28998550732012196,0.3945883865083311,0.6420389766518981,0.29009532770651164,0.39843472060551566,0.6420482320069058,0.28994501249202775,0.39417546312363305,0.6420513825524994,0.2896867165968633,0.3941648818665936,0.6420527584543735,0.29031205009554245,0.394156303356241,0.6420884981623295,0.2895255970477514,0.4028883761774747,0.6420923638044101,0.2900748022711906,0.4017956837138529,0.6420950346915326,0.29013349215740597,0.39415392433842533,0.642139959107377,0.28992922780464153,0.39756991541450276,0.6421620341312254,0.29011912156660813,0.39560475850927834,0.6421688474996563,0.2899075447106211,0.39448351679364146,0.6421764894957569,0.2898035804025318,0.39598802356965845,0.6421898646585573,0.28988372378340743,0.3941803955060255,0.6421914501023276,0.2901634422757432,0.3942421770876644,0.6422065335136706,0.28988919646217465,0.4127346191724694,0.6422791300780554,0.28983321581760085,0.3942501874424373,0.6422908130360109,0.2901277371787518,0.42170509406219847,0.6423459524707504,0.2900971065393208,0.4346606325623245,0.6423692746036502,0.2899811730474808,0.3945601956825916,0.6423926626746782,0.2898679014648905,0.43585232762948667
0.5599350104901162,0.7301250763150114,0.3664429346783041,0.5599962824673842,0.7301931534718601,0.3718313736624808,0.5601133202541199,0.7297036742761446,0.36603165192610937,0.5601446288516067,0.73006656029044,0.3667197841927719,0.5601881334965817,0.7296556208401334,0.36701045785685327,0.560199846411282,0.7296851584537046,0.36814818954209955,0.5602581849029511,0.7302883545048577,0.3658178784379893,0.5602976525372668,0.7302242141318808,0.36596243094732306,0.5603049305154353,0.730024688778481,0.36585571190708666,0.5603051075312994,0.7300622318182539,0.38962280256766857,0.5603965718437113,0.7302210674191499,0.38584985405593725,0.5604312201576229,0.73010202624173,0.3784253683718616,0.5604329964454285,0.7300718066542295,0.3867332624144712,0.5604384523531973,0.7301008894260652,0.3805833575638922,0.5604847238703665,0.7303232971588598,0.40164022606988664,0.5604918610696642,0.7301514570190843,0.366505134647244,0.560509968986484,0.7301646174950569,0.3663736070646195,0.5605196100553803,0.730093440885503,0.3663357789851167,0.5605206498769226,0.7304202040811545,0.366441018498495,0.5605594626478209,0.7301253161225538,0.3660264024800006,0.5606034231935352,0.7298256360754244,0.3658310463554755,0.560605500945237,0.7301116660886403,0.36952602470808527,0.5606695472893906,0.7302558769863976,0.3667075060970759,0.5606828898270776,0.7302107036973742,0.3658315792628906,0.5607100573914515,0.7300244526988671,0.36593973180168865,0.5608894332775375,0.7303681263197614,0.3673554497597119,0.5609456396747743,0.7305908232334664,0.3726124201487268
0.00972859751695951,0.09569925141794308,0.6374463504776471,0.00983873232508551,0.09549860249751366,0.6485030602620843,0.009869204534314334,0.09608563067731087,0.632503963657706,0.009869440746028265,0.0954150618697631,0.6330657006994057,0.009877460717261474,0.09529525347025791,0.6325131506990489,0.009897136274102944,0.095615751881359,0.6325149372714676,0.009915295958265364,0.09559642849020625,0.6428892375013577,0.009921485964536169,0.09562420209619753,0.6335080865135354,0.009929925913459307,0.09590016175042645,0.6325770168199684,0.009944770105769728,0.09515999315916888,0.6331482285051616,0.009956828072803937,0.09558348067382307,0.6325782543348657,0.009963459987777817,0.09554822349818642,0.6489542338065745,0.00996394420730488,0.09580521841334268,0.665345634283345,0.009993948231474713,0.09596914392992868,0.6363287924377312,0.009994184147534514,0.09560541242744974,0.6641813488896483,0.010001953361676003,0.09553236048627314,0.6331207628281987,0.010011265160010637,0.0957009464383588,0.6335091665968566,0.010012843092077199,0.09535364011280353,0.6327859447182846,0.01001789167048901,0.09540928903428467,0.6326381082936959,0.010020859028740423,0.0954084829455565,0.6326067002999409,0.010026472084016675,0.09548701873012289,0.6381242904235193,0.01003488162581563,0.0954338623964862,0.6325912633721685,0.010039107366970302,0.09557486382692254,0.6351500840706872,0.010039707781000155,0.0955993048971086,0.6326591837715942,0.010050125627033241,0.09573125486363591,0.6794804613340527,0.01005290443371834,0.0958185993742468,0.6329043886168563,0.01007691892983127,0.0954066924594659,0.6347183682083789,0.010077354193470653,0.09543061574438992,0.6325970859246446,0.010079237726908481,0.09548263288579438,0.6367089440657424,0.010080061488783449,0.09607617218469076,0.6326748724654154,0.01008226524408137,0.09548621760939699,0.6327208013390468,0.010096680123315896,0.09543807540183986,0.6655553235466167,0.010099782023784837,0.09522891433227583,0.6601284283230393,0.010107297537293423,0.09558454973085924,0.6618137966666066,0.010115385796321694,0.09551775239735347,0.6325440352679483,0.010133623832937354,0.09588367668335285,0.6444678425811976,0.01013430762713042,0.09575918292727102,0.6621059249249268,0.01013477401576176,0.09547680631589714,0.6325008446073215,0.010141063472808754,0.09574558570697651,0.6325211232614004,0.010146698395334395,0.09619409998557443,0.632542221881094,0.010149887861585586,0.09546986153490268,0.6384100191606042,0.010151303803710198,0.09542062866632485,0.6325180704014317,0.010156951457522628,0.09570072832400082,0.6325395654228524,0.010167773745470014,0.09532518499860401,0.6325337284041291,0.010169082111670773,0.09549841724375938,0.6325325130879464,0.010175410692018516,0.09575805778928052,0.6328120405338221,0.010185927467897385,0.09575053985239108,0.6325227242407887,0.010186921331062347,0.09542056985278274,0.6396399635089256,0.01019210229339203,0.09562610670123937,0.6325351629618436,0.010195412949383231,0.0956801471326001,0.6374091482809048,0.010202093397980365,0.09547819134610622,0.6325082145303859,0.010202763393857233,0.09557323728008921,0.6327242662014246,0.010225073712754251,0.09544128093328648,0.662881764372323,0.010229614810851809,0.09553898627674338,0.6325960109333135,0.010238883060264067,0.0959944080883182,0.6484362511169566,0.010239036148484494,0.09552461136498903,0.6669369560209705,0.010248612033325203,0.0960151675515076,0.6528564177963344,0.010263610376443069,0.09579224354933968,0.6552776200715206,0.010267919086558117,0.09537032406966028,0.6430285982074271,0.010273994944213884,0.09564027569207331,0.637846656941783,0.010280979921395579,0.09547671125507236,0.6325068425323658,0.01028885473728297,0.09573196199971301,0.642438163248461,0.010319828557189948,0.09593243564003896,0.63251389324864,0.01033395082407083,0.09547385736827842,0.6400576339812657,0.010345380490184256,0.09586333357500057,0.6393806025926928,0.010372388735092166,0.0953701587939193,0.6497067299701844,0.010373296968205704,0.09573830139716336,0.6373409595117934,0.010423546094793299,0.09541343379252316,0.6325426121866257,0.01047003067816041,0.0956036275006557,0.6325232887777854,0.01049580745564034,0.09593647348074366,0.6334485263245695,0.010555104157652484,0.09583943851891454,0.6390995415561795,0.010729641576914363,0.09517741654691464,0.6533491952136524
0.15382912570797394,0.015055328816407388,1.0014832084225422,0.15391610073903444,0.015351038467820379,0.9852283118328289,0.1539596493411841,0.01526577236027788,1.0243390808214217,0.1540010605350744,0.01571813821930755,1.0032927060875714,0.15409261502037896,0.015341212407084357,0.9852018251742687,0.15409808331306174,0.015270513622948349,0.9996944750910814,0.15411766893923012,0.01533700615159222,0.994514365053947,0.1541312060765325,0.015190540178229585,0.9854986813237786,0.1542246773754651,0.014725943981934895,0.9878751543796768,0.15423460935193967,0.015186362566216235,0.9850951932407547,0.15423867057853533,0.015305936177509707,0.9851826490217033,0.15424091086154493,0.015226805834995737,0.989250587790891,0.1542541485257982,0.015555629643619645,0.9851280983503807,0.15425440851317748,0.015015768298968231,0.985108405287736,0.15427121254689527,0.015111655973714142,0.985601203956406,0.15430376076742033,0.015358486468569875,0.9851032889335308,0.1543148511468301,0.015108859258247296,0.9850923379263302,0.1543239316857481,0.014986848345256598,0.9850990869774163,0.15432984924011092,0.015296723986800848,0.9852127717542485,0.15433916239973833,0.0153709539102865,1.0042912280780028,0.154339604765488,0.015161763179677107,0.9851403933255356,0.15436059314722558,0.015228985590614799,0.9852638089256743,0.15436447330948225,0.01533745405512089,0.9853939920097758,0.15440231936710894,0.015277049596355093,0.9852333195226725,0.15440546515261097,0.015463326265301267,0.9886168605224364,0.15440562980815675,0.015242247194982326,0.9858773396768579,0.15440783859078794,0.014860500044234158,0.9851298785286563,0.15442291736457145,0.015479860260326297,0.9851467849949875,0.15443581639608864,0.01523816883812679,0.985405938950239,0.15443664315553932,0.015486792170025774,1.0054024776551156,0.15444132258440402,0.015318510450704035,0.9923765915715367,0.15446368999486262,0.015080887208056037,0.9851004877390648,0.1544673254784427,0.015600597754750114,0.9873712780032924,0.15447944264194055,0.015030130563035735,0.9851838981443929,0.15449452504051375,0.01534531846020413,0.9977305247061367,0.15450507116805698,0.015221226501457762,0.9852314500284152,0.15456139570337937,0.015259456745098108,1.0179982684519833,0.15456561018661477,0.015238693858560637,0.9851002408511855,0.15456967994827356,0.015129634925648772,0.9850950477675607,0.15457322605501211,0.015450601525736778,0.9949002317195523,0.1546011391591354,0.015251357366206812,1.0232730625191553,0.15476471633326805,0.014880224638582592,0.985951852267575,0.15481371931187854,0.014945557096565577,0.9851824676188623,0.1548522771728609,0.014960925627477297,0.9851353835308896
0.030881752154509775,0.7500284544572337,0.46868038399556966,0.03088363610147524,0.7501347185167561,0.4687448421480659,0.03097509392450761,0.7504792661830411,0.4693817130670486,0.031066596893015677,0.7499761324105061,0.524983340317207,0.03117929037279461,0.749920051272732,0.46870647439517704,0.03130728969572866,0.7498313734219293,0.4753024221258064,0.03137141425166607,0.7497271781922246,0.4960757657782539,0.03140318570419847,0.7501849882779971,0.4930003130824123,0.03144897622801528,0.7503038558479567,0.47550590950357735,0.031487639066583306,0.7503570674119636,0.46901857427330357,0.03149998983949711,0.7501180328205268,0.4695804635708935,0.03154312072431315,0.7498492237801403,0.46941712840392763,0.031614829862097946,0.7501694509279476,0.4687179405070791,0.03178676035880177,0.7502003595896026,0.4687831802176798
0.6670710494411287,0.15821052656196177,1.0278702262682469,0.6673124665002969,0.15819464385046902,1.0173218126993482,0.6673417309238248,0.15869997333157207,0.9811498649251275,0.6673436228330423,0.1578447730546389,0.9960545090150336,0.6673630335581698,0.15796576730884285,0.9811502099130306,0.6673666944954934,0.1584424589758428,0.9901538193420869,0.6674060298805159,0.15854332658656875,0.9833144731796728,0.6674110866665258,0.15832563843588643,0.9812107470872913,0.667411193353975,0.15834168635519183,1.0136097479533137,0.6674300950011113,0.15800084264522168,1.0199514377705732,0.6674549651319774,0.15831911410772986,0.9811832936606225,0.6674622925823653,0.1581579800150143,0.9818295159458875,0.6674667469464536,0.1583045937843478,0.9811243299483384,0.6674804298064457,0.15781183018270487,0.9958225309526537,0.6675145049968884,0.15819149066593727,0.9819720700416306,0.6675268589331937,0.1581324454193868,0.9882334629948653,0.6675317373479557,0.15810150938121753,0.9840759780651923,0.6675747564506479,0.15807032646500455,0.9811156955881403,0.6675828129173169,0.1581051820416486,0.9811533925122188,0.6675847259644253,0.15851935488951277,1.0059893428804885,0.6675857891834429,0.15827906203159267,0.9812650076504873,0.6675925707882087,0.15855076692479966,0.9890068905930559,0.6676129032411071,0.1585605141948043,0.9822319876828941,0.6676172438955621,0.1580541916070805,0.9846265550055446,0.6676701210267484,0.15818614995224814,0.9820617813908485,0.6676856626028325,0.1583214087467707,0.9811216414234457,0.6677012991095502,0.1584394522275183,0.981196844914477,0.6677027803046991,0.15838119573579737,1.0000329085583899,0.6677109450545123,0.15853810067835067,0.9887097739567664,0.6677219705748255,0.15823541087240303,0.9812808122423856,0.6677251857751445,0.15823031647079663,0.9830415671461823,0.6677252211238619,0.15805562607308288,0.9812512240950417,0.6677295638816392,0.15815206881180727,0.9812609046568214,0.6677399835150784,0.15772228282455872,0.9817000034266081,0.6677769974629029,0.15849137561742932,0.9825806777460777,0.667887009382228,0.1583261490784815,0.9850523312131845,0.6680308445310144,0.15836525728199888,1.0030034270374018
0.2605017331241779,0.0035654958768470578,0.8589572356688645,0.26052706101001105,0.003378409853619147,0.9095981258123297,0.2605985751168855,0.003502508580790437,0.8738727701783044,0.26060454067457417,0.0033023506716449956,0.8544099228759493,0.260638644126635,0.0033333661579047513,0.8543768315294017,0.26066407655664453,0.003420606345247913,0.8748582312761757,0.26067162591051585,0.003326069888129558,0.8741818382009735,0.26068800226964833,0.003403772283849322,0.8544771652221209,0.2607161094691966,0.0035415404266335676,0.8543797471442368,0.260749858358787,0.003791362852898051,0.9289493888936547,0.2607562514873382,0.0035850543333991727,0.8686165761634252,0.26075696988724617,0.003857660344459907,0.8610278174443453,0.2607758353873252,0.0038485197387825455,0.8544964906114626,0.2607778172957258,0.0034774219180065263,0.859955920300229,0.2607854183725567,0.003691018728717744,0.8558390262605846,0.2607898476487056,0.0033464443781719214,0.8543245432743112,0.26081327351661493,0.003961387595869685,0.8575080839973522,0.26081523016336944,0.003449580732518832,0.8628003353577568,0.26083903551073756,0.0035360117052372314,0.8558611858983375,0.2608412917039915,0.003491210655802044,0.8554747624556321,0.26084576984692714,0.0034609991744335923,0.8543298149947302,0.2608547966556144,0.003536555402848231,0.8621509477639607,0.2608732463350783,0.004030928523962861,0.8543806077938666,0.26087942672057424,0.0038673584483121907,0.8559605853334196,0.2608926618737157,0.003680774979894249,0.8785607999323062,0.2609080368915388,0.0032025452276247274,0.9117663031521525,0.26090871388349257,0.0034673931601051926,0.8544292729472734,0.26091344549785017,0.0035715591209515983,0.863340444892151,0.2609145378062631,0.004164853243567352,0.8543363853655994,0.26092634652378643,0.003414813647806467,0.8543249017282952,0.2609574077559303,0.0036100762162850626,0.8543561835369918,0.2609679661084787,0.003466862392326911,0.8663256159395553,0.26096900372815507,0.003556269353013925,0.8753360636899261,0.2609699477809856,0.003770067760583678,0.8543185674019206,0.26097291970352376,0.0032710154655400934,0.8884975924304127,0.26098384918116646,0.0035467544910259886,0.8547381067186041,0.26098821946751266,0.0037492628129534686,0.8544473500263625,0.26099255652122466,0.0036019277432780142,0.8658240564383443,0.2610089872295979,0.0038753131529863406,0.8862900645153977,0.26103251746935807,0.0035948595644873568,0.8543338938572367,0.26103271392393024,0.0037585525297221542,0.8543355610288802,0.261033143982541,0.003281756548646612,0.8816235961882385,0.2610358216416913,0.0034619135676910383,0.8544006399902008,0.261041271189748,0.0037876522876073328,0.8927300653466508,0.2610484968231958,0.0030107608687760016,0.8841184302039086,0.2610591431502522,0.0035515245676622843,0.8602569977393927,0.2610605651744195,0.0035764439550124818,0.8945983379486431,0.2610719304658666,0.0037171566601538583,0.9215467673854306,0.26108766926437654,0.0034272878414090707,0.8559154842750569,0.26111409378173406,0.0036075579058246115,0.868053863655297,0.26112328959921793,0.0038313333142486797,0.8543428818091932,0.2611257431116904,0.0035287488357388947,0.8555201937225143,0.2611264913191883,0.0038926912949348814,0.8592426900215853,0.2611303990093332,0.003438967988051941,0.8687368534727515,0.26114029853389237,0.0036250695651450825,0.8544089370512455,0.2611608016356808,0.0035397200517251095,0.8544177869398544,0.2611975191418188,0.003890579394512655,0.8702032933083416,0.2612033931355226,0.0036256063488003124,0.854375166172223,0.261212440357722,0.0037950830800866824,0.8637318212028129,0.2612291456459411,0.0035495738772512294,0.8544038494808661,0.2612376685375248,0.004019841250912904,0.9014052211280515,0.261384650206032,0.003912863780020308,0.8543643752453061
0.15903534384301277,0.5928637486771043,0.30749643031226204,0.15915534404502152,0.5930172780093543,0.30691244328569434,0.15918713915378335,0.5929803453355589,0.3070666716469838,0.1593056993937645,0.5929767567009504,0.3358513081005542,0.1593323922478969,0.5927492069119049,0.3626138339886883,0.15934007149706028,0.5928569794891492,0.30836591664610224,0.1594066153192716,0.5930415422747678,0.30698208608537925,0.15941336596749595,0.5929772457226816,0.3069242388065043,0.15941502253658235,0.5927898808063717,0.3079656566951121,0.15942581084810703,0.5931347271045718,0.35506649294304504,0.1594386891813395,0.5929268360019412,0.3069572240807956,0.15944998855628675,0.5924298529126972,0.3069443810676578,0.159478495368769,0.5926461845573868,0.3071424826193496,0.15948426142422098,0.5928333289312141,0.3076648030737142,0.15950682026176635,0.5925372706749398,0.30691956234417855,0.15953875731285502,0.5928473689025703,0.3072342277119407,0.15954122177636007,0.592751970590161,0.30704506319116504,0.1595449029278492,0.5926964406677364,0.3116789820200008,0.15957054096853673,0.5925752268384593,0.33445210976077805,0.1595720198819205,0.5924290984695177,0.30794058658116846,0.15958138361965718,0.5923194739296763,0.3069207144151409,0.1595945497187418,0.5921175292192087,0.3074481346987617,0.15961057087430505,0.5925211317513382,0.30724596670643944,0.15963827865725094,0.5924469800177121,0.3070126840851352,0.159694954011436,0.5930246744245601,0.30707982698759617,0.1596984972621843,0.5926626541796138,0.31389824601095107,0.15971686903016813,0.5930729193288333,0.3145789750619586,0.159775222809618,0.5931274035953493,0.30761479289223065,0.15979168745854638,0.592746520317715,0.3070562218855516,0.15979264966117918,0.5928291833367642,0.3069175743313483,0.15979577607204778,0.592747228739527,0.3069517594042389,0.15984139270990047,0.5929147674380352,0.31036925697981205,0.15986649783299584,0.592985566116311,0.30706999167498533,0.15986768055075412,0.5925972246147603,0.3070714445469208,0.15989212242796588,0.5931858739905383,0.32647847132894103,0.159956855340669,0.5928136713342682,0.3603824810018214,0.15997841730205598,0.5928158748437095,0.3069653071048167,0.15999945790665415,0.5927251630430505,0.3069063445743939,0.16011054768716323,0.5926566132414243,0.3318722128752794
0.6341365097803007,0.6391714603838164,0.2507668235963945,0.6342456196403448,0.6388718163785823,0.2635011368476953,0.6342559456751841,0.6390557172979487,0.24899866026889528,0.6342639855597458,0.6389747908588628,0.2492794741779913,0.6342686227025538,0.6386711540759513,0.2530643426777026,0.6342691864288895,0.6387891184220714,0.25712589861396806,0.6342757648285992,0.6388286305667858,0.259142324832058,0.6342777267259815,0.6388295865431941,0.28427294992050256,0.6343162951420868,0.6393321986526093,0.24884507115279497,0.6343224307934336,0.6389270312415805,0.24892251780229846,0.6343229191780824,0.6390862273103789,0.2657577507875618,0.6343442979623982,0.6386860344443694,0.24898981215405147,0.6343742314458718,0.6388138976734579,0.2488401035305351,0.6343967076750673,0.6392176318403028,0.24942768722778672,0.63442908796043,0.6390060301950509,0.27072719497692543,0.634431897866459,0.638782232783465,0.2488511606177474,0.6344476284137894,0.6386398871487694,0.2523824542022146,0.6344500695683216,0.639111754183262,0.24929866205993112,0.6344744791794856,0.6392014962005311,0.2488761404385369,0.6344807490524916,0.6388284860263255,0.2637129344802165,0.6344824266444294,0.63918591700752,0.2488350957867852,0.6344863262438182,0.6386899723217698,0.24888216725771986,0.6344922704506236,0.6388831582336892,0.2508537556079281,0.634495533012742,0.6387537102684585,0.26534280314966957,0.6344987737832738,0.6387361073882368,0.263387162479871,0.6345015834272307,0.6391917950038792,0.28458187279113106,0.6345092386989845,0.6390225755786965,0.2701100379608693,0.6345133977389258,0.638925343920076,0.25602636939620427,0.6345280967643039,0.6391792143633735,0.2561116943638936,0.6345285653103183,0.6391260085646993,0.24900792997592203,0.6345407295218174,0.6392128780148987,0.2737432783576161,0.6345451506932825,0.638766808211116,0.2746028274592139,0.634550623801572,0.6390472875836154,0.24960573505598982,0.6345539599676295,0.63875330634941,0.2488621780786394,0.634555153802063,0.6391753522863443,0.2759926631025932,0.6345847570567082,0.6388737560900857,0.2578791080955366,0.6345895008631526,0.6389819791579778,0.25560457572142486,0.6346035222490356,0.6392508015315146,0.3011938689330189,0.6346238892837734,0.6385932602810026,0.2519237444349414,0.6346261445301463,0.6392405054243465,0.24924463520801327,0.6346295019831742,0.639004457791825,0.24967369918146612,0.6346397032137643,0.6386524914142082,0.260015478651007,0.6346469403901085,0.6390556387625594,0.24885958305987094,0.6346663340593754,0.6390153518053832,0.24906634169016292,0.6346690256561033,0.6389522319334349,0.24882082576961997,0.634681161177497,0.6393039225720956,0.248925144413066,0.6346993015848129,0.6388080372582349,0.24886560161041782,0.6347079102442292,0.6393108396689843,0.24925171695847292,0.6347164450254879,0.6387794289982957,0.248839379040259,0.6347246343224059,0.6390670725352888,0.2488542880582188,0.6347481943405726,0.6390483290447174,0.2975576417852368,0.6347534381198221,0.6390024968830715,0.24889088639416906,0.6347580289558438,0.6391342322302951,0.24883836018868738,0.6347626566554678,0.6388348954318277,0.24953841616809483,0.6347732521245935,0.638976791261717,0.2682241064120149,0.6347890544946551,0.6388621238986928,0.27223482828972917,0.6347953868451612,0.6388925868341047,0.25521472164342585,0.6348080635055522,0.6389403640908647,0.26375240657944976,0.6348419060274398,0.6389056405801881,0.24896714460958483
0.7018770744257764,0.11117083344645923,0.27148810669305745,0.7019180252191809,0.11075122538166311,0.27895079938378003,0.7019267514200802,0.11126076704735965,0.271412481275313,0.701946142002772,0.11112965908954746,0.27231163739594766,0.7020021011876818,0.1111205487328276,0.2792741969499372,0.7020356990523535,0.11152663917862798,0.30183237558843107,0.7021676454816532,0.11125815879520087,0.27669863609055223,0.7021751453886182,0.11074547398308744,0.274468309138921,0.7021953969099478,0.11126386870989367,0.27770878010993044,0.7022351351370516,0.1113791714995389,0.27150255870624274,0.7022542235283213,0.11114645011324768,0.2713925432359354,0.7022572389028736,0.11118117128185917,0.28597770327918554,0.7022693365889253,0.11105001769959007,0.271398157356126,0.7022719238575121,0.11090270525719029,0.27140128619750675,0.7022757237153131,0.11122967627396212,0.2714040624528669,0.7023017001678804,0.11106859856555401,0.271633801779364,0.7023079570084843,0.11154310514741322,0.27140955404846046,0.7023479962338933,0.1115189967543942,0.27142794551731214,0.7023601378826754,0.11124965802412656,0.27159646484700223,0.7023614769389425,0.11122238554398253,0.2714944208294268,0.7023761984841895,0.11133053382279198,0.2716035727750442,0.7023816464619895,0.11143679964872755,0.2724311560561828,0.7023992124104789,0.11134610404405397,0.2714337555642804,0.7024021828335737,0.11128636099510687,0.2733555404489425,0.7024214917907647,0.11117995455665115,0.2713919186921482,0.7024254004825903,0.11096148238147943,0.271559779695103,0.7024552436537687,0.111069652286364,0.2715335548248386,0.7024648714195407,0.11105833288375654,0.2951365607077501,0.7024725416493551,0.11100883350779896,0.2714141076420563,0.702480140637549,0.11122014234390933,0.2714079233316131,0.7024949793943964,0.11129257437019978,0.2813044662190193,0.702507270339361,0.11104568666367379,0.29831700652139154,0.7025194098256122,0.11105687789153428,0.29843190232951033,0.702522862055396,0.11117473348897038,0.2721674399164004,0.7025333587328314,0.11113661620327513,0.2725849236234613,0.7025351015054504,0.11142312876041056,0.2715485609111244,0.702539102622872,0.11092973626676696,0.27230507117128266,0.7025393321535706,0.1113720115854588,0.2763570814951177,0.7025417489570006,0.11082767094515227,0.27549466178824644,0.702556446334283,0.11113223757359383,0.27319447202378977,0.7025659942134297,0.11130938645478176,0.300304420277704,0.7025687620120986,0.11115873302981176,0.2981473313781466,0.7025763590846291,0.11112997210619445,0.27598631515282973,0.702581904511543,0.11086762233188519,0.2734216746245254,0.7025971193473598,0.11125782255010194,0.27141180078466415,0.7026072580290235,0.11084819083171336,0.27520984643764124,0.7026469041840108,0.11113580535457296,0.296109181745442,0.7026487086272842,0.11097180791197765,0.2714078601056843,0.7026605413857573,0.1110354383681904,0.28574788639147936,0.7026629371892714,0.11137342823255833,0.27539551295078935,0.7026690789560294,0.11125167172198772,0.28827251119124436,0.7027175752182521,0.1110949979668689,0.2714191627818302,0.7027386920655654,0.11091511858813691,0.27265343798015745,0.7027421036207887,0.11078463364011641,0.28751552889630627,0.7027465275716221,0.1108621643147881,0.27160783926971593,0.7027567785765684,0.1108351816813662,0.271627591781762,0.7027743741990192,0.11098715274542316,0.3005977093838202,0.7027882379647552,0.11145724078419736,0.27346253614481597,0.7028015285327484,0.11100933440316745,0.2715465231973544,0.702858853296368,0.11085630978142977,0.27175729009533806,0.7029014506870016,0.11095945696039122,0.27143083612938906,0.7029264717185147,0.11109842257954984,0.2742808280441107
0.289384677779722,0.2261578302348696,0.6998735111071669,0.28943718158718285,0.22642231190936274,0.703422497970337,0.28947132059404634,0.22614564690149802,0.6847188482841879,0.2895330234366154,0.22606201128640804,0.6839302717911397,0.28955036718641625,0.22643456782562468,0.6839429683363073,0.2895643794110875,0.22620678908648176,0.6842291936244758,0.28960328509692074,0.22656191239646425,0.6839853056544681,0.2896261615521629,0.22599725124430828,0.7031119231044554,0.28964309825839746,0.22664352457994635,0.6840660530380969,0.28964546953306247,0.22596166483735344,0.7045676994980263,0.28973217005213975,0.22589324258872798,0.6839597726079834,0.2897327112633239,0.2261872867914795,0.6840870314524452,0.2897544917980451,0.22614495488137218,0.6899814577506891,0.2897968309825712,0.2261142048845624,0.6839284809407737,0.28980955292517374,0.2262078073758656,0.6840957900522793,0.28982111289247836,0.22616298973684346,0.6840010183929494,0.2898603401517727,0.22640260914037683,0.6912315544293031,0.2898762468335751,0.22615133428992454,0.6840448841038248,0.2898794077443512,0.22573596626283596,0.6840182028664061,0.28989197375496323,0.22623846103011633,0.6842848896336575,0.28990927873781436,0.2257055329832176,0.684005763301884,0.2899280938750156,0.2262071638143815,0.688599029404007,0.28997833819937385,0.22625125059372672,0.710149520283779,0.29005326825442784,0.22590814898357567,0.6839485128288126,0.2901136964367773,0.2260891522337813,0.7093026594908219
0.25567233081350876,0.6951780541033209,0.25361779181184113,0.2557650255338748,0.6952159120254733,0.25508830083101247,0.2559101833058228,0.6949104671320683,0.26857515827664263,0.25591187656797565,0.6948620681157741,0.2536102445714259,0.25594421208624113,0.6947549005522514,0.2649894613271204,0.25600035902489743,0.6953098989399211,0.2560108030662208,0.25600665703958625,0.6951702890905261,0.25366338857637155,0.25601481982706786,0.6951101757959447,0.28629469394328544,0.25602625624501557,0.6949640656147635,0.25368825314436355,0.2560270454429265,0.6953950284619923,0.2654063839937595,0.2560286314487785,0.6948072779243263,0.25364987866668,0.2560324947548006,0.6953563309706197,0.2941415445005597,0.25603665282546006,0.695233017420693,0.25428638848530466,0.25605105493578767,0.6952700873368286,0.2536456714327241,0.25609449701622483,0.6950880313389177,0.2580773486549912,0.2561054804692456,0.6953038694222272,0.2791520492675127,0.25612251477422665,0.6946736060478179,0.25408434150854065,0.256128161255823,0.6950547641862495,0.28423005845543003,0.25613293394118714,0.6948363927263528,0.27133623320007955,0.2561376488908382,0.6946236357659855,0.25359146835953944,0.2561444737012533,0.6952951220070502,0.2536948831883863,0.256160255494851,0.6953363260939435,0.2573999811188904,0.25616301602451974,0.6951759182838915,0.2542935003462495,0.2562169663536316,0.6948249751153467,0.2613087473977802,0.2562375146882898,0.6953048739923983,0.25360286378358526,0.2562505167943046,0.6950647217933777,0.2536095832749673,0.2562630854318281,0.6953166209665734,0.2542051049977312,0.25626641475764195,0.6952573941643044,0.25363365372042807,0.25627786761325083,0.6947528297826261,0.28213491159377924,0.2562823448626526,0.6950061861062334,0.25361773770243345,0.25628387270820807,0.6950445610660994,0.25366930746873595,0.2563075907126666,0.6952449752724715,0.2539983053073019,0.25631391344118437,0.6950829701659283,0.25367448362404177,0.25632976516664063,0.6946791987050833,0.2535916019963961,0.25635671090552536,0.6949872390379226,0.2705224706508359,0.2563586206384954,0.6952552582988728,0.26974777028994057,0.2563822139201586,0.6950781887983442,0.2536163448088793,0.25640309674540296,0.6947362706513927,0.2536236551848846,0.2564114887755894,0.6952145054432639,0.25538892576150946,0.2564364277442537,0.6952348345080572,0.28768521479825293,0.25644080984622075,0.6953542914748705,0.26599445498942076,0.25663003422241126,0.6949864923596507,0.2552598599384279
0.09669652366928758,0.3158704515405002,0.8042463154796974,0.09673466291580168,0.31549709206975546,0.8024949564642693,0.09675966784091404,0.3155193450775431,0.8019608862552525,0.0967927390515832,0.31526439199069245,0.8020388495546661,0.096805020963733,0.3154199843204404,0.8019783607698721,0.09681416930542608,0.3153627187277061,0.8023338098959664,0.09687206576188988,0.3153712845109618,0.8019664450910707,0.09692710071382726,0.3155100066857749,0.8019884027376317,0.09713750544943583,0.3154015689445031,0.8483233220335524,0.09719938701721538,0.315667776284348,0.802019593817052,0.09733413889030566,0.31557302705310447,0.8038503642297447
0.8382578952712743,0.8799170050982799,0.7513551115653713,0.8382817032810952,0.8793473886089036,0.7653003206912389,0.8382842492460335,0.8796809655993629,0.7399318799165947,0.8382934510535645,0.8795940996954509,0.7583630868239626,0.8383583891691037,0.8788822830912703,0.7350683380891081,0.8383584878644088,0.8796640664270543,0.7625807105380331,0.8384237927498857,0.8795596550612541,0.7652309823072297,0.8384496059588,0.8794637828609431,0.7548274355894949,0.8384951261210021,0.8798748049503822,0.7648828300753059,0.8385074300124461,0.8792650854799029,0.7351342057607471,0.8385438196316861,0.8795343652447962,0.7354181379311546,0.83856971113806,0.8792394787959028,0.7354242316208304,0.8385753463618119,0.8796205849820783,0.7488341835235673,0.8385956709496754,0.8794343772592178,0.7352995716723043,0.8386037704915151,0.8794404749264674,0.770133497757941,0.8386040835737457,0.8794665390820704,0.7378698227751199,0.8386082773909868,0.8797281939944442,0.7709770277859392,0.8386085576393263,0.8794698868115728,0.7350558100623836,0.8386226021234352,0.8796371869151081,0.7356506672050837,0.8386273358907457,0.8794460013114244,0.7530936374776367,0.8386714039838917,0.8795553604307669,0.7372011253911788,0.8386912314121543,0.8795862595641897,0.7350465443002904,0.8387366052899226,0.8794652762177327,0.7374836774246444,0.8387697402646392,0.8797055443766154,0.7409424718070292,0.8387722871696937,0.8792729704181802,0.7350407002028408,0.8387747456866305,0.8791326001472672,0.7352502485288295,0.8387934505843382,0.8795919914694647,0.7350886866820127,0.8388133231680044,0.8792979201500466,0.7361892493858607,0.8388136032736142,0.879351106105602,0.7632328578919615,0.838814049805089,0.8794667719795313,0.7530892182778858,0.8388770659845496,0.8791604877493616,0.7352882235645246,0.8389528157440133,0.87919533211989,0.7350342254823633,0.8389949249958726,0.879290456410256,0.7393234861372475,0.8389967353069758,0.8794985352293442,0.7390569866603675,0.8390686174466285,0.8795091558186154,0.7357743998077352,0.8391305133446669,0.8796507062872553,0.8010960881183122,0.8391831126619049,0.8794745472392909,0.7415635840347704
0.861310475483012,0.6025497902594291,0.26462404213701957,0.8613575836857202,0.6029897021996604,0.2843053652819711,0.8613916055676535,0.6030189830376113,0.2979717142603889,0.8614127944080788,0.6026651319182694,0.2645491101914562,0.8614144475494501,0.6027767712154188,0.2955819778364097,0.8614232261944186,0.6025626417191611,0.26455175888867904,0.8614478587897814,0.6024675322821905,0.2645579812154749,0.8614796418688518,0.6023711398770184,0.2651039655820058,0.8614850348459183,0.6029292125313864,0.2645491600568968,0.861517633774501,0.6025476884064187,0.28174070400251083,0.8615193063731883,0.602451786413361,0.2651345422826498,0.8615371745658562,0.602608341181145,0.2668039474017826,0.8615651089966352,0.6023378203843728,0.27632084600880213,0.8616459906008201,0.6026776356414232,0.28401406617539415,0.861708144978484,0.6025157301927221,0.2646041230622695,0.8617328830773281,0.6023951202876471,0.32514042945001276,0.8617379850732827,0.602321153316794,0.2651013472164232,0.8617633246187433,0.6023437820127295,0.30875971388750584,0.8617720592735136,0.6024359269452269,0.26470013939436926,0.8617757405461416,0.6028521063285237,0.26473943307556247,0.8617852015188643,0.602463988021393,0.27319676034789786,0.8617961877947375,0.6023415479296157,0.2655650336041924,0.8618037469435388,0.6026225489090262,0.2893070842155713,0.8618054792328218,0.6025549463453477,0.2646965396765143,0.8618179443404524,0.6027385919663727,0.2645646265002499,0.8618262133117123,0.6026386805158546,0.27982967427780375,0.8618637389681512,0.6029018997946399,0.27111416386677994,0.8618769697105916,0.6022295652735541,0.2647306992349337,0.8619260840340124,0.6027399350954231,0.28237161676319333,0.8620938426584571,0.6026702668930075,0.268592769595282
0.9939972822556156,0.7170313491625196,0.7329108342344639,0.9940125613154539,0.7171608209453512,0.7155244435020598,0.9940841058155321,0.7174419319747815,0.7155022687427008,0.9941037077276306,0.7170832470791334,0.7154363476980943,0.9941122972459084,0.7173266723053986,0.7154304284697124,0.9941220963368294,0.7172005570571153,0.7416449146025751,0.9941235680989089,0.7171364518814338,0.7251826691994623,0.9941324524290858,0.7171584700313485,0.7172491374042416,0.9941513961847182,0.7172968894927693,0.7155868972161901,0.9941532825423799,0.717326690837313,0.7156251363396537,0.9941653012882797,0.7175038152979615,0.7160770346560773,0.994175504163187,0.7168500878643012,0.7181982105205712,0.9941828868507187,0.7171956168456253,0.7154775650970575,0.9941839070802643,0.7168165740697765,0.7219340039172506,0.9942013624689714,0.7172599231506231,0.7225232949679897,0.9942017125017314,0.7174787506017642,0.7154691172957001,0.9942227834086073,0.7171929698221883,0.715661702182175,0.9942315267657924,0.7168069831990854,0.7154256189320722,0.9942350100920092,0.7173113548141942,0.7351928385460268,0.9942369372251391,0.7169600101416412,0.7174346662471143,0.9942447035173033,0.7175611802678664,0.715593198095814,0.9942527256642935,0.7172153960629295,0.7326102462185534,0.9942776735646262,0.7171154410327576,0.7163997999094962,0.9943055830601543,0.7168630798706783,0.7156050975867929,0.9943064038012696,0.7173605287557602,0.7195582909725211,0.994316411863916,0.7173319302595451,0.7172928898903611,0.9943204256554786,0.7170892250321849,0.7157455368747514,0.9943362720180234,0.717247717359984,0.7154331445433378,0.9943373305877224,0.7167850281142762,0.719629217233586,0.9943524822373151,0.7167268821341718,0.728741325347357,0.9943543805746168,0.716864528809974,0.7154334700995383,0.9943731075844418,0.7175145172720171,0.715488457100229,0.9943941699146058,0.7171822921602008,0.7293176190823745,0.9944101554606803,0.7171849406937618,0.7157134667930386,0.9944138899828798,0.7172844327653736,0.7154258016287527,0.9944167652126931,0.7172619386378378,0.7430830141711084,0.9944266433819403,0.7171323105574123,0.721899908519478,0.9944284985453241,0.7168828299409674,0.7155042792025841,0.9944297178617115,0.7173119395755515,0.7315606463574262,0.9944337917422793,0.7172185473022675,0.7410275884709364,0.9944437571001881,0.717277242063456,0.7154300789842135,0.9944470454507978,0.7174515262499955,0.7154619179997899,0.9944541467172358,0.7171743044093571,0.7175683211361205,0.9944574603707845,0.7175056967882364,0.7154443591398463,0.9944593342816088,0.71691038045433,0.7280620550300052,0.9944760511628034,0.717076229591587,0.7276678455192034,0.9944872159231338,0.717684887439712,0.7154768401437523,0.9944978177778832,0.716944379061028,0.7247043967388135,0.9945010449470977,0.7172494202892845,0.7475140516238629,0.9945119174672896,0.7170163538254039,0.715668286967079,0.9945171207204208,0.7168514143026743,0.7626698445533581,0.9945229621277992,0.7174425224721174,0.7205237867344156,0.9945380350315058,0.7170079106780746,0.7155041403035565,0.9945491445428939,0.7171175355895557,0.7183270792185081,0.9945537018248926,0.7171730257454072,0.7154260946535457,0.9945741001967214,0.7172808540757235,0.7154277935510033,0.9945795222504668,0.7169035136566085,0.7177740551394379,0.9946160675400753,0.7173010317783867,0.7154564273642045,0.9946273111760388,0.7172947798319874,0.7175476948428674,0.9946497595776107,0.7171486894510298,0.7154545111652907,0.9946731570824839,0.716965057248379,0.7188149280901375,0.9947132633473325,0.7172609453386132,0.7156740241063974,0.9947927171207358,0.7174414217109273,0.7154537934973308,0.9948710019599082,0.7171118334242872,0.7158840759701128,0.9948855889191826,0.7172791074824928,0.7154341943594688,0.9950647939578038,0.7176268711266677,0.7154760870130624
0.7010923021979738,0.16892339856296115,0.6011102466680727,0.7011729677889956,0.16854216366764743,0.6010968909987859,0.7011819987395032,0.16854356808118337,0.6011078258441167,0.7011879901245923,0.16863419313378122,0.6283236886014507,0.7012999896168954,0.1688723970388577,0.6058879831447529,0.701381238444917,0.16882605372524742,0.6011674496302631,0.7013888211542717,0.16895352163815172,0.6021201852945955,0.7013909766069671,0.16865512021390172,0.6012364789904817,0.7014937581056865,0.1688395069641821,0.601114007805296,0.7015033789402804,0.16860647969498138,0.6011524471591415,0.7015272123545625,0.16865401453646034,0.6028823829631318,0.70155834703215,0.16889017287433444,0.6078815505101738,0.7016384032137738,0.168729296089946,0.601180589418858,0.70165116155272,0.16894867001234704,0.6047261552553933,0.7016895161389503,0.16906767163937403,0.6060930790988537,0.7017402025241692,0.1688752634049008,0.6014027897502007,0.7017512458574457,0.16892246084045054,0.6011156080977176,0.7017645409860795,0.1686037572503478,0.6198884728705496,0.7017674279783845,0.16869651269412067,0.6165497487820188,0.7018939911511538,0.16869751768477398,0.6022265389541264,0.7019375621330333,0.16894049305165015,0.6012231743707135
0.3225169682700154,0.025156071998920494,1.0108516721658183,0.3225770140938149,0.02480971131747336,0.95467822260043,0.32282031053225735,0.024865182227227924,0.9570648726390477,0.32284014243907516,0.0254303717343938,0.9558482440416344,0.32285529216706355,0.025410691285949912,0.9561198151630883,0.3228640031912877,0.02498039417762923,0.9956189024222676,0.322942909620581,0.025178607647348094,0.9619019965496574,0.3229666018300374,0.025007772469956644,0.9546852151903245,0.32307013824070796,0.02451741917460394,0.9546331431763986,0.3230727922004717,0.025161406495861082,0.9743324378458207,0.32309567177991283,0.025033755747068957,0.9592502926344612,0.32312892075951144,0.024858206650893163,0.954582946072849,0.32323580229430743,0.02504837143561705,0.9544873840673487,0.32324514611554384,0.024656308228049935,0.9544916566918681
0.14220544525269968,0.009262652076522725,0.9661935678901238,0.14227307262192201,0.009510928179197955,0.9996868337410962,0.14231404800288233,0.009801964932938854,0.9659209736153093,0.14232198733806364,0.00955114366363776,0.9539858637031229,0.1423444289945231,0.00939639569522984,0.9511311502916586,0.1423514681002525,0.009319309341005798,0.9563216280912611,0.14235569186025482,0.009510601761958377,0.9513034963501636,0.14239553636168922,0.00939822978455649,0.9542927143446354,0.1423957798250838,0.009525881502130918,0.950836821995826,0.1423989071944673,0.009232486285766731,0.9509584930211247,0.14240719535124086,0.009718702281185423,0.9853778584686234,0.14241029263837574,0.009578757156585998,0.9558637840392621,0.14242283169426215,0.009497044294871748,0.9877477153260665,0.14242320926371624,0.009191898875974571,1.0041017848369853,0.14247421665126295,0.009459624596772758,0.9606874993350274,0.14249068210671434,0.00971247961739738,0.9546623119929262,0.14249255609713296,0.009269167807118683,0.9507867999665967,0.1424939558247129,0.009077432742964416,0.9508449397384983,0.14249792023252283,0.009607762617668634,0.9611585268572499,0.14250029933680794,0.009547982665960868,0.9508159277429947,0.14250041474156164,0.009660241855341745,0.9508014144536678,0.14250164614939137,0.009738145501301287,0.9642319741702831,0.14250399531045888,0.00957997879960043,0.9626740564970757,0.1425108527977683,0.00949995684797889,0.9507806889746012,0.14251945868338564,0.009094517291310273,0.9587989367865836,0.14253362471486025,0.009347670519458113,0.9722167933523901,0.14253428173864585,0.009242445485095589,0.9508716858995567,0.14253534146181218,0.009845543406482164,0.9529907109567787,0.1425459640098738,0.009363726498749121,1.02625819529985,0.14256337277960976,0.00924599090502399,0.9548403273634765,0.14257215213012545,0.009233341575651938,0.9508294408024595,0.14257690195873676,0.009095966806146995,0.9527229559537521,0.1425936063433849,0.009578966326070514,0.964952243271161,0.14259649699843205,0.00925543687582514,0.9508392655404863,0.14260759272364784,0.009385802187821075,0.9508245931289372,0.14260997353280658,0.009356228526757772,0.9508938307093632,0.14261182477518752,0.009644152638378112,0.9508417343764102,0.14262049438756824,0.009513364384635856,1.0198039030689305,0.1426212417588908,0.009332517114968164,0.9507821733802015,0.14263437956845895,0.00934182764303359,0.950858517005077,0.14263985692870493,0.009458878030583833,0.9919492322829822,0.1426407703917776,0.00975389729135971,0.9508584701230028,0.14264602455261843,0.009536803944717518,1.0078507885941936,0.14265384393461855,0.009709074345786406,0.9707302261451194,0.1426563192957232,0.00916380571721949,0.9508665178437139,0.14266303972755975,0.009788817647375967,0.9640049024871296,0.1426671935977638,0.00956817404509152,0.9526693729339338,0.14267493257218095,0.009047417797292791,0.9565216320038228,0.14268214492512118,0.009569593661728765,0.9508087767967746,0.14268274027430566,0.009157583085005217,0.9541017421261151,0.1426934902241935,0.009241941082778683,0.9509347194905081,0.14269558772560642,0.009971144990426619,0.9759658244730024,0.1427007162560915,0.009625670188168418,1.0343355171816089,0.1427250912891462,0.009404916090203004,0.9565245744783744,0.14272949471887056,0.009464005278045697,0.9507768009450732,0.14273496198133587,0.009602695376190665,0.9521519922826075,0.1427410223741181,0.009457461792075227,1.0197770309061196,0.14275274117603035,0.009603069150921767,0.9648864157348562,0.14275654042310007,0.009529874135515601,0.9520014310507179,0.1427627576517118,0.009381506575665709,0.9515820787760854,0.1427800739814555,0.00930154392788361,0.9508886054612365,0.14278206036747962,0.009160846229662142,0.9507921690948054,0.1427949611973421,0.009280727974636275,0.9533199461370316,0.14279875791867477,0.00944927795710178,0.965455442852927,0.14280970333125162,0.00947467690716119,1.0456784471837592,0.14283274636761234,0.009332523539200423,0.9509348682027814,0.14283752977772773,0.00939159135503419,0.9507794772365588,0.14284581369633503,0.009336403642139321,0.9522159544401648,0.14285334572707917,0.009513259979210952,0.9523235132757846,0.14288165699415384,0.009451949873584862,0.950796359366032,0.14288371037365927,0.009710240385609472,0.9528656745723876,0.14288733242786295,0.008823662587130666,0.950794676940605,0.1429318057854484,0.009450003396473906,0.9508210156751383,0.14293234414371003,0.009243829413993977,0.9507781841363363,0.14293779655188568,0.009560852025592289,0.950821066644053,0.14295285042909964,0.009386603091561882,0.9509258876287997,0.14297868103269806,0.009572162421282754,0.9508176870495466,0.14305633425118547,0.009288816456723225,0.9796338730256451,0.143063336480514,0.009428527619447895,0.9687170906801352,0.1430905181566225,0.009463305110293493,0.9744829214516467
0.9370039287027769,0.18075930244662952,0.09696188394485486,0.9370516907282679,0.18089892984009692,0.08326448983636196,0.9370852395719688,0.18077632198378643,0.08306926048356658,0.9371268755819551,0.18092257677080617,0.0935139222482967,0.9371777496657004,0.18073446153116357,0.08504443570905287,0.9371952710177758,0.1812096047479622,0.08308790780511353,0.9372007407364881,0.1806745592145895,0.08305961318616485,0.9372190042975737,0.18080397248147123,0.12583075902087015,0.937222141400957,0.18075609008266882,0.08305911973947486,0.937231418716947,0.1807076616798436,0.08310337369984391,0.9372333277467839,0.1809207401841813,0.09069934244446447,0.9372370006231555,0.1810087762260381,0.08310436712901406,0.9372816527860756,0.18098636247534255,0.10508980893522357,0.9372925339927105,0.18100236332858827,0.08304839573621413,0.9372979606800783,0.1811136425482342,0.0847909827371625,0.937306713471923,0.18083192472987933,0.10867469549039521,0.937331449123798,0.1808025132107239,0.08304566465962324,0.9373325501953244,0.18049387550634707,0.1362753846516776,0.9373365858004382,0.18074116682046734,0.08306150514387739,0.9373528282470287,0.1811678014460021,0.08324765050534816,0.9374086183154647,0.1808311337080335,0.08311474006319414,0.9374233825136292,0.18095175686299722,0.1262152235722856,0.9374253715499611,0.1811187961206289,0.0830227571547911,0.9374332187982147,0.18086180925847192,0.11709224026144743,0.9374385208236047,0.18111494791491217,0.08335047537510064,0.937440916375772,0.1813011838034405,0.11078137485068192,0.9374638332992095,0.18089067772635925,0.08751181271744679,0.9374649627067876,0.18085981279009536,0.12009838128883144,0.9375024380460533,0.18100452644141402,0.11677076444332848,0.9375260107160408,0.18101777433161145,0.0916021245869376,0.9375320805935293,0.18075599355254446,0.08302589414429463,0.9375333568387053,0.18103560984659361,0.09312210440208568,0.9375353062823699,0.18069337138339206,0.08305004548706903,0.9375377268302668,0.1809531770891378,0.08384950493407475,0.9375568479097628,0.18110646885751197,0.08312577813690061,0.937605209603501,0.18076713241802572,0.09783756433882518,0.9376491567249406,0.18092731052374156,0.10673945952982128,0.9376877683083378,0.18084299489169067,0.0838638992988284,0.9376995923291469,0.18073409966922055,0.08303121300720294,0.9377017775007316,0.1808692890101544,0.08821794778311223,0.9377060758549782,0.18063930907924364,0.08303653437584975,0.9377560538108999,0.18062087044904898,0.08620317127643361,0.9378887054479248,0.1807428485142501,0.08502274754963929
0.28909262293346133,0.3116864992451872,0.29313757169912985,0.28916826057980033,0.31118517782268773,0.2931925170199401,0.2891710000579657,0.311344182048855,0.29876160942921237,0.2892589607092601,0.3113049685529973,0.3057841817140236,0.28927865662383045,0.3111454759516982,0.2933498636919859,0.28928911519950695,0.31131751562119103,0.29499568035267054,0.28931108775954684,0.3114779987356294,0.2936325642651985,0.2893611561359022,0.3115215051583274,0.29305760751184645,0.2893816079643949,0.3112697618267492,0.2936020654043916,0.28938618828782475,0.311621134684054,0.2933820012535504,0.289398609286834,0.3114523025994129,0.2968606076548159,0.28941493030256793,0.3112181252467921,0.2999825467862614,0.2894181218164106,0.3118171879176765,0.29317920245880175,0.2894372607184378,0.3111856708227137,0.35172313908829606,0.289439981713947,0.3113002829430304,0.29305633015213806,0.28945268097171306,0.31118767100066913,0.31444701153953286,0.2894592219171881,0.311558600620905,0.30762556395340634,0.289467146862229,0.31148959528264264,0.30774874692374593,0.289497644294189,0.3114009764386554,0.29317766007706264,0.2894978625050032,0.31156689706438806,0.2930960387932416,0.28950594462721807,0.3115757337571695,0.3498772595605952,0.28952324274112706,0.31131874808078086,0.2968448895748377,0.2895457017450934,0.3116130924036327,0.30278935803562046,0.2895627206399226,0.3113356805438562,0.29313511672570675,0.2895686668863992,0.3111534584001044,0.2931345975161729,0.2895764289022403,0.3109486248725118,0.29308162900216955,0.28959819734458164,0.3113120573109133,0.2966017812489549,0.2896033264020532,0.3112201754323243,0.29329047334795266,0.28960573559999064,0.3112158867478091,0.2931324117820274,0.2896343710204624,0.31100804466500725,0.29391650136280867,0.28967922177408373,0.3115634056059052,0.30241206739202986,0.2896919551336958,0.31127967651912136,0.29351926675520473,0.2896993938132702,0.3111157238731338,0.3120260708691717,0.2897057930117417,0.3111843905229543,0.29316770194564445,0.2897081779299817,0.31151310775200286,0.29372967848785003,0.28972693246877385,0.31094368557089686,0.29345205758505843,0.28974146510760246,0.31141739679592195,0.2943591929712014,0.2897640689426751,0.3109594762139537,0.3343258388218641,0.2897832753223023,0.3114008991815381,0.3099771272028628,0.2897949869672959,0.3110974778831734,0.29404959756980514,0.2898150472087529,0.3113515726378557,0.2989023471548655,0.28982236903312764,0.31155623561141177,0.29316334879261113,0.2898249889916704,0.31110727953772016,0.29901408895883586,0.2898560284458156,0.3112590892973558,0.29306530891585325,0.2898708250159673,0.3112212294719524,0.30199376892946367,0.29008638676682547,0.3113828454595585,0.2987541722858911
0.2596306146627065,0.4780406078421206,0.7445966150171008,0.25979307494596104,0.47786164048374496,0.7438956344178359,0.25989658181710945,0.4780151517267528,0.7764662037251213,0.2599458792691474,0.47798653837259425,0.7426176064177326,0.25999054180540465,0.47844059905517766,0.7422010365279595,0.26001071012275145,0.47824991432546266,0.7422193311010814,0.2600140660497421,0.4784836366821346,0.7431121333762475,0.26003936175881814,0.47812617320816564,0.7428507881368163,0.2601131067624184,0.4780929911252694,0.7422424034659912,0.26012305711385536,0.4782307692774084,0.7633438189062625,0.2601302446971009,0.4783570840613185,0.7580989803916466,0.2601612317968284,0.4784785055807973,0.7444807366555851,0.26017488273370964,0.47839878207723946,0.7498984245052436,0.26020119594440216,0.4783220229561914,0.7430011826522498,0.26022791816025953,0.4780125372832629,0.7427892264471492,0.2602429469027006,0.478041308857695,0.7429239245833172,0.26024400225164485,0.47804732593235716,0.7699827844617267,0.2602453732148124,0.47788817356088265,0.7528081383217098,0.260251585838451,0.47859224325923283,0.7473448739211987,0.26030347223154016,0.47839825190715723,0.7422015586916995,0.26030903917400344,0.47818795598972763,0.7422149143446674,0.26033041388858746,0.4783630460342918,0.7422097780928025,0.26036232986257474,0.4782128965826274,0.7710027680777845,0.26038410902367826,0.47829649227882876,0.7422789204135527,0.26041261729877047,0.4778678523336436,0.742252327297461,0.2605902855693077,0.4780265396610868,0.742207908392414
0.4255306525708704,0.53257645946493,0.5407701780953768,0.42578808945007807,0.5325856731898478,0.5408394914886177,0.42579512761704197,0.5322991083742036,0.5445890738148853,0.42579874591544475,0.533121608236245,0.5560413037617716,0.42582877671790964,0.532351476504888,0.5629671484701737,0.4258658235010613,0.5324819839313564,0.5408567427128075,0.425880845719533,0.5325118641411429,0.5408411952440949,0.4259017654666022,0.5324807874986673,0.5407651986023603,0.42591075912563564,0.5324609009758575,0.5412804760290464,0.425917640048632,0.5323093629831773,0.5412290615368772,0.42591909786796156,0.5328229736452668,0.5407936743243779,0.4259223866058814,0.5321857448304678,0.5408143218880933,0.42593027219721175,0.5321490421777658,0.5640954715682256,0.4259372118291708,0.532607168127861,0.5460523325847425,0.42594694396588995,0.532316171598186,0.5408012390943775,0.4259769656810802,0.5324352618994876,0.541154154539644,0.426017979774513,0.5324754081905599,0.5846201358223919,0.426045363909899,0.5327305154429534,0.5463175110680859,0.42604912528578787,0.532720509847022,0.5410460763607753,0.4260500752237914,0.5328713875403992,0.5518630901721411,0.42605455681880083,0.5322052257432557,0.5407701610475345,0.4260806126736721,0.5323894211036733,0.5453628925098637,0.4260904273309738,0.5324788689748945,0.5457984409414671,0.426108272921777,0.5323060285671826,0.5430139858022407,0.42611580895053,0.5323664529486022,0.5783556545105456,0.42611939578355806,0.532489645415624,0.5408536118436937,0.42614245999785383,0.5327636403654579,0.5879923188990672,0.426150978706962,0.5325749191372326,0.5409968992128232,0.42615112196305416,0.5321956698447744,0.540827831309123,0.4261543577474743,0.5323458987116937,0.5411226034064013,0.4261701495230204,0.5323517459081696,0.5910143940603284,0.42620855474724656,0.5326233073567826,0.5515367137201368,0.42621030786542785,0.5326887070686832,0.5408132149593341,0.42622876629138523,0.5326265123808014,0.5411440745791417,0.42624632758463843,0.5325460123478077,0.5407891545860747,0.4262555641246716,0.5328929439337154,0.5980258061951673,0.42628238243740185,0.5324317398457032,0.5409030917860651,0.42632123990782905,0.5327471575845122,0.5454977098344762,0.426332030007127,0.5328356759036119,0.5446837171373614,0.4263745931316284,0.5323860548538775,0.5414879312002546,0.426467217187976,0.5329758720328578,0.5407680975665338,0.42649138449507323,0.5324910832251047,0.5453831752793261,0.42656653991498306,0.5325289290666735,0.5462228827470745,0.42659368135554926,0.5324667590516827,0.54331858948649
0.9944888549091276,0.6912841614937154,0.5567429029475861,0.994489870118603,0.6911104566012123,0.5569197914839509,0.994571353736957,0.6911540671668729,0.5569252797892739,0.9945903079817805,0.6915034883348963,0.5777962377600894,0.9946287591561663,0.6914733772880134,0.5601028798660601,0.9946596300445016,0.6912860911770721,0.5567909758223708,0.9946702340335581,0.6914210418690602,0.5612998110863745,0.9947499531262487,0.691248181230385,0.5586217395453499,0.9947598890745656,0.6914390362652797,0.5875610119365565,0.9947641217524835,0.6914975822490501,0.5575157926896912,0.9947680344658237,0.691222124457266,0.557603498040327,0.9947743703804727,0.6914115626889874,0.556766715698727,0.9947746293766422,0.6912003010031765,0.5569189281840463,0.9947940169797644,0.6914650642727894,0.5571778540045259,0.9948257725361065,0.6912704856170799,0.5567697123847698,0.9948291830222329,0.6913899588094415,0.5745580779310074,0.994839800992827,0.6913760284208881,0.5640559407060831,0.9948467558499248,0.6917249565367011,0.5569306576202959,0.9948471802355999,0.6913955107199939,0.5725329231380921,0.9948594772117038,0.6913484976022406,0.5567749025586749,0.9948679374752665,0.6913085597007421,0.5569213795457943,0.9948684483256424,0.6911472599371725,0.5568312892032157,0.9948746060548789,0.6913469160127867,0.5571728359196358,0.9949140132507855,0.6909348649842798,0.5583103313636186,0.9949165018106247,0.6914478006376681,0.5762788621030934,0.99493352079317,0.6914937543416276,0.573435220413368,0.9949402221847361,0.6913870942996229,0.5696157027114619,0.9949424156382947,0.6915300489676317,0.5567950607583164,0.9949472266076443,0.6914922711887497,0.5568999062608128,0.9949506526259438,0.6917712327178903,0.5728653686939036,0.9949529802185233,0.6916674183620154,0.5581100600802542,0.9949775656882827,0.6910926267261542,0.5587892711765855,0.9949999976730809,0.6915156749097376,0.5787761872755319,0.9950051505762609,0.6913713806531241,0.5576493028061712,0.9950055729009534,0.6914388993833063,0.5567718219905387,0.9950184187040976,0.6914138158011445,0.5570070969416462,0.9950290313415099,0.691279427913671,0.5747834990761383,0.9950294081876431,0.691314922698731,0.5614317953860628,0.9950390644812205,0.6916134986342527,0.5585792891003295,0.9950421691031531,0.691178337459444,0.5611202948044093,0.9950476057641752,0.6915209774667085,0.5771964946423954,0.9950724179927967,0.691710634395299,0.5644677673522912,0.9950928739805773,0.6917527525578919,0.556935351196553,0.9950967779372564,0.6912263712116873,0.5587790300742644,0.9951017964338037,0.691317781709703,0.5763629588809134,0.9951121586838488,0.6918242019447635,0.5715869604698244,0.9951529307601337,0.6913493210693827,0.5569770410711713,0.995153025869477,0.6912877842431318,0.557183427374889,0.9951544905435472,0.691417443294832,0.5650045812084376,0.995215045492718,0.6911945146615159,0.5567475556003519,0.995227899328981,0.6913420300015276,0.5634581889244555,0.9952376191280878,0.6912879053181308,0.5976238174927223
0.041934430733804776,0.9117360732289378,0.6050668929498896,0.04228180543441986,0.9113687833639489,0.6111747799504427,0.04229793019135636,0.9113848630857829,0.607439935274109,0.04229895646620134,0.9115176725409718,0.6048090148741366,0.042325980107218,0.9114362803058167,0.606841577217854,0.042365862813136805,0.9115731607938732,0.6187493642052823,0.042381286009719604,0.9114937034085866,0.6076734753513489,0.04244145369447295,0.9115406977800327,0.6048736841678084,0.04244727965169961,0.9112026695050318,0.6164465698366619,0.0425033716069386,0.9115393593859705,0.6583590686939136,0.04255914334948784,0.9114857622336713,0.6048449167493599,0.04259182132274729,0.9116120184812246,0.6410923724318756,0.0426014994171433,0.911355404585918,0.604820979905679,0.04262209610865166,0.9116701006317682,0.6048096915750489,0.04262821416840359,0.9114452626697624,0.6243144932298004,0.04266213847081126,0.9117677932816988,0.6106062947991939,0.04268420618120865,0.9111978355778805,0.6048126778209666,0.042687690616255915,0.9117879722925898,0.6048093684869722,0.0426943597676389,0.9113357065611563,0.6048321427512364,0.04270781105944412,0.911347101755344,0.6051442236389036,0.042729563733747845,0.9115037350045307,0.604882044273981,0.04275831606865146,0.9114958675033402,0.6053381358668373,0.04276406301975827,0.9119631118794918,0.6048173831582297,0.0427962746139871,0.9112535480592108,0.6048255823540412,0.04283074511402033,0.9113083944734007,0.6093925054122111,0.042864768521699265,0.9112664308459922,0.6114756424765138,0.042875503868326684,0.9116405499262386,0.6048299929844486,0.042877243732136625,0.9114674196814809,0.605418176061414,0.042914361829075126,0.9116606923896309,0.614707120852665,0.042945931477383154,0.9111574213934887,0.6054290766057505,0.04294683452341622,0.9113869087012918,0.6342955274625505,0.04296110030755214,0.9116677500513055,0.6048416240087213,0.04323355978131677,0.9114358551744155,0.6052637026801216
0.7382258186094696,0.23215332634546668,0.6874641741888512,0.7383612129864968,0.2321375461703036,0.6874096157321323,0.7384339756498963,0.23243777822694042,0.7066011618784692,0.7384588684023287,0.23230771322294647,0.6934331988196968,0.7384707853749638,0.2325995163688064,0.6873877754463794,0.7384828284671856,0.232202743165119,0.6873445501385997,0.7384961725093134,0.23206813459429693,0.6886750337728703,0.7385444995513726,0.2319305580948553,0.6873337850937498,0.7385504684006238,0.2326061850821084,0.6873880107383508,0.7386147720754571,0.23192935290773614,0.6873452740803768,0.7386627101161177,0.23242728727425305,0.7159390692638379,0.7386701116036352,0.2322499536554074,0.6945907355757784,0.7387090076056787,0.23195264921406045,0.6932942880509088,0.7387614963206455,0.23211210781150649,0.7274367997087748,0.7388309378781658,0.23200009266311353,0.6873875145169022,0.7388405965950084,0.23211772565795602,0.7106024604126218,0.7388836622611048,0.23236382800036545,0.6873873699080447,0.7388941038069715,0.23240397942183727,0.6873450717371196,0.7389103450329538,0.23208402858679655,0.7121934450979523,0.7390395182272267,0.23248156047194157,0.6905934585130596,0.7390627958858461,0.23231526444847916,0.6912704272844014,0.7393515090784499,0.23221620382768893,0.6879532332485064
0.9927754834875446,0.7461746476230722,0.2602708915787615,0.9930150052942808,0.7462629854630908,0.2459958921577008,0.9930338275932762,0.7463279997625231,0.24598052007482663,0.9930674677272477,0.7462611705841777,0.245973743640004,0.9931459071716823,0.7460106819355407,0.24599455930743308,0.9932266016287323,0.746667380082594,0.26119484454774133,0.9932432431755716,0.7464073378303921,0.26987846611517013,0.9932978097359371,0.7460979501634516,0.24640960711373083,0.9933151940259134,0.7462155420459157,0.246068986206636,0.9933974898600187,0.7462786900242884,0.24596985714641956,0.9935143646169252,0.7464839096094988,0.2479034937134396,0.9935367583825916,0.7461847298093726,0.24689465437183214,0.9935403416171689,0.7463001094587495,0.2671453531209987
0.09988728946430747,0.28999737479961085,0.34755975154908486,0.09994641397864887,0.28989579768649865,0.35906615249821117,0.09998888893864503,0.28981462630588567,0.347574842093356,0.1000331676184227,0.28967748494775164,0.3549882031433154,0.1000387528162978,0.2896751741064603,0.34750939855605706,0.10005822382933442,0.2897442423972826,0.40528200268138254,0.10007736114295905,0.28982376034623303,0.3598390351495682,0.10018774138456181,0.289836563871159,0.3811056181899274,0.1001981415133334,0.2899523388966953,0.35124179103101705,0.10020030076563387,0.28994412921965307,0.3476339574038164,0.1002515349537265,0.28999105220670585,0.35310710142499574,0.10026455452590884,0.2899309262941625,0.3480405314721176,0.10027184917374761,0.28987505863571966,0.3584378156034821,0.10029660066832864,0.28967057264497675,0.34751303740464834,0.10034917555262116,0.2898453229607174,0.3494548142569965,0.10037139085942379,0.2896749487381282,0.34750781979724255,0.10037434227024175,0.2897539153717407,0.34887005170047225,0.1003831422442073,0.29008018900323096,0.35005099648677673,0.10039472994465166,0.29020397273400206,0.36358131722922654,0.10040936617705523,0.2895984803268207,0.38024276346076213,0.10042767678822123,0.28954974407466966,0.3499537910494324,0.10043907061142195,0.29002664421295554,0.3490469736649117,0.10044703644150478,0.28990965512790096,0.3496199941494827,0.10045287174232712,0.2899587173950113,0.34967584874399216,0.10046429623761187,0.28958156454647077,0.34755253117439366,0.10046495842265867,0.2897073769165664,0.3474917245328093,0.10051138338587068,0.28972339366054056,0.3607749576838395,0.10052800047071815,0.2896569154983931,0.34813645884261996,0.10053239441957819,0.2900763711957916,0.36988874066821664,0.10055132153739346,0.29012855665534426,0.3536453937018091,0.10056359973261743,0.2900385365769316,0.36668797782851265,0.10056643265688373,0.28991548728948524,0.3475072296567263,0.10060499479187276,0.289736774442661,0.3947428701137312,0.10062078782726327,0.28975570127295636,0.3506419638153942,0.1006518702749762,0.2902812288513403,0.3690009390775951,0.10067198872153939,0.29017796651974165,0.3474907973145859,0.10086998136860459,0.28960704464053716,0.3476331480499546
0.26709929074215505,0.7427735431261042,0.22760143275938896,0.2671183327799123,0.7425653132207357,0.23687693360745488,0.26712100381005854,0.7433112171016089,0.23250207968860348,0.26713804815591335,0.7432777635082447,0.2186333540519101,0.2671745121692071,0.7427248972743346,0.21802601145699008,0.267224924024026,0.7430278149844981,0.21765247801808368,0.26723411512595313,0.7430762732059903,0.2191519015018773,0.26724286400147,0.7430967522682124,0.21755363714829987,0.26728027985012603,0.7429760955905472,0.22816561844775532,0.2673073943411494,0.743207850150603,0.259278033529799,0.26731128629126494,0.7429522951278543,0.2176261167992096,0.2673234110678979,0.742848437059902,0.21752999584694963,0.2673244746825265,0.742723242788711,0.2175916601122525,0.2673274614645429,0.7433906008695766,0.2179314301107558,0.26736222924171976,0.743355449742241,0.23702567399956917,0.2673642823721287,0.7428979957043553,0.21753371075333802,0.2673911586596822,0.7430399907630629,0.21851396235071857,0.2673949069379497,0.7428737895682221,0.21750918196630117,0.2673965306822592,0.7430465973461856,0.22940137037686187,0.2674052502474997,0.7428726403515651,0.22349762406785356,0.2674110478957964,0.7428620252126439,0.22044770089624244,0.2674113607766523,0.7429916988198974,0.21752301749394465,0.2674169443766637,0.7428494769084978,0.22373255628200517,0.2674208325132953,0.7425124631819716,0.25782435563802314,0.26743937768744747,0.743089109855406,0.21754611544977123,0.26743956790873424,0.7431199278275823,0.23080077988579814,0.2674541929731208,0.742860651744944,0.23728006926465423,0.26746865654529545,0.7425508352653133,0.21753227850992202,0.26751748796205604,0.7429114012373642,0.2259864773452785,0.2675373564911549,0.7427897480848717,0.22670557874389805,0.26753989894367114,0.7428304497294866,0.2335473385070104,0.2675500273282313,0.7429940817341739,0.21751870440969917,0.2675531851767859,0.7435208026652508,0.2562921151483356,0.2675912242106529,0.7426943534857477,0.2230948832755147,0.2675931522815094,0.7427253932308558,0.2175237991260743,0.267596107562569,0.7426373255716495,0.2175043158761431,0.26760246811373384,0.7430016645060694,0.24302812773927954,0.2676244811891049,0.7429552315707753,0.2182864484330163,0.26765649926039575,0.7425100784933977,0.22480157155989133,0.26766139526998334,0.743131610330369,0.21779693706128134,0.2676713066182574,0.7428823826927322,0.22697329423154192,0.2676818653306428,0.7426336478395507,0.221281502132471,0.26769624813248083,0.7431520812044385,0.2176725522810915,0.26771847204223187,0.7428645493044052,0.24443039059611993,0.26776674837462555,0.7431755392206146,0.22156634437955988,0.267956377470349,0.7428832661216291,0.21769798745364044,0.26799679758254613,0.7428823263621671,0.21751762369387329,0.26801500576860476,0.7423761426408627,0.21751918985261803
0.308810496756077,0.3432044228991575,0.6179394447283376,0.30912164468034603,0.3434204914907065,0.6247137675952359,0.30920915327878307,0.34320060842339856,0.6110749679307285,0.309222674325605,0.3430356001274856,0.6152997709639445,0.3092276849699969,0.3431996265587836,0.6185679697652783,0.3092305376938109,0.3430096915819565,0.6107068950671487,0.3092684406899941,0.34331358942795737,0.6107749963623361,0.309288762213692,0.3428822659942709,0.6395751899855147,0.3093068345162189,0.3432286175257607,0.6107646680942945,0.3093077942754244,0.3432108286067461,0.6107070076177112,0.3093485300367004,0.3430272488727289,0.6107555572763249,0.30938186771426807,0.3436272153929759,0.610852712430036,0.30956119564906126,0.3430691105892192,0.6108567109333706,0.30962040945756203,0.3431957308570038,0.6107279081478658,0.3096311747111475,0.34296168399890214,0.6107726484258134,0.30963398967478756,0.3433495816348364,0.6152125923769163,0.3096456091739448,0.343011506080159,0.6113156312301308,0.3096596035413412,0.34294301556699436,0.6106896986319877,0.3096689160788377,0.3433570254654195,0.6123903816262674,0.3097056843035374,0.343319311465272,0.6107228712209196,0.309746354684336,0.34316872693552714,0.6380481657393987,0.3098293565636736,0.34344575452550213,0.6112804100837219,0.3099164055751647,0.34342159333446554,0.6107184400862551,0.30991738583635886,0.3429217502581756,0.6112373210830699
0.651697682408946,0.8905396704972894,0.44952671807366823,0.6517231663225835,0.8907633911707792,0.44957787132315874,0.6517660061957634,0.8906183352335393,0.4618152057733105,0.6519123686528953,0.8903594972221774,0.5180646494244898,0.6519219788121494,0.8905283426786144,0.46348302666984453,0.6519543499387638,0.8903681004248998,0.4620987304742903,0.6519609341669846,0.8906941566051847,0.4494960381066698,0.6520620191819071,0.8902949647471404,0.44952026156627073,0.6520817468595871,0.890815405145975,0.4689995079237505,0.652108228099393,0.8905628189960126,0.44952002083712017,0.6521845537798546,0.8902880774537163,0.44950919494647523,0.6522465365110138,0.8903860419044279,0.45319382267063546
0.8927960714635689,0.8652748076130033,0.09744855713522034,0.8928594166482903,0.8647322110053167,0.12720497116235635,0.8929506938105788,0.8646004486993993,0.08589279776241514,0.8929785243893793,0.8648768202466803,0.08601041345313468,0.8930240264238735,0.8647946985041421,0.09133877102022528,0.8930240766256201,0.8647302379827463,0.09083106493410763,0.8930303669546431,0.8648060673695807,0.12052479197584157,0.8930659727382336,0.8649459662353296,0.08644095645417865,0.8931373891704788,0.8645733717342275,0.09162190696851892,0.8931598942886081,0.8648396585050384,0.0930767697403568,0.8931603476078599,0.8647441276484579,0.08716708848280062,0.8931695984466609,0.8642452184993362,0.08590053879995199,0.8932064985177053,0.8647744640834213,0.09778402836074414,0.8932487130289084,0.864591265576774,0.08592433579839624,0.8932552940437976,0.8651152466062065,0.08594325078421829,0.8932647175184772,0.8646517423453517,0.08589868964106459,0.8933389086688558,0.865053884415398,0.10108970333421521,0.8933389870527033,0.8646910686674824,0.11747413721765133,0.8934209888727291,0.8648938991284575,0.10302298863318647,0.8934391227983529,0.864632059242465,0.08624975402164568,0.8934812194571725,0.864889371662684,0.0861412414290149,0.8936458209535423,0.8651316497421986,0.08592961205784719
0.03731984064858111,0.16673419019493893,0.17575503993389147,0.03743629097583285,0.1667330658767791,0.21725345967455692,0.03745853191997683,0.16639532991917233,0.186754153218977,0.03746183740286851,0.1666282736384355,0.1654912824494616,0.0374736424872961,0.1667745549762284,0.16537782703303489,0.03748209976507495,0.16622334524005325,0.16542288706065206,0.0374859829207086,0.1663134031776738,0.16538049998356866,0.037488162617546214,0.16639990941500263,0.16534064301902768,0.03761082915278893,0.16655714732423355,0.19595350232779024,0.037615144895083774,0.16625021257615988,0.18997394590596076,0.037622880499684666,0.166642240557056,0.1653816007706792,0.037650357498327625,0.1666448329359787,0.17666431476975777,0.03765722322382209,0.1670008204677789,0.16609861541859072,0.03766919050215049,0.16658881819880667,0.17873039832720733,0.03768018443713281,0.16662270864517348,0.16535624919748876,0.03768961378993745,0.16679276588030548,0.16582583330079148,0.03769313932091358,0.1668230382901077,0.17496363389283767,0.03770173052303352,0.16692968177872547,0.16539527865662326,0.03770235746921685,0.1664198982939005,0.1653708230911886,0.0377054140630606,0.16708140692392331,0.16568996850553308,0.03773031595906041,0.16686878056745022,0.16775010292746428,0.03773777703040887,0.16640671277673738,0.16599674946814977,0.037749260461023414,0.1664354565532358,0.16536321257633385,0.037758767979065404,0.16663550959594847,0.16538531490524397,0.03776059943048927,0.16685775151481483,0.16546144205079777,0.03777057160771472,0.1666353616314091,0.1653632500429313,0.037790559698984066,0.16675374503809184,0.16622796358301567,0.03779526074150026,0.1666628724141501,0.1654296284378324,0.037824684536602024,0.16674433593962057,0.24905859678314934,0.03782634769055331,0.16661010266432594,0.1653880434165893,0.037828820276588515,0.16658655910553768,0.17545248521784815,0.03783545461449187,0.16683483982427577,0.20935505600294094,0.03785173643063232,0.16704887220087505,0.17519985727216653,0.03786842352465073,0.16677505022277425,0.16536217869457553,0.03787708573126011,0.16659891658612572,0.16673636060541616,0.03788949025907925,0.16662143977003907,0.17370842437112521,0.03791183448362266,0.16649446260963163,0.2317741240950369,0.03793308258048881,0.1666400559784038,0.17939300172006462,0.03796323455268971,0.1669400019184659,0.16859267345244636,0.037965739557439614,0.1667649234461942,0.1653850426363105,0.03797102468064615,0.16685266753735215,0.16623192176772972,0.0379774158008136,0.16651603153977718,0.17905845728704667,0.03799537743245496,0.16672718302829334,0.16577566246385825,0.03801326185622395,0.1667262108091342,0.16692455441892662,0.03804025768678691,0.16660027665443095,0.16534451875894157,0.038074578499202615,0.16688384405978737,0.17273331617223045,0.03813674508068973,0.16678021437476753,0.16541731539954535,0.038144819510096656,0.16657537538845157,0.16543452842010078,0.03816072204534441,0.1665717402026025,0.17358809344911838,0.03818720935357114,0.16678969644884567,0.18424328714054805,0.038308877477064227,0.16664742094290463,0.16599812393990349
0.9629036662273617,0.8388256309938138,0.682385055426018,0.9629249147310962,0.8388631855677601,0.6796071897505256,0.9629548547497429,0.8389067852413287,0.6742408972247121,0.9629622625072024,0.8387769757843772,0.6747596876798188,0.9629835599854748,0.8389056794077976,0.6747186965226498,0.9630329700078007,0.8387506569164384,0.6768178275688514,0.9630331270287437,0.839038660879944,0.674266424950817,0.9630431841748415,0.8385944813232604,0.6741521787415886,0.963052358131755,0.8385344813748705,0.6742135010080491,0.9630602303641682,0.838543297928404,0.6741519731749268,0.9630686973099726,0.8389149800813526,0.6899031553613698,0.9630927105821614,0.8386049042503595,0.6743609987264907,0.9630961022962164,0.8386279663386947,0.692423754080927,0.9631133186245737,0.8385966090299365,0.6744903846687573,0.9631629280793944,0.8386941205502513,0.6742192038855858,0.9631740055683324,0.8389240644275568,0.6750978503797924,0.9632058157757363,0.8386085642130123,0.6858546249170786,0.9632073008160041,0.8387766009811095,0.7071370683952589,0.9632099817276419,0.8387280777522498,0.6873479478273145,0.9632133797157311,0.8387515714612483,0.6800285874859432,0.9632265745042807,0.8388856946063796,0.6741939942131308,0.9632271499191699,0.8391456846610967,0.6770486606648615,0.9632351675983509,0.8382876685284185,0.6745501344339937,0.9632626103379475,0.838698092383733,0.69334199514117,0.9632669649660964,0.8386565963284137,0.6945440253468521,0.9632690960773006,0.8388624677712725,0.6741553347577776,0.9632973820367106,0.8385698760270558,0.6747669027837926,0.9633013019335288,0.8389094274749577,0.6932602946934198,0.9633015047635246,0.8387839826659214,0.6742352765025534,0.9633031714390907,0.8388008164505868,0.6745203124286946,0.9633128877180501,0.8390610881944631,0.6741706552489742,0.9633173783407802,0.8384311748093382,0.6802133359916676,0.9633197544435286,0.8386259133779101,0.6741643266836546,0.9633198101661178,0.8390052179192018,0.6746764772227154,0.9633216605813321,0.8387444085883986,0.687618866137351,0.9633227557618174,0.8385040472508055,0.6972472904280292,0.9633239286501504,0.8386602117106101,0.6742274400966547,0.9633291317398143,0.8389865734946589,0.6849950593417536,0.9633339105939241,0.8388185892174213,0.7038886355869879,0.9633399789353945,0.8386723420178613,0.6968976610241023,0.9633455290656739,0.8390646487581254,0.6781123684215643,0.9633554234091649,0.8385798197387623,0.6741550681066099,0.9633576472505223,0.8386366125388806,0.6741582146185973,0.9633650468997766,0.8385166200097062,0.6741789643083556,0.9633796721680584,0.8387163773571651,0.6746046976476465,0.9633799202075378,0.8388688650657835,0.6767274393179619,0.9633806198650855,0.838997772174934,0.6744872662295294,0.9633984406604853,0.8388078608281212,0.6742137823919659,0.9634072819534835,0.8390163760079594,0.676628950924909,0.9634079476523313,0.8387424274903692,0.6741670874087722,0.9634251714628815,0.8385912631897523,0.6741823182556317,0.9634340922762541,0.8389912867081281,0.6804252558748111,0.9634434594625189,0.8389286196971341,0.6741549894776383,0.9634505863268941,0.8390149142202428,0.6741925597579055,0.9634803009680196,0.8390835151294956,0.6824874139496295,0.9635077637683193,0.8389043220928343,0.7097041322256905,0.9635388590996021,0.8393391734942877,0.6814531804924446,0.9635461864739913,0.8390450144208783,0.6779898844458742,0.963577166203897,0.8390292270085695,0.6744434012209378,0.9635915878818936,0.8385387557823811,0.6767387594683121,0.9636068521274382,0.8386678180122169,0.6742473415005358,0.9637471312010618,0.8387042982438977,0.7562578806518001,0.963901714555971,0.8389003375631253,0.6741748022804646,0.9639024944003114,0.8386653430750404,0.6846273123442729
0.6363736478009623,0.916858432092105,0.5272681285660581,0.6364198532418193,0.9163854610149221,0.5332044049445918,0.6364470716094549,0.9168206076653947,0.5211046439994718,0.6366102526014342,0.9165852883835992,0.5348023898718351,0.6366514310564382,0.9168391547777295,0.5211865628352029,0.636781296158563,0.9166237309426187,0.5207158513451459,0.6367916873167803,0.9165511043977119,0.5432338965198972,0.6368787716009938,0.9168268340827795,0.522552149574493,0.6368810833504807,0.9168603085162362,0.5207319488019304,0.6369132404486575,0.9169088134305344,0.5207194070645876,0.636919786258456,0.916910478588764,0.5371882436708784,0.6369351828815873,0.9165879069801615,0.5512428378549123,0.6369564111626959,0.9169734491004354,0.520777100438256,0.6369584710412431,0.9168179606347622,0.5224726324096861
0.9148928998762671,0.485181021730696,0.44808348659612945,0.9150191160939214,0.48489697073422416,0.4488259639252673,0.9150899226973019,0.48548014976735804,0.46419130058749225,0.9151056841028198,0.48528213679831417,0.4474954159957703,0.9151302156397517,0.4852621197736842,0.45106236308504133,0.9151730485486959,0.4853578753243582,0.4543729374524143,0.9152246624014214,0.4851381495847755,0.44671667620643984,0.9152557855644345,0.4854361269356815,0.45623688045699295,0.9152656289616037,0.485165910338807,0.4537556735465489,0.9152996347094722,0.4854099746758055,0.4940468688543141,0.9153189590714513,0.4852142356876528,0.4469417013498054,0.9153228297576389,0.4849525305536693,0.44669138324510727,0.9154765150539056,0.485002186983976,0.4471176110533487,0.9155377737516913,0.48520214391192595,0.4466687432819819,0.9156307268525571,0.48526843843431205,0.45084105266386876,0.9156656641713761,0.48541649832132255,0.44666440693115106,0.9158755618155076,0.48521449076784023,0.45175983343310855
0.6003911630415419,0.5161028146559711,0.25381331132642565,0.6004780226170412,0.5164339052214026,0.2539638144417276,0.6004890786022602,0.5165167421191171,0.2539174560373845,0.6004952272115923,0.5164677251117638,0.25358639360988966,0.6005339166546912,0.5160669551759266,0.25360769867458477,0.6005654914143935,0.5160626324461026,0.3027217983658319,0.6005923860646272,0.5161933821916157,0.25357744536951177,0.6005973450404292,0.515917707041698,0.2631001506250339,0.6006753727012103,0.5160232939469478,0.3074727411983687,0.6006929599174613,0.5161616878757384,0.2578033017906302,0.6007223288633137,0.5162165501374415,0.2581405405920039,0.6007378946844567,0.515990291753448,0.255613757598129,0.6007679389346576,0.5161425962643317,0.25377380083211837,0.6008634028655028,0.51606236244505,0.2538383195711256
0.3813187340936379,0.6083439133838409,0.19882256888030397,0.3813825692514529,0.6078242205516995,0.1670349500829678,0.38140078035737485,0.6076166017061092,0.1487864211272458,0.3814333048726839,0.6080046251587645,0.19468611993744944,0.38144909216847195,0.6080106746790573,0.14878147674915618,0.3814928992587475,0.6081897771038252,0.15079143415600943,0.3815184378812312,0.6078504999218189,0.17645366203272306,0.38159414966860233,0.6081837552310857,0.14882598511893924,0.3817114277993752,0.6078815087659323,0.16516090787656207,0.3817938010466562,0.6083836545903496,0.14877951797263053,0.3818023136923557,0.6074457655098165,0.15327917120252055
0.732384137736099,0.7764719319650698,0.24742575188773958,0.7324253310891778,0.7764256065833449,0.26470179944290945,0.7324334718800445,0.7761260509574069,0.27296389737998333,0.7324489773508408,0.7766663640563364,0.3097338411465497,0.7324688078588149,0.7761284963532606,0.2515844342400536,0.7325031993864793,0.7766541905202806,0.24744863826929778,0.732530543166771,0.7765710908512937,0.24752367043072362,0.7325418862967016,0.7763694994187622,0.2485449501243379,0.7325513401195834,0.7760289205896193,0.24737201659876487,0.7325533670929619,0.7760594398097543,0.24735620786985288,0.7325689752920804,0.7764364717238912,0.2568726101773773,0.7325814847905332,0.7766363592209656,0.24749561541290258,0.7325957142094489,0.7763769503341865,0.25683230234776705,0.7325978720181787,0.7764751833706718,0.2523401738666766,0.7326023987242438,0.7765225424414,0.2782204351638882,0.7326195864797767,0.7765769330130574,0.2476246159138805,0.7326261482810287,0.7765706004782883,0.24738938829675036,0.7326312370364542,0.7762424180033943,0.2532899222009457,0.7326386776388306,0.776249922998514,0.24760811586676215,0.7326642295497724,0.7760368376882025,0.24735929995906156,0.7326668820762727,0.7765358620492392,0.24745408823518955,0.7326672783470872,0.7764463502309038,0.275954092242075,0.7326695398594864,0.7765566283967947,0.24736654835860014,0.7326717497959936,0.7762707826300399,0.24818637791104892,0.7326736289463051,0.7761115354165892,0.2473509286263798,0.7326750666493225,0.776303502542269,0.2477661524316329,0.7326972424658779,0.7767081110666544,0.2937966436732511,0.7327072646755326,0.7761786212708544,0.24767723317382373,0.7327138795859751,0.7765437610958826,0.25955415985355057,0.7327170369464674,0.7760770670112589,0.24766141813824843,0.7327308130148413,0.776421165855612,0.2473736947872057,0.7327393837381165,0.77661318478245,0.24740588734680616,0.7327547809549615,0.77629658656488,0.2622364094766941,0.7327590337738129,0.7764145684307903,0.2522795450235417,0.7327647665713328,0.7761132494030463,0.24797274642002867,0.7327786365574154,0.7762660115488659,0.25763513256173226,0.7327792396217112,0.7766772412978435,0.2580863621290569,0.7327795957422102,0.7763371225981794,0.29021218764310097,0.732801250752801,0.776168569253618,0.24737678713298344,0.7328070806309216,0.7764448463314031,0.2818480123870866,0.7328139220508264,0.7768812220389326,0.247407866069135,0.7328271761922719,0.776268035561851,0.25085127065447876,0.7328569387987367,0.7765706940973038,0.2474026230143076,0.7328702805426608,0.7762895400875307,0.24753978375012695,0.7328773676173171,0.7762905720715015,0.26121686138124967,0.7328811925284586,0.776145531812161,0.2478521993670121,0.7328947709323717,0.7764159767458116,0.25915756369644494,0.7329094141427303,0.7763401837975615,0.2474052185643057,0.7329215255743171,0.7763925672453933,0.25258687473938674,0.7329223097963942,0.7761035519132699,0.2473600518052173,0.7329234669214008,0.7766728531801556,0.2509105041874549,0.7329349751341107,0.7765774047325741,0.255116166938428,0.7329379209703967,0.7764387770502927,0.2474038275096397,0.7329547900114116,0.7764756894886197,0.2720546053484769,0.7329729701151068,0.7760510627661159,0.24735179847387725,0.7329776194798906,0.7765744683199461,0.24738009832399277,0.7329920180300706,0.7761290800377634,0.2518758352183232,0.732994883712048,0.7762343928428419,0.2607282435185604,0.7329955293620922,0.7765687987053375,0.25351352590526444,0.7330329818127423,0.776549337989206,0.28493083979392786,0.7330356479691206,0.7762154815655858,0.25113699854530463,0.7330576614695455,0.7768761865064827,0.2694666645516806,0.7330779923539399,0.7764854973930844,0.25467882408431003,0.7330827343319797,0.7766022617907338,0.2474082949818625,0.7330899674876915,0.7763143269175347,0.2636598979411796,0.7333115406929674,0.7761595188239239,0.24972088401215745
0.39036322360855835,0.02811277693200078,0.33037444161116,0.3904750912337476,0.027656604472425364,0.3308950689543699,0.39054510810364185,0.027467395821665814,0.3294110704588061,0.39064969051221665,0.028271996578933173,0.32996350526859164,0.390694818199934,0.027598073691320054,0.32930143430998904,0.3907265777238358,0.02775979961393121,0.3624657770682634,0.3908283532756136,0.02758560423508974,0.3344207220997353,0.39088971230801284,0.02743627770077836,0.3294298901505574,0.39090330693802505,0.02801861120543286,0.33247027489398345,0.39092745265866563,0.02752829676437793,0.36442968689692035,0.3909297617485703,0.027848231431791912,0.3293771135829211,0.39093482270072316,0.02788416720659158,0.33232210682904834,0.39095106616045827,0.028211375524147386,0.3536182879685564,0.3909535897741257,0.02768313214547996,0.33757000355604105,0.3909872921148341,0.027703799859494116,0.33490780063887055,0.3909940761050501,0.0279017774540614,0.33122727643714034,0.3910329496647791,0.027946184972329435,0.3295849996971352,0.3910347599143573,0.027796560856594887,0.3457442577243589,0.39104891188053303,0.028058594170067095,0.32939224888674534,0.3910885981313485,0.02810945356339426,0.3293364871751684,0.39112080750329375,0.027585260953924752,0.331829990344543,0.3911301353281552,0.02776292041988008,0.32933983545641904,0.3912187364788442,0.02838379641234243,0.32974319589214257,0.3912244344109427,0.02756844431078198,0.3296131058094283,0.3912540432296201,0.028038347875441398,0.3546943808165441,0.39125738042600583,0.02772044252085682,0.3320891108716312,0.39133504242672096,0.027887164246980744,0.32933610660104545,0.3913431800615069,0.027731814290746497,0.32936257618748527,0.39138129076928313,0.027807643844896878,0.3293397736020538
0.7984414292417233,0.8720499015741104,0.8392903065997313,0.7986540831672689,0.8726564528038833,0.8303978862703506,0.7987727169107499,0.8725612087899057,0.8526097032276568,0.7988697796779111,0.8722695338500346,0.8536940110792167,0.7988796534667412,0.8726500152673964,0.8289874844211602,0.7988952666753215,0.872631883879239,0.8289036784165191,0.7989704170047619,0.872312914235425,0.8466777867464893,0.798980884793919,0.872406161735277,0.867170925475073,0.799003022578764,0.8724498528677774,0.8289233172858367,0.7990093469920533,0.8722737912524928,0.828882620645821,0.7990242968404321,0.872370591529098,0.8508053967366341,0.7990919859063302,0.8724525607896448,0.8288783264804954,0.7992716377950945,0.872285026900557,0.8329352600315207,0.7992898744715409,0.8724320977128676,0.8311338983946912
0.8769598444826954,0.6747838477628127,0.9684272520820462,0.876962895685432,0.674693747895786,0.9679237228242646,0.8769810996584881,0.6746210395940662,0.9679056421481144,0.8770841668366444,0.6748686275447324,1.0144383526065512,0.8772264973108344,0.6749995600230322,0.967763834587669,0.8772878210536484,0.6748609505983424,0.9682194263568077,0.877353433555253,0.6749454521350926,0.9677870320071907,0.8774450848963208,0.6748197346071221,0.9862201005451151,0.8775288031804486,0.6749638422497459,0.9678133470894386,0.8775552435814105,0.6746474140724298,0.9687098244070494,0.8775664534744565,0.6746110410771559,0.9677985114043773
0.9696383652558981,0.8314743539022273,0.6763132971860486,0.9697711307200632,0.8310729480414116,0.6596878779074946,0.969852226963296,0.831010018598397,0.6815424945076722,0.9699011603518167,0.831315161830333,0.6705381774700977,0.9699030310176011,0.8312739922051926,0.6736882606704836,0.9699127817630344,0.8313755515512756,0.6583669691223746,0.9699139695218506,0.8314179325143595,0.6582993117073617,0.9699206405805626,0.8313301719624769,0.6591968551058272,0.9699458223119157,0.8316017765384199,0.6582216796179868,0.9699470294546961,0.8309644624467353,0.6582406999968187,0.9699510474593157,0.8315745634821605,0.6616542160837501,0.9699571267094067,0.830840463168682,0.6843585800704997,0.9699645669526167,0.8316172694900961,0.6586587306595466,0.9699662881170174,0.8315971991500649,0.6582207738392031,0.9699760763638822,0.8315454772565598,0.6585103144594283,0.969976795206524,0.8312057318376238,0.6712287326255391,0.9700105350820927,0.8314282083728011,0.6595920565524739,0.9700244987236051,0.8314789459860606,0.6873708035153446,0.9700264159538649,0.8312437410789933,0.6585541047289545,0.9700412367731259,0.8312916940229346,0.6583140993330057,0.9700491341897858,0.8313524440493657,0.6582416733435842,0.9700602212171486,0.8313243582079046,0.6582555902024312,0.9700788042997649,0.8315819104629552,0.661160761784512,0.9701003802906762,0.8314823235819901,0.6585506862074093,0.9701138582923331,0.8315691068486719,0.6582199933133842,0.9701214827562169,0.8312257198813116,0.6582691791722782,0.9701233302794696,0.8313339369190808,0.6582582499915564,0.9701265408585378,0.8308422885549676,0.6583484297158115,0.9701295640812408,0.8314743504357095,0.664400287830295,0.9701303223937834,0.831496432442555,0.6582872718105542,0.9701447418947186,0.8312748965563165,0.6684317086555752,0.9701526239219751,0.8315836915691679,0.6582677928846661,0.9701568143111859,0.8315217658078092,0.6581956732408347,0.9701582144631978,0.8317669570319083,0.6940177242427846,0.9701617025876708,0.8313693627677955,0.6805787227830082,0.9701671753451778,0.830760575766752,0.6959447601217815,0.9701780113480779,0.8312317592607736,0.6801761671940981,0.9701780319019605,0.8314649107501245,0.6607249626304851,0.9701785597180056,0.8311432178883099,0.6725008694693859,0.9701792187411045,0.8311719975726767,0.6609636136712405,0.9701867964702217,0.8312068766249713,0.6860944768239428,0.9702153268252506,0.8310812116377893,0.6587127636751666,0.9702199435837097,0.830995280642857,0.658213867077216,0.9702212189042831,0.8312808012247467,0.6780642310419838,0.9702228513638481,0.8315036479461614,0.6852357333298688,0.9702279796448484,0.8313567386108222,0.6624920170820521,0.9702298580013647,0.8312110481637642,0.6586478110972659,0.9702855737269619,0.831727800940309,0.658230939448143,0.9703074169541184,0.831494012927428,0.6583808080223148,0.970311659286293,0.8315896835851023,0.672101854986327,0.9703157777845266,0.8313261478478076,0.6583185183163981,0.9703201291760836,0.8312711892879611,0.6588165924927881,0.9703497337704556,0.831474914397272,0.6653035942265226,0.9703635701360054,0.8313747261958562,0.6581936834707989,0.9704122231928348,0.8310694699544531,0.658277070648452,0.9704127695854048,0.8318186926574394,0.6582561220154508,0.970415177085669,0.8309049335400247,0.658193243409725,0.9704276427032235,0.8312998735340351,0.6611050947064615,0.9704703433179187,0.8317068818552811,0.6581941484097975,0.970547038384999,0.8314496101029094,0.6584840403687996,0.9707053018433931,0.8313934798482213,0.6583235774730604
0.664925946516999,0.1940061703401981,0.5769335945831405,0.6650087431217752,0.19460514534273018,0.5415521557024241,0.6651060364600621,0.1942280304521749,0.546242594313314,0.6651421814902566,0.1941928901789365,0.5418113969907733,0.6651756827401346,0.19396573060462902,0.5478350618171797,0.6652196789810763,0.19380176623784026,0.5402384710944089,0.6652655760814372,0.19425519058958432,0.5402153649729575,0.6652717861967303,0.19407834002165922,0.5941785516269354,0.6653302276984768,0.19405746661100712,0.5410416189334919,0.6653426476054473,0.19411822179283503,0.5706294505414654,0.6654059106560307,0.19422412287836693,0.5402910938182167,0.6654491823355276,0.19414613393971691,0.5484469381165883,0.6654721938451915,0.19388366552564149,0.5459167283027329,0.6654775039378613,0.19428332372127383,0.5415702147901056,0.6654898813870866,0.19385194709291573,0.5500458723597363,0.6655189155864397,0.1939197750560475,0.5445425587434582,0.6655226032664284,0.1941371531324297,0.5421820576451509,0.6655279466551189,0.1942390028142326,0.5410796738478125,0.6655295308153605,0.19372483353980588,0.5402599364032105,0.665551336945265,0.19469204421174252,0.5402102077614046,0.6655556391672668,0.19447608593101437,0.55537423297389,0.665563496320051,0.19376833345741612,0.5637504507620018,0.6655851205596064,0.1944477511913061,0.5408334214821068,0.6656180976092471,0.19405925684890524,0.5403517637039719,0.6656356400497471,0.19370591845941565,0.5402457967439056,0.6656754903211328,0.19417745125499034,0.5595913638658889,0.6657126535814254,0.1943592734994229,0.5402736578389234,0.6657305574194303,0.19402009962654967,0.549537763920103,0.6657545069648018,0.19418926558480282,0.5506547633445653,0.6657554348051922,0.19399318969613172,0.5403196308996538,0.6658289316318322,0.194074375875641,0.5404491233576678,0.6658487625851056,0.19414934252910504,0.5455427744806003
0.29603944367911095,0.18393034861906904,0.9828820438757716,0.2961042499188754,0.18405147198206015,0.983247223089967,0.2961192184784387,0.18407814888566573,1.016475291238967,0.29612134236641524,0.18426690214705135,0.9892927741104199,0.2961213665998629,0.18373230585835065,1.0397745954868043,0.29612728342614425,0.18405439065857718,1.019480517047196,0.2961320938181674,0.1838588566070142,0.9914062416479054,0.29613717945778856,0.18381830753112363,0.9840830300841263,0.2961600959648199,0.1838594968249847,0.9829348577254188,0.2961812857217776,0.18369208308759444,0.9829976615860078,0.2962012259077294,0.18405941424475628,0.9828540097614529,0.2962024729420566,0.18388505603664973,0.9828256048113961,0.2962411349558945,0.18390450700508998,1.0013895152628156,0.296250022788549,0.18358533626793372,0.9853157363865566,0.2962544235409915,0.18410086498811432,0.9835211749693148,0.2962548186341834,0.18438462186576188,0.982848680723392,0.29625740717958615,0.1839523841124806,0.9828401527445315,0.2962587104882669,0.18367387335254923,0.9828311509310362,0.2962650200374914,0.18398648971846085,0.9834212163370051,0.2962683215591933,0.18365090282223345,0.9858195091802244,0.29628756261239836,0.18392676209672057,0.9828489591732894,0.29629999889958464,0.18357893124346375,1.0013551658242168,0.2963048422560894,0.18374432296790907,0.983202073685598,0.2963052741659957,0.1839666424344986,0.9828674384223126,0.2963106798554904,0.18413458831784343,0.9940176637956128,0.2963147829551674,0.18421696850166908,0.9828857867774673,0.29632785345287926,0.18413203466999142,0.9844562173846318,0.29634749684024125,0.18344269720742581,1.017653081241011,0.2963491990927078,0.18387230407389213,1.002022434243152,0.29636217960732736,0.18369662746974763,0.98295168281894,0.2963645410284755,0.18370116244209508,0.9831496582101118,0.2963828131475782,0.183839761929998,1.0017165450619596,0.29638324646782427,0.18378889202247192,0.9829080019595072,0.2963883610765636,0.1842114491667975,0.9829335117194984,0.2964051682667922,0.18349899614816484,0.9828732693278497,0.29640789740938156,0.184254255837333,1.0150414737022389,0.2964119737712113,0.18389701019777796,0.98285821902552,0.29641991407957313,0.1837005970053969,0.9841234680569514,0.2964213126953156,0.18373719648999973,0.9844967491287303,0.2964283343693241,0.18374472341908527,0.9867456278720086,0.2964373462054456,0.1842261576757717,0.9842594605175146,0.29643769854039137,0.1843819727362922,0.9839669576459102,0.29644249562375996,0.18398589295359655,1.0008233360570091,0.29644776870170125,0.18419189064851038,0.9828356142402956,0.296448110332089,0.18397079869820127,1.0112677359073086,0.296455328714046,0.18343971310629836,1.008386006942383,0.29646833926666755,0.1841354454558605,0.9830517657113222,0.2964699958452865,0.18408723051496662,0.9828611134121594,0.29647615475714223,0.18362110599615022,0.9829010991466612,0.29648199957844346,0.1843871101750469,0.9828434125352163,0.2964836957977477,0.18368073346376412,0.9830013272021918,0.29648999063774534,0.18392873625546355,0.9828438471240619,0.2964912053399934,0.18401632573851706,0.9997653984111677,0.2964951001077709,0.1838134996774709,0.99034264604469,0.296499283635206,0.18384201268115274,1.040094724423877,0.29649929461423785,0.18434913557469115,0.9924759855677139,0.29650235554876425,0.18386075451545686,0.9861103554578711,0.29650435282440374,0.18366033297640424,1.006399214610143,0.29652224379157466,0.1839361316819542,0.9862490995057691,0.2965749829669757,0.18382355218511853,0.9830092124002933,0.2965771329784027,0.1834177955593162,1.0083388524071775,0.29658648467645043,0.18380708815472047,0.9834316089314258,0.2965892455861598,0.1840725197709165,0.994888167741017,0.29659985332187133,0.18419924926894785,0.9828384889386325,0.29660216904445447,0.18391166424213426,0.9828696699405051,0.29661917045378866,0.1840658817851993,1.0227474072292517,0.2966269076710171,0.18389130199422077,0.9829213929784583,0.296628529089432,0.1839467357471068,0.9833626198447233,0.29666664704615353,0.1840011316579065,1.0344345857133141,0.2966988580338861,0.18424495905199523,0.9828791754099342,0.2968274965385855,0.18392886167201045,0.9840916686440048,0.29683692191654576,0.1837055578192657,0.9954047617258445,0.29685182992456643,0.18397112339328126,0.9831801153294032,0.2968852011833929,0.18349568094571583,0.9828336947521941
0.18466595231151192,0.4931919171981912,0.9927744500303569,0.18472338800059743,0.49331210421105604,0.9927785718621548,0.18483529460037276,0.49303837704926057,1.013821618921523,0.18486507366198415,0.4930002783686622,0.9927973258047006,0.1849404716020566,0.49276898132665076,0.9993477415401079,0.18496281574977405,0.4931682106620061,0.9933960854476561,0.18504277313395262,0.49320621988448626,0.9928143696022633,0.1851621089058414,0.49325156010892984,0.992818649836529,0.1851965342137864,0.4932081476842385,1.002917980652618,0.18519693654172673,0.4931292384826849,1.0036132262455593,0.18519996509901537,0.4931517622455054,0.9928092556639939,0.18521401648251595,0.4930483498493306,1.0046904412282975,0.18522895604370915,0.4935376530139841,1.002771831516099,0.18526225960062775,0.49297486400853785,0.9983629626123838,0.18530208410569265,0.49289074700705227,0.9927736709738667,0.18532787205664863,0.49310504164395913,0.9928055369860722,0.185368156381399,0.4933209081224687,0.9929626849419748,0.18546733289109565,0.492956006223421,0.9933054014985638
0.1038271136840307,0.6125604286930203,0.9420465149967823,0.1038296697710138,0.6125399293162689,0.9451448750563242,0.10383279511420647,0.6129589381471878,0.9386721890634204,0.10385081400696608,0.6122941186947606,0.9451554533058892,0.10387637940259316,0.6125672918362102,0.9386482879598324,0.10389134854862964,0.6124859294227997,0.9885233491294868,0.10390149062576781,0.6124087728324027,0.9704584054352853,0.10391238175095673,0.6123334481306267,0.9386586309178981,0.10397768152393608,0.6124008569778735,0.9386604608459114,0.10397791386297002,0.6127594964833912,0.972444450238113,0.10398662812509717,0.6123288027801596,0.9386789146625074,0.10400842301483099,0.6127085879277798,0.9428712161606391,0.1040188933781733,0.6122731770021782,0.9386615148536294,0.10401953216570113,0.6129120042956948,0.9673876250245458,0.10405895721060672,0.6123692554899405,0.9389599262610699,0.10407394982846105,0.6125390092205193,0.9386822320270262,0.1040867796802144,0.6126067643341518,0.9393236543813887,0.10409519233703315,0.6125104407851544,0.938670153675434,0.10410161787893224,0.6123665822299016,0.971407013558305,0.10412820865785154,0.6122986715047998,0.9386824403571209,0.10414022940660139,0.6126377460979694,0.9432543369570833,0.10415282816716968,0.6130601496442956,0.9676114542292156,0.10420264655577566,0.6125013555219746,0.938648339685427,0.10420639011648519,0.6123159296234589,0.9485941207858857,0.10425271768551948,0.6124106569170995,0.9833428377548623,0.10425680484693652,0.6122808251710337,0.938660078894132,0.10427711228144784,0.6121790924873537,0.9578090498805514,0.10427902571559877,0.6124244526626447,0.940126497923267,0.1043125308725066,0.6121158421559976,0.9386597550072958,0.10431572609717323,0.6121988840590453,0.95507906345311,0.10434020960641398,0.6123667183202206,0.9441521196374822,0.10439027831060955,0.6125916218342518,0.9386483206322177,0.1044749356214313,0.6123643030299145,0.9555553813143807
0.498903285211185,0.4478634099030717,0.5986050065297908,0.4989317278722376,0.448064230401864,0.599040945574589,0.49897609553297323,0.4478232583422702,0.6101040407732998,0.49903879674994805,0.44790052204115544,0.5985331447406119,0.4990504664035767,0.4480680664614078,0.5988357677212522,0.49905091428168263,0.4480518969014342,0.5989040244678306,0.49906156522234885,0.447708372917937,0.5985266093289027,0.49906735366866234,0.4478143634511541,0.6046727921148921,0.49910019888215185,0.4480505436339079,0.5995954070884354,0.4991129769749313,0.4480948415546578,0.5985443737011384,0.499118017355495,0.4480797976510301,0.5985229343935032,0.499118408362555,0.4480187977965594,0.5985130964052029,0.4991534211995272,0.44810045537540255,0.5985698809528016,0.4991648565541818,0.4480213157721847,0.6335202107990299,0.49917704116731704,0.44820678824908594,0.6188750052020006,0.4991895533964526,0.4482169517669769,0.6087826978688571,0.49920221621634525,0.4478322136889645,0.6046292801077703,0.49920656024579907,0.4477136819442257,0.5987170993911213,0.4992084745211708,0.4476476887277613,0.5985228166784622,0.4992104531443106,0.4482634568735285,0.600478273104312,0.49921641490786395,0.44787362887114107,0.6305264222128968,0.4992373158643549,0.44839086004915346,0.5988336481236631,0.49925218296838014,0.4477421874723591,0.5985482235234866,0.49925223473543695,0.44818175276352923,0.6046763090844882,0.4992601439765542,0.4478802490374556,0.6038849967152741,0.4992610779712091,0.4479324192978333,0.6003685062127931,0.49927464128853316,0.4482399795430289,0.6032453948866445,0.4992800910352385,0.44792870147653374,0.598893821947204,0.4992911945041926,0.44790104441649237,0.5985505064900716,0.4993110004514435,0.448278100238157,0.6118720140036451,0.49931304926921266,0.448114092731722,0.6132497509219176,0.499328558225111,0.44808953530111023,0.598548590355897,0.49935702401100246,0.4479593432809709,0.599249090152117,0.4993730245132794,0.4475979748263227,0.5985191520029048,0.49940121508649177,0.44794618704574535,0.6184628685259833,0.49941643146013237,0.4482504456209848,0.6122250268345728,0.49954276535201514,0.4478771466577537,0.6072742529409627,0.49964763777222476,0.44804731395138464,0.5985328427324103,0.49965125954111794,0.4479612757542344,0.6076653527165363
0.8112300390390298,0.27652773261288266,0.6966549451561613,0.8114355567740962,0.27715872938152986,0.6955889093067325,0.8114801617203717,0.2766146449848898,0.6945762770688046,0.8114879085825095,0.27670467223987993,0.7127251265262996,0.8115062066743939,0.27670952882834543,0.6946312065383276,0.8115452090146863,0.2767980703962337,0.7078574497246463,0.8115524791631415,0.2765970152321182,0.7164414435461373,0.8116141187542566,0.2765384954712379,0.6945619174741026,0.8116302915237423,0.2766916733502804,0.7067901367994386,0.8116460928292448,0.27668145702653313,0.6991910373767607,0.811659453188924,0.27680730014098526,0.7056839639420985,0.8116822294294708,0.2766539430373879,0.7090488683146612,0.8116834937228564,0.27683706797097957,0.6946610571766186,0.8116875155985211,0.2765092423633031,0.7132184759055685,0.8117158950478054,0.27675364922253215,0.6957013626745441,0.8117274141525558,0.2766331303918754,0.7138045506277261,0.8117483053775211,0.2762677413374497,0.6946398864353538,0.8117534772097337,0.2765530211062115,0.6945780212431111,0.8117596192965636,0.2766496748051534,0.7127648976952048,0.8117717380571261,0.2766157080537852,0.694724079656427,0.8117728871284711,0.2768563774714198,0.6945682662435251,0.8117888453872373,0.27680302355753744,0.6949187653190175,0.811792274644645,0.2770238756720215,0.6945685672145648,0.811818302029712,0.27643691703831236,0.7200181458188106,0.8118268995254792,0.276395823867433,0.6945659209760294,0.8118280118898947,0.2767628379445783,0.7016473663175747,0.81183346278957,0.27669372309385565,0.752109874899672,0.8118589135465886,0.27706591107764983,0.6999040928363827,0.8118745502441781,0.27649520543385536,0.694593707901349,0.8118949213382809,0.27636688003135196,0.6945588254472345,0.8118985810779427,0.2767219199748134,0.6961586246978297,0.8119175777916815,0.27700306158454274,0.6947651076822426,0.8119256019296576,0.2767019168375687,0.6946941523211363,0.8119490778005838,0.27669923869797464,0.6947079192239954,0.8119558995064188,0.27681830609612323,0.7180641229969557,0.811977325734443,0.2766517233380468,0.7165302056556054,0.8119887911166526,0.2764925641712793,0.6947165400460188,0.8120142290393096,0.2767872106794685,0.6970210581370215,0.8120710287808672,0.27681016893252886,0.6948393669611217
0.29823231821871726,0.5965291510826052,0.11856382860111309,0.29834512652190615,0.5967873560155621,0.10868499496857983,0.2983667780847291,0.5965424727211195,0.11024021191441605,0.2984219367594093,0.5963565033149008,0.10839459635151223,0.2984418518784001,0.596489053344036,0.10839230888242077,0.29844489903193605,0.5965357355763594,0.10841574041831868,0.2984807054415664,0.5964602946477383,0.10909313382321083,0.29851540537427407,0.5966597197130659,0.108392786314564,0.2985492132527247,0.5964876640073646,0.108612021277155,0.2985961356714826,0.596504515566859,0.13367938413635597,0.2986162139120405,0.5968922916529357,0.10841429806209325,0.2986177018304294,0.5964014519621227,0.14629979356192133,0.29863256746567596,0.5962178742268995,0.12307721697980652,0.2986388618314516,0.5963501884052264,0.10845131453139559,0.29865531821594143,0.5967957420218832,0.10852157818517387,0.298658379547679,0.5965966416119997,0.10844226813322481,0.2986680664267687,0.5966581973419104,0.10839924186979014,0.29868829628652765,0.5966790527717128,0.10839914295858737,0.2987050196810437,0.5968044328826488,0.10991983168846244,0.2987104042765998,0.5968389857290162,0.10839070604165499,0.29871694584164504,0.5968627857102848,0.10866583468160185,0.2987246713186038,0.5963831740381341,0.10899882408815573,0.29875752485477447,0.5967797846456269,0.10846307533432797,0.29876278098465925,0.5968304434340405,0.11013916378586544,0.29877069534233364,0.5963826064701339,0.11687903843822195,0.298785535823383,0.5965828401269317,0.11596761987954633,0.2987888340240567,0.5968805222942752,0.11017135736979909,0.29879122525686364,0.5966670552039478,0.10871837195464705,0.2988056487183062,0.5968916758543126,0.10851282456820438,0.29881580346087416,0.5967652073311572,0.11493745484816306,0.2988205033406942,0.5966714756555069,0.10857828734445793,0.29882779836436785,0.5966860378443457,0.10871093219520087,0.29883501155416486,0.5966039991413413,0.1083991996929388,0.29883613032977524,0.5969286503057462,0.10838942119514167,0.29883897530665315,0.5964833161818477,0.12527324070087031,0.2988479185113024,0.5966776484142171,0.11312624292356084,0.2988582052139161,0.5968344781763665,0.1281468999589917,0.29885940270678274,0.5966668375051497,0.10845264950758303,0.2988671054127039,0.596244997035588,0.1084020810562918,0.29887562268613826,0.5967463482234288,0.11000983684744432,0.29887794232743137,0.5962023816079991,0.11114312965925552,0.29887999883450334,0.5969200235053106,0.11492541168479076,0.29888435309813854,0.5969831373321837,0.10850144313421557,0.29888447775009064,0.596823652889404,0.10885724228701034,0.29888552016836056,0.5965036403805783,0.10838692653332692,0.2989036035618984,0.5963243410184315,0.1335007831523792,0.2989037334571664,0.5965417628322148,0.12005410772563113,0.29892726296932703,0.5965630687997273,0.10840050242825644,0.29893037083702045,0.5969762858584461,0.10857938715052982,0.298941952339864,0.5962689448094168,0.108429900328566,0.29896294270151075,0.596559927331686,0.12845151186389392,0.2989877525738402,0.5965867844740115,0.10850792308321082,0.2990052384433294,0.5965536733318763,0.10992034491426551,0.29900823442374513,0.5966318594118529,0.11252511436462044,0.2990131852289309,0.5966390564135449,0.10838705042427971,0.2990227987288524,0.596554440790749,0.1276876275013091,0.2990376484213554,0.596718650614644,0.13863717025359462,0.29904366599821774,0.5962290993639465,0.10845629675209903,0.29906445502290047,0.5967685167336378,0.12394142729957629,0.29907825501602897,0.5967228158291084,0.10902169474630312,0.2990848685037456,0.5969006711609245,0.109368871331877,0.2991009439471924,0.5964290655494567,0.11016778079325798,0.2991376063818241,0.5962944069444911,0.10839267098317391,0.29916170085537624,0.5965799132769867,0.11870436360092251,0.29916921984933803,0.5963220229976958,0.10888919228688436,0.2991795598887174,0.5962018568949384,0.10840690425624491
0.620091016351684,0.9523184265729582,0.45761109352972273,0.6200986372134107,0.9526693223733183,0.45559671814495784,0.6202431609018401,0.9524519031779585,0.4586055397082562,0.620270492411883,0.9525283888598629,0.4554010771076793,0.6203060201690292,0.9523867543272652,0.45539039630895334,0.6203200547861387,0.9522076019280223,0.47156279516420624,0.6203644401510394,0.9522947394927318,0.4636750641529423,0.6203663353270963,0.952084057125732,0.4558283281311209,0.6203763063007588,0.9522554592230201,0.45540788363000273,0.6204101819336632,0.9526509314281509,0.45537360732994614,0.6204233231338468,0.952396770640739,0.45655648871770355,0.6204465147318983,0.9522272735959298,0.45845518678984276,0.6204640142442028,0.9525881577561882,0.4643711187114154,0.6204714955482047,0.9522814637087419,0.4721788501890713,0.6204806046375876,0.9521231908996947,0.4556636950704118,0.6205104663145126,0.9524059586972397,0.4572457379017234,0.6205316585637859,0.9518056254874813,0.46136262706177344,0.6205545735080855,0.9526504756056858,0.47148073900520504,0.6205641239749888,0.9524341410582046,0.4571432247133254,0.6206621593214615,0.9521822969751933,0.4554443214415117,0.620680774159245,0.9521575064235581,0.47641161718605113,0.620684459758965,0.9524446696562283,0.48570790915518897,0.6207125238972339,0.9526647251650426,0.456950313540457,0.6207852840156523,0.9520631000031917,0.49441003379938386,0.6208410120616399,0.9523409115279827,0.4722709225296687,0.620861361293939,0.9523794281128412,0.45543034281589523
0.016363288877763442,0.028195028820832854,0.4123269015905981,0.016510373035224422,0.02783293929459996,0.4106286403561407,0.01654108426854356,0.027740287442828335,0.41984806584411183,0.016589358080734785,0.02784193658044067,0.4200872008270678,0.016618419673308127,0.028027020329635943,0.41138503606885496,0.016629324123503576,0.02812730820227738,0.411511252248505,0.016660629249131205,0.027664740305092504,0.41061448656359906,0.01668696512474979,0.028243073430305108,0.4290153929323921,0.016738845066868017,0.027793537829059297,0.41419451447077316,0.016739830914006583,0.027486374393802773,0.42917282959952974,0.016768882096548508,0.027667016507677365,0.43261106049502335,0.016799967824667437,0.028034472802367795,0.41061940331025615,0.016837436217425554,0.02813354877594066,0.41125948752012986,0.016842293299974873,0.028013160048224146,0.4107322641504197,0.016852376540070105,0.02788831100013308,0.44687046519080786,0.01688151500695903,0.02757736411613377,0.4119435731727828,0.01693523997310766,0.028015645775062673,0.4382063829193783,0.016939930730240357,0.02756347053082755,0.4223230521101279,0.016976619004544575,0.02773803589701575,0.42833468363776034,0.016979921466079923,0.027924801189631674,0.45737601830406605,0.017065225808087742,0.028073070670489118,0.4215811256822316,0.017086137963092118,0.02787883609119509,0.41340975772109934,0.01709804158852143,0.027285591334307246,0.4108031124553333,0.017131675303060798,0.027400561500207133,0.41074167572590203
0.4762372087777974,0.19393673863198413,0.7731143205727271,0.4763545407508327,0.19390464272895164,0.7751451717282808,0.47635883800974615,0.19373531271631617,0.7723099697818403,0.4763791063411623,0.1937566891358648,0.7723442167098052,0.476392752948799,0.19392316325251674,0.7728126207794526,0.47640447388661256,0.1941279533673894,0.7722527235883758,0.47642376819493054,0.19363908182322004,0.793736999982227,0.47649679483874025,0.19366545570216065,0.7925930788795366,0.4765192033447453,0.19392138005928208,0.7735504558695051,0.4765427055749629,0.19371154054955372,0.7855247950994447,0.4765536534946858,0.19367945409993306,0.7722912037954976,0.47656917364903045,0.19352245406451662,0.7722506986941053,0.47658245122474774,0.19367661178574527,0.7853096774310908,0.4765895625216499,0.19380391618881165,0.8258420777513056,0.4766398476915656,0.19344656465141188,0.7722714292234318,0.4766624045690936,0.19385246173758508,0.7979665878943768,0.47667456832555183,0.19387586375544025,0.7891709625384588,0.4766886122058585,0.19382922126322524,0.7755641203738165,0.4766978651329518,0.19373731156535984,0.7859407383164816,0.4767102952946013,0.19377590237482714,0.7725187522084891,0.4767162420449424,0.19355080311652167,0.7723644533594333,0.47672673081320677,0.1939646936655134,0.7725608128003295,0.47673216179550276,0.19383895201792473,0.8297497139970129,0.4767363644067472,0.19393656758116232,0.7862425411018238,0.47675449891364646,0.19361640051046297,0.7828118940560289,0.4767565351518016,0.19386773869560392,0.7860647366651171,0.4767646287385298,0.19362952195585126,0.7902739425097434,0.47677685097733785,0.19397890163842157,0.7762914800051385,0.4767943100179883,0.1934594506079182,0.7768545716150883,0.4768039961586673,0.19367139751093868,0.7724491229554821,0.47682554107367253,0.19373891420321682,0.7723205769650457,0.47683937215158895,0.19379804484460478,0.7736412366748167,0.47685679548716237,0.19354792916022903,0.7912761264208048,0.47687982931411066,0.19379687900749656,0.7724309082211978,0.47688136688633687,0.19395052341680827,0.8017906201433213,0.47688841268445065,0.1940410384787141,0.7722547190220835,0.4769006169970097,0.1939853929238497,0.77340669319612,0.47690508912484997,0.193545300189671,0.8030789171582557,0.47690580681171985,0.1939705096917463,0.772257136116163,0.47692873429032795,0.19401532412306108,0.7723626770997924,0.4769343348194546,0.19366017445760178,0.8008905914358013,0.47697969470685875,0.1937677947468473,0.7756737616210397,0.476986724531811,0.1936710305727641,0.8072704677072433,0.4769914406517214,0.19369191057695578,0.7804197254146933,0.47699211869496655,0.19399649381301348,0.7723751438469626,0.4770009851127563,0.19396447862946625,0.7723409564420983,0.47700376450173726,0.19376223054411146,0.7723212341887566,0.4770140915042419,0.19372105989161292,0.7722801197777698,0.47707616407158343,0.19395519951413323,0.7722586672334831,0.47709670159894124,0.19346490822517287,0.772303111819378,0.4771136479716547,0.1937119566623965,0.7722551513764472
0.8859175713870425,0.040793561228429226,0.8045417016006623,0.8860714315460696,0.04030229429051604,0.7868148457039764,0.8861175077687011,0.04023161200043259,0.7867142344085429,0.8861313410462166,0.04110076225515483,0.7996991120168372,0.8861660640579653,0.040762048704550385,0.8146198749416305,0.8862108554631987,0.04071323627351789,0.798105809550097,0.8862222841285956,0.0409264122432256,0.8188438217256818,0.8862385646196445,0.04054834985297248,0.7978575748909322,0.8862523204818651,0.04086437124642296,0.7865932460227234,0.8863135426567623,0.04109101291943864,0.7865751825618208,0.8863747637152665,0.04035359372550957,0.7905537083435953,0.8864191059215611,0.04084241418508323,0.788015821202973,0.8864224793495153,0.040701677787347,0.789147670505147,0.8864315043434268,0.04087949265813665,0.7865758937005021,0.8864317071828478,0.04081821415144699,0.786587037576664,0.8864356293912778,0.040819330922700854,0.7967650949109366,0.8864697123582054,0.04056763318506104,0.7911914822466968,0.8864769893334608,0.040509070019282535,0.7867223136223304,0.8864803432631592,0.04097184835848971,0.8243273355548031,0.8864830519186728,0.04080123859033762,0.7903278683508247,0.8865172670937519,0.040726854773802064,0.7867338772344042,0.8865177531791616,0.04115989016750148,0.7921368880024956,0.8865244510550502,0.040677900490499956,0.7944419686730916,0.8865415836060773,0.040555132779014035,0.7866684203329962,0.8865630426471868,0.04074012226955654,0.7964024997557962,0.8865707673589944,0.04120244517958867,0.7866026943080885,0.8866001933653263,0.04083292294691971,0.7970887849337723,0.8866033124314526,0.04026744075161872,0.798905687446617,0.8866062326385762,0.04034027644312165,0.7874788703723018,0.8866309420368842,0.04031670842391246,0.7866085766647793,0.8866345186472216,0.040879537394943856,0.7983257911984649,0.8866396451529336,0.04053352349317527,0.805380848274608,0.8866581334713558,0.040763874854638435,0.7873703256982928,0.8866808583932806,0.040678980936619306,0.7952477010386316,0.8867489634060265,0.04031215731489531,0.7917031985442702,0.8867503446809178,0.04030281893635025,0.8261531525785769,0.8868029432993026,0.04066604457344873,0.7868746122203163,0.8868168209151054,0.04038235930088547,0.8029155125932921,0.8868392028208397,0.04043886356890272,0.7865805939324677,0.8869257446652569,0.04064822683959988,0.8010510542447973
0.3761868483509497,0.7719744385121792,0.8819428191995221,0.37621413097989614,0.7721130278711337,0.8824982419060524,0.37624983705870196,0.772020667607921,0.8896548059667249,0.376291994863526,0.7716874989272441,0.8799648782593135,0.37636295911096324,0.7720645291295051,0.879342111910357,0.37638335502478987,0.7720765076276629,0.887568750519917,0.376438683662442,0.7720029810234182,0.8843663332033771,0.3764661602714489,0.7721723075127234,0.8829469839993097,0.3764736820869237,0.7717898897508445,0.8817898149190523,0.37648104340234434,0.7718894147950333,0.8889916750369994,0.3764905734778059,0.7716870475362708,0.9270768839726096,0.37649749824881706,0.77188671228437,0.8846312069292137,0.37649764330542546,0.7721595317443247,0.8792143887889822,0.3765188689686447,0.7717632306636221,0.8791723664555736,0.3765318961884167,0.7718403561853338,0.8793198285041885,0.3765488129974773,0.7717841147668251,0.8791584099757759,0.3765527321350172,0.7719905542002443,0.8806760554888509,0.37655823275208417,0.7716365530627606,0.8795404668393667,0.37657080789618375,0.7718283170755815,0.9261231566083494,0.3765955563714671,0.772133571402072,0.8794635741286063,0.3765964390591612,0.7719607292922702,0.9481393323214005,0.3765977223918823,0.7718751161838217,0.8791572005369694,0.3765988774651931,0.7717677106816306,0.947752724193694,0.3765998310382612,0.7722050936104462,0.8791796792826689,0.37660043834893325,0.7717542495439692,0.918923232409693,0.3766110651026833,0.7721663217217137,0.8917528875491874,0.3766184734924608,0.7716427486003617,0.8792422861758078,0.3766201137271584,0.772322543083469,0.8793829142189518,0.3766207366135477,0.7717663295976386,0.8847151964014314,0.37662237385672337,0.7722210271755756,0.8797149688611455,0.3766251917354136,0.7720240133318818,0.8791674920045838,0.3766292044653731,0.7722412639379013,0.8976414451418492,0.37664265870847985,0.7716912256828694,0.8947734017788735,0.3766458870841173,0.7719111091097745,0.8851611175472535,0.3766561400702616,0.7716892232848857,0.8814637678299134,0.37666068582983186,0.7717857028766721,0.8855951512528197,0.37666624954990496,0.7717886626617529,0.881145790808626,0.376670739658668,0.7717086331264761,0.8988038257997927,0.37667342658197367,0.7716725337285796,0.8791590069757343,0.3767052175442743,0.7718105413362097,0.8792569696141794,0.3767202658071327,0.7717293755710166,0.8994091308893647,0.37673116289201936,0.7718032255380922,0.8820214917145863,0.37674057810463846,0.7719952880367779,0.8793657188276591,0.3767531158199712,0.7719326124660457,0.8792387104479261,0.37675538529785335,0.7718813272972527,0.8791572292882801,0.37675965800604844,0.7721333471206726,0.8791633073741082,0.3767602050073521,0.7720889892570532,0.8792003879024407,0.3767648353156031,0.7720779377508056,0.9074800675928912,0.37678087477856237,0.7714271794841633,0.879295798560297,0.376780936811634,0.7715000833266834,0.879176538556651,0.37678392305341396,0.7721245428872646,0.8806260464251279,0.3767899675041302,0.7717211429602999,0.8867660515942256,0.3768003748029597,0.7720122236798925,0.8962762899204482,0.3768022187166411,0.7719681762781538,0.879172930265766,0.37681705361741713,0.7716911879378776,0.8792857369722045,0.3768327652178267,0.7720709262682092,0.8791709115410249,0.37685802071409497,0.7717985188695147,0.8793011990904089,0.37687682238443776,0.771776295239944,0.8814705823158592,0.37687835977427236,0.7721185227121289,0.9254709785042265,0.3768974990764067,0.7722936143502557,0.8791588143670452,0.3769236611798178,0.7722142427477183,0.8791793809142501,0.37692738011679017,0.7715439786716898,0.8796815541276322,0.3769377774708221,0.7723813802732902,0.8827155890559547,0.3769801246802885,0.771918965429025,0.879162938583439,0.3769964530684328,0.7720894231283711,0.8794108823284851,0.3770045116093696,0.7715885071218397,0.8953149594187734,0.37700665081592,0.7722025111910069,0.8793741962423001,0.3770244981735859,0.7714326829785209,0.8864052717206724,0.37706701001326076,0.7717486158564746,0.9139857861612286,0.3770748487783222,0.7721347494411425,0.8841641740449585
0.318145211184882,0.712534960717103,0.8495112960984893,0.3181552788242296,0.7130467687655181,0.8495790886685199,0.31816418060688273,0.7126596047515555,0.8494726475369608,0.31816565723764667,0.7128923976434826,0.8533377922096489,0.3182510925569159,0.7126617592851943,0.8494605492078051,0.3182528660246016,0.7126012708433835,0.8656788752994908,0.3182649328625193,0.7127245339842546,0.8499076584162398,0.3183043684146937,0.7124555696564143,0.8820428766381004,0.3183095124261317,0.7129021543409614,0.8495599640838442,0.3183123294180953,0.7128574302272846,0.8494725393324237,0.3183126302840026,0.71259480374647,0.8494749471519967,0.31834085153280217,0.712775076000476,0.8579906908682393,0.3183571860047255,0.7128119278308506,0.8638149154136079,0.3183614127755184,0.712691575939365,0.8617169837823628,0.3183820309652394,0.7126917819886981,0.8503453073748881,0.3183875012585002,0.713200347476807,0.852724150464698,0.31840049290754724,0.7126675724919113,0.8850225248331018,0.3184023426698142,0.7128164924306426,0.8566303324466743,0.31842490020817105,0.7128241933789009,0.8494670006743706,0.3184268921042296,0.7127127229102083,0.8495369619325518,0.31843087367516565,0.7124954508466923,0.8495610063479403,0.31844099571248574,0.7126877029623503,0.8495125687050582,0.3184454239314161,0.7126502676786226,0.8603377482477407,0.3184595684508874,0.7126143047717289,0.8494664302340779,0.31846363856653465,0.7128585198287672,0.8494865862240035,0.31848255787739294,0.7128262354631071,0.8498464727662396,0.31848803067487613,0.7123075439136337,0.849465642700104,0.3184912777402841,0.7130831482409008,0.8503888294294684,0.3185076152536194,0.7127060730024811,0.8503850894871611,0.3185267614493412,0.7127920956630033,0.8647387646120626,0.3185451876168421,0.7132391961238285,0.8688355974962853,0.3185453025380097,0.712460152611705,0.8601221788037737,0.3185462431917198,0.7130272747232945,0.8799845920472567,0.31857893208308236,0.7129405794724171,0.8507209324479714,0.31859591375710655,0.7128568600595984,0.8494592683384854,0.3186104563408653,0.7128086900551962,0.8645982358948963,0.31862046866455807,0.7127146568226418,0.8495410388926299,0.318630917210097,0.7126852004281201,0.8617595373608906,0.3186343525662189,0.7125878728339844,0.8678327984824598,0.31867642012135916,0.7124075855599964,0.855613233192702,0.31868764405908434,0.7126575547392519,0.8820354301678525,0.31869537458889163,0.7124617446683992,0.8499447340135836,0.31870263881055305,0.7129051316036419,0.8494658646153075,0.3187038534107934,0.712726438767346,0.8495295416931327,0.3187109147731515,0.7128075205245608,0.8495389908430893,0.31872429925992846,0.7129934167441565,0.8500703712149531,0.3187295072167203,0.7125368023756128,0.8497355815595435,0.31873182654461163,0.7126542090168334,0.8494729002161591,0.31877616677001763,0.7129407771409482,0.8841541861489064,0.31879460189186776,0.7128033729326325,0.8768658408131567,0.3188731842972903,0.7128882399442737,0.868866732478732,0.31893808665474066,0.712717723357321,0.8495764606499117
0.337321304181052,0.03784212407311968,0.8833912462202298,0.337490860750028,0.03731982224578074,0.8620243972136721,0.33749874633986027,0.037634901042543766,0.8593407563654147,0.33754505393085604,0.0377483276111142,0.8644033208118934,0.3375808924476211,0.037558385034256195,0.8587395200564271,0.33758217476427305,0.03745492506007032,0.8803331316273336,0.33758455147750616,0.03783878984123279,0.8812215547288091,0.3375860417162714,0.03755726706875417,0.8587540337358366,0.33759797868191466,0.03699469141248991,0.9307061218146765,0.33760311117355596,0.03781732893576223,0.8647758601744172,0.33760421002750785,0.03779056949890997,0.8632682271772927,0.33762880053651323,0.03729059530738359,0.868628825938284,0.3376358281872368,0.03748709007111728,0.8588950477800822,0.337653051082615,0.03804090187836475,0.8920108779135666,0.33765521199433124,0.038288566807748614,0.858691555132266,0.33766267503940267,0.03773982941503942,0.8588946571951448,0.33766544209312294,0.037609958178154226,0.8648690250772759,0.33767020214805593,0.03795175173322997,0.8586936293385724,0.3376785961494081,0.0376442014735679,0.8782676655315992,0.33768308989205,0.03729249954570115,0.8636553005368838,0.33768580178729024,0.03775167445305724,0.858701402052113,0.3376923197985436,0.037719186834645306,0.9067652689296293,0.3376969465041113,0.037695533509097975,0.8755255211635677,0.33771641680220665,0.03755389544629246,0.8587156810389789,0.3377254482382546,0.0377418767058169,0.858686928522064,0.33772664588545886,0.03775377983638705,0.9185253674391702,0.33773552823175773,0.03787457572030036,0.8854795875348644,0.3377390757813501,0.03774934899006477,0.8587197344884767,0.33776002429448093,0.03747627955019936,0.8594709986835969,0.33776948649174304,0.03792364550921578,0.8587278131503082,0.33777156203014186,0.03732639280262424,0.8587308109591328,0.33777258429919094,0.03752094293688599,0.9123667584525162,0.3377738593999012,0.037555880813365076,0.8645846629624495,0.3377816931278956,0.03793100484485823,0.8587646645306768,0.3378003186907938,0.03775716955950385,0.9079648122723422,0.33780166052326577,0.03756994758652135,0.9017155191278483,0.33780467496078154,0.037496334078340396,0.8662054458081245,0.3378079936465119,0.037801702001508536,0.9198241193437221,0.3378099191946784,0.03781241189349276,0.8782830413381291,0.33781647407260196,0.0375460107043969,0.8627386892412446,0.3378193894881856,0.03752278007582872,0.8985970000342309,0.33782020005011104,0.03760232149588735,0.8807065997013671,0.33783020871035807,0.037374381555235994,0.8591760296391127,0.3378319386095906,0.037693147013728945,0.8589297587994092,0.33783559018194037,0.03723559586874825,0.8587118234207753,0.33784113148979883,0.03743334883187232,0.8587570150720103,0.3378566428082899,0.03787521232584679,0.8769939742552736,0.3378619596171084,0.03777767132365224,0.8589443989700277,0.33787765852392376,0.037520379779366085,0.8630293385664792,0.33787885295456344,0.03737510146332224,0.8587135229092422,0.3378813539387922,0.03749428114620883,0.8587809520009416,0.33788289024876494,0.037404245999036155,0.8587047458662663,0.33789200063653757,0.037251294574764705,0.8588172713563642,0.3378999704684206,0.037511279940286565,0.8588277902408706,0.33791341751537385,0.03733116116783052,0.9003403231111611,0.3379208655369594,0.037479268605249735,0.9160308254777697,0.33792389293541486,0.03771737049196969,0.9433176099414515,0.3379264076520219,0.03809220805483625,0.8799001739439191,0.3379414005258276,0.03792726402605525,0.8587356503719058,0.33796409915461256,0.03741777689446102,0.85902432131878,0.3379837095928516,0.03750260686291006,0.8619860911105338,0.33799065152495417,0.03740408450595101,0.8601799102144344,0.33799163105897895,0.03735934046701657,0.861785928386532,0.33799339778193555,0.03807552546728467,0.9069645575625839,0.33800157911251516,0.03742852928325022,0.8605531772814697,0.3380289173760368,0.037610342464748675,0.8761669313385771,0.3380363870398159,0.03769897912741785,0.8587443287873735,0.3380450750112206,0.03770475184717324,0.8601280370466379,0.33804716258798306,0.03767621879250483,0.8589826541066189,0.3380540772825445,0.03762414378600404,0.8591039919687441,0.3380996751595093,0.037630403234697365,0.8587628111874667,0.3381048041641632,0.037894356547600226,0.8586877160494806,0.33811023601452944,0.03766106132074065,0.8587463392209113,0.33811505817388327,0.037678360864575454,0.8747938402136377,0.33811529606053514,0.037401273386554336,0.86241921977162,0.33814917199840755,0.03790360659452447,0.8604421614034482,0.33815901154638633,0.03772731237644787,0.8651336665100354,0.3381668431128927,0.037432050984994886,0.8587059847732218,0.33821581657537003,0.03731179325149438,0.8594693220532964,0.3382215293478628,0.03737991182510885,0.9050612134614284,0.33822656715145466,0.03756852403342569,0.8602009131940417,0.3384555510900047,0.0378090810293987,0.8778603283976036
0.42376229026526424,0.8194289780683701,0.4735131309306914,0.4237698150351324,0.819370233954636,0.4740337958608739,0.42381993734890083,0.8189569675199064,0.49432400919638636,0.42383437902081733,0.8188912029576222,0.47285248680380365,0.4238357733497911,0.8190653777507828,0.47317727407102605,0.42385064343435047,0.8191167149257303,0.4728884323009552,0.4238556367262946,0.8194122714131498,0.4744857745068286,0.42390501762388616,0.8189562360728602,0.4738498437616352,0.4239314665938664,0.8189798893167094,0.4728864239228081,0.42394241584905135,0.8194244609100895,0.4729729740640125,0.4239670675277736,0.8189013109351169,0.5096955092184169,0.42397869541688155,0.8190398250162234,0.47353143049004376,0.4239884729931299,0.8192982415928254,0.4729078371938926,0.4240046483527017,0.8191777293669774,0.4732821970405357,0.424010812968152,0.8192743178819424,0.47347996243842044,0.42401471660482254,0.8192537046086756,0.47474026074356673,0.42401519364063556,0.8190790536059153,0.4905229628601259,0.4240277485730902,0.8195966731158025,0.4728756318404438,0.42403018300356365,0.8189406941803675,0.47287395563663304,0.42404691429760555,0.8190439961650985,0.4810920665815001,0.42405477384524703,0.8192949449224108,0.47285981478364864,0.42409331954161095,0.8191952304117588,0.5076683359475136,0.4240964328936004,0.8193279728876302,0.4917456805471346,0.42409969372679596,0.8191490294662488,0.5012073109109392,0.4241061514337726,0.8190009377982637,0.47296684695823155,0.4241062609565447,0.8192756917724238,0.47298659547720934,0.4241141038819681,0.8190858079124053,0.49447791216927606,0.42411946154866703,0.8192876731767701,0.5022824898334294,0.42412389056195543,0.8192987992461913,0.4730250650044991,0.42412935567227106,0.81924387187777,0.47298837222468937,0.42413033536448896,0.8192576068156511,0.47285936561055997,0.4241452791601017,0.8192586184785304,0.5412603734657276,0.4241468251629395,0.8190339120792106,0.47310903932612036,0.42414918103372895,0.8189772062926249,0.4728582116887576,0.42416358096053525,0.8193805345694203,0.4744575031646858,0.42416468230902454,0.8192444708777094,0.47285970569308133,0.42416911054618117,0.8190792439427462,0.4758479788166239,0.4241757964703738,0.8193734230258244,0.5067518035512066,0.4241818797378437,0.818717782235899,0.47964504899105415,0.4241846545729746,0.8189204163842321,0.4951775678910365,0.42418694614123187,0.8191133270311891,0.47984745407122653,0.4241922662072858,0.8193062246328371,0.5043144953204092,0.42419527537716706,0.818638526498594,0.5020657827635792,0.42420095918701006,0.8193040086437989,0.47326444660835987,0.42420995404867745,0.8189038020499266,0.49890368916237204,0.4242154728420664,0.819181459162369,0.4741283046317356,0.42421586477797973,0.8189263076202619,0.47960190857503504,0.42421763892513337,0.8191879649372399,0.4783326823728842,0.4242201535631141,0.8192644496521594,0.47287948049407197,0.42422162209441716,0.819433886882536,0.47361699919940586,0.4242226888167158,0.8189754094515708,0.4756447657100637,0.42425816398883504,0.8190601446213707,0.4728679417606121,0.42426672746443,0.8192663907761513,0.4933439980413498,0.424273462584583,0.8191718972401653,0.4729160943639518,0.4242766025387741,0.8191904938162669,0.4907191908496306,0.42428098394238806,0.8194710920636538,0.47286660908000955,0.42428122228675696,0.8190889944611391,0.483811402066474,0.4243112739357669,0.8185931303455257,0.4729124171935492,0.424313042355759,0.8189587068067693,0.4746762008193202,0.4243270343365558,0.8193633161725602,0.4729197814453782,0.4243564052162835,0.8189934012683259,0.472862282888629,0.42436591190643735,0.819163000469486,0.4778888069463351,0.42436641393694713,0.8192156297322527,0.47285906043196746,0.42437580940870606,0.8189626765353621,0.47314403299982183,0.424376171405652,0.8191922848827752,0.4760941579249569,0.4243891877909465,0.8195560692310697,0.4728893140796004,0.42439130962008703,0.8190386977835606,0.47287564885184985,0.42441468014589084,0.8193555879091592,0.4760277005037303,0.4244306418925344,0.8192711440889413,0.47288183320583604,0.4244565623440333,0.8188421409804433,0.4728866016990459,0.42447087229493086,0.8193254017694898,0.49198918342608605,0.424479924659906,0.8191457865694856,0.4728623733604914,0.4245416048894208,0.8189921858223135,0.4893548137976404,0.42456036206019276,0.819306956514287,0.47567808605951484,0.4245715241892419,0.8192944003470257,0.5017948374797009,0.4246173247475496,0.8192396009235435,0.49684981081160906,0.4246742514170437,0.8190614573494953,0.4784674450699865,0.42475039860392183,0.8190211256552578,0.4732021585787796
0.924592452469941,0.09362117440663881,0.42661098642378,0.9247134971065136,0.0940359462638543,0.4555769595362405,0.9247600391224146,0.09405139489861229,0.43577218089651387,0.9247954161311703,0.09396723088530606,0.4333598133014791,0.9249279209044611,0.09409432474645148,0.42646657883492206,0.9249852127385703,0.09383914650029491,0.42743757012452827,0.9251128743557478,0.09398025062430329,0.42648117047693823
0.13424469510821596,0.5918631517430207,0.20056727612328035,0.13427014444472757,0.5916938883842194,0.2042662800127089,0.13432341874316484,0.5916160807469313,0.20095287404289464,0.13451515896987346,0.5915729858319208,0.20066309238766192,0.13452138108489017,0.5917175371447507,0.20059885585137396,0.13452688296603393,0.5912994168414032,0.20055163563390588,0.13455068878362558,0.5906864202794068,0.20074846942287392,0.13457146464906533,0.5914212785403378,0.2005529405430985,0.1346079322973338,0.5913213243869211,0.20056235495398772,0.1346269550031889,0.5911340582644101,0.20059072647015933,0.13462762218970806,0.5913419460576849,0.20500552317063048,0.13464864874544022,0.5913760113865384,0.20474755717867263,0.13465371282850724,0.5913488614402009,0.23614983205201062,0.13465396138721375,0.5915006978987312,0.20080141253141442,0.1346539994006037,0.5911710448374987,0.2016131455668335,0.1346608220152482,0.5913400257205507,0.20061914938021475,0.13467538166245308,0.5911357156113589,0.2006009312905721,0.13468660861942638,0.5917530419756261,0.20904369809891343,0.13470896376970473,0.5909017869123093,0.22194841580798158,0.13471821160901173,0.5914025722214912,0.2006353435289775,0.13472440101054148,0.5914384731884957,0.23124584587843844,0.13472481014772458,0.5917287168987223,0.20170408173273374,0.13472614107558942,0.5911995601972383,0.20054916110076323,0.13473199049516663,0.590918637651289,0.20054818730613974,0.13473239243359397,0.5913814495142619,0.24796938175037106,0.1347357010604234,0.5915392078935195,0.2016751463449235,0.13475428412009047,0.591167429321131,0.2008510563834716,0.13476039472028492,0.5913208842754525,0.210390532761385,0.13476275564930068,0.59138831492988,0.2005608805593136,0.13476564406864577,0.5914216482784198,0.20085550087007836,0.13477656462605409,0.591043365167567,0.20061571926181704,0.13477738723847996,0.5911830522878573,0.20400648272299562,0.13477783947106295,0.5914467231136311,0.20055845917787532,0.1347824528326059,0.5915165247467049,0.20572232128334234,0.1347843302018652,0.5912190718744996,0.2005957625845843,0.1347936371967321,0.5912575228184062,0.20106046211677464,0.1347951019097839,0.5914727319127038,0.20068001614066808,0.13479936840634096,0.5912143640897034,0.20067334506460438,0.13482273299346736,0.5913801717821484,0.2006208172849211,0.13482551023655862,0.5911427251767983,0.20065223205906463,0.13485089316070978,0.5907675469588647,0.21116231748427763,0.13486096166205783,0.5914494885797607,0.20055271057075053,0.1348808312756569,0.59141545680903,0.24460612373208096,0.13488153802114294,0.59100151131112,0.20062225823267235,0.13488389466700026,0.5912651216973592,0.2026724620213769,0.13489778151679807,0.5912653815048856,0.2005843812800481,0.13489886112334848,0.5914666191738966,0.20071960890799753,0.13490064082700645,0.5911944517628711,0.20209284071221195,0.13490685223268495,0.591595811106337,0.20638426729109394,0.13490979727775068,0.5914616566571412,0.2245501364791578,0.13492295221809777,0.5915868278037664,0.20062029478837143,0.13492523888730742,0.591308874618203,0.2110707586244166,0.13492586213774427,0.5913216000655868,0.21525455013008718,0.13493356000603918,0.5916452576703763,0.20920189662479582,0.13494899114330902,0.5912223851058537,0.2023191476179262,0.13495534390201516,0.591400770770758,0.21750522795325483,0.13496017461438864,0.5916850135711279,0.2005714250938186,0.1349728274800017,0.5913548024874052,0.2034437825594527,0.134984975735209,0.5912577831914304,0.20093090355351978,0.13498554679042707,0.5913600466523996,0.205625491235428,0.13499015635150755,0.5910345917255558,0.2005717914885532,0.1349954714405773,0.5912755374503199,0.20059702925068262,0.1350103013152956,0.5911342680936787,0.20831239971664373,0.1350145854158632,0.5912028633316327,0.21250473402715778,0.13501800130198743,0.5913234252940199,0.22891767161381962,0.1350183321170776,0.5915785116949539,0.21863396035015123,0.13502938595021624,0.5916930849015702,0.20068133028904106,0.1350365012668327,0.5912679880474186,0.2005536041919946,0.13505300176601556,0.5913376825375106,0.20422723141630791,0.13505507170165987,0.5913585388779485,0.20900062059596258,0.13506481557607958,0.5913513470223719,0.2006472398829498,0.13509507433404488,0.5913501767549408,0.2005873231987761,0.13509878262729436,0.5907184598287645,0.20068422431260677,0.13510028565253396,0.5912013535881002,0.20674873481594733,0.1351055532007392,0.5913344776128866,0.20054838424005236,0.13511757917886513,0.5910419476789138,0.20069050578830042,0.1351222882609236,0.5914256264650896,0.20066662135281757,0.1351259866165773,0.5911089867722005,0.20071097024458728,0.1351278653410361,0.5915334584141141,0.20598089393070787,0.13514945721424287,0.5911743492367345,0.20059274416579265,0.13517411004775556,0.5914416849942549,0.2108673244909439,0.13519945978824502,0.5912989479410334,0.20824377207206068,0.1352268787862187,0.5917197417502982,0.21085962378042156,0.13532176670974835,0.5914050286374883,0.2005507099150874
0.6563925845586318,0.9094827689713125,0.6393187246378754,0.6563935155007095,0.9096516287341204,0.6534946618572268,0.6564925550117157,0.9098760320400175,0.639000947637297,0.6566040873226097,0.9098785627716216,0.6450180632650482,0.6566157156527193,0.9096352132715536,0.6616296232635935,0.6566545783102952,0.9099886079706394,0.659022960245383,0.6566546313539973,0.9094644146907837,0.6389688905997715,0.6566601320498533,0.9093064957561694,0.6389943666105735,0.6566895887276935,0.9098590773713372,0.6390421219299481,0.6567192331762511,0.9094877921066424,0.640282830797132,0.6567976179171943,0.9098078693313643,0.6389603500209844,0.6568099470966743,0.9098512545433024,0.6395552759591501,0.6568129952705049,0.9098228228151304,0.6392265836299698,0.6568359433181903,0.9097896519152111,0.6389813648728326,0.6568486823330959,0.9097273678521327,0.6389981813446369,0.6568691864618026,0.909961967799224,0.665504643464115,0.656870525767912,0.9096175058124452,0.6390426410681005,0.6568952392696145,0.9096192664661834,0.6404196452415987,0.6568994009897402,0.9097181932471736,0.6390573558434848,0.6569107086238536,0.9095251793974257,0.6392224246168328,0.6569365566605675,0.9100372083419548,0.6421555962801224,0.6569836128894329,0.9096469291843559,0.6613245310139096,0.6570466981014009,0.909964248267568,0.6417565073223777,0.6570553889195172,0.9098880207812051,0.6390361146290993,0.6571021725213672,0.9098066592268873,0.6389757937306398,0.6571697620880148,0.909824566103508,0.6390061013736001,0.6571741922822709,0.9099558140072497,0.6969718530039679,0.6572253861198787,0.9098110059627766,0.6542587088051328,0.657269424196981,0.9099666855785254,0.6392339819706714,0.6573068277377973,0.909876703113233,0.6389821547917909
0.8251181313757125,0.33845951883641084,0.7855919686180226,0.8253447820563182,0.3383367959355948,0.7910042689503832,0.8253523943884067,0.3387061595293264,0.7523083031585597,0.8253649467466454,0.33815969440933086,0.7484637289260763,0.8253727461336113,0.33852381076675464,0.7484804048313383,0.8253864952429626,0.3386642577988969,0.7548708052498034,0.8253940297111224,0.33820562311534114,0.813844207846129,0.8254057316184248,0.33863016028772436,0.7491844039679135,0.8254147987461258,0.3384551953594529,0.7577175957976285,0.8254275095032598,0.3385323730724104,0.7690979140566443,0.8254329888184142,0.3383928854377934,0.7485322207457851,0.8254406384133978,0.3385146178815626,0.7486130048216735,0.8254619431957954,0.3381185972726055,0.7718753807886909,0.8254749597549379,0.3383719511638299,0.7484932211163534,0.8255032773243932,0.33844852697879596,0.7486758741347638,0.8255229238464478,0.3383453649158979,0.7484697056738521,0.8255570133733071,0.33810476759836694,0.749180891537192,0.8256277234371839,0.33900608758295186,0.7489610333645439,0.8257039927216637,0.33828704501403073,0.7485138955565747,0.8257137012141845,0.338479941723187,0.7485119906744907,0.8257320724602762,0.3384575346109581,0.759647254762116
0.13852260297550534,0.9916723271066774,0.4302935100797797,0.13852741475764013,0.9915846413238563,0.4106844446457564,0.13855194612769456,0.9914287024298685,0.4093351456970956,0.13856382024283878,0.991196110974722,0.4082128543171404,0.13873296131395074,0.9916430248557309,0.40859923453204056,0.1387545486576381,0.991561707731899,0.42071036691991104,0.13879265242184846,0.9915429465810108,0.4108368107294504,0.13880247632445514,0.9914673412278509,0.4082178698530953,0.13880550699187785,0.9917716743918433,0.41061342820853775,0.1388215616274988,0.9916832047789991,0.4084511687885729,0.1388457451944105,0.9913251228196707,0.4082625518281781,0.13886087560592902,0.991521026512978,0.4082230969276736,0.13889819329871464,0.9917049575780227,0.4183250202903195,0.13890790145493911,0.9916685153725544,0.4117184628724963,0.13893032623122367,0.9916031338130437,0.4082448495496207,0.13893133499567845,0.9921449402412239,0.4275981171620809,0.1389887970974243,0.991605057799351,0.4089128800080653,0.1390225716376532,0.9914477251227836,0.4507303467478172,0.13909291567679544,0.991472167585715,0.408619676416693,0.139098133206807,0.991755114240231,0.4137485228307132
0.7778219289527621,0.4408745577905019,0.05072710999699992,0.7778559058537401,0.440761547057738,0.008486961258330284,0.7779405961381546,0.4408157323049402,0.029321903253021656,0.7780161781085894,0.4408545364400067,0.008189835662883926,0.7780245632620564,0.44094192194041826,0.008387793062416448,0.7780724813625342,0.44052801301729727,0.03370526356730727,0.7781037121505605,0.4408376744591842,0.008298037595456243,0.7781077133742991,0.44085521342062256,0.009029423751406996,0.778107797548589,0.4405373734516684,0.00922249232380381,0.778130526917659,0.44074099235914277,0.028986537930721392,0.7781750270831901,0.4408803509493823,0.013173054350351565,0.7781770186236395,0.44045745007129217,0.008249721226750916,0.7781786130878843,0.44027889159887024,0.00818431814974373,0.7781839621573639,0.4407613928171008,0.010881988640037144,0.7781937172621783,0.441057316681864,0.008233819421820221,0.778219278819722,0.4405608258030881,0.011501343550446297,0.778221944578473,0.4404350445264244,0.00830593015682991,0.7782249504850154,0.44066623478269207,0.008230221915391977,0.7782677600546191,0.44083577018702186,0.008272957167138485,0.7782802154274209,0.4403650323857295,0.008855047554907947,0.778281138116016,0.44070553582849414,0.010339299882021724,0.7783096622374698,0.4406342356248941,0.019058991903120492,0.7783119654926751,0.44083413339592914,0.027444651947225673,0.778318464928858,0.44095723339605547,0.009475947922849637,0.7783239600272747,0.44101575625057304,0.008207301039715353,0.7783290031132358,0.4412439083969785,0.01730103602010611,0.7783548703218505,0.4404923179607364,0.029501072739862435,0.7783604581856383,0.4407101599047936,0.008337319242044982,0.7783673327063186,0.4410412263301766,0.01424353849241521,0.7783812436028047,0.44080269995975024,0.008213824535881275,0.7783842741718262,0.4406747674688482,0.01091386297717376,0.7783939689431918,0.4408323526090051,0.008248533056660966,0.7784024687274984,0.44065107434396805,0.008895489849161187,0.778409109852093,0.44058278981678817,0.008298482933032304,0.7784174369381217,0.44052622404050185,0.008241992527339315,0.7784240381321792,0.440820931725224,0.03612715290346585,0.7784446434047954,0.44090148912256844,0.008356447044505944,0.7784605310084771,0.44048903031177344,0.008413544553824393,0.778491082517683,0.4408113685698649,0.010157871027756681,0.7785108202343264,0.4409252831737951,0.008232078908365314,0.7785590154794615,0.44059297035513795,0.008445560460428126,0.7787181391677875,0.44089221636867554,0.010104915858252416,0.7788150703941499,0.44070958884447375,0.008178299036527148
0.9549392948359069,0.48064772399742833,0.7355942625395004,0.9550536607991226,0.48099508933227303,0.7341650929995133,0.9551910937795478,0.4811367084125062,0.7548470299752916,0.955203665668857,0.4808034319783426,0.7342842358182273,0.9552656307649375,0.4807632075228553,0.7342323760386372,0.9553119529837554,0.4811111365024694,0.7345472907940745,0.955326995571036,0.4809962041314584,0.7415517680258495,0.955328902139468,0.48085288799703463,0.7347439396356831,0.9553358356251368,0.48068429944851887,0.8024552387914871,0.955383496483975,0.48112446154554117,0.7352803146777913,0.9554111117296569,0.48118377600869666,0.7342606975566286,0.9554112426293383,0.480725009108694,0.7546093273208898,0.9554176099148252,0.48132759452333307,0.7470322090034982,0.9554241725024155,0.4810867913738045,0.7344228363812401,0.9554262416272343,0.4809845028142797,0.7475749395449859,0.9554350416235282,0.48108072062041024,0.8225162565756294,0.9554451223552027,0.48094822150233485,0.7430054260928193,0.9554459547383389,0.4810673115418284,0.7341826085483686,0.9555088399661036,0.48082921091649117,0.735086366822205,0.9555591548608608,0.48090750356583,0.7341542761281445,0.9556154288692522,0.4807786816039073,0.7341841286442642,0.9556568887316599,0.4811158531434407,0.7341724287780321,0.9556653343066629,0.48079658964448474,0.7433243837080172
0.02357946633107556,0.7111987265589588,0.4590080322191281,0.023952576289968504,0.7108922534734025,0.47262243907753937,0.024130695295948815,0.7111344079623971,0.46035253050005076,0.024320494071185656,0.711123468819197,0.45957702981856313
0.07271142915766003,0.5445737453878807,0.4917991608795508,0.07275461898789291,0.5447482361151529,0.4755189972022585,0.07292272140962681,0.5446959373549333,0.4695273533561692,0.07295772551019708,0.544780908362404,0.513803742242341,0.07299490661987117,0.5448131915762812,0.4696039175036372,0.07303614037021242,0.544654798903766,0.4695316489990156,0.07324006585433337,0.5449181617798361,0.46939751384169226,0.07329710723067037,0.5446217191716977,0.469754616065647,0.07334510870605683,0.5450795426733218,0.4747167361431644,0.07336029356262272,0.5448858591415503,0.46946365950404095,0.07336446718713403,0.5447578716187451,0.47030806475807907,0.07339316338764852,0.5448411454718527,0.46940915021640317,0.07342461570633772,0.5447410519550921,0.4910606245537455,0.07356502243983437,0.5445802751701503,0.5191801790783828
0.181677849627326,0.5691618384545217,0.9171864957761228,0.18169348756990072,0.5693270292008414,0.9173210266661709,0.18172255702172813,0.5693335810572033,0.9171053745006907,0.18172367247864962,0.5692360257004245,0.9165816501431021,0.181728780401517,0.569103049590041,0.9192086843487748,0.1817371005129444,0.5691482142487655,0.917462949299354,0.18174993740221282,0.5690837387763164,0.9168300660716495,0.1817620428012478,0.569093928524666,0.9227679794690639,0.1818115484358613,0.5691754580665568,0.9273710771939399,0.18181348307329415,0.5691330811326055,0.9211836439345339,0.18182426188264966,0.5692772456243101,0.9168368472634917,0.18186283407262888,0.5685909806738895,0.9166288650829849,0.18190406171562237,0.5689137211429056,0.9402809618259692,0.18192906934034914,0.5691856535449676,0.9315507959580224,0.18196341642579517,0.5693289545554638,0.9290844373517908,0.1819704095003283,0.5691067919559637,0.9363881426394556,0.18197764992641444,0.5689908478702372,0.9236309689122626,0.18200773353692198,0.5692742342458353,0.9166010169785505,0.18201635516270448,0.5693292057496975,0.9169620580226922,0.1820200544116244,0.5691141701253437,0.9166125726303819,0.1820249581190726,0.5689976817610718,0.9166005903289991,0.1820325320518472,0.5691107084989772,0.9168310146898752,0.18203483761799957,0.5686469835806411,0.9170050988992208,0.18203675195573404,0.5688809719894167,0.9216041685813864,0.18204751439643496,0.5693530918219035,0.9170941882964924,0.1820794529100879,0.5689857039388562,0.9168192775861806,0.1820875726730087,0.5692099936774178,0.921288742849785,0.18210266015143142,0.56850910933096,0.9346530047476318,0.18210644616753002,0.5691399842282184,0.9166206339153469,0.1821812832476364,0.5690662103177181,0.9168393662907455,0.18223014923491127,0.5692931214409833,0.917196470491869,0.18224101187599615,0.5692188977363812,0.9166719089165775,0.18229458398252932,0.5691094603669091,0.9165807456644163,0.18234514428941673,0.5693360608958199,0.9192157087347453
0.8089760567416996,0.21406136672504333,0.7408291340379559,0.8090558653283328,0.21388543894303855,0.7672648408710934,0.8090650620339411,0.213466906656724,0.7455469858418099,0.8090811766835235,0.21396090936479253,0.7441364207031549,0.8091340691020441,0.21369967096784367,0.740900752360378,0.8091809088476173,0.21353295522342533,0.7407698773796905,0.8091946525121706,0.21364427340585326,0.7408325241481498,0.8091989800947258,0.21440602491714045,0.7407671899765809,0.8092039091170635,0.21374650221539054,0.7410551522569441,0.8092284106787161,0.21398974221811426,0.7464922525754222,0.809229437580336,0.21374422289241274,0.7408126844796805,0.8092332412018004,0.21392902141485098,0.7407692624731563,0.8092481539608801,0.2136709234847592,0.7466192738018708,0.8092541610323899,0.21410563936208224,0.7412275363259553,0.8092586434190019,0.21382901817173125,0.7609739270486955,0.809271302520077,0.21391715938851605,0.7409455857532997,0.8092727162462093,0.2138142673973092,0.7426385354686849,0.8092831869995912,0.21397524052661726,0.8163974206380691,0.8093249030111701,0.21381457429608666,0.7408714103422122,0.8093555352181755,0.2139798152130635,0.7594095195681194,0.8093580717413128,0.2141156371858343,0.7442852687227106,0.8093598169170196,0.2138296963016499,0.7693414265220371,0.8093616362608843,0.21385875043839883,0.7408165707857953,0.8093827333911321,0.21395325005531504,0.7683338696922926,0.8093902856752636,0.21344942755406737,0.749556854859734,0.8094101160557008,0.21368537449820088,0.7417783116138604,0.8094476726467711,0.21409060294283802,0.7573707470416564,0.809462812291211,0.2134366053584766,0.7408220929334289,0.8094666926106955,0.21443577456489266,0.743372282982884,0.8094813287430191,0.21427724825679972,0.7412354914818984,0.8094839838993804,0.21393920938782504,0.7408194632209085,0.809517512986367,0.2140351034499761,0.7520821606069212,0.8095285358267402,0.2138561738419779,0.7408217875178642,0.809570638917187,0.2139671735773543,0.7731673329816495,0.8096237202274219,0.21378058833761593,0.7420269851044142,0.8096335953527941,0.21374354759370495,0.767496718680022,0.8096383798100266,0.21353686261075175,0.7423739297372283,0.8096503485181592,0.21389167737066203,0.7424443251377038,0.809683386654475,0.2137940461127413,0.7408722262031089,0.8097682343886179,0.21393436646795727,0.7420108879929692,0.8097791895422425,0.21373049363028848,0.7524084162868111
0.5783375049663427,0.7667859127875449,0.0761099633833141,0.578412424556209,0.7671747172695625,0.08146182601922344,0.57846070981694,0.7665927584755171,0.06733855235358535,0.5784617046788679,0.766626617177018,0.12366151108892937,0.5784621341989448,0.766491733417101,0.08416143093012671,0.5784660119151469,0.7669477916481623,0.07476265294443672,0.5784763532971501,0.7665174564989058,0.06732454582138055,0.5784986678679505,0.7668516850669148,0.08939014032020272,0.578564417807641,0.766810684269337,0.06743186495171909,0.5785649727703917,0.7664046877516709,0.06743449963182663,0.578571332031126,0.7666951849445626,0.06736346826961782,0.5785917917884877,0.7664841348430208,0.06738383431873379,0.5785946573467098,0.7665363434492053,0.06744071611687555,0.5786108624233918,0.7664978104337887,0.0907965775252107,0.5786557148338483,0.7668743798883031,0.07839291675455931,0.5786757967201652,0.7669603341587738,0.06737247665460891,0.5786800719090444,0.7666094873123089,0.07136523731767672,0.5787228678868199,0.7667019926961935,0.07538413917396938,0.5787368493241454,0.7669004071550876,0.06736115455175787
0.7207251300334088,0.29613127878646434,0.41283409080984007,0.7209083219886322,0.29674189528930744,0.42759480742043005,0.7210200261731383,0.296019450388629,0.412531772195048,0.7210277650717121,0.2963369224413926,0.41234620818971407,0.7210539383812501,0.2967465898814217,0.41232166800834835,0.7210634053869743,0.2961136548795759,0.4152475635438522,0.7210758595721427,0.29639558452602355,0.41323356742951795,0.7211258875739393,0.29672173396463325,0.41265097421505553,0.7211336606314193,0.2964377267602358,0.42937854413882054,0.7211516685282033,0.2962046170818001,0.42430585823856215,0.7211619665131319,0.2963994783027089,0.4233501132683304,0.72124115844273,0.2962840120958648,0.41338687836747584,0.7212471293126359,0.2965105396025064,0.41237268197824967,0.7212623437223047,0.2964039788321292,0.41236853689853115,0.7213013089377664,0.2963207925323245,0.4155315171645066,0.7213536826744118,0.2965717369812396,0.4130183017742268,0.7214098532512783,0.2966054601383763,0.4126955250214359,0.7214653775627236,0.29616724665515853,0.4124004835215965,0.7214725860404679,0.2964455805377643,0.41236433390236693,0.7216427796314455,0.29662663551351753,0.4189390867971009
0.14370352345553866,0.35257240483114655,0.6666247964144969,0.1438057978555313,0.35273624098156825,0.6738555635240887,0.14385895316861336,0.3528080750574577,0.6647512297952002,0.1438639469624307,0.35289272702983454,0.6639223632662101,0.14389643508142452,0.35276780139359293,0.6762780367772968,0.14390785700412762,0.3525595242565529,0.6645530672305852,0.14391410045263475,0.3529027160433883,0.6707023091406205,0.14393638033465256,0.35277562391076245,0.6638851856984476,0.1439400793100598,0.3526889136288033,0.6956556983610502,0.14400358800747237,0.35285751878686017,0.6727843334257433,0.14400728137609856,0.3527899974193924,0.6638809925444239,0.1440643641414009,0.35264107773961917,0.6646975208677616,0.14412215766171194,0.352952292339897,0.667594193014625,0.14415651984930916,0.35298817966712503,0.6752430764443959,0.14419089840879798,0.3530762392318681,0.6719252130914781,0.14422189246062558,0.35291271858687573,0.6732013314107888,0.14423231076439377,0.35313554715047946,0.664148924046623,0.1442713246854567,0.3525904052374569,0.6679150200567533,0.14427774420145234,0.3531106859532376,0.6640987524750124,0.1444020333924728,0.35249974608023293,0.6639466876531679,0.1444022918258895,0.3527381724075868,0.664047497944668,0.14446041813023286,0.35277632527372466,0.6639137006690758,0.14456538328827662,0.3523972793967643,0.7123598884378323
0.0073990620867961,0.1818366383529266,0.7496100652013018,0.007413192846736779,0.18230338534693452,0.7533945193572367,0.007484468280982797,0.18162317695164332,0.7562549735446942,0.007592971021007531,0.18180389816268513,0.7521845603952463,0.007608955599579191,0.1819424802831649,0.7499739765018734,0.007667809288886957,0.18154498474385028,0.7496090841896597,0.00767751356325976,0.18195093001829338,0.7496283760644011,0.007714826412558202,0.18189137110929116,0.7537313376078479,0.007722005701084485,0.1820641852502611,0.7509995240931212,0.007728804043431927,0.18211392830799605,0.7616325458593862,0.007742841470607728,0.18208445851355745,0.7540788862385972,0.0077502431853782175,0.18199105024417386,0.7653138171502751,0.007763141405620487,0.18169870292297804,0.7773502513826974,0.007766242340474112,0.18161518106919344,0.7515069782607811,0.0077700814250752275,0.1818366593026085,0.7501491522253405,0.00778062689417258,0.18153775000819075,0.7517578831378625,0.007785629953676283,0.18140187797369628,0.7496349995584507,0.007813783154716926,0.18205659239379834,0.7496090196361247,0.007871131709420026,0.181921969955324,0.7952508814353405,0.007877336850322575,0.18177772072684822,0.7496415129011182,0.007881791768460718,0.18163156957017196,0.7497850764418794,0.007886512917051954,0.18179206234988177,0.7703632501912039,0.00788901076874867,0.18178196563092197,0.7496556821964077,0.0079427280906099,0.1818152942171304,0.7614278415705923,0.00795959411874886,0.18188498829662006,0.7499621632411232,0.007962576456933722,0.18197351978624102,0.759119254167733,0.007984489134792555,0.18167413830077772,0.7515248481008897,0.008035764103194051,0.18188706009407085,0.7641504917615144,0.008048167719798988,0.18162502942340225,0.7557900756905763,0.008051111485224574,0.18176551765333177,0.750221206261001,0.00806697856878907,0.18188461071399067,0.7500276329729433,0.00808841463579081,0.18179195434687984,0.7496304207366224,0.008112486784338988,0.18178493529426443,0.75494498882412,0.008189417636579018,0.18184376169506997,0.7523056395628764,0.008253442924294379,0.18185978646080161,0.7496231291028532,0.008364046500097613,0.18180204620412233,0.7826785150127402
