0.31925939479407023,0.003883153685680847,0.012552191574793092,0.3196315123699433,0.004639696262568934,0.010876223272124765,0.3197407641482057,0.00433876781008374,0.005159280003529299,0.3198379508517404,0.004328810297414799,0.005071539804535341,0.31986511554870484,0.004585134118246957,0.005052155050620055,0.31986924113385495,0.004645003515953419,0.03189508166998098,0.3198736767669088,0.00444357014957749,0.01712826784860453,0.31988282236478816,0.004531872554151553,0.005243109456418993,0.3199038685466221,0.004260058911291076,0.008449348983319106,0.3199220600663249,0.004408054281767536,0.022047988473164616,0.31993310641272354,0.0042554655858021715,0.005006418008524383,0.319940477601745,0.0046393393634523794,0.013505037864858538,0.3199559220653538,0.003928088464012875,0.04674932690244898,0.3199644673074173,0.00419036192020472,0.021476143844086814,0.3199774775295296,0.004465196569507649,0.0049766741552349945,0.31998302149715885,0.003915632424085207,0.005011380355321937,0.3200093238865282,0.004387269682379734,0.005153602058395923,0.3200306067748467,0.004510665297884725,0.005047774097075086,0.3200539861884375,0.004363149700679569,0.017210005084037326,0.3200594143009831,0.004758210914224363,0.01702045577005117,0.3200827322723044,0.004328529227243942,0.006100602108569386,0.32011538846248805,0.004641882634907774,0.02271991181543085,0.3201263571894865,0.00458072414971632,0.03243436238846057,0.32013306585402657,0.004627112809037231,0.011856841059344682,0.3201787449642933,0.004305154263893531,0.037512144150794936,0.3201847860947254,0.004440436436971868,0.036931727086667365,0.32018891009141975,0.00466084893081322,0.005132064492369725,0.3201997224826392,0.004583526167755415,0.006008733309847736,0.3202001315056371,0.004565042974310696,0.006231396007986156,0.32023101724565156,0.0044092054847223216,0.005087923407957795,0.3202632683308269,0.0042493880196993504,0.0052448708946022495,0.32028524421552035,0.00464262710552687,0.029539922957635568,0.32033159647766873,0.004020341325441145,0.00502220964026886,0.3203347782599457,0.004268277005289995,0.00554079712010066,0.3203602292937347,0.004697690605252829,0.005023363867068009
0.04221566345129593,0.08784121783637236,0.22868257300286346,0.04222975074449021,0.08794061117829986,0.23718644739218686,0.04228612374335315,0.08743988216370706,0.22556771067758147,0.04229181352305844,0.08757734835307972,0.22110018272135465,0.04231554782422684,0.08763092827452094,0.2260724309243813,0.042322481472478815,0.0878327108404778,0.24229620105989352,0.042326442638781867,0.08796854569500737,0.22280714029124693,0.042334913119999346,0.08787609695805969,0.22207348437925886,0.04234143851318718,0.08782545601642705,0.2237437624507202,0.042370938186677976,0.08750490135391231,0.2549036985061665,0.04237096240098549,0.08753735015466939,0.22113418160782775,0.042372293476359596,0.08784162503755058,0.22605364188007246,0.0423885342814408,0.08799823612092393,0.22151657649957773,0.042391956814613066,0.08765862785519415,0.22121901318984585,0.04243671136613319,0.08766695965806831,0.22116403714413546,0.042469934591078985,0.08765081045708575,0.22119595622784508,0.0424723399911634,0.08779968442467269,0.221111709424299,0.04249653981549568,0.08777641062145165,0.23271832051204816,0.04251329647205363,0.08740538624203703,0.2218601014835984,0.042520471316953024,0.08754483545798342,0.22122389574561585,0.04256103717113087,0.08777989783085975,0.22253092870907967,0.04256710782285507,0.08790617515875966,0.23436827969043061,0.042577755697898484,0.08756240647920566,0.2210683773631575,0.04259082616508247,0.08751176681606368,0.2210761665184008,0.042601981379825536,0.08764558122879576,0.22118179723358694,0.04263026707980653,0.0874890498747467,0.22105907473428077,0.04263800920502765,0.0876923246811604,0.24163459831923945,0.04264694969727179,0.08807742284429741,0.23575628073331872,0.042648839934089515,0.08796039535441502,0.2213765062941142,0.0426610316435851,0.08820602233771958,0.22106770541399118,0.04266965354991339,0.08771410017717637,0.22107819282133287,0.04267236197524033,0.08766108528012262,0.2210612992796484,0.04271583258759386,0.08780597043345591,0.24675085215008996,0.04272518664703502,0.08763929019897475,0.2382130642575773,0.04277563696027505,0.08784312024027843,0.230999166043989,0.042795494213868496,0.08788313398521334,0.22122854568758987,0.042813528742653484,0.0877674909719363,0.22179200614721628,0.042848529579233824,0.08777667419619618,0.24865261557848933,0.04286830015047133,0.08779678766128095,0.23380590789596772,0.04292165526606249,0.08770723160090962,0.2289892057806182,0.04294849440298463,0.08760375354637151,0.2213010706078114,0.042997390437588004,0.08771356826629599,0.22429602735814735
0.8275518286525679,0.5824558263238024,0.6768746310490511,0.8276480702350812,0.5823473768360165,0.6980150728512837,0.8277599067532105,0.5826098969711722,0.6768292745481762,0.8278560018530762,0.5824493657676284,0.6768501312960138,0.8279866732340805,0.5823082583244038,0.7047066041671766,0.8280618449123505,0.582365031762478,0.6815526818247956,0.8282082995584092,0.5823299182696561,0.6769801730951621,0.8282525045975238,0.5827557393784049,0.6768366438404134
0.001733314548959982,0.8956295244071013,0.2476767291217065,0.001748017000511515,0.895456508774483,0.2951238771612571,0.0018490581055638944,0.8949131387046412,0.24754680167526988,0.001864947295742316,0.8955643857500365,0.25306979459250223,0.0019073258822735356,0.8950534888147437,0.29651231013498425,0.001915372921097597,0.8953297532704263,0.24750691064074293,0.0019447608071128017,0.895466458939157,0.2884539360153179,0.0019630617802292136,0.8955913320422627,0.24769302637107016,0.0019680774788643513,0.8953447609935122,0.24757506777165086,0.001996557398827415,0.8955189099420803,0.24754125708804664,0.0020148040839445846,0.8952125480939896,0.24760016578032804,0.0020193326329131407,0.8950928641682202,0.24762272474092412,0.00202499755180058,0.8954273526572217,0.2894352431707122,0.0020350808134894896,0.8954288239528023,0.25230997542449757,0.0020373618378520804,0.895288250226942,0.2594322301860174,0.0020464897163919964,0.8949408487875875,0.24784443984459628,0.0020470918124807914,0.8951490278669105,0.24768200008049013,0.0020561607660603267,0.8951032052086848,0.24785196780609603,0.0020677912773379914,0.8948337221369714,0.2897361948421092,0.002070529307631158,0.89535399559412,0.24751165993900034,0.0020738990557623133,0.8950731357434955,0.2758633624516681,0.0020816884817436393,0.8952897325742126,0.24756179149644325,0.002098032451021605,0.8955680612265243,0.2476295329728504,0.0020983561724717483,0.8946114448009391,0.26384000771060034,0.002109204522964738,0.8954975933236083,0.24810249425611042,0.0021104561564039602,0.895449344751929,0.24756299065556678,0.0021199207471788556,0.8956665317330192,0.24769373007073278,0.002121829150562646,0.895136970299098,0.2486761632473454,0.002138538586502678,0.8952963775236116,0.24766346485587742,0.0021434445711494953,0.8953158291164641,0.24755718194153986,0.0021552641797804774,0.8947686644016152,0.24751123063572766,0.0021733002744959732,0.8948620623536744,0.2590996899764146,0.0021940845078750677,0.895494544850276,0.24755468453857546,0.0021972434921900736,0.8953390163924709,0.30881004564968056,0.0022059179615490604,0.8957165146887522,0.3103264662761297,0.0022113856408108863,0.8950224486580675,0.24837565409128376,0.0022142666039415507,0.8951653444539633,0.2754445586380231,0.002216304264202905,0.8950143839878146,0.26642249447327726,0.0022203646821156455,0.8951148141545177,0.27538136181292894,0.0022329756290551377,0.8951908821605915,0.2475158101582946,0.002237875751076787,0.8954632421733186,0.250716220426589,0.002248287242301438,0.8952403920345977,0.24750923204985542,0.0022505661090996072,0.8952721106245948,0.2546309169514547,0.0022731724192124525,0.8957275112531544,0.336106874767885,0.0022753503096191972,0.89520532234817,0.25112373860614245,0.0022795963409416673,0.895321927329783,0.2646564158746061,0.002292462151213005,0.895292335425631,0.24752664407717012,0.002293185032437449,0.8952482980429279,0.24802660269110388,0.0022940657578466718,0.8953853781484651,0.2619208817061801,0.002300452934530397,0.8952194681956808,0.2477288892899285,0.0023107443376119115,0.8953685261094764,0.24752219236653528,0.0023459674967265124,0.8952091235891628,0.24812103769873797,0.002355969472939713,0.8952882176533056,0.24760035327677868,0.0024033568251458533,0.8954330349460797,0.24753848048835622,0.002409547150872852,0.8951186744899262,0.247746856795015,0.0024116372597493946,0.8952340248392584,0.24757139725843647,0.0024245693765349596,0.8953256812347583,0.24752502166536566,0.0024919951356408396,0.8953729157336899,0.24754092169497027,0.0024975514831524805,0.8949083809765803,0.24795177381948874,0.002508918033904486,0.8954192564442132,0.24751226357641978,0.002518562883679435,0.895278244676581,0.25714477315097595,0.0025544203815620267,0.8948833238589571,0.25140713498112083,0.0025943489979827427,0.8951505566552954,0.24779579221124964,0.0026620009293070253,0.8952263651242884,0.2798511387666804,0.002679609088148007,0.8951096466668383,0.27005443579342375,0.0026976273203174195,0.8947642511155605,0.2803573614285543,0.0027211973819666617,0.8953670707708207,0.2495880855936868
0.7116816004551137,0.5572638780357737,0.2356921422055936,0.7118802222889332,0.5574695498865364,0.23678197384096644,0.7119073877228158,0.5571360057287644,0.3010170561629366,0.7119599219066008,0.5572685019670996,0.2598922397783234,0.7120095553171304,0.5573702126763471,0.2399028536031428,0.7120125592617768,0.5577583329731164,0.27153380473756616,0.7120388490802312,0.5572201242083676,0.23589138795115486,0.7120641012471814,0.5575008989930832,0.23562895244369228,0.7120766946368497,0.5573972510532375,0.24942292478746658,0.712117287456687,0.5575767598454787,0.2356073704338747,0.7121467090003127,0.5574589963486244,0.23740737326855535,0.7121498639696605,0.5577776817045119,0.23625264899652018,0.7121593826434983,0.5578129443436497,0.2730203045655084,0.7121704004685324,0.5578748267830345,0.24434058566046254,0.7122312755670538,0.5574762889626116,0.25441846386446143,0.7122324443523373,0.557357982566711,0.23853464468648866,0.7122403594880504,0.5574645205071868,0.23560616858433878,0.7122470292439197,0.5574387427546976,0.23685342141435253,0.7122526946032359,0.5574302427171232,0.23578205905437175,0.7122584866989262,0.557789196480639,0.23989903841473356,0.7122587400487579,0.5575396718961333,0.23562368853807866,0.7122598677820613,0.5576066953502229,0.23574951386465984,0.7122845958631902,0.5573587920850249,0.23571279174501844,0.7123034567776497,0.5573912954530778,0.2356343106444226,0.7123100485202901,0.5576903144798423,0.23561722185405035,0.7123125688611968,0.5578122854551826,0.23561016359712364,0.7123357024130127,0.557609336360593,0.2410706056529448,0.7123389312905061,0.5575899362323722,0.26107712513324877,0.7124251367363432,0.5575585716007295,0.2421116258298352,0.7124316693250904,0.5579724873140808,0.23565210542705756,0.7124383254640235,0.5570946459806766,0.23564681197080853,0.7124594733202542,0.5574365354917161,0.23572207962230698,0.7124601781718102,0.5576044171542841,0.2509314397850535,0.7124683402870138,0.5577335467534972,0.2356172225709088,0.7124845357149908,0.5577519407535504,0.2379666906046882,0.7125384143695871,0.5575776319055274,0.2356288768544045,0.7125678771449541,0.5576706716045309,0.23621760008615364,0.7125748590171603,0.557797013180639,0.23565176279499578,0.7126606759026634,0.5577386478068559,0.23569313231436412
0.004311611865075627,0.014819929056961,0.5973636574875404,0.004381297236247515,0.014958479392980069,0.5976484210225576,0.004390849988249243,0.014644789050241233,0.6084064369041895,0.004400981085604569,0.014825089094193309,0.6480705259554902,0.0044276972522767355,0.01479121562122181,0.597353089804365,0.004439839671962906,0.014986890520794003,0.6076514417350894,0.004450453587688765,0.01492883398963396,0.6045478267680217,0.004467624945140194,0.015025928398840437,0.608828960605275,0.004503779721663336,0.015191427490648198,0.5976743209541019,0.0045436272563919656,0.015117873246095025,0.6031288251711983,0.004566588601568555,0.014561636899958529,0.5977198433744667,0.004586115368491472,0.01487491278601277,0.5973667938674152,0.004591680633354336,0.014470656753330468,0.5973497914964983,0.0046171852610412895,0.015267712128098378,0.5973619253825126,0.004629010423412945,0.014446963578883809,0.5980638370675121,0.004629562597446911,0.01461240771832883,0.5973672703239297,0.0046550983463945934,0.014660704047659727,0.5973510459844424,0.004700956277792539,0.015092636759804361,0.597369360104824,0.004702569648942993,0.015113930368544444,0.6181720809404986,0.004707485826851425,0.014447786320390905,0.5980505203179234,0.004716020021755193,0.014999007276029723,0.6337039430565377,0.004725007231986574,0.014533575796407188,0.656543301100111,0.004755148636513428,0.01492958097567915,0.5974456775654805,0.00481861848077773,0.015234725919739546,0.6135711051449806,0.004862755315115652,0.01467635294695383,0.6013649289373881,0.00493702994413032,0.015088958177607671,0.5973611254555131,0.004990167608524098,0.014928516620491866,0.5982774118889204,0.0050225105785036035,0.01484632414155526,0.5995545477589178,0.005086616900725689,0.01494102600393913,0.6499517505999366,0.005132034653953544,0.015320768593785847,0.5975279530720502
0.2841207001193088,0.5489170663455069,0.3287082267525524,0.2843995714374144,0.5491134382741674,0.33424750616405347,0.28444610743326315,0.5490286009521473,0.3451937728824199,0.28444825479393704,0.549364146195692,0.3241453394782111,0.28447873845978255,0.5493075354900498,0.3595816411878484,0.2844833469774725,0.5490236259861022,0.35895036307904704,0.2845392025057427,0.5491498249383038,0.32949380169797166,0.28454768513000006,0.5490910880887813,0.33149527545038093,0.2845829168601051,0.5492146129627087,0.3242150799629775,0.28459847458727006,0.5493590241537447,0.37763745999959575,0.2847054472543217,0.5490738809987897,0.32420543185693557,0.284707484494022,0.5489271780434108,0.3242515955285339,0.28472711749887575,0.5488996348466848,0.37829758672607183,0.2847337755799895,0.549174727642862,0.32555208073503206,0.2847417374928795,0.5489152668876756,0.3242449050481034,0.28475245377147373,0.5492883770944572,0.3315054323819427,0.2847624072697204,0.5489941318094238,0.34264222522756155,0.2847836438074026,0.5491246587835539,0.3372531886141785,0.28480971102305414,0.5489944266104263,0.32412260335647514,0.2848324964577995,0.5490997435108124,0.3315907726440742,0.2848330763246962,0.5493049068594008,0.3241587792065359,0.2848439451971562,0.5490817373761364,0.3243129327970471,0.2848648199760098,0.5491310356115017,0.3270196137225786,0.28487483095407445,0.5491197165592593,0.324128412489843,0.2848911452714754,0.5491666084462609,0.33136381133016385,0.28489547010203503,0.5490073202369319,0.3269761538343324,0.28492623314356263,0.5489257418020878,0.33060585624416955,0.2849494404204376,0.5488517624435802,0.3241314568758973,0.2849508334139605,0.5493520752922239,0.3412001557689754,0.285033104203386,0.5491222808947064,0.3755675351171874,0.28503864178382515,0.5491535539041744,0.3460247548435698,0.28508451651016437,0.5493958001659232,0.32419431281693833,0.28509482372402917,0.5492449667914125,0.4005384597169917,0.2851157259837811,0.5493375044425138,0.3341988662399933,0.28530063902047903,0.5492697150108113,0.32414352345806347
0.9573860326675255,0.24448754519429713,0.9167246423535231,0.9574425049548018,0.24437428173635728,0.9460795154239388,0.9574578778812053,0.24428305918260063,0.9226386492956011,0.9574668592542791,0.24421169681721214,0.9169867235543046,0.9575848429272398,0.24407344442573425,0.942335287962347,0.9576520652281106,0.2439819747088986,0.9168923412194653,0.9576691169505156,0.24419937069607012,0.9168642325735163,0.9576917016023797,0.24442197481864888,0.9314495863226302,0.9577026394958136,0.24408040992127744,0.9472717439354291,0.9577197271051844,0.24402659139186364,0.9167684886654186,0.9577277183950186,0.24376735006693406,0.9311734804751244,0.9577545370127929,0.24393395539624785,0.9217828653749015,0.9577554834841661,0.2443071591939976,0.9396629121314358,0.9578160590295086,0.24405593716275623,0.9283644925467297,0.9578317705674466,0.24445383032740617,0.9315816727594463,0.957838553058515,0.244078546664126,0.9168760707659321,0.9578566287394795,0.24420370577180295,0.9172962885466678,0.9578807555050264,0.24422029233821804,0.916872939630368,0.9578832237081408,0.24414501539453434,0.9166943440372587,0.9578988789174244,0.24411709940007303,0.9272156261656693,0.9579723870400148,0.24422148643876251,0.9166816479058348,0.9580455170348521,0.24412102622514664,0.9167942102169181,0.9580568411234623,0.24416349876526575,0.9167772230727995,0.9580773663039936,0.24392293633439419,0.9249654212918382,0.9583309766240574,0.24429701443119137,0.9468544212626132
0.12529993841879417,0.8184746457526796,0.8289070037941164,0.1253065474209618,0.8185860650425884,0.7946413816488647,0.12554662398056565,0.8185000952893372,0.8053376038945405,0.12557736482837195,0.8181366302350225,0.7945506793700309,0.1256220405746767,0.8184040009097282,0.7945286777713808,0.12608591172375133,0.8182799286206865,0.8074676280859814
0.6947385602401526,0.9615387288318171,0.789237096712387,0.6951447210210369,0.9620252625786326,0.8068227486716654,0.6951474364495362,0.9618935585257669,0.7893420049154587,0.695229258614994,0.9613101479581223,0.7899506811307306,0.6952795652508853,0.9616610975962417,0.7902180434571175,0.6953084466488447,0.9619930253669925,0.7892832629367119
0.47359031099987237,0.3254396642464379,0.7731523044159168,0.47363628542190955,0.32527542442077106,0.773185711485473,0.473710513659467,0.32545934943195726,0.7731566804036023,0.4738863140406574,0.3252159753234439,0.7731561513258031,0.4739453716458269,0.3252602071448738,0.7732044109464771,0.4739969496771562,0.325068733276819,0.773174956773835,0.4740235669843568,0.32556437169870117,0.7733584709128194,0.4741646200686601,0.32537041722074944,0.7850416880256317,0.4741768543653907,0.32507428118292325,0.7734561448593757
0.4521089109976144,0.9036575015350177,0.8359006692395446,0.4522516579858111,0.9032116538104668,0.8382513569512584,0.4523108328319735,0.9030745058274463,0.8303901986688774,0.452363465112309,0.9035323607677225,0.8443699836745691,0.4524304763853056,0.9034156862931173,0.9196625812043597,0.452493162016675,0.9029169499605474,0.8381289808528555,0.4526491106573739,0.9034386375349788,0.8307095384003426,0.4526944320261771,0.9039282228369675,0.8523492049936734,0.4527276042731099,0.9035387748485028,0.835970898295167,0.45283195769481904,0.9030185565558209,0.8519582250378537
0.9853713833892735,0.24929626490551388,0.2590389361018172,0.9853957771293766,0.2495684710488947,0.24767035534597373,0.985410072164959,0.24924432497735433,0.24773442102661436,0.985517455650356,0.24915100482278396,0.24770401215901922,0.9855225614926791,0.24939153718261414,0.24814469932011113,0.9855388051939563,0.24917530680566216,0.2477519893821623,0.9855684127730733,0.24954726995444995,0.24768224956610047,0.9855899012720903,0.24910341802880717,0.24933044331512366,0.9856252090384924,0.2491696509232058,0.24868226359934723,0.9856557767238481,0.24923095981148208,0.25853188573587715,0.9856617631670125,0.24913123989023497,0.2502651961931194,0.9856626126889686,0.24895934219530727,0.2643120274913449,0.9856684614522019,0.2494821888219726,0.2750035891879508,0.9857065219418415,0.2490791562011763,0.24870390312957832,0.9857170725546864,0.2489312289428554,0.2547746222519309,0.9857416553119485,0.2489146509931898,0.2729890152889898,0.9857609856637625,0.24901578201725943,0.27292158932523486,0.9857810648789044,0.24928676054578788,0.24771450685836996,0.985797899596852,0.2490372444616084,0.2589434485262233,0.9857994452519055,0.2497064238374686,0.27852187255539673,0.9858020665154054,0.24916447239483827,0.24835073100195645,0.9858060557557701,0.24922608982897296,0.29042400685252295,0.985813338108948,0.2491717134961964,0.2677335231086073,0.9858147447050358,0.24933499516790653,0.24787081434002423,0.9858256736874462,0.2493219007366332,0.2476947570224774,0.9858407090068303,0.24952104255518762,0.24820973230860627,0.9858422806436871,0.24938630634379008,0.24801250780964273,0.985844326997073,0.24945059206043757,0.24768845695350625,0.9858655555917953,0.24906567178952596,0.2476811608351856,0.9858710932455346,0.2495239889816677,0.25286424273893,0.9858967003354605,0.24892414966259382,0.24769780004252182,0.9858974464561252,0.24943866008222124,0.24773622085165142,0.9859125255427266,0.24953688564986873,0.24767976932165775,0.9859437400723922,0.2490743295567517,0.24767450599780355,0.9859507396935493,0.24927583052361232,0.24798135313677971,0.9859780089703749,0.24949623676207278,0.2497163634983456,0.9860192334202579,0.24962912227920933,0.2514295388625517,0.9860244751967,0.2491772001026381,0.24778648866954858,0.9860274567648291,0.24913386693251666,0.2961431418417049,0.9860282005515986,0.24945021457547636,0.2480614955683931,0.9860885933249436,0.249069201086338,0.24772606378189116,0.986115800214877,0.2494251846117155,0.2506938290572232,0.9861182589381321,0.2492087049275448,0.24808447765659777,0.9862122192721439,0.2499085701526818,0.24818716403718302,0.9863653985698095,0.24899538173913346,0.2522164148523531
0.49069769025328897,0.1931356000238264,0.6395050079488998,0.49081990185911056,0.19297956225438198,0.6392821946781421,0.4908908608699272,0.19271286767350249,0.6392790738377324
0.8092868008811065,0.7311822392935159,0.7649059077856559,0.8093366385948356,0.7309916405183966,0.779375364096664,0.8094100741136734,0.7312057281579507,0.762129030085334,0.8094321676998921,0.7313823353246947,0.7924068586903578,0.80956235618332,0.7312558605402109,0.7719493057577407,0.8095639316473235,0.7311784293096703,0.7626542989622572,0.809587781439863,0.7310849268986281,0.762106641850816,0.8096195104118247,0.7309393494493077,0.7619258374978455,0.809633987189631,0.7309873712348162,0.7620336402573187,0.8096710678288234,0.7310171213123937,0.7619410959662993,0.8097179730803811,0.7308605250442777,0.761944750032633,0.8097215364939331,0.7310434023579814,0.7619176483761239,0.80972182040905,0.7308267924088268,0.7981001764801979,0.8097451368156949,0.7306136736922113,0.762390344279585,0.8097557233489415,0.7311004431651604,0.7620375981607947,0.8097598569120155,0.7309631907697517,0.7749485315980228,0.8097731324807595,0.7311576567185831,0.795946425046704,0.809790271993563,0.7312237661873286,0.7625876668711884,0.8098094944511612,0.7313219992187051,0.761942934833768,0.8098312075939567,0.7310524107841768,0.7622233835702493,0.8098358033380489,0.7308940751027939,0.8092625505117326,0.8098811824822699,0.7311512035101368,0.8454882342014036,0.8099079215293038,0.7311541418988144,0.7619908745942192,0.8100240003470341,0.7310021309945866,0.7660605043532029
0.983294824479435,0.7880714879862897,0.09702850646875709,0.983452294502882,0.7879763887428083,0.0977760875846375,0.9835950344979503,0.7875948001235472,0.0971615361177768,0.9836108377050241,0.788057168625123,0.10809904941302788,0.9837486648491216,0.7880226952482775,0.11663798096174464,0.9837609417436572,0.7880104150442796,0.0970795197218646,0.9837636097029979,0.7884323631793431,0.11791650039562998,0.9837657156738115,0.7877419138971442,0.09979728557606932,0.983843452425583,0.7880334789142542,0.09725053985734602,0.983851706336618,0.7882907854276764,0.09702648387881604,0.9838665644343821,0.788056951739486,0.09891619826027861,0.9838741892168583,0.7882145488315152,0.0972628014797519,0.9839418138231362,0.7880775584856873,0.09704557726737162,0.9839532234028832,0.7882092202007704,0.11825450051209939,0.9839555905208539,0.7878172915000141,0.0970395436636176,0.9839716510151345,0.7883193795261199,0.09702340730303353,0.9840748286979687,0.7880644698520851,0.11623538870810045,0.9841401352776946,0.7881066109165638,0.13292335290352203,0.9841965438327013,0.7881083316327354,0.09712485226679653,0.984199394799241,0.7880457665743136,0.1265492524320776,0.9843455836816695,0.788125353483262,0.09796202666524943
0.4907233499482825,0.5534081497221217,0.16125299518807468,0.4907773319936149,0.5538448703814378,0.16750673728104026,0.4908003023369152,0.5537608782483167,0.1603829974866388,0.4908246272528913,0.5534698624415156,0.19055733923283297,0.49084441808724283,0.5536944534025898,0.16315851605316872,0.4908704402428665,0.5540869936712927,0.1743481755135578,0.49087978665702836,0.5538338122199605,0.16039756507920538,0.49088427735828616,0.5539483202615091,0.16052781900998983,0.4909018256556611,0.5535657445989509,0.1604054607006399,0.49092729667575613,0.5536193197235786,0.16315965214817546,0.49097142183838355,0.5536816352675633,0.1603700403085973,0.4909790622511283,0.5537236231289606,0.20192965651073508,0.4909797935327862,0.5531878189415,0.19506906212456027,0.490987642378903,0.5539355301208065,0.1774990322780016,0.4910344031771649,0.5532894756133133,0.1612073422464545,0.49106541886070093,0.5536623723617644,0.16232044810616988,0.49111414629774675,0.5534744429763229,0.200879594752022,0.4911287500775168,0.5537020046619578,0.16036390764037686,0.4911541679072022,0.5534098192810264,0.16042402185558907,0.4911667773879398,0.5538839646332989,0.16040822681538272,0.4912007970867038,0.5537475901501224,0.1607254127003742,0.4912086525894609,0.5533172857196939,0.1604392030912189,0.4912195190160611,0.5535446751337559,0.16112362692151155,0.4912327819652322,0.5535824143736098,0.16048043702464462,0.49126048157129754,0.5539480169389533,0.1626107574617134,0.49126909738399416,0.553504705702,0.1688813579129174,0.49131819624626477,0.5539082981147778,0.18408658643613227,0.491347374587267,0.5536423242555447,0.16049737292128063,0.4914814885313507,0.5534959048665694,0.16037892560094927
0.08399403025813115,0.7007874818243081,0.40983978173630026,0.08411826126795063,0.7011195986458184,0.39655779070702485,0.08413215447752824,0.7010026284988294,0.3971254516574587,0.08413318911811547,0.7006368249859173,0.4645721748053365,0.08414683361860355,0.7004870896415538,0.40718355716955096,0.0842325905646211,0.700950080577743,0.3965549790568098,0.08426048805209205,0.7006375793323028,0.397493666980795,0.08430616091869057,0.7010298616893297,0.40629772824994015,0.0843344628694594,0.7006592928644287,0.4061104295815542,0.08449735798548533,0.700742410302517,0.4010794547324167,0.0846676512838284,0.7012059597581031,0.3967174839496472,0.08489331145430769,0.7004896455118939,0.39659472258408696
0.18487691221413388,0.793704167466176,0.5080321285705294,0.18525423697381843,0.7937408218717931,0.5080427607426835,0.18525800750828,0.7937761750195453,0.5313965290171965,0.18527338539127655,0.7934813933167265,0.5090621210052122,0.18527898077844118,0.7937178620118255,0.5244299873798363,0.18528430903129772,0.7940811135024269,0.5081829650972175,0.18529389281140243,0.7935325617819268,0.5081620733497032,0.18530087386062524,0.793661773229689,0.5309624256127236,0.18531427998225403,0.7939507668913569,0.5081971939402227,0.1853145645372268,0.7940235792142497,0.5182926111820789,0.18533229190412762,0.7937505677576489,0.5080484420781685,0.18533940380731956,0.7940769043835346,0.5080131757639073,0.18535931110949044,0.79357434724406,0.5080113126782325,0.18536519482922306,0.7938133951954556,0.5080266692593052,0.18537043631530328,0.7936554532936492,0.5200373017638101,0.18538865978042565,0.7938418305156426,0.5233887322297652,0.18540368012518219,0.7936802240649732,0.5080234589630996,0.1854106123340747,0.7937430407790252,0.5158279845421175,0.18541825171740847,0.7936700499275656,0.5080019101378414,0.18542025401403747,0.7935385921525798,0.508926543035683,0.18542114811580174,0.7943525426402505,0.5080340989558327,0.18543613842001017,0.7939021321323264,0.5127410787303933,0.18544315127066527,0.7939034731148334,0.5080280673999397,0.18546426536171604,0.7934459384436584,0.5081927502804063,0.18547069498406554,0.7934648728341482,0.5247301341734331,0.18551135002847535,0.7937273293934228,0.5079985266879564,0.18551231183072897,0.7940980259479146,0.5309291832805528,0.18551699942175093,0.7941595824047264,0.5080112126707366,0.18552461684185165,0.7942287359625338,0.5413425261694633,0.1855284125616688,0.794118953212992,0.5080102486466512,0.1855311464628418,0.7939906910943615,0.5378658975010513,0.1855386932915061,0.7940023100367954,0.5270177462101522,0.1855548771477353,0.7937888844372457,0.5194059051311406,0.18556872555421025,0.7936643244417079,0.5109249899477031,0.18558124372038587,0.7940927024237874,0.5658892360501063,0.18558694177541854,0.7937469354784821,0.5109482655744763,0.1855958490132153,0.7938780121741645,0.51743620527944,0.18561358805123326,0.7941750246956565,0.508064764994783,0.18562262295773005,0.7940673488544656,0.5210242015266281,0.18563597025705575,0.7935389878533488,0.5101699995746918,0.18571028168048037,0.7942264968572178,0.5081350565566802,0.1857369209426491,0.7931974494726981,0.5446413328568183,0.18578492926940604,0.7936943913079058,0.5080572393740246,0.18583780692399599,0.7934585253863011,0.5080281504292187,0.18605847029663589,0.7939174854911063,0.5617177183323201
0.662559199805647,0.5487739945927601,0.7839330835717329,0.6626167185925897,0.5485351371421258,0.7752466419207706,0.6627423365957691,0.5486927208447977,0.7844769183618123,0.6627704139185725,0.5487135925988359,0.7744236676306371,0.662781977731929,0.548625372149858,0.7789574933948056,0.6627877061205333,0.548658817933058,0.8037669641767146,0.6628076720069055,0.5485693155011476,0.8108892497405269,0.6628317942924863,0.5488341420869777,0.7751217456645544,0.6628327787949599,0.5486006650218861,0.7744560459567913,0.6628631306836494,0.5484722431396876,0.8026785364682911,0.6629543896910145,0.5485114846107506,0.7840438288860446,0.6630306529408128,0.5485749123326012,0.774571887059998,0.6630440612810364,0.5488624560268367,0.783311129308179,0.6631214716995093,0.5488966815577448,0.7927939435951272,0.663245530182262,0.548473396489813,0.7744289119756232,0.6632987927610376,0.5484202089024182,0.776740658176827,0.6634109984365893,0.5485570841326486,0.7750576078216669
0.031509712673639015,0.1533692584805667,1.007795206672124,0.031520403359251485,0.15270616963493883,1.0207719727109836,0.0315650863673624,0.15300073892512853,0.9947453673795018,0.031578461184999754,0.1530832691454204,0.993311302086476,0.03165935798924581,0.15316554890613965,0.9940837664127633,0.031661014615978006,0.15300899358003245,1.0120361413094763,0.031668010688497436,0.15292978155400366,1.0571069407837372,0.03173118401583808,0.1529560478434431,0.9934896529006053,0.03178027563827091,0.15319183306359963,1.0005211603854438,0.031827299523249704,0.15330866495154133,1.006126187172699,0.031828123139055316,0.15339461076529085,0.9934181139472202,0.031841842215798825,0.15303070376035108,0.9998520063319449,0.03184952262078382,0.15283741650661936,1.0220522830581877,0.03186745498929325,0.1528323031609196,1.0120156807883702,0.032014465246255834,0.15303271823636438,1.0009315231632132,0.03215811215556561,0.15313169425671788,0.9935288285190198
0.5712230993700492,0.4959177880112591,0.5193519147738888,0.5712608679040826,0.4959743368740771,0.5195628743755439,0.5713019701394677,0.49619795631709357,0.5200117230314377,0.5713501326995044,0.4964118184408795,0.5193457634163446,0.5714384818535024,0.49555088498412675,0.5325200336541511,0.5715077051790879,0.49590663026128123,0.5193514306772435,0.5715756297272898,0.49584258757971356,0.5193843807034251
0.9126927398877457,0.29388211201967973,0.6388644582528005,0.9126933452635657,0.29376392472737567,0.653966479311277,0.9127227435368788,0.2942316719056651,0.6347103524377276,0.9128509860717573,0.29407821677936596,0.6345943831747227,0.9128928652560456,0.29438261260463083,0.6578778640373288,0.9128944189256205,0.29440374704362143,0.6621230433451701,0.9129024691672768,0.29397948773349336,0.6346206492346226,0.9129835392840803,0.29374221048588206,0.6347028456378947,0.9129844451696169,0.29399638766418423,0.6461251882579168,0.9129947809206588,0.29416697967999245,0.6347738592020259,0.9129951514702291,0.2941733132486674,0.6355753176328686,0.9130114999206917,0.29463516310443766,0.6346497944660792,0.913065146263157,0.2940799320643114,0.6346729560206539,0.9130668048822884,0.29387038641322255,0.63463346264012,0.9130938507085347,0.2941010587397763,0.6346144221980979,0.9131077245202767,0.29384025961125193,0.6367868497865874,0.9131533474448766,0.29399747584801506,0.6347724807963532,0.9131596520731942,0.29384263509372477,0.7050543513457824,0.9131621443971484,0.29374508139068584,0.6352582419634553,0.9132202802682754,0.29389183967216126,0.6439163529307957,0.9132938715272056,0.29415481100318985,0.6346582026265538,0.9133398048850326,0.29384675474694033,0.634636357131054,0.9135506638115249,0.29385413635109275,0.6425676090758817,0.9135814877386356,0.2943586971985657,0.6347263641277157,0.9136123568013431,0.29372214318285617,0.6424378405745049
0.30820703778199754,0.9917991781092663,0.5083433258707354,0.3083035827146166,0.9919832499292571,0.5084811309492262,0.30840402189378857,0.9919977327258684,0.5085468951853466,0.3084080124565395,0.9915215780570331,0.5093332546804988,0.3084865695849572,0.9922216905637641,0.5084267493899987,0.30849382724650903,0.991445785096698,0.5086855815953681,0.3085056606431814,0.9916050859748892,0.5083059588567033,0.3085169036524453,0.9917654124509419,0.5084799249638344,0.30856622237566045,0.9920863389096884,0.5083221389752294,0.308567568877052,0.9920572911421632,0.5188065575652532,0.30858513961215334,0.9920253046771242,0.5110449023794429,0.3086360148844981,0.9918767048592992,0.5082999536823104,0.30866260934078016,0.9920887754697257,0.5087982162238788,0.3086778044548421,0.991872337873886,0.509625042548944,0.3087055620576556,0.9916658004902603,0.5099108240526902,0.30871479176627176,0.9915510541950583,0.508303447106933,0.30871720447332757,0.991777429012869,0.5254430293064911,0.30875491702777014,0.9921820998489234,0.5324288266607508,0.3087562012726855,0.9919444898493309,0.5237468569964289,0.3088068615368038,0.9918791248512812,0.5083455628708503,0.3088908111003239,0.9915913601936817,0.5092756500531764
0.003315934185824763,0.11906029164563448,0.516121831895857,0.003319713612909147,0.11945699993881506,0.5161683196136194,0.0034157613644187406,0.1189873092787193,0.5160686744967303,0.003523532741706132,0.11878552941643446,0.5160745085674211,0.003541397098377552,0.11881987888407972,0.5281401379919943,0.0035530290845308533,0.1192333338795835,0.5162189967924263,0.003561752544786196,0.1192590446436071,0.5386465183833216,0.0036579103133003252,0.11905485788381588,0.5162504195510246,0.003683143247570265,0.1192461760148342,0.5163346431846562,0.0036925325487381848,0.11885289203876392,0.5161131852936499,0.0037385896026214055,0.11899028142420144,0.5163131616927089,0.00374333676557188,0.11877025019280901,0.5194702784932445,0.0038108941964016536,0.11903127964999873,0.5161169075358727,0.003811472560330263,0.11881509704697893,0.5162159140196643,0.003897540247277291,0.11892224743640885,0.5551527795681362,0.003932711245661185,0.11914778314709963,0.5437732091328681,0.004261638585403494,0.11912952954630975,0.5183980119766854
0.8681977808769368,0.6813456197088258,0.7709315616361073,0.8682120740078239,0.6809994503583487,0.7383540225786744,0.8683301874362253,0.6812007269705603,0.7521221929007758,0.8683912381935859,0.6817275756731124,0.7384349590976462,0.8684670899360527,0.6814724356739132,0.7371135603954243,0.8684677248600264,0.6813103884752197,0.7427624417642247,0.8685196498553235,0.6815065979974855,0.7535125147361941,0.8685692760014837,0.6811566489384031,0.7374169320195987,0.868615486256433,0.6812245669508836,0.7994592285756623,0.8686260281424806,0.6818225237475564,0.737364715161938,0.8686452608988994,0.6811528319506946,0.8246707065074151,0.8686499064856917,0.6809838299660361,0.7371055624123153,0.8686559745959128,0.6811309695657961,0.7371021666529577,0.8686633582169482,0.6813766955893643,0.7383275847913067,0.8686724331651989,0.6810881661312216,0.7442101476660059,0.8687340804249042,0.6809344704871996,0.7371029498197124,0.8688502786635777,0.6812092610676059,0.7397487520123414
0.7311580579265083,0.9993481239631795,0.5620845729395991,0.7312074330926507,0.9989213338471111,0.5621508534514825,0.7312093431361328,0.9990864718504472,0.5863485300203466,0.7312441837869793,0.9992470154062133,0.5620650796139696,0.7312474100399414,0.9993588376520629,0.5886205374739041,0.7312638094275372,0.9990346648103088,0.5620545123939453,0.7312978218177258,0.9986783513760951,0.5621097496040942,0.7313206798384987,0.9992108639128625,0.5635977118481763,0.7313388253256502,0.9988561582577082,0.5620212238750313,0.7313444591626262,0.9994875270698328,0.5632217673730171,0.7313634919642584,0.9991607015849946,0.5640874803887355,0.731374303130834,0.9989730917531275,0.562658364257045,0.731381697755463,0.9988873043048351,0.5652713664698102,0.7314026196249219,0.999058769933577,0.5620046777751844,0.7314113325767452,0.9989264079766976,0.5621695735885178,0.7314325411098185,0.9992992775716535,0.5620490658499656,0.7314328845676067,0.9991361845438991,0.5703249512476319,0.731455555578485,0.9987465314102655,0.5620516930241339,0.7314557524935545,0.9988783794960315,0.5629256776199946,0.7314716225427272,0.9990789523086436,0.5620501161438612,0.7314811944926951,0.9992594991379917,0.5620082266559061,0.7314939314560631,0.998686281017625,0.5627640160319556,0.7315160580077957,0.9991961375185021,0.5620921114831401,0.7315193456594118,0.999039598546691,0.5968751831544534,0.7315227971913201,0.9993469188573411,0.5620092340437871,0.731525013739712,0.9991578095089393,0.5620493522628768,0.7315257307897444,0.9988270413351992,0.5623649379292707,0.7315463467529859,0.999256170592753,0.5688760115221858,0.7315471996622074,0.9993742254338874,0.562249188951033,0.7315616429409246,0.9989266690865568,0.5737092377768539,0.7315924391308226,0.9989312124022196,0.5710191225192405,0.731667044766956,0.9991294013987394,0.5658146107798641,0.7316689761017837,0.9988979267252184,0.5620805690784446,0.7316719944896756,0.9986824479916935,0.5624133596715614,0.7316812779673305,0.9994959483987095,0.5651213580866807,0.7316843347214724,0.9991541309722499,0.5621341645710884,0.7316846162532429,0.9991015080676768,0.567315493928647,0.731713289774255,0.9990185079812749,0.5873300117750574,0.7317175891747159,0.9989171566304801,0.562003902926273,0.7317281900003336,0.9986878789699674,0.5626044248055676,0.7317307570025826,0.9991523724933832,0.5620100209923045,0.7317844748378632,0.999103433267558,0.5634761665454033,0.7317986935167976,0.9992387509115427,0.5805052901200913,0.7318413956672912,0.999470149475593,0.562457970213366,0.7318664841721547,0.999187125813055,0.5627400339737281,0.7319481454496589,0.9989142641527821,0.5620776940806516,0.7319813465038079,0.9989612762185721,0.5620328732541209,0.7320219435017953,0.9990472040784456,0.5620247093426107,0.7321499655782735,0.9992691618169082,0.562028717026221
0.5657949785670736,0.6265867545403216,0.6039649583498639,0.5658949237163076,0.6269958858228263,0.6075021900714883,0.5659930292990769,0.626404733930933,0.6739435008676082,0.566031702523969,0.6268233868442794,0.5827102372392368,0.5660974253892324,0.6264473475121152,0.5793823522060055,0.5661072015617985,0.62712925804148,0.597468205707768,0.5661161898193978,0.626960722993664,0.6028081648691145,0.5661315475072546,0.6267324250838027,0.5794184678398606,0.5661529894922618,0.6268820241509485,0.5976781499101946,0.566183739269004,0.626659276711326,0.580748897272622,0.5662273325369027,0.6265058499452669,0.5793583608668298,0.5662750568228031,0.6268832801268382,0.5920264042675284,0.5662885449262388,0.6271343987073316,0.587224418123494,0.5663649212889289,0.6269288087810371,0.5793563150591547,0.5664337397282552,0.6269045741875291,0.5793771901758431,0.5664483175927217,0.6268912818055421,0.6058517899618452,0.5664808339983611,0.627169183734239,0.5797530344807408,0.5666274223545948,0.626771439370189,0.5794749942818892,0.5667831772970868,0.6264642094807961,0.5796280577056179
0.24631951893283843,0.3698247854219126,0.490817101734891,0.2463268567833387,0.3694569367128394,0.49193671307358666,0.24635657576913653,0.3699117767605645,0.49087856623054305,0.2463773089897872,0.3698850214563903,0.4908230638929042,0.24638692722314734,0.3700052865476181,0.5017138506895314,0.2463910930807885,0.3698314441933294,0.49082443501711376,0.24639186738305427,0.37010389026426316,0.4976488436055632,0.2464234560095113,0.3700027241570759,0.49091696725298006,0.24643127630875242,0.36998425838396815,0.4908140366121075,0.24643686180922875,0.3698639360556532,0.4918945162384672,0.24645790424434164,0.37012300261762,0.5470302676575033,0.24646176356865526,0.3703007141608537,0.490891715172677,0.24647127939609983,0.3700822072688796,0.49082718936929476,0.2465004670690009,0.36976873318522374,0.4985757714856858,0.2465042430017683,0.3702404908836415,0.4907933048385244,0.24651005974593476,0.3700339232646445,0.5109331677419618,0.2465236961054088,0.3699587611966958,0.49081155310132196,0.2465574257891941,0.3699127935836063,0.49279892669584485,0.24657796484144914,0.36941853969916283,0.4927003303092117,0.24658114715690227,0.3696528064675686,0.5052345236958807,0.24658507719365005,0.36982527308582785,0.4959136597483198,0.2465860364767766,0.3699765731218304,0.5132403886588072,0.24662397618735557,0.36996161077540757,0.5122072863005215,0.24662836463091983,0.3697936283899047,0.5050212136731915,0.24663071371277298,0.36960387851353066,0.5171370410173349,0.2466366901516905,0.369613041273317,0.49248865247637486,0.24665782215155352,0.36990800748519787,0.4970526290667083,0.24666332587079234,0.36962445577556235,0.49082237370399867,0.24666924661356399,0.36998332274189816,0.49088772133848924,0.24668129399824182,0.3694941795794618,0.5687402525791585,0.24668814412395637,0.37008887343279134,0.49118172824796574,0.24668930353735352,0.36998679250169353,0.4941114062035123,0.24671094604371446,0.3704087720969309,0.49085672120449375,0.2467215158946536,0.36936547013894255,0.4908007979812522,0.24672402367052582,0.3699324861873881,0.49081761422884757,0.24678019307016855,0.3696090735761506,0.5200531356955082,0.24678485031933783,0.369802428166323,0.4908121798139076,0.2467898118252546,0.3698430704785542,0.4909831222164424,0.24679208861563828,0.36990104016694736,0.5061167458041347,0.24681984862649134,0.3699263287797309,0.5020182798992574,0.24682883930404406,0.37022817962240123,0.491852235520695,0.24684155187577247,0.3698869642500616,0.4908075236275545,0.2468686326201761,0.3697390549481752,0.5205954527535469,0.2469206936532967,0.3695273921125207,0.4908321696899784,0.24694181414770056,0.37007301799252895,0.496697684234127,0.24700630186845102,0.3697964633713172,0.4912420342204201,0.24703785945034307,0.3701424335227544,0.4907965718965994
0.6474951372681674,0.9346728399916006,0.38901798718896147,0.6475590996864607,0.9348663167487822,0.4275538538640799,0.6475711933063086,0.9341588261896735,0.38904995937247966,0.6475910144432732,0.9349958800650413,0.3891590524949446,0.6476147972546143,0.9349156377688523,0.39008524680300366,0.6476462801018317,0.935144809126328,0.42190494724165306,0.6476709115834649,0.9346034564759007,0.3890654556167502,0.6476725411135936,0.9351640214173147,0.3893423895541918,0.6476732605296891,0.9350104214274623,0.39037367550624646,0.6476758153069738,0.935072325395254,0.3894791567906824,0.6476900535191007,0.9349545598634865,0.3891284037391621,0.6477021962045661,0.9353242392668293,0.3899551374055865,0.6477054333794959,0.9346949893996077,0.3889806954134612,0.6477187991941249,0.935064562484134,0.3889804095174315,0.64772241210589,0.9347036778064274,0.38929399217188276,0.6477618426162024,0.9349660373990346,0.38899159694683233,0.6477630151902806,0.935027867783936,0.3938342441672295,0.6477664424105518,0.935095594509718,0.38897698155775373,0.6478089489002467,0.9344649062616082,0.404694335981606,0.6478136699704823,0.9346458815269942,0.4077728695640005,0.6478196742068911,0.9349237238675135,0.3889960216516088,0.6478447524790492,0.9350461986191063,0.3890170714784201,0.6478627029579361,0.9347555565352431,0.4183231908806219,0.647868478457656,0.9342399548518237,0.39248649541651676,0.6478934317076837,0.9348390216026029,0.40664426130339093,0.6478950472480456,0.9344791850755662,0.4125838134232266,0.647929463419811,0.9351925769243481,0.4055781319379232,0.6479511567615464,0.9350512997682588,0.39062702454034554,0.6479608301010099,0.9345165093850495,0.3890373628092902,0.6479843160866668,0.9350089186802363,0.3889982950739028,0.6481271162122837,0.934964752857958,0.38897547332365573
0.03293629556440115,0.27559801922654154,0.5362467539918846,0.03299716134822213,0.2756861775936978,0.5263415018241079,0.033064863371078876,0.27569546252186133,0.5400370727127237,0.033107127079811074,0.2756530145995292,0.5263516887527597,0.033139531212557076,0.2758480606552281,0.5263645046696316,0.03315904373306661,0.27569191411717653,0.5263496046151667,0.03316967111296678,0.27570813217758616,0.5263448582922972,0.03318147920916507,0.2755973467181454,0.5799066753206195,0.033218748066266464,0.276332935564009,0.5727478781429852,0.03324383066603573,0.2753996747778912,0.526388309540662,0.03326562704790498,0.27569462431219094,0.5385066177151537,0.033289962332695766,0.2758294825710176,0.5439708563576388,0.03329877305274301,0.27568529633619815,0.5353617904256126,0.03331294928765684,0.2755905643296685,0.5434459072959251,0.03333458645303963,0.2759730776326471,0.5266497545781771,0.033354847407387186,0.27561060881431837,0.5325261229745339,0.03337360173535469,0.2759262475768861,0.5404933815550854,0.033400568994503214,0.2759783826050687,0.5263663028685341,0.03341568476775928,0.2758722907135752,0.526366888796887,0.03345794364524514,0.2758804956514372,0.5267614667629497,0.033459522897186365,0.27575629787540296,0.5502970308249607,0.03346867549951959,0.2754620075486918,0.5265095901626204,0.033471319075580055,0.27553045791617714,0.5263832346226333,0.03348214985050964,0.2757160860184251,0.5268674924682097,0.03351677862850836,0.2755731511713045,0.5844802503788793,0.0336027179880491,0.27568996877217433,0.5597817990462994,0.0336037320415683,0.2757312922982208,0.5457487604537066
0.37731992585125423,0.6128072564275773,0.6851058362991049,0.3774066095310854,0.6129126884536814,0.6631122704787923,0.37742150147181147,0.6128869095716735,0.6631628237501083,0.3774640070246444,0.6125283878816273,0.6631691766806728,0.3775251296960452,0.6128155835558992,0.6640248073971362,0.37755457601927433,0.6129531459696671,0.6783076827610819,0.3775666808030739,0.6124042958412,0.6705326154203805,0.37759065122991664,0.6126580921077938,0.6652675856379147,0.3776446625639998,0.6127637211369182,0.6631120451298932,0.37766166999454515,0.612881132627933,0.6631533281155487,0.3776673941052918,0.6125572442978863,0.6735525215862503,0.3776766734908775,0.6130075463838532,0.6649047623178282,0.3776903423858319,0.6127535611388187,0.6648483523351978,0.3776977588460874,0.6127661683946086,0.6795949855920387,0.3777098610001855,0.6125028501899888,0.66310486111504,0.3777158490229715,0.6128032260630345,0.6631034177749324,0.3777185353611509,0.6127970004689188,0.6925458412557741,0.37772172955348793,0.6127589838107138,0.6634499061361748,0.3777494033189698,0.6125834559183917,0.6817381682834072,0.37776256124794333,0.6125851596673114,0.6891256170839554,0.3777682624845924,0.6128959220313691,0.6631020131206847,0.3777685469583429,0.6130332234564689,0.6631529847503654,0.3777851746474706,0.6130189866116447,0.6687585223765583,0.37779380244789124,0.6127869703497323,0.663223887709277,0.37779500057861565,0.6130956799216424,0.663309415430285,0.3778109877470456,0.6127096286925218,0.7312645473512779,0.377821324468198,0.6128746345312622,0.7362734629889675,0.37784695048830924,0.6126121737001243,0.6631187822200318,0.37786100647920706,0.6130381850681873,0.6631275398095426,0.3778649917595994,0.6128343834966918,0.6642951897873242,0.37786528004328895,0.6126579216458251,0.6635091393957087,0.37786933403817835,0.6128586272512836,0.6742865063166831,0.3778787837251353,0.6129485368055764,0.6719419690122008,0.3778921129216397,0.6125702739526988,0.6636639663911331,0.377924055878484,0.6127159829776065,0.6631179982868631,0.3779303472797852,0.6127853594231026,0.6631074997593351,0.37793123314050253,0.6126704754093717,0.6631008474203993,0.37793829596714623,0.6127286320610716,0.7015043925110069,0.37796401239086913,0.6130491581181328,0.6631445946854313,0.37796832589598073,0.612518521665428,0.663253890569341,0.3780295309058794,0.6123976799045806,0.6631944975767745,0.37803042337721365,0.6124804503041146,0.6633549763431876,0.3780339952623683,0.6125548976387049,0.6639956045005244,0.378035028636961,0.6128170617700096,0.7038094772658389,0.37804263675635064,0.6125694262607271,0.6633233982160476,0.3780800926320068,0.6131407013616569,0.6631201999552506,0.3780845289742666,0.6122528156987804,0.663218812941926,0.37811406865644326,0.6130118112330984,0.6633771997988436,0.3781160361640806,0.6125437854294917,0.6708903403019291,0.37813962959305114,0.6129756666491982,0.7073856356886237,0.3781441604026984,0.6130406993823433,0.6631075435078382,0.37814502340467265,0.612708789949574,0.6633946162355789,0.3781700377332668,0.6128302005170291,0.733651309894254,0.3782560376774988,0.612934325835004,0.663164874384623,0.37825791309839,0.6124473463883872,0.6638436532110781,0.3782761732431692,0.6127154277674143,0.6639007508960679,0.37827695830571095,0.6126551394479849,0.6631177542296386,0.3782839833944761,0.6125620196777042,0.6631900900081029,0.37829827952577416,0.6128207608606541,0.6632364232952105,0.37837782984464297,0.612848184589824,0.6742543886523791,0.3784463352060585,0.6126104472188317,0.6817847524110823
0.13155142152607646,0.1878311409354684,0.812400951399588,0.1315526678189163,0.1880345180140755,0.7975611657479146,0.13164632223130374,0.18770322176119672,0.8162946138547003,0.13165470253709688,0.18761423162275476,0.8173726407932018,0.13167730342729528,0.18815771742887377,0.7967864537055065,0.13173169452769112,0.18789999863284448,0.7967935783312313,0.13173355838242987,0.1874695081482334,0.796789457542459,0.13176616115396117,0.18821518866117026,0.7967935568213005,0.1318048229874783,0.18780085397140947,0.8021246553304581,0.1318196636035862,0.1876396645951061,0.7967694850600928,0.13185007125582923,0.1879446082031493,0.7968366329314677,0.13186168926827593,0.1878061870887758,0.7971081751260104,0.1318641486787933,0.18806976958430957,0.7969069044796451,0.13186523227939756,0.1882087744387669,0.7989092493709835,0.13187272416923898,0.1878153805518433,0.797346205703125,0.1319210877794313,0.18736152861656935,0.7974049223139915,0.13193174413901607,0.18777560041616417,0.7977388888665197,0.13193643942479355,0.18786081070977279,0.7967659656020128,0.13194414645312563,0.1877878554790816,0.7967757936586213,0.13199218609652416,0.18791517051082365,0.8025553241712435,0.13199638586189094,0.18843419756191418,0.7970611928944908,0.1319986370814598,0.18788340723491737,0.7970082322262803,0.13201744982797817,0.18817296506930978,0.7968406855857654,0.13202672473420488,0.18800288311255117,0.797014963817686,0.1320301040038257,0.1879890644649358,0.8031599912975725,0.13203112114891005,0.18801899661264224,0.8228248796693959,0.13206487528937202,0.18770789678207528,0.7967692008153096,0.13207887827321604,0.18765935027407074,0.7970013372514483,0.13208027914469406,0.1881011747658063,0.8263239033496473,0.13208331889647068,0.18794634014822104,0.8098237897722734,0.13208615185375544,0.18783242791970425,0.796844914337125,0.13208827240055945,0.1878085275169111,0.8086427307182659,0.1321397284703918,0.18809104542032154,0.7970970511682423,0.1321816531273657,0.18744143900829766,0.7974246670199877,0.13223483623953808,0.18797478803760373,0.8094181125294778,0.13225530671960742,0.18817128987119136,0.8040409416093873,0.13229015410042705,0.18801194867194043,0.7968077311136852
0.9908618445399997,0.1356134064101742,0.9971812565285451,0.9909724893385171,0.13566023777195746,0.9973320148435246,0.9909817434761586,0.13579721679917614,0.9990405695214525,0.990991325115582,0.1350281914665946,0.9974349884014755,0.9909986536945464,0.13535549476281242,1.0028395873588756,0.9910030172449245,0.13562418503711432,0.9971906837026873,0.9910366931077325,0.13539998012722923,1.0324591840456365,0.9910590412296796,0.13535616063451225,1.0386348294818213,0.9910999002425567,0.13569704232772103,0.9987332639695947,0.9911236715752547,0.13544006393812738,0.99721049109929,0.9911319470475052,0.13550316149725736,0.9980716051950131,0.9911700211210678,0.13529914874380933,0.9971930961539627,0.9912345034692491,0.13521678014573388,0.9971978840485327,0.9912448355905347,0.13549694256226058,1.0011179519280275,0.9912604553200591,0.1353090443495166,0.997199762333919,0.9912924321289427,0.1355552154645974,0.9971850013201122,0.9913057460615298,0.13533685864261477,0.9971846566322558,0.9913744553718243,0.13548173277441328,0.9972158647795049,0.9914399125801475,0.1354068722424405,0.9972800650549295,0.9915053208308859,0.13541250475660815,1.0081896378336563,0.9915432105333715,0.1352659614302947,0.9972267881433374
0.37214519497070203,0.36315598889014755,0.5368740327949487,0.37240356754536963,0.36317886727943965,0.5174643211354926,0.3724190047863809,0.36290517386873083,0.5333862998286601,0.3724197620097865,0.36292936681997306,0.5335750826960616,0.3725751200736652,0.3630368652335037,0.5174687368042103,0.3725919332852349,0.36291324248827705,0.5261360893854959,0.37260312151800046,0.36324372797907617,0.5620403944957142,0.37269451348640065,0.36264631848095646,0.517702233919716,0.3726976238669351,0.3631144839898243,0.5560882492675873,0.37269798372923574,0.3630234080490852,0.5176355216055935,0.37271275656122427,0.3630277551080003,0.5174673133664477,0.37274033832991404,0.36292173819439055,0.5174693399302498,0.37275829536504096,0.36297781166271803,0.5174994942819359,0.37278009033480797,0.363238205996911,0.5468057111383635,0.3728090598247674,0.3629781213037516,0.5175299074678505,0.3728242268831681,0.3627582523739334,0.5177171331618875,0.37285411245946365,0.36295166591393646,0.5174938735781832,0.37286124352448935,0.36280652236557254,0.5193890490329004,0.3728868112334408,0.3628842861550405,0.5175385814778113,0.3729145320678433,0.36297945128264797,0.5176586668723238,0.3729175473470214,0.36286136580518785,0.5274187897686211,0.3729239178177762,0.36297254315724387,0.5174792718097132,0.37293523223713676,0.36298803312015165,0.5181049093753702,0.37295286775000014,0.3628333895494903,0.5218585738687523,0.3729891371180716,0.36320717404821323,0.5174684203782918,0.37299095266125143,0.3629899461496937,0.5301057360906352,0.3731132881789424,0.3626613327534118,0.5292937936350615
0.47831070657646735,0.9449427198062158,0.6679481654748654,0.47836917058265654,0.9452455779004794,0.6679122515293638,0.47837203055674477,0.9449286912395928,0.6681085211753303,0.4783908474599902,0.9451469474708316,0.6679179360711831,0.47851802255051074,0.9452294369971836,0.6679162619052187,0.47854720250881666,0.9455248512610622,0.6680098076897654,0.4786070269270446,0.944679957895873,0.6681683274159516,0.4786356717025541,0.9452058536867232,0.6679155225325689,0.47872907294162503,0.9452816899656962,0.6689765220895211,0.4787894204958011,0.9458059295733043,0.668240986346819,0.47882775854818227,0.9450418929748403,0.681763535743271,0.47888018235605156,0.9450669570641272,0.6740853388747092
0.8217836132608949,0.45133010582343375,0.4695496655564057,0.8218068383848297,0.4510994477512464,0.46104475172211024,0.8218102435867488,0.4510817690606914,0.47088518509703825,0.8218958197258218,0.4511808066243056,0.46128800082381044,0.8220927736724732,0.4511693502324811,0.46106701918215615,0.8221700043258814,0.45077797297089045,0.4610025461936319,0.8222549095053421,0.45144673180428246,0.46870701589355146,0.8223185748214292,0.45139493626832455,0.4609857437873438,0.8224769249617105,0.45037458545994385,0.4611251130318709
0.9420073485709503,0.7173007318051327,0.6132733882503851,0.9421514783498848,0.7177139957098224,0.6101313803965812,0.9421826951197759,0.7181345362414692,0.6100287656851403,0.9422747716731493,0.7180305055393226,0.6102344883161124,0.9422982973561335,0.7178000053915636,0.6103340641552762,0.9423667662672398,0.7177036414838222,0.6113042817816869,0.9424046140938794,0.7174372318399302,0.6120684889746412,0.9424058740691845,0.7177134205250548,0.626609416789404,0.942459252180375,0.7175836969629481,0.6281655758441624,0.9424659150103043,0.7177601694873784,0.6101457794391096,0.9424880860868656,0.7177392600344238,0.6112765625410512,0.9425319758468123,0.7176635974232575,0.6368058250404588,0.9425467815654774,0.717735708061003,0.6110872612722599,0.9427251671532809,0.7175728424758713,0.6126403395156288,0.94278766565571,0.7179059753446291,0.6505712937196544,0.9430373426721412,0.7180698697922618,0.610267336792806
0.984866400771069,0.7338858154771528,0.1647638302625501,0.9848732734179043,0.7335748465159994,0.1462596656896899,0.9849917990064182,0.7338064734389802,0.14630389583451647,0.9851072526330132,0.7339273320111438,0.14603892990971368,0.985130061566491,0.7342170243849976,0.154306450397869,0.9851874778199292,0.7340073507893652,0.14597827964259252,0.9852094002536411,0.7339626152611229,0.14738314804793978,0.9852351388404514,0.7338212207885477,0.1461273844298671,0.9853238858885862,0.7335243997519224,0.16026202895237693,0.9853383343214264,0.7339514120548747,0.14591385934135243,0.9853452328561761,0.73374294156776,0.15144254559042808,0.9853607692425899,0.7341763053402305,0.14590670413216508,0.9853641486418324,0.7339054126421536,0.1537943609641384,0.985368758991682,0.7340507810055165,0.14967508129131388,0.9853865093328862,0.7341685308914667,0.15208446227391867,0.985423723478214,0.7338260550229108,0.15391562599735317,0.9854417153159468,0.7336666737312856,0.14599598191408802,0.9854746493859297,0.7343323194054469,0.2194553557284235,0.9855363460702738,0.7338175356038911,0.1463613134889763,0.9855885077065077,0.7336854737886315,0.16201984001945283,0.985613325475535,0.7337331198692915,0.14619932190420717,0.9856883832040307,0.733911830354852,0.1502880022776502,0.9856959550151796,0.7340450936271361,0.16331458960781214
0.25453111091056546,0.056554965971813566,0.9882225688911692,0.2545337230203206,0.05646488083130225,0.9341042935997512,0.2545390719003478,0.05650731910774059,0.9917032642384658,0.25465045747304393,0.05647772970702846,0.9518814158941807,0.2546910402613432,0.056250115500911066,0.9341241807667613,0.25469715754231126,0.05652085170606607,0.9353261877118018,0.2547468840585157,0.056504292656357,0.9518660924464167,0.25476317424115275,0.05672880314922171,0.9369415143983147,0.25477875556158075,0.0567114931928505,0.9393806906964932,0.25481450974833997,0.0563656269140682,0.9383885720061046,0.2548185890309715,0.0565060418574428,0.9423216907626726,0.25483011422798996,0.05644437932857583,0.9480561138247188,0.2548424693576014,0.056546563716784445,0.9514314682341641,0.2548444889298638,0.0563412072226522,0.934313982441965,0.2548601742507962,0.056441616326811106,0.9341162823471632,0.2548647265326504,0.0560433366541005,0.9341819334316519,0.2549000076828746,0.05627799634114329,0.9341517718412554,0.2549334993086242,0.056367264889630266,0.9341426660217312,0.254949117962909,0.05665429749539167,0.9341085506521238,0.254950695563875,0.056069003733622384,0.9495674985922619,0.2549929577616506,0.05652891810565414,0.9404107926203904,0.2549941721793528,0.05598579020861809,0.9342242927102153,0.2549949601336188,0.056273915235882835,0.9341916910361264,0.25501318795204136,0.05653254533179592,0.9341120284179298,0.2550176489160966,0.05636110992486888,0.9407102595750604,0.2550178013745994,0.05683714223266806,0.9554517610073235,0.2550218500902397,0.0562207517835496,0.9515107728668342,0.2550375600009937,0.056792257140629465,0.9431174124360421,0.25505112054382034,0.05600024946237979,0.9416516653631056,0.25505579778580956,0.056500496496911294,0.9558403992600841,0.2550842637687957,0.05626628844773843,0.9341320300469603,0.25511200850972243,0.05640067395004036,0.9343286816545062,0.2551706434936846,0.05682134043002107,0.9517609855766362,0.25517675673345297,0.05633008648418947,0.953559155895285,0.2551877295637157,0.056223820962134734,0.9345726304564443,0.25519108483669045,0.056208369163869676,0.9341086277388175,0.25522762419079603,0.056619424811915293,0.9341642965493876,0.2552810053342546,0.05646602821455752,0.9351404143772337
0.19165274001084714,0.4585386026203167,0.9779481638241788,0.19171838640649722,0.4585807927835937,0.9697768631432095,0.1917268295683375,0.4580555337331535,0.9921563600844503,0.19172800390541767,0.45832762162732515,0.9697836924966391,0.19180000544553605,0.4579595732534222,0.9759482580186003,0.1918260343924931,0.4583582323896805,0.9702231895366475,0.1919048289203969,0.4581809436269958,0.9723790606688414,0.19192623895315852,0.45811187546091,1.0145359559344518,0.19201706304331914,0.4584639544388706,0.9698118659165987,0.19209852905709754,0.4584777795865564,0.9700119657093275,0.19213334270813748,0.4582450224414329,0.97043346630718,0.1921767801371312,0.4583070166433639,0.9944730390411282,0.1921986171379707,0.4586753209730052,0.9698255238389182,0.19222184543058368,0.45859679450002255,0.9698554675735788,0.19222479016685715,0.4579916614219699,0.9790593267879248,0.19228110500247564,0.45816944824285855,0.9698087679868593,0.1922825199764624,0.4586121401173147,1.0077632037799522,0.19240415861264432,0.4582697550933903,0.9697868059749637,0.19248017105459053,0.45798850796322627,0.9849793792381959
0.651869739959707,0.611283320342952,0.6544515403161664,0.651902442833131,0.6112846337618715,0.662369909282611,0.6519522692275553,0.6115162994431724,0.6548644392935085,0.651994080253146,0.6113002754348432,0.6543285380029831,0.6520040746857179,0.611103842770406,0.6543358955728583,0.6520206604201818,0.611218050460904,0.6543150665681428,0.6520553603957016,0.6113936424902278,0.6547658655120334,0.6520698131181079,0.6109753250360679,0.6543305400733961,0.6520925825393534,0.611423861602653,0.6604860124150803,0.6521088786407914,0.6110682106139446,0.6679281037995836,0.6521732289491969,0.6109251815554345,0.6818278416387803,0.6521780601006364,0.6114365190358999,0.6547404464067513,0.6521940191326605,0.6109865648241748,0.6554024569599279,0.652218043848625,0.6110495758224153,0.6547408954087978,0.6522224776487956,0.6108849599947942,0.6544917964544148,0.6522305759437015,0.611371769632278,0.686817307211345,0.6522730444336867,0.6112486193057768,0.727347052886945,0.6522774545047799,0.6114585978600023,0.6743184286820065,0.6522794323766055,0.6114108235647029,0.6543274871009324,0.6522868323956873,0.6110920601380954,0.6757366464879824,0.6523003663271395,0.6112286762060476,0.665248358756246,0.6523129306498842,0.6114057478568048,0.6543232559179488,0.6523447253600106,0.6113961862952159,0.6806160009656269,0.652379236070146,0.6114771642743254,0.7013389005379822,0.652384916338411,0.6112968985178721,0.6544290181881808,0.6524311933623661,0.6111885970306458,0.6548630400826645,0.6524445533635429,0.6110327473476371,0.7046252763159814,0.652455114047611,0.6112580263972551,0.6543294668731988,0.6524762317363028,0.6114118599721794,0.6557299058671942,0.6525741803736611,0.6111671089972576,0.6590888071758867
0.09411578816233296,0.21895973529130383,0.5892221024944849,0.09417646923115698,0.21906629523622861,0.5903150134410964,0.0942288475780364,0.21897305236436812,0.5876976090570553,0.0942332721974599,0.21962973197949257,0.5896189715931067,0.09423496789796172,0.21894684713498186,0.5781093383294208,0.0942499642465542,0.21895737546159305,0.5859146270453387,0.09425643174982214,0.21877413125159167,0.5779851446373442,0.09426047455689775,0.21929498267286415,0.5779749434026084,0.09426765512200692,0.21918340123118654,0.5946472188624087,0.09429732507398235,0.21879234882854248,0.5787532691626261,0.09430942636179884,0.21901265188719174,0.5884077419378542,0.09431208415864836,0.21922114252585526,0.584569988056731,0.09431822785190058,0.21930902776206138,0.578103820224835,0.09432061288461274,0.219545712331373,0.5780836496600763,0.09433335395753668,0.21930223867281912,0.5994362638933481,0.0943493259259776,0.21890242477376695,0.5780169669592723,0.09436267591117703,0.2192902567475805,0.6009118675739891,0.09437180285085163,0.21925943367752218,0.5923195401912348,0.09442182648350275,0.21921797415502414,0.6071391248794222,0.09442711460741654,0.2188602194704601,0.5783272826255944,0.09443195396431207,0.2190373826327287,0.5781032560538875,0.09445936640774137,0.2192696995426687,0.5779898122021908,0.09448024184957299,0.21920037004854112,0.6191364914487482,0.09449393142343739,0.2190372988831166,0.5780096341436449,0.09449650311787317,0.21892707840046607,0.5782783735099493,0.09451753799767397,0.2192304037835626,0.5991429065229303,0.09452546091743545,0.21937961311863827,0.6112036181110163,0.09454447972565133,0.2193309192740007,0.579445629683011,0.09454766284416202,0.21917342468730192,0.5786830141428284,0.09457929418972967,0.21916469302995698,0.5821023465584305,0.09459207862184206,0.21899442773161315,0.578991393528685,0.09463205962499652,0.21912691355086428,0.5902700818469134,0.0946405497924314,0.21925408020519802,0.5780140646095862,0.09464988554883523,0.21890213339755663,0.5898755946305929,0.09466461086797194,0.2189635761332766,0.5797415532730139,0.09467135216648004,0.21903064721421264,0.5923833401070762,0.09470980673314137,0.21892140411613326,0.5779786920172867,0.09471050227024175,0.21885645301637102,0.5925126340703664,0.09472240681337736,0.2187749798338195,0.5794980546719948,0.09472356437077481,0.21900772622523712,0.5890460500326515,0.09474206669482509,0.2188553040313275,0.5963070281604274,0.09474970733125622,0.2195447750834711,0.5965944743658217,0.09477237532081022,0.21926629123221572,0.5779749046103823,0.09478222480396478,0.21931027127275307,0.6304284889437608,0.09483119915337473,0.2187370093042239,0.5779761352581312
0.0192189185664566,0.3323202987590273,0.7126963615956001,0.019220211576138086,0.3324308947396129,0.7097289610977441,0.019220891245648773,0.3323339649820519,0.7119478430107785,0.019258638351983486,0.3323688540000618,0.7380735271865376,0.019327228646348404,0.33225134544855206,0.7099750346032409,0.019421081813049884,0.33261903280170513,0.709825181168797,0.019465038817232997,0.3321817765740441,0.7097705377305165,0.019491596613854842,0.33210199227133963,0.7108990787234617,0.019513342962316594,0.33272152567063107,0.7097825598440282,0.01951697287263187,0.3325493341887767,0.7492203738067417,0.01953818830295107,0.3324432310277232,0.732951788637785,0.019549864031151314,0.3325635070599733,0.7097267948875563,0.019566313772680692,0.3323475856843991,0.7097230602371383,0.01957909465677969,0.33192180960771195,0.7102986585633043,0.019580834279435574,0.33227120072357175,0.7217011211780379,0.019587103674146657,0.3319593085753563,0.7264324260631945,0.0196048320992003,0.33205108910665015,0.7097203500209756,0.019636189903399742,0.33193026276037196,0.7128044547967132,0.019669966006203694,0.33250727735301683,0.7111333757260393,0.01969214003979235,0.3323906225020618,0.7109956558342506,0.019695911497101252,0.3321543347188093,0.7320057251033996,0.019748129808995804,0.3325056422048095,0.7097022980308805,0.019749705107957358,0.33234465107728034,0.7205743755232797,0.019752028122044032,0.3321750858850009,0.7157257032991127,0.019783746576316315,0.3325367046956817,0.709763273594349,0.01979956606160198,0.332702938372046,0.7104149172823642,0.019802083636409618,0.3324792490785454,0.7099256614617319,0.019805189392399856,0.3325732085430781,0.7102212542236919,0.01982000498668792,0.33243800493326037,0.7104069587211563,0.019842955489969692,0.3320177221053902,0.7566628062510774,0.019844685461887532,0.33243492323806584,0.7425433273071912,0.019858596098328907,0.3320730737337909,0.7109927826665109,0.01987007726365364,0.3319128251979191,0.7150498873886448,0.019876771061966704,0.3324467711651436,0.7173068872118837,0.01993670995284875,0.3319460883302878,0.7545880543288114,0.019940221575328734,0.332406313380046,0.7478323333819449,0.01997155348235103,0.3320460361209144,0.7188494018400668,0.01998112079866072,0.33242808615781383,0.7158748585253245,0.020032879448410833,0.3326820760670187,0.7097080278494661,0.020036998744450196,0.33233746242040474,0.7123395142733193
0.48969686194455514,0.025455943784176843,0.6918323222697352,0.48972032000477583,0.025160195407734485,0.6940107465624504,0.48976312899778995,0.025057596548310204,0.6956453864169497,0.4898409151729261,0.025453329111338647,0.6917700472264795,0.4898903616094989,0.02572283105479468,0.7305896143707044,0.48991284183653117,0.025343244236258933,0.7471041226948614,0.48993400615273863,0.025354696776862556,0.758619241956318,0.4899497626045891,0.02549489668308838,0.7121172197659896,0.4899915072546251,0.025371219213031482,0.7135887041472753,0.4900050936697866,0.025318358042016095,0.6919221317441517,0.4900317597432326,0.02565569639901086,0.6920201528740337,0.4900376770687524,0.025428441560009733,0.6942432224432317
0.032660863694704924,0.95247727841244,0.9567163422010246,0.03277158176063234,0.9526282446348585,0.9988471428497935,0.03289212057337855,0.9524080108391607,0.9566898017912293,0.03292171907086789,0.9523185284633622,0.9572657122101944,0.03292417731279606,0.9523786953227213,0.9790889341635243,0.03295629357070034,0.9524604021776321,0.9566628214234046,0.032960490116774974,0.9525631384932229,1.0183545577652895,0.03296642317792195,0.9525425442639923,0.9674975685407368,0.03297406388721184,0.9522127698510984,0.9567867772305816,0.03297972611368988,0.9527133051574068,0.9566658956626752,0.03298301364692792,0.9524782967289737,0.9613560864825348,0.03299380881589684,0.9525714448686379,0.9566464267328973,0.03301197722998182,0.9523843987610594,0.9818076728486905,0.03304577609007565,0.9527941157326175,0.9738788781308836,0.033055106190669134,0.9523487635071264,1.0010069758594338,0.03306123289013156,0.9525923616712688,0.9687880048220889,0.03306765902242639,0.9527994975094203,0.9567137762092314,0.03309642562080057,0.951924012427251,0.9746730670475726,0.033120145393509055,0.9523526932441138,0.9618332054405386,0.03312199351611545,0.9526308748809403,0.9945834803282091,0.033133859617732284,0.9521938208705966,0.95667437819996,0.03313666494834377,0.9522275760800223,0.9567827364620796,0.033143564937813993,0.9527536030780507,0.9568589780033188,0.03314517874790625,0.9523705158038953,0.9568842227272571,0.03315920472360819,0.9524485884983636,0.9594114812624536,0.03319813529666741,0.9523515657921482,0.9588812432555224,0.03320320860814343,0.9522843602449106,0.9581717751200466,0.03320696330720778,0.9521676998006484,0.9701522633500265,0.033231275112331204,0.9525560370178097,0.9573869197989304,0.033233629668922585,0.9520536143062155,0.957056504340225,0.03323911917573208,0.9525455579711102,0.9911893588455614,0.03324768012370476,0.9526114290983898,0.9758373067787288,0.03328245054066323,0.9525558005040772,0.9567485751888054,0.0332877475320609,0.952154493528087,0.9615216162218014,0.03330891221798838,0.9525516577562624,0.9567144610139295,0.03332571624138809,0.9522786306785292,0.9718824456377168,0.03337247768135228,0.9527311598291476,0.9566916605829179,0.03337944258004104,0.9523149520616567,1.003418096315585,0.033388687375508826,0.952480363675493,0.9570371392310437,0.0334109599511948,0.9524554671242602,0.9658909793130117,0.0334185437174847,0.9525129778971292,0.9608730224698062
0.815197219235957,0.22129827504321375,0.6210646475095079,0.815235910830519,0.22114201240163464,0.6236334375773193,0.8152957787674283,0.22123668984412595,0.6210813283062258,0.8153200590261254,0.22109126433467743,0.6211370643439588,0.8153752625913971,0.2211429496240291,0.6238801971731714,0.8154291793732565,0.22101712845313923,0.6214375265021415,0.8154456920068781,0.22132326227335905,0.6210755588455076,0.8154767614798627,0.2210178807458503,0.6416076576660716,0.8154831995982302,0.22095573396125295,0.6444771288464562,0.8155029387552126,0.22129170480978802,0.6424089611835584,0.8155429881092098,0.22091166276345506,0.6390643182949128,0.8155542368045773,0.22082327298175863,0.629841616029886,0.8156282826702109,0.221162365283845,0.6215868743503358,0.8156503608988853,0.2210084484132041,0.6211119022128713,0.8156710028523848,0.2210750230998007,0.6215521163253598,0.8157242541385682,0.2209419352560596,0.6210634853738205,0.8157526177138742,0.2208477644743904,0.6355959195641891,0.8158062716784195,0.2211972464618121,0.6213699493336444,0.8159321783438624,0.2207255246565799,0.6210528097434395
0.43661153199738517,0.5832249677950985,0.6857530248420852,0.43667944041091866,0.5830102546929719,0.684964319330592,0.43673436076330974,0.582786397812977,0.701435764555934,0.4368828888228075,0.5828545002240951,0.6849709832480165,0.4369250648755858,0.5827831554881774,0.6850279428311276,0.43692727208214693,0.582754255418424,0.717418705528788,0.4369486903944309,0.5829937355181805,0.6873754675789188,0.4369513003428012,0.5832092872428267,0.6849585388227515,0.43695292574726063,0.5828213747692286,0.7088481422989614,0.43697586431959423,0.5829197238326983,0.686016267003704,0.4370162584217091,0.5827572436110875,0.6849854454303481,0.43705478327108543,0.58256373515663,0.6916499655711373,0.437116007605473,0.5828679856181188,0.6868017353101136,0.4371396188000716,0.5824548052107671,0.6857061013347003,0.43716993606017596,0.5828421946111821,0.6849643122475019,0.4371997567188081,0.5826595240506456,0.6972085746204307,0.4372028442045587,0.5829711830329461,0.6857020117845862,0.4372048242283468,0.5828933396441681,0.7416673694438043,0.4372266931739039,0.5826191316441038,0.685022232285677,0.4372285394453168,0.5827924366525311,0.6992264664694279,0.4372443413913001,0.5824118300474879,0.7106473198808951,0.43729575799937026,0.5830684240345769,0.7113906443208388,0.43732433731819287,0.582720069186093,0.6850005625689727,0.4375355258854193,0.5826237822748669,0.6849582831031742
0.8915356119332739,0.06546765718441078,0.6285391806116225,0.8915897201671591,0.0654289437786215,0.5945745479388072,0.891613085073254,0.0652668528188476,0.6057719409623669,0.891669494869994,0.06550377649233777,0.6085307540339512,0.891680631415903,0.0653222816960652,0.619548404139614,0.891684908908618,0.06493709786715364,0.6018753115130903,0.8916955068402173,0.06515269527217554,0.5912497814123333,0.8917037791330464,0.06496679599501408,0.5913959167892978,0.8917373004013063,0.06494311645726351,0.594219332636037,0.891755687980877,0.06512204728593052,0.6212437474046564,0.8917718115940698,0.06493098079138002,0.5996022789238031,0.8917978469740885,0.06516689646243165,0.5912634458828843,0.8918021412579947,0.06527048104529672,0.6060858820445909,0.8918220422922246,0.06492177384296458,0.5912532543715805,0.8918510131128847,0.06511813587820238,0.6052218839007395,0.8919001936009444,0.06491995938707062,0.5923241594092041,0.8919083501989646,0.06502333124777543,0.5913328942265188,0.8919104596770813,0.06510264537766873,0.5957559307177197,0.8919143717634649,0.06474731995078029,0.5912921901051716,0.8919162347042435,0.06510496226765565,0.6340637895915222,0.8919233427312037,0.06509173597241051,0.6373357237622533,0.8919566167223228,0.06515057389713326,0.5914749302556671,0.8919719803288721,0.06482971692578963,0.6242020394556064,0.8920184571947494,0.0654455394508234,0.5913076313626924,0.8920271312548517,0.06526665033014288,0.59511834249219,0.892040806412395,0.06478551823196907,0.5913272549901655,0.89212140362057,0.06550557052322345,0.6030056817312421,0.8921600268927635,0.06517198762822222,0.637471602149414,0.8922349825063156,0.06537670602706884,0.5912824228414706,0.8922572098874427,0.06494311843533457,0.5999880824432384,0.8922853405263715,0.06511614316660165,0.5912538951467474,0.8923198075193555,0.0648624666427341,0.591815964264344
0.16174073655908364,0.3817532506579861,0.4531172852691781,0.16175311137494966,0.3821669025059874,0.45933317109013966,0.16187728951136984,0.38174734382577247,0.4560512288903856,0.16189109538155907,0.3818901479987243,0.45338720997201276,0.16193231801506155,0.38140380496825566,0.4941021600610844,0.16201141159704333,0.3813402328164657,0.47824405678778203,0.16214413157411597,0.3816325691166506,0.4814028193832181,0.1621475631164084,0.3813737045868654,0.45287881714725675,0.16215522350797262,0.38189993568174607,0.45833747540178493,0.1622080513283559,0.3818125050076308,0.48368472972760806,0.16221041495046043,0.38178798790464524,0.4744098893335035,0.16229735884192245,0.3816710554634378,0.4679657394045726,0.16230816139631057,0.38154849155381926,0.4528075873032418,0.16240067178940754,0.38193199764650293,0.4528392017401101,0.16246740323685954,0.38154033731682296,0.45370310323743324
0.3623113829928637,0.14684045543971863,0.017232277516026684,0.3623163514495405,0.14677407205814766,0.01718781471159403,0.3624994031286188,0.14667435051088998,0.021084945618441507,0.362516621326242,0.14714245087133576,0.033636621266440916,0.3625273771639774,0.1469019825610777,0.0172095953140717,0.36256820472785356,0.14697216969116395,0.017241642055309325,0.36257863516597527,0.147144940754382,0.017192926598175916,0.36258957000120806,0.1471288683249137,0.032126204162337524,0.3626083655706989,0.14696980037281343,0.01795201931696997,0.36262344934724605,0.14682790171914856,0.017385223036628226,0.36262602505505015,0.1468560772712616,0.01721725938643339,0.3626428249814126,0.14678312004984306,0.01721569649138016,0.36264511306983294,0.14708080648930405,0.017202974859468777,0.3626848367225197,0.14683192147993973,0.017225562671006788,0.3626849567599409,0.1470004418403691,0.017367578936916782,0.3628082573833165,0.14679156812623406,0.02142476856968075,0.36286332440034746,0.1472225546137494,0.019538099776224428,0.3629186869522197,0.14687150610937835,0.017268847594858437,0.3630776112089998,0.14655490956399753,0.017202082323112433
0.8597037344601,0.2832013963224276,0.7734944237100705,0.8597546897670926,0.2832023134764364,0.8218219422306152,0.8597845143979235,0.2831127046478083,0.774850641520133,0.8601733087568368,0.2830081848722729,0.7735334731319331,0.8601853545656026,0.2830814255227594,0.7735207461184112,0.86020484620932,0.28296341832189575,0.822921990544916,0.8602296355781857,0.2831190828085751,0.7734566013796309,0.8602400201449033,0.2827759057238869,0.7736200668801714,0.8602572377428177,0.28326005535098764,0.7928449187839726,0.8603652747252545,0.2829555691277125,0.7830085993718283,0.8603847334420863,0.2831954933787576,0.7786362098888804,0.8605804163459835,0.2833089178090012,0.7862845498163351,0.860592789125938,0.28289032186223384,0.7734719248382996,0.8606009366128505,0.2829435199700855,0.7734554955487972
0.4574185328407596,0.6581404902642449,0.2424555676186359,0.45756519144060726,0.6579678719723145,0.2423712970791131,0.45768109572142585,0.6576855102527402,0.24670926455998976,0.4576978342446015,0.6582225744863098,0.242387105919945,0.4577087705280179,0.6578480055085001,0.2893239469812603,0.4577459334988109,0.6582469376839781,0.26510233270766237,0.4577599903632963,0.6581832822706252,0.24644066119003585,0.45779065650069156,0.6577442719702465,0.2424408137552731,0.45779813446711626,0.657928286931901,0.2445698680411544,0.4578238035676392,0.6584716676915073,0.2651042196947501,0.4578688635720208,0.6580878444041147,0.24239475427322493,0.4578722996190833,0.658181923188167,0.2604101467313676,0.4578841341712314,0.6578087618428646,0.2605473654618967,0.45792344836037674,0.6576701519638914,0.24243354138852588,0.4579650602439442,0.6577948195539475,0.25626453183133574,0.4579807481523596,0.658107002935106,0.2622095071200209,0.4579828069364065,0.6578511831710062,0.24368209871316512,0.4579857359505778,0.6578250552418778,0.26173798375569396,0.4579886382429272,0.6582422287520365,0.2568467827348238,0.4579997612560321,0.658353993052954,0.24248574955812324,0.4580042779458514,0.6575737173622729,0.2424957842656123,0.45801624785136236,0.6581905217596378,0.2537988505934282,0.458032675731805,0.6579884917899326,0.24235151868941274,0.45804531753307876,0.657669031386814,0.2487512689707735,0.4580470934448326,0.6578625908632122,0.24790891570562307,0.4580744765166826,0.6583222852723235,0.24233920147123333,0.45810579933934376,0.6576361702428751,0.2423487622759901,0.45810598581798606,0.6578383168109972,0.2533454285539088,0.4581163906245146,0.6577074258420478,0.25707157547583454,0.4581467361505669,0.6583039236255738,0.2682160886255856,0.4581516452819998,0.6577143714450736,0.24317393075284463,0.4581771287938311,0.6579207244055257,0.2424380267845001,0.4581845956962959,0.6582251932849991,0.24292947415240515,0.45819270793344946,0.6575986980386602,0.24323530168080226,0.45820092085693614,0.6580609284215493,0.2424202753506322,0.4582134299135805,0.6580698767788445,0.24242699104820112,0.4582269243813722,0.6579490182440102,0.24235143462083272,0.458297812245377,0.6581869499158585,0.24927645681020597,0.45830861055441346,0.6577353227002775,0.2423467737493385,0.4583655199284974,0.6580213517505468,0.2687640170443192
0.8159029851145194,0.6695730936832553,0.9318887281663151,0.8159232054775595,0.6694876450889442,0.9297197076526842,0.8159943629363194,0.6697298481298566,0.9299807702351616,0.8160257393352529,0.6696482117037466,0.9297632845210874,0.8160786330676609,0.6697999409973349,0.9334848527116895,0.8160977757397625,0.6694093504033684,0.9309411771982204,0.8161048381419982,0.669175157603164,0.9566812352839261,0.8161541874980806,0.6697928691014129,0.9299068430181632,0.8162155430468616,0.6694024124540616,0.929746962732971,0.8162269860535526,0.669747843958119,0.9417798166322868,0.816229474474167,0.6694023973056749,0.9301571020903193,0.8163042575970654,0.6699234404650832,0.9664427019622002,0.8163181337905657,0.6695935165529299,0.93103024137088,0.8163232473801075,0.6697063617665704,0.9299063641641585,0.8163276962165915,0.669694491859958,0.9389302089146323,0.8163377310946413,0.6697631257005139,0.9301765336834369,0.8163466043753008,0.6693977098087649,0.9406209971341889,0.816353793046319,0.6695994787969541,0.9297311895266083,0.8163646337296043,0.6696922756526232,0.9299336290163658,0.8163735597621631,0.669957260723095,0.9554464590340115,0.8163741633978095,0.6693907355728457,0.9894665532176408,0.8163838482781668,0.6693644083707069,0.930431510928992,0.8163901304440822,0.6695308193052574,0.929717576566024,0.8164166131021013,0.6696485052574108,0.9297209270768548,0.8164347366553477,0.669452613217534,0.9673452863945972,0.8164517743088908,0.6697802740415421,0.9324340166222751,0.8164789916086044,0.6701236734844555,0.9460335838590018,0.8164826857104951,0.6695631595010028,0.9310740000677014,0.8164893867934407,0.6698639253230443,0.9494518896385976,0.8165638111048901,0.669740343568191,0.9297856526738191,0.8165663172677232,0.6696652212515057,0.9300393542760006,0.8166033988810534,0.6698092913738064,0.9298439958914797,0.8166143865906286,0.6694116926765408,0.9297891498133637,0.8166310038985046,0.6698922550984279,0.9298393059974381,0.8166414492166747,0.6696075279212912,0.9298215261465854,0.8166873005991102,0.6698558655138432,0.9298012994760301,0.8167483330039229,0.6699900928283223,0.9326962233636712
0.03072248846468474,0.15219258360409876,0.45391451014622686,0.03094387756551771,0.1525441874903358,0.45304842364122483,0.03096053275111186,0.152358060498958,0.4313315931902788,0.03098487285661937,0.15253976053008167,0.4361098961321573,0.031015360189993096,0.1524271700529569,0.43130421368362026,0.03103625379951477,0.15232312174306797,0.44528898568366887,0.031079331822370528,0.1519903908825258,0.43127235712570694,0.031082126105226208,0.1522333143889819,0.4690859369224838,0.03109102994977151,0.15219260086372044,0.44083403071299715,0.03111762635071435,0.15218852829675547,0.4321079552838542,0.031120086061676988,0.1522452943954535,0.43136129862487776,0.03112340472332542,0.1525197985373088,0.43154942953712444,0.031139739859119605,0.1518957886024536,0.43169875921003736,0.031151991391123807,0.15246038582529625,0.43134050981483285,0.031163283313049146,0.15267807031203517,0.43149887435686246,0.03119263211026243,0.1523247691448505,0.47011373752206587,0.031194407797767654,0.1522013462481775,0.43211944617979187,0.031196445755141352,0.15195137833534517,0.43133249869428647,0.03120666204303701,0.15209814942653505,0.4531170591352352,0.031219372936843195,0.1523943687833131,0.4313361421649684,0.0312519137933889,0.15247518916564468,0.4313894510993409,0.0312658684312597,0.15260110533218335,0.4445153161586529,0.03128463489106158,0.15214148728538462,0.43191421473933733,0.03130414992728362,0.15226995506473712,0.4378711058521413,0.03130778450738205,0.15239342111895027,0.44091313013771855,0.03131279504222387,0.15180984295890806,0.4313358988903439,0.03132171164515615,0.1521646678148134,0.43138260517179183,0.03132501627701082,0.15222229697690784,0.43249272944767375,0.03132940127784264,0.15206236027382283,0.49102223212395774,0.031335753753134375,0.15190858747005614,0.43131679999942407,0.031341848425054594,0.15192380172634015,0.4317825795797241,0.031355177941154215,0.15248680111568994,0.43224765974777796,0.03136081218244674,0.15226721371777935,0.4325694783025816,0.031371517107167846,0.15197668847747367,0.43128528925092324,0.03138365027600194,0.15256696573182216,0.43128545926412315,0.031389617166986745,0.152073572631937,0.431409703770636,0.03139076224399876,0.15247218652007288,0.4312851485499165,0.03140000797366113,0.15231988746186795,0.43137223990757045,0.03143245513826098,0.1521596866460669,0.4312931899929006,0.03145769946650873,0.15217096929785798,0.4312834989005081,0.031462287423986594,0.15244139322667402,0.4514981366654492,0.031484254466833554,0.15234090339412612,0.47152615366580747,0.03149040419514563,0.15238279323192946,0.4315036643711329,0.03152022234910465,0.15251059713367987,0.4337429395255825,0.03153325860318284,0.15209731995199674,0.4578485375860554,0.03153649759936707,0.1522677849566642,0.4314268868559867,0.0315503385194458,0.15228016718930534,0.4314364265486525,0.031554904923956684,0.15237540239166716,0.43133504671301987,0.03160036433156052,0.15262829303241604,0.43128014228807793,0.0316269275534888,0.15202549389325223,0.452119315162765,0.03163432711088429,0.1523966044066093,0.4313378249623549,0.031650128233772674,0.15225265117542794,0.45450934816188665,0.0318620703383745,0.15233562265885744,0.4313533661239315
0.4041215275133226,0.44338767727750883,0.10193516609839647,0.4041220852384011,0.44322814697199703,0.10196545608216374,0.40429959617414846,0.4428459616570005,0.10192873753612423,0.4043292767189808,0.44313594835104886,0.10197415076263291,0.4043555373172771,0.44358724836022256,0.1046326372495125,0.4044126539597179,0.4432369999629058,0.14907313058852306,0.40441270580153543,0.4429520014918982,0.15173867796422863,0.40441552117981583,0.4436075529063638,0.1019550892111564,0.4044287722333178,0.4430969257813453,0.1019425871340684,0.40449104930442353,0.44338176053286943,0.10322033285099887,0.40449183671720595,0.44340784300129427,0.1389836746026474,0.4045027103867002,0.44291713729014937,0.1200196867303359,0.4045030151986844,0.4434149609194102,0.12835066727955352,0.40450797808735345,0.4435846512724104,0.10197004353111667,0.40451721384266615,0.4431448786019512,0.10193389002549579,0.40453091261537133,0.4435187202755389,0.1034189886047171,0.40453379461530425,0.4430762029694031,0.10197356861208753,0.40454778068803315,0.4432350885377094,0.10194607865761854,0.4045527551641888,0.44349652105479725,0.10193047616792321,0.4045550046544784,0.4434302493012627,0.1175506851956622,0.4045572752507064,0.4431328881887004,0.10193289903383637,0.4045795759112837,0.443408022842055,0.10193436007258118,0.4045921337589705,0.4431533827758843,0.10819876032757417,0.4046024647263296,0.44329424425685976,0.10855650373928032,0.4046737754796072,0.4431944934959297,0.10196834220540577,0.40469160585622466,0.4433655675578923,0.10197427043825724,0.4047015767369393,0.44331612515855556,0.12588678869145886,0.4047736435308983,0.44288451876590745,0.10232247008731439,0.4047787049816267,0.4433298811885626,0.10193288437165147,0.40483292679502125,0.44328686560521924,0.10233817243284593,0.40484539256979757,0.44341051069094245,0.10192970186834702,0.40485319309027906,0.44348138144243127,0.10578607655901107
0.2391025673070317,0.8817888043360494,0.9666231690835696,0.23910351271083533,0.8812839837053957,0.9704921271400899,0.23912129320355507,0.8814829822080655,0.9835186243876707,0.2392149553892418,0.8813959289199703,0.9666656481684689,0.23923482042061642,0.8813539276145643,0.966817178829903,0.2393336389712016,0.8813440914565873,0.9670490107747115,0.2393717953171263,0.8815636955176716,0.9666960935904533,0.23938408895093347,0.8816343403844009,0.9671127739076418,0.23941655181786245,0.8815222642637193,1.0050649483644725,0.2394198831708142,0.8816581415801393,0.9668471788582362,0.2394430730076108,0.8814121208200779,0.9827744665257993,0.23949257113855893,0.8815840288310461,0.9669233639322387,0.2395202224068004,0.8817904626110452,0.9933176157193224,0.23952544716725288,0.8814618584758582,0.9666535504379745,0.2395879794307135,0.881469724293081,1.000748011211946,0.23963789661504223,0.8816084838415195,0.9666276020093605,0.23966670921258956,0.8814399188906583,0.9674254076042417,0.23979018397701565,0.881635118685897,0.9668600162482662
0.12210319377327308,0.31721740242135077,0.5874157307128373,0.12222139085795565,0.3168261710745682,0.5868719114703631,0.12231054967337886,0.3169625468906702,0.5868642017020042,0.12231981080289345,0.31735596350248996,0.6013438502657759,0.12233833625138191,0.31742757519641157,0.5869233559625439,0.12238268137601929,0.3170836019358172,0.5953083804058048,0.12241946497938694,0.3172958302038037,0.5869201850393985,0.12243329011508683,0.31737335150569224,0.5899462375916983,0.12244871811538681,0.3172949379475833,0.5875500785524274,0.12246457864365574,0.31737173097491056,0.593835793343948,0.1224905131922534,0.3170382984683464,0.5928945403425617,0.12249296836352776,0.31724695244348455,0.5891789000319805,0.12251469828113445,0.317660532164464,0.5868011453345683,0.12254951763605693,0.31696453737275937,0.586933458213984,0.12255049517224961,0.31745242684833724,0.5869653914512862,0.12256482027433585,0.31739140465548216,0.5868369822005993,0.12259375412265411,0.31692454883684334,0.5869096170458662,0.12266224412871135,0.3173643238467059,0.5870212549433671,0.12267663182202547,0.31749636494081435,0.5917760884498834,0.12269768476818735,0.31740264840054444,0.5869446572351551,0.12273031796100824,0.31721451911577975,0.5867962498350747,0.122819979913039,0.31703531631816434,0.5867892358809441,0.12282533338168991,0.316860644898734,0.5868661735927309
0.07468946120749385,0.6236485632397029,0.37452094153848514,0.07476123823438062,0.6235584980872709,0.374100830760724,0.07477257110814334,0.6235799231290222,0.3742525699320026,0.07477309789787924,0.6231812246144639,0.37409343535846623,0.074795511312319,0.6237411148025216,0.37423997043936946,0.07481099522638314,0.6236485730738376,0.3745431735327588,0.07481297367801541,0.6240129563844568,0.3833305133523855,0.0748863417530275,0.6235550969445934,0.3803498881801152,0.07494453187243907,0.6237346404666273,0.37453359029913746,0.07494493783354522,0.6236639814798022,0.3740875796391117,0.07495926709142882,0.623464652883218,0.3741097839802935,0.0749603100479515,0.6236899017479957,0.37428943057542424,0.07496681242471684,0.6236134194785945,0.38147733935747274,0.07497321603782334,0.6233172045728341,0.42227595605425694,0.07497478669098182,0.623629931011474,0.3828503121592908,0.07497747354468967,0.6236953009619713,0.3936319912432783,0.07498531451315978,0.6233009349850959,0.4537143907666206,0.07500021189604564,0.6232811350551998,0.3743398446016106,0.07502402661467862,0.6233714886065431,0.37409972067251096,0.07504303508010207,0.6236225857546838,0.37418101759750516,0.07505318837306263,0.6234441590657371,0.40018982069321374,0.07505988919325253,0.6236697742708747,0.3740916526760882,0.07506810257103323,0.6237769161295662,0.3741462140598152,0.0750851012279619,0.623782211861813,0.4155534261968168,0.07511391663958314,0.6238548355979936,0.37449900875025555,0.07511779001378346,0.6236432121173503,0.3740930098546088,0.07512871151998446,0.6235869594698884,0.374106431593144,0.0751431372604112,0.6235501006910693,0.3741183967725391,0.07516607267028037,0.623465427396543,0.37447262316536867,0.0751703008633502,0.6234948758780657,0.37742580507040535,0.07519064116807873,0.6235106330705822,0.3747083555948115,0.07519120119116583,0.6236101626821656,0.38399951794662324,0.07520323300662546,0.6234692116759422,0.3741179877750118,0.07520518031140588,0.6233225426509696,0.3743727776364775,0.07521105318774178,0.6237487255136532,0.38455990726691586,0.07521122808746576,0.6238250893473114,0.3749390327367503,0.07522055143351847,0.6235271263239436,0.3757476223901585,0.07523176374407103,0.6232811232589331,0.3745701701732679,0.07525547401059544,0.623486646834393,0.37429088310446434,0.07527683986537033,0.6234289400950653,0.3762727188959772,0.0752988013962318,0.6234696215700419,0.3741397276211571,0.0753181854839298,0.6236557327242251,0.3770333408307079,0.07531920388041453,0.6235956211808835,0.38093920185248903,0.07532446539366883,0.6235398543439549,0.3742625367016493,0.07533228368543295,0.6236343778682414,0.37408688288369857,0.07533957979395235,0.6235003280815242,0.3741240502305714,0.07534985385867826,0.6233609682899227,0.37640255152532764,0.07538579469149193,0.6237388004503659,0.37622782818887257,0.07543930260745259,0.6232438480547646,0.3850587482303905,0.07543967595761049,0.6237722439120943,0.37409285847707513,0.075439871570695,0.6236991418236505,0.3745878314682472,0.07544423361232219,0.6238987323941826,0.37411271321037715,0.0754785064037517,0.6237838538178002,0.3872213903212525,0.07549004558956865,0.6235800970073545,0.38016898582005976,0.07549243805964434,0.623440039765486,0.37416296729745263,0.07556589401762058,0.6235536932601263,0.3742547700690815,0.07560783495738709,0.6232772473304758,0.3741019779069065,0.0756702600674924,0.6233700440061017,0.3803578162988074
0.08328456374409342,0.5088342887566266,0.33532637733678367,0.08355256342257417,0.5090257864312968,0.33370962498531465,0.08360613050000579,0.5086876724008509,0.33808881733567736,0.08367007835589814,0.5090285079682428,0.344706769760335,0.08367702444517103,0.5088352872620706,0.3428436052885386,0.08369753509839342,0.5091337019751622,0.34180654357085277,0.08370732198474487,0.5092374061818304,0.3338334289032976,0.08378114437822849,0.5089416788179364,0.3336882075243066,0.08378291614345731,0.508791661398791,0.3354341960606519,0.08380219327337336,0.5096452263891059,0.3336778814066011,0.08381280203849589,0.5088539492604504,0.3514940802606396,0.08383469938779574,0.5088987942058927,0.36352294549854897,0.08384648375119134,0.5089896278799452,0.33453151238030326,0.08389591585437453,0.5088311262766879,0.3339236327252073,0.08390401515595121,0.5095459137324434,0.3496720759986116,0.08391508176614204,0.5087631833369132,0.3609626628642159,0.0839194320806973,0.5092945840254219,0.33452837167143845,0.08396475675877424,0.5092658994587956,0.3560467593118053,0.0839740306075275,0.5090043134054419,0.3337350402102188,0.0840323472093495,0.5088575706781824,0.33417795196638067,0.08405079492437814,0.5087928768712756,0.33372528651205247,0.08405550341116519,0.5094392556622958,0.33369414875663506,0.08406733921034162,0.5091245851442883,0.35191760750877027,0.08407349089950525,0.5087532573018646,0.3508939113583124,0.08409160763421464,0.5088639253076119,0.3337584077297767,0.08411398797443112,0.5087526984210787,0.34119365888533365,0.08414249262405245,0.509196241853087,0.3555747769093225,0.08415932341343467,0.5090355082615529,0.33703691412413683,0.08420241538148371,0.5090054106907304,0.33976654819193003,0.08421369378622152,0.5095045015168006,0.3340058789624564,0.08439171240361704,0.5092172577920974,0.35644833200623255,0.08444522235292277,0.5087053241515668,0.3349914027106467
0.36020097348360886,0.2575862445091652,0.47446002874763266,0.360328629206018,0.25758584126302925,0.49333627792732226,0.36040013149987177,0.2572561472694673,0.48080390441450294,0.36043463210483,0.2578365011072493,0.47415026633618584,0.3605289073193742,0.2574161389912033,0.4741812370609133,0.3605346443927753,0.2578339880465821,0.5031176648244957,0.3605363292608852,0.2573964177541081,0.47943744144717476,0.36058077932517474,0.25715243210724237,0.4812873762759629,0.36059844523356005,0.2574976458626965,0.47533123711969777,0.36059888559440856,0.2573945509574933,0.4741538539648731,0.3606080025029358,0.2579646646153993,0.4742375136936961,0.3606100500454692,0.2575247907242031,0.48646274547763463,0.3606288024947212,0.25736816842420074,0.4745314444579959,0.3606300219924334,0.2575173159827344,0.4929468417639479,0.3606490163680525,0.25748670868633045,0.4741562540986856,0.3606688539812617,0.25728313137865044,0.48067767402493,0.36066923532140616,0.2574593813791161,0.4845996648120253,0.36067259318765066,0.25756233238432363,0.48633841918387616,0.3606897059006349,0.2571978132467956,0.4742009816330745,0.3606958026745713,0.25787222130544524,0.48540268360233413,0.36070592815030617,0.2573312771231211,0.4750740049446348,0.3607135569059717,0.25774718078869213,0.48253546824271193,0.36072185127392764,0.25761864535056206,0.47533847305243776,0.3607354762366717,0.2579090534708411,0.4744729677626546,0.36074283623233105,0.2574376199696795,0.47557329215851096,0.3607458550819701,0.25740457126537836,0.4777261190431644,0.36074603302584735,0.2570589413944285,0.48608990640814187,0.3607481814936224,0.2571883259670436,0.4741885773592069,0.36076542659481586,0.25722895987281413,0.47851796195419427,0.36077395662899403,0.25785060272959187,0.4744784548648683,0.3607803566083579,0.25766708406916106,0.5011892905349905,0.3607882003944476,0.25740974438758435,0.4741639396061868,0.36080061276250763,0.25731263676059757,0.4741831135398071,0.36081497487288816,0.25762315774977157,0.4817519249448231,0.36082216729764505,0.25762620693799454,0.4844937869660795,0.3608510129113326,0.2577317060651294,0.47466075906891725,0.36085628435223704,0.2577688908782947,0.4820123463097841,0.36086216123264686,0.2579271619096254,0.492675927998799,0.3608692133662921,0.2573010983230356,0.4741982748603089,0.3608807064809188,0.25759866038696516,0.4939708354394968,0.36088281415065904,0.2573351220322234,0.48011484754578737,0.3608932196601387,0.25755323741821384,0.4741972624359136,0.3608973560759379,0.2571107428405623,0.4742148851282858,0.36089990949595946,0.2576256146181835,0.4742571796075781,0.36090551082017586,0.257255008467992,0.47904373639544406,0.3609063752156798,0.25727760624317614,0.47419356976108895,0.36091592259538363,0.25701802238672916,0.49267191659074344,0.36092202555654157,0.25751261787837004,0.5119498411564717,0.36093516201152465,0.257641741124215,0.49546788980186746,0.3609386169888958,0.2574218412864624,0.47492908308063453,0.36094786875668367,0.2574986363936376,0.48470760752214725,0.3609537648948463,0.25758446374572896,0.47415062345924763,0.36095710814988874,0.25735395302131137,0.49477318589042407,0.3609576492702492,0.2572972366739174,0.4759221597397352,0.3609594920253595,0.2574318662718548,0.47417943087383113,0.3609621613561892,0.2578413873180402,0.4743492125069796,0.36097361268116157,0.2573274166900863,0.47416769311380236,0.36099417134118617,0.25743114106694714,0.47420435313037995,0.3610043963279577,0.2575698005083735,0.47414537028696535,0.3610194111932607,0.2573605217186958,0.4827479468278596,0.36101960550460077,0.25740398589278846,0.49623661727670004,0.36104698795125156,0.25742575358390846,0.4741876339752986,0.36106851734427015,0.25757562272739093,0.4741844839734801,0.3610701906931892,0.2574333964742328,0.4741885124635017,0.36107225932074355,0.25733926447818556,0.47431273770826504,0.3611038449761037,0.2572952254205082,0.4899621540697333,0.36110991429795625,0.2578121646351413,0.47946413762283074,0.3611163489036332,0.25737529509745793,0.47415886111838695,0.36111739591488046,0.25771747197733297,0.47503126955548014,0.3611975380762905,0.2574248554519181,0.4741503715384113,0.3612049620153793,0.25776409690363505,0.47416416857107757,0.3612971051849622,0.2575380583586673,0.47415180018160125,0.3613308177858345,0.25753019888583806,0.4816953351766205
0.2323825493910582,0.38263822157841615,0.2608487502873041,0.23265373078815665,0.38254394345598025,0.21754690147199562,0.23272262800108073,0.3824396881619606,0.225149848965697,0.23276050979971089,0.38244329263141086,0.217873131711391,0.23283529810528897,0.38253079334784873,0.21798669009511884
0.9784596738288025,0.6374109446824949,0.06483338688434077,0.9784620695099516,0.6375807577217667,0.05984832963473065,0.9786158136934741,0.6368991373005628,0.0769618939829978,0.9786217187056945,0.6373841729647198,0.06296150474082628,0.978749115986006,0.6377360051835329,0.06080967915355301,0.9789166252322306,0.6368043032619248,0.061744158744493696
0.6337540208286453,0.6789293412351056,0.8380998251712231,0.6337649743084919,0.6791608828625294,0.8380864521916885,0.6337702487453682,0.6790364205396751,0.8672981146799059,0.6337754446436239,0.6789954832106471,0.8381190471085818,0.6338081565560618,0.6789025495500289,0.8757707588746746,0.6338113362152814,0.6791791795563079,0.8381053542523383,0.6338358950074474,0.6789780409169213,0.8573969388515159,0.6338621931761892,0.6786095816969387,0.8394599248512473,0.6338656272433766,0.6787147857468053,0.8384438519163834,0.6338853938554003,0.6787179882561801,0.838482369644428,0.6339169387340912,0.6794086574071445,0.8431335377229907,0.633992312011928,0.679098344181486,0.838133235758429,0.6339963879949471,0.6792538976614968,0.8938839103404219,0.6340093765697146,0.6786946609598405,0.8448189673162889,0.6340830362512735,0.6790251350303815,0.8454509363059282,0.6340872949516363,0.6787639357974184,0.8391837679664611,0.6341253958972207,0.6792451262302579,0.8382143319950608,0.6341295605482177,0.6787337221265042,0.8381857680966373,0.6341337278088076,0.6786057384651767,0.8523985805886828,0.634154360680817,0.6787842798885496,0.8658807863759757,0.6341683825232387,0.6789954152783599,0.8382721512268367,0.6342770228234154,0.6787043936292896,0.8688354322604603,0.6342856320607267,0.6790704733291467,0.8417423293134731,0.6342912964112568,0.6792692790750531,0.8390460447508155,0.6343479830188373,0.6788441704238257,0.840684610765919,0.6343936776717433,0.6788727901078119,0.8422931627709404
0.8619430292929949,0.47492805703390406,0.06446754253800083,0.862067720778012,0.47507575577765004,0.05533736581649892,0.8620785778058346,0.47510516953601717,0.05497534096597141,0.8621305658193649,0.47501616430708393,0.07162838887448515,0.8622105458644341,0.47488193403556633,0.052880713925541376,0.8623334647564844,0.4752065241983272,0.0528499709720817,0.8624675342366711,0.47529071679556584,0.06250344450923881,0.8626023452291887,0.4748569617004673,0.1296933300385003
0.42282838984457627,0.13750571540015596,0.03613329250825454,0.42300291817621455,0.13755900784444886,0.030370935307349908,0.42317753842665873,0.1375333115016498,0.030128502267089814,0.4233452799224434,0.1378541239359361,0.04128749591270972,0.4234720662470898,0.13774842003723062,0.030321262171293724,0.42367875927423176,0.13734689512252135,0.03011199464632208
0.7589803891599975,0.09314070983951647,0.7369849331988906,0.7590649845902727,0.09298676019749974,0.7369954365487776,0.7590736469223667,0.09328423673535609,0.7586843044173058,0.7593045314636332,0.0932035417487632,0.7371004590284195,0.7593506692255089,0.09272366714836487,0.7374680090684311,0.7593606197733888,0.09316190690828408,0.7376851904858819,0.7593656336072172,0.09286966669788244,0.7599691996606412,0.7593869383778044,0.09308255163927012,0.749922149438374,0.7594504756071244,0.0934694871430682,0.7533033876671957,0.7594593049713614,0.0927570101881599,0.7378324569072242,0.7594836644033234,0.09308519421623672,0.7400752250690449,0.7594897147364105,0.09285489032473206,0.7370057950570748,0.7595306852727738,0.09292820772493891,0.7415212913851377,0.7595544738086942,0.09288290574811718,0.7370359695361405,0.7595843921062618,0.09311381434949839,0.7551573724373875,0.7596933564160102,0.09336821791585978,0.7378709938354808
0.287717827429752,0.53969721500202,0.5488010712328023,0.2877451657529439,0.5396276561283764,0.5339991681035645,0.2877660661077915,0.5397246507916499,0.5865164471676976,0.2877664839559738,0.5392264401657629,0.5432653844427918,0.2877819988885463,0.5398903407450346,0.5605181848074637,0.287852757693541,0.5395471328106656,0.5542241593174523,0.28786542214994776,0.5396043228228184,0.5609417035305975,0.2878921230943414,0.5395732867071743,0.5628512367877755,0.28789374929592804,0.5396752139934504,0.5412346362606182,0.28790406299261645,0.5395320837325457,0.6009367993350745,0.2879872113003968,0.5391843458512194,0.5352280610415519,0.2879925888474507,0.5393900895419665,0.5338993618555914,0.28799347677328724,0.5397816423691809,0.5676011127766708,0.28801029240983034,0.5397973603811655,0.533910316193427,0.2880265441735346,0.539645578221098,0.551916829753108,0.2880734355952639,0.539544690177332,0.5339229415593502,0.2880753832968702,0.5397277757385128,0.5543089295672626,0.2880948482601691,0.5394400916243818,0.5475400510014237,0.28816437380668825,0.5396131680361552,0.5555866286154543,0.28823443881129146,0.5399377162904182,0.5343369727098133
0.35810839456220955,0.5150466193779949,0.22006645703315075,0.3581298007147921,0.5153074233846202,0.2622967974139483,0.358184087525983,0.515387072908488,0.21848062190004772,0.3581919739913455,0.5153955277023549,0.21847591145794024,0.3581921141783676,0.5154723667593818,0.21890431523925447,0.3582158696128089,0.5152749388522678,0.2184970079353699,0.358221603197047,0.5149300628151977,0.2667724754521686,0.3582269230002419,0.5151674828116283,0.23488496724525354,0.3582332354922654,0.515359951396922,0.2192446294777169,0.35823521223425464,0.5151282160827587,0.2504403735751568,0.35823866929098297,0.5154738079580854,0.21848194051822656,0.3582460981250595,0.5154863041844364,0.2582354153646742,0.35832092112384695,0.5150802787583703,0.23846903570763223,0.3583255163769253,0.5154498211841139,0.21851849570270032,0.35833384116248646,0.5153307002018376,0.21846074043650043,0.3583660894942283,0.5150448189550282,0.21925431014987334,0.3583921465550883,0.5153363882037946,0.22826404608552103,0.358424774625719,0.5152054948050344,0.22445847724525372,0.35849119474604896,0.515112877004071,0.23172043063151168,0.3585051562170813,0.5153276235351665,0.2395652594289778,0.35854555853933684,0.5153478521008511,0.21849494117213963,0.35856664134529403,0.5152788183550644,0.21930957419360597,0.3587079747025009,0.5154313870153009,0.21892057177875884
0.8461622633800266,0.7203031281549667,0.009167106301351558,0.8463190503264696,0.720436792959131,0.030533144432801074,0.8464240488602945,0.720647345012034,0.028256939859303123,0.8465782046237457,0.7205404499424507,0.03531783182091114,0.8466214140985802,0.7205143958669952,0.01725335195441734,0.8466720601329571,0.7205492466460489,0.010298397421314876,0.8467002757760099,0.720256082253735,0.009286870401965353,0.846877781020927,0.7199159079357216,0.01882257624700763,0.8472098329637758,0.720164292305672,0.009148763012939898
0.6943341543901389,0.5529016881392402,0.3050939755207913,0.694425828509914,0.5529178876934823,0.30375679898249286,0.6945609158217595,0.5529240508411597,0.30369050982064805,0.6946045591404603,0.5528785729863325,0.30491451357330257,0.694617091796981,0.552553538743533,0.3105817578251843,0.6946447358638227,0.5528380968650863,0.30375666469621687,0.694661982486025,0.5528380692952197,0.304062317782285,0.6946631226455263,0.5525588366164177,0.30366971228556,0.6946633934935521,0.5525661696689314,0.30387540660849816,0.6946679336156062,0.5524383294936797,0.30367375633539945,0.6946766812714104,0.5527962556711585,0.30397817631413937,0.6946903195262726,0.5527837870504614,0.3131677335124278,0.6947134173104483,0.5526417293628338,0.34583365155360585,0.6947173580119308,0.5527243778483203,0.3039158254981551,0.6947256963538164,0.5531999097036402,0.3407258932256901,0.6947285763851458,0.5527997560647888,0.3043593863144505,0.6947327644337049,0.5527045153390291,0.30440818980222756,0.6947537134592187,0.5529395369994058,0.30374621497456533,0.6947629581700102,0.5526607433866353,0.3048241010649467,0.6947860500336819,0.5524409064554944,0.3377530007961398,0.6947979823557181,0.5523412609518437,0.30374207966576716,0.6948139545331709,0.5530236183158029,0.3053142525942881,0.694839796507312,0.5525626302912249,0.30367599266910583,0.694853235077905,0.5531838582171653,0.30481755303390007,0.6948893261236874,0.5526343780941648,0.31008221596430807,0.6949064179353321,0.552963647005679,0.3037621521975023,0.6949093597283387,0.5528804411731468,0.32438257750167043,0.6949153435245954,0.5529053653978712,0.3040255347930262,0.6949329554766439,0.5529106148389026,0.30382551519217277,0.6949500476358738,0.5526290668490734,0.3058847693139106,0.6950280580441335,0.5526235392134189,0.3040878216379848,0.695032767847731,0.5528661901565451,0.3041044961621375,0.6950355130402813,0.5529667989774584,0.32964021399134563,0.6951098853144099,0.5528552178309576,0.30370860861784416,0.6951170215353796,0.552743534037792,0.32253686297930356,0.6952380886108458,0.552511150877995,0.30445259574511757
0.7470624271909491,0.9978597166229335,0.2557091631842054,0.7471509998619901,0.9974344795853926,0.2672501777100631,0.7471651530145822,0.9975089318462814,0.2580096483428321,0.7472833909122788,0.998026780053736,0.2612257867325806,0.747308498587089,0.9977898015009876,0.29479029754089586,0.7473132571211372,0.997590755278207,0.28169465091755824,0.7473283629602804,0.9976651541466365,0.255895162055366,0.7474286239139162,0.9978214202924764,0.25822500827240186,0.7474725097309763,0.9975996064012354,0.255777784481773,0.7474818349287861,0.9975742097766438,0.25581234096302913,0.7474935290081204,0.9975785980135596,0.2557095830494703,0.747781220229241,0.9978306347508389,0.25574355837065366
0.803477231935245,0.6615481123952502,0.5313777882993603,0.8036767848847766,0.6616451939299852,0.5413949024692487,0.803722929882289,0.6615276317497291,0.5322326281073985,0.8037437265696724,0.6613852522362433,0.5312318672894543,0.8038013658715326,0.6613472490365302,0.5312577929784654,0.8038325380747458,0.6609934392957453,0.5337843105991146,0.8038903280742611,0.6616327857977912,0.5394256650540857,0.8039011626385212,0.6614947102617534,0.5394565347952419,0.803938254573966,0.6616632233388479,0.5319665069657505,0.8039846833618672,0.6613797206602191,0.5313596020564123,0.8040112019257668,0.6614967456837102,0.5312157087272732,0.8040184963759432,0.6615559560242734,0.5312504174282117,0.8040258173493537,0.6612238889482914,0.5314188680050118,0.804039724610571,0.6609366272510723,0.5392507936061325,0.8040847468098906,0.6610545641715636,0.532022807973769,0.8040899193834955,0.6619408203433913,0.5619280003728016,0.8041153447490366,0.660987216641309,0.5313458603446417,0.8041318240654654,0.6612532957925135,0.5319228866118386,0.8041436382187667,0.6614067866634037,0.5416205399546125,0.8041583902342022,0.6620208207401127,0.5312637997074433,0.804187812690196,0.6611127752820696,0.5312427480648427,0.8041904471783392,0.661273944300319,0.5312267561849406,0.8042265355427891,0.6615509147480321,0.5324525255048701,0.8042650051448752,0.661210976283796,0.5589319751635828,0.8043628814643209,0.6613340303363245,0.5457923587490416
0.5525926944705674,0.0287062361538268,0.7261987412527954,0.5527176419721082,0.02910460225795682,0.7276663291350804,0.5527922824121185,0.02866397557858663,0.7268798399730338,0.5528524344728653,0.028606587894840288,0.7264014632923792,0.5528564899482171,0.028449339055045417,0.7262772947923175,0.5528778219986614,0.02932050059304043,0.7262004020799906,0.5528829851790552,0.028519601736079953,0.7264243865938569,0.5529181919270106,0.02884149921737475,0.7261825412324244,0.5529232535726599,0.028839391946863496,0.7390863394565356,0.5529330216100615,0.028897967288914833,0.775443015794045,0.5529518671430035,0.028759285399961036,0.7399392757864655,0.5529676363543129,0.028847427082073246,0.7298769107312773,0.5529700366590814,0.028736419130257453,0.7438003527484642,0.5529717199449958,0.028987916052437904,0.7261885758974632,0.5529807048742564,0.028829383484536328,0.7315979601357626,0.5530154792138674,0.02886239395419001,0.7286847385905255,0.5530218950346019,0.029078325235502002,0.72612351794397,0.5530373717771881,0.028691902141884062,0.7262260172073114,0.5530740931766068,0.028593531850415188,0.7302588136366917,0.5531012173026835,0.02922369905196963,0.7521796486243555,0.5531252305742413,0.02882194145811355,0.7262167494136936
0.7553599783752655,0.9113932004996231,0.9617609135033065,0.755559112080468,0.9113613454345909,0.9567783114518615,0.7555695011954481,0.9113075471023113,0.9531525559584538,0.755580496062925,0.9109914068414195,0.9532296065740722,0.7556277527874716,0.9112668811872955,0.9531785968109666,0.75566983717274,0.9113478187769635,0.9532508024542201,0.7556971137243023,0.911122525789615,0.9535310405991542,0.7557289630106002,0.9115688735689382,0.9743670534562244,0.7558011217444223,0.9112731100755312,0.9531393300050435,0.7558016045213075,0.9114521936220579,0.9532996903485084,0.7558083968104693,0.9117512282292465,0.953202950753564,0.7558782512331396,0.9113212633575445,0.9569565042971101,0.7558789011211897,0.9114202217775299,0.9581185621604794,0.7559261147071248,0.9114624766024813,0.9532884391719602,0.7559916108004658,0.9113339684425086,0.9531917057503316
0.8424009380693007,0.7997377516820424,0.0511619142360531,0.8424555973911543,0.7995003732910182,0.051177572541835484,0.8424941535774896,0.799848669881831,0.05113509007618351,0.8424997836356368,0.7992450141208685,0.05129106211356095,0.8426438070732358,0.7994993776381076,0.06603031187485077,0.8426681999903647,0.7997078074250746,0.08057775225819852,0.8427292981739953,0.799798699836703,0.051389187925854236,0.8428226550696648,0.7997407383248223,0.0522001059368215
0.7070054466335474,0.12034101255151475,0.16447542863246833,0.707074972779067,0.12030228737854907,0.15875798067262764,0.7070764611247824,0.12024743503632525,0.1586851162754368,0.7071558250889936,0.12063576833916026,0.1584917442971713,0.7072108072422976,0.12012677544404161,0.15849322248463985,0.7072173333477666,0.11996453630430455,0.16532610230322953,0.7072641382801467,0.11995170725951323,0.18933831664813078,0.707350530149676,0.12042283886152678,0.16536063960268035,0.7073643190691821,0.12066131197772949,0.17717976625836548,0.7073826158737169,0.12056553181374145,0.15850617854063098,0.7073988213413042,0.12036697397257705,0.16709847809844447,0.7074021936481182,0.12041486392331072,0.1585175587695597,0.7074227807318142,0.12028438631958946,0.158642012213145,0.7074387403503252,0.12060782376821157,0.1756861087747884,0.7074493846534876,0.12015267101984517,0.15854641919191997,0.7074583383857561,0.12040196681959538,0.178457492260722,0.7074666496839456,0.12060331713894196,0.1585043828656951,0.7075144641276954,0.12080713074528807,0.15884218379994605,0.7075313104803316,0.12042202397183108,0.15859175844720186,0.7075526846037601,0.12034132550208289,0.15911817849738488,0.7075881645995015,0.12061140922712589,0.15855335239230003,0.7075937829056322,0.12073192178487117,0.1585474005732221,0.7076312726738677,0.12066646118300507,0.15858014444700216,0.707648826142522,0.12028261496787394,0.16004491709239602,0.7076670780691785,0.1201931170040833,0.15925143279974124
0.23827856109704426,0.9440536052138444,0.22129508964788563,0.23829270381945208,0.944278303487152,0.20731688673583729,0.23830214700702645,0.9441555824218998,0.22857953244363954,0.2383024958922115,0.9439350091564055,0.20214443167414933,0.2383489782605197,0.9442099567208415,0.25076077075457504,0.23837583099038395,0.9442308971755768,0.20213485177636242,0.23838740335521053,0.9442183662416784,0.20656565853886266,0.23840816011988805,0.9439974128392334,0.20231062604913713,0.238418939565561,0.9440702426802757,0.21188485575865607,0.23842288297918363,0.9441117523334844,0.23355860288227967,0.23845882375863195,0.9441362726938851,0.2021165619662017,0.23847189106685915,0.9446109246675471,0.20213989920972897,0.2384746002208758,0.9443551150103092,0.20236558453040232,0.2384785654989732,0.9445648134697573,0.2987320076017387,0.23849556397888844,0.9443679432049216,0.20557795579056007,0.23857116205278792,0.9441424379297944,0.22900523278024848,0.23860404216958386,0.9441691032123541,0.20212068507528066,0.23861366884482316,0.9441897881672642,0.20943769505179347,0.23862214145024835,0.9438588615796982,0.2527630086133033,0.23867438946498992,0.9441431639712226,0.20669165418537094,0.23870380982137412,0.9438503621862285,0.20226105907603198,0.23882102343593753,0.9443829993706216,0.2022734827471664,0.2388702291973019,0.9443165790670388,0.24929356268059966,0.23892130523127927,0.9440867842285987,0.25954957175625626
0.8949309063814936,0.6060895154389982,0.16598313119217262,0.8950003818357316,0.6062577819947872,0.1594332144192569,0.8950074619428966,0.6062760375265589,0.1604691398400463,0.8950174718292028,0.6062033123887952,0.15943904532670547,0.8951096321001275,0.6060856442743233,0.1890650993079872,0.8951117253700389,0.6061500047805194,0.16200876496108113,0.8952027124740423,0.6062236786080462,0.20247816187316986,0.8952100114744133,0.6055772134629359,0.16324095605326672,0.8952500897236759,0.6059764138064502,0.18234424551237796,0.895262144396601,0.6060895053509515,0.16849215692630432,0.8952646625752476,0.6058511126021058,0.1651740079102043,0.8952742580438408,0.6059256392385672,0.2009634899804555,0.8952890720230916,0.606230556704495,0.17747737741486208,0.8953011349285134,0.6062034989589391,0.16307213071604473,0.8953023184843348,0.6060716561231658,0.15946389749403192,0.8953212436947735,0.6061181430351326,0.15945061605917954,0.8953256735651695,0.605928134176166,0.1594425380814345,0.8953258459065686,0.6062760464865445,0.22383130075494445,0.8953327059290584,0.6062197139420441,0.1937652573414439,0.8953467951080415,0.606172414380229,0.16164647074520888,0.8953560515647297,0.6058637726830077,0.18586047801140018,0.8953610765390368,0.6063754717804198,0.15950643423485444,0.8953667659119153,0.6056767672988833,0.15946923253932926,0.8953744462914944,0.6058869301787535,0.15960616532429875,0.8953812999407127,0.6060249991094014,0.15949089329585425,0.895393257712136,0.6058827597364399,0.15953682713016387,0.8954114384684235,0.6060633036704777,0.1595938340292071,0.895437931170721,0.606014048776326,0.15944625379205912,0.8954559734152742,0.6056135345488781,0.16022924424022655,0.8954721461644142,0.6059176309835729,0.1595571332820783,0.895474345398961,0.6057095239481193,0.16865391551548065,0.8954748210515378,0.6060382618396046,0.1613896094806065,0.895479349212334,0.6057369899314333,0.18189732614325224,0.8955342297936557,0.60643921207645,0.1635276851974069,0.8955410132802365,0.6059144457424697,0.1644642089413359,0.8955463296327644,0.6061340151175533,0.1639563376107211,0.8955515128609578,0.6061179660949452,0.18398493897292223,0.8955522743871116,0.6057155122373495,0.16830431912275648,0.8955528398338856,0.6064638812011491,0.15944980212546842,0.895558085428037,0.6057564780085287,0.18102053482147532,0.8955610252239222,0.606145306422994,0.17948186486485318,0.8955804725715598,0.6060598120646115,0.17092882970342657,0.8955904407440135,0.605928383476294,0.15962094400417562,0.8955962469304481,0.6061068244744241,0.17071730060028695,0.8956372738695386,0.6058372148252175,0.15979995396324131,0.8956629316171778,0.6061131367224165,0.15945448440698926,0.8956720484303241,0.605937510800831,0.15945470261509515,0.8956840637510504,0.6057802113389209,0.15951228968297035,0.895686258627809,0.6056533821814448,0.1674361796869571,0.8957355452295217,0.6061016744269514,0.1659074195414939,0.8957511694137325,0.6057520424075559,0.1643411286123677,0.8957791352578115,0.6059225580698808,0.1618987452368439,0.8958011975181133,0.6062779980691462,0.16613279135861914,0.8958464852498584,0.6057562832146273,0.15944836535130477
0.15155632860425655,0.8251352075775648,0.9922068678953286,0.15175434969581292,0.8254603140479175,0.9557660993883967,0.15178378184686736,0.8251410103327439,0.9859853988133408,0.15180033534326937,0.8246828101325319,0.9560239322189136,0.151828772139656,0.8249341463405577,0.9737251439524769,0.15185339171428341,0.8248189708949526,0.9737692645223598,0.1518888143955618,0.825407665410763,0.9953752591215534,0.15189287160987908,0.8252902375092165,0.9898837843441156,0.15190787972431063,0.8249717533231647,0.9556891273440866,0.15212846511697806,0.8253518415865014,0.9556913279528799
0.7153394786816148,0.25546369849380196,0.9353122825159914,0.7153492750694218,0.25525138542496173,0.9638459284375788,0.7154067551439833,0.2559770832708365,0.9531671816340905,0.7154778146327748,0.2553989941370382,0.9354155255602824,0.7154997228602026,0.25515389809780364,0.9385531057432469,0.7155543070033865,0.2559525421056631,0.9361647576337555,0.7155557679095428,0.2558170421183392,0.935623056543438,0.7155712449858896,0.25587202764627304,0.939839914743309,0.7155895466417439,0.2554348749061046,0.9659358040446532,0.7156183814849277,0.25576364823140485,0.9357324420687934,0.7156213968105603,0.2555947081351751,0.9352870918925859,0.7156284565751073,0.25567521392995307,0.9354444427592742,0.7156349831999911,0.2558595411296195,0.9355064783317508,0.7156700098552309,0.25559059089366143,0.959974776969986,0.7156936214897774,0.2554365032991375,0.9353377335823334,0.7157018730144287,0.25568979131496844,0.9439751792639037,0.7157675393041484,0.2555261267232188,0.9408419201254568,0.7157685985020406,0.2555851921577624,0.9355375034526191,0.7158194297963374,0.25613772790802797,0.9353006372465547,0.7158406317545448,0.25557616913916315,0.9357173625817361,0.7158474494562738,0.2557562135074688,0.9519491882791458,0.7159404283025778,0.2556075630430285,0.9470400104446545,0.7159544787086235,0.2555248711292127,0.9663784715930378,0.716042181206143,0.25557235246678567,0.9813596885755269,0.7160499439639266,0.2557714614313762,0.9380573262368013,0.7161324840062456,0.2558865827227597,0.935336029582325
0.5444173296600638,0.006610222028634731,0.18222675974091135,0.5444830679550322,0.006615545546239445,0.17027086086147275,0.5444927630096444,0.006554673814498037,0.1691112447408268,0.5444933972855217,0.0068373018269511044,0.1707966803704291,0.5445078376718773,0.006703510963314799,0.17128707034028318,0.5445187441076541,0.006563827449285128,0.17031916506312805,0.5445205110336097,0.006518117001511558,0.16907927284721702,0.5445530551171825,0.006626781360015742,0.16960096584083517,0.5445636137352294,0.006491466130639372,0.1789100123728228,0.5445971258555502,0.00682143983390799,0.19803914123555655,0.5445992479870476,0.006583286143512953,0.17670652453201827,0.544619419010699,0.006131989470917578,0.18901861802505904,0.5446197778567412,0.006673575208779824,0.1690752821185625,0.5446347940478873,0.00633663157661925,0.17244527285138223,0.5446649625136292,0.006730873294516216,0.17621321401292225,0.544667606134547,0.006568450817146583,0.23426372655652838,0.5446700879287707,0.006311241455375387,0.17430370773151077,0.5446846052120639,0.006066560643612222,0.16940946537901627,0.5447001943312002,0.006511009410587217,0.18998398254510634,0.5447128328438532,0.0067894890249208415,0.1739960561714488,0.5447225213835989,0.006473555604665934,0.1749343327058585,0.5447298441871665,0.0065621977034434256,0.16898621886267634,0.5447371839046915,0.006291425682252041,0.2172482174769796,0.5447449383868586,0.006591816477656614,0.17008889498182014,0.5447614657543621,0.00655559278484856,0.16938496396756536,0.5447770697266595,0.006518864045424612,0.17474260838630518,0.5447810530433178,0.006521685125527058,0.16898024771676434,0.5447982946582948,0.005743058096283796,0.16899058364145333,0.5448068048437589,0.00668382513073204,0.16896019803792486,0.5448072029162595,0.006311147981167515,0.17790825050619818,0.5448182742912894,0.006493847567037325,0.1692978667872967,0.5448383887843772,0.0070804553130739455,0.1841752255130173,0.5448525216034091,0.006761731396934319,0.18136317571760677,0.5448590757036471,0.006500724903194457,0.16940513737047705,0.5448927049767851,0.006795838000830811,0.25301493098935807,0.544897308916661,0.006219380263239208,0.16964352330874108,0.5448991761182165,0.0065880570096297515,0.16911371525525024,0.544903097703173,0.006554961596208756,0.16930958876872276,0.5449032847427622,0.006498036044994238,0.16991317704757053,0.5449265453523433,0.00588603432911615,0.2400133082426804,0.5449274235076426,0.0063737402660096155,0.16925868982726522,0.5449331950398048,0.006599310729079429,0.17012325128754113,0.5449344021420414,0.006392859093920414,0.16896708437559083,0.544939543542944,0.006563617557116689,0.16897172500514185,0.5449405700348269,0.0064032820068846835,0.18463480547623848,0.5449415016843636,0.006590178579920127,0.1689987205455485,0.5449633006107057,0.006684881606424506,0.169086992897409,0.5449661319977315,0.0063664659339331105,0.18357582244358078,0.544987760723364,0.006165607506665878,0.17218729040286773,0.5449899427277549,0.006391274300365527,0.17353327904179278,0.5450131948468969,0.006518206730803808,0.17590216024912123,0.5450180448791567,0.006404463518733803,0.16915013675801888,0.5450220635505173,0.006582333555632896,0.19964518728794167,0.54502968415741,0.006782928776379714,0.16899593287237213,0.5450497242120181,0.006198864351898702,0.16921981553564044,0.5450512505807278,0.006556370018065639,0.1782598104491758,0.5450720637274938,0.00617870403722418,0.1689666023781122,0.5451307488377483,0.006147958162244493,0.234860128683906,0.5451402686767104,0.006453203881260786,0.18442438765657887,0.5451502222927705,0.006113658119919414,0.1689645324780439,0.5451540800936018,0.00630465174228579,0.16903786460761475,0.5451802124815407,0.006537189576446685,0.16895976495974874,0.5452133987338873,0.006726182401640472,0.16899359707394412
0.690817283065561,0.9848145634206408,0.5509967759259593,0.6909120668056816,0.9852327727926976,0.5559928549067484,0.6909677850719074,0.9853340530628685,0.5511864488214436,0.6909721143644509,0.9852229880001917,0.562252500586496,0.6909815668838579,0.9855488484738756,0.5522832984761907,0.6910106534980072,0.985519144255352,0.5709642796791417,0.6910136937599822,0.9851453729078279,0.5568489871419886,0.6911080593999539,0.9852298787189112,0.5514604971756852,0.6911636934843718,0.9848419254916845,0.5519762638423811,0.6911699383450084,0.9853339976150539,0.5640600329729122,0.691190118689549,0.9854497174949208,0.5516786301071098,0.6912127994509785,0.9852451915624539,0.5510061408370236,0.6912649378658233,0.9854592837889067,0.5513072925084973,0.6913140099988697,0.9849555848406,0.5688044121665103,0.6914053167825626,0.9857742570936071,0.583637024606679,0.691457773046553,0.9852267922130538,0.5637610471861951,0.6914884447013523,0.985199442250371,0.5715100238602002,0.6915130443874893,0.9852642605881231,0.551070129341177
0.6188433529333368,0.9500309727329406,0.23769735829913285,0.6188935235977178,0.9499870728957532,0.2377583556755483,0.6190152921612376,0.9498387032709951,0.23802562916080158,0.6190690709919363,0.9494097631199521,0.23874283299532925,0.6191481492242679,0.9502687050594938,0.23768888298390056,0.6191486459063968,0.9499718842052671,0.23798868133939163,0.6191663927488537,0.9498471930938198,0.2377755081915476,0.619171909714318,0.9498534370952001,0.25091032179568806,0.6192075706010516,0.9499271937787173,0.24717390469842293,0.6192548973186798,0.9501296445391728,0.245625803038861,0.6193229031556269,0.9502207564698073,0.2378605612082323,0.619330098549826,0.9496885482609388,0.2385754769120032,0.6193775224394461,0.9498939769657223,0.2519922256791538,0.6193941958109412,0.9496401707930302,0.2627279361619656,0.6194816378032587,0.950061512715657,0.2501954815209296,0.619598877097305,0.9496258948255455,0.2671053522793259,0.6196745434753858,0.9502681601037102,0.23771767749056671
0.37420672161192053,0.7578346927315328,0.06331115579275715,0.37449495728675436,0.7573671652716731,0.0613690700974864,0.37452057753895474,0.7574477419491183,0.059247942616616,0.3746026392668214,0.7574174572716621,0.0595634412961205,0.37462203612507683,0.7573660529488158,0.06131889676316508,0.37464748228910727,0.7575110203638132,0.05943303689983072,0.3746922672466245,0.7576433315095852,0.05947417043990497,0.37473583699687674,0.7575582079219189,0.06839851474263434,0.3747429088419372,0.7569865011421464,0.06473045378648835,0.3747457804504418,0.7574642061171939,0.05933956282755245,0.37476548771477003,0.757567025403326,0.11118601423291236,0.37478619160258597,0.7574938969473862,0.0601357739307426,0.3747952539024284,0.7573851240269274,0.07712276260900998,0.37481271915364384,0.7572761107715099,0.06027047512531952,0.37485272091355487,0.7573502222488719,0.06942472878586889,0.374933785047861,0.7573399280916555,0.059271797180401056,0.3749705758926315,0.7572985593680762,0.06179702348331613,0.3750157311159252,0.7574147752511761,0.07081597473337706,0.37501751293731805,0.757704638907771,0.05957735579001587,0.37504135871809774,0.7574801054697434,0.05926760648412281,0.37504190891149697,0.7570159637385553,0.06579315019919486,0.3750482912553768,0.757989484961052,0.06117588599549241,0.37511232682928886,0.7578592463546884,0.059598661780916995,0.37514443962744753,0.7575298159332029,0.05943788832464138,0.37515000666050086,0.7574850790632671,0.08678022167375603,0.3752262393555234,0.7574675534470983,0.05975016378727125
0.8402355829330233,0.40192251335962115,0.2044450012110512,0.8403881630640077,0.40212622125634556,0.2043864430882887,0.8403955990435164,0.40184920668427626,0.2046629513959411,0.8404549699487602,0.4021454270569379,0.2044335615031805,0.8404872465841284,0.40217949744198106,0.20439519582877705,0.8405060996686835,0.4022745160985837,0.20525312704656584,0.8405195575114056,0.4016713673465551,0.20440647006363286,0.8405205238624799,0.40197718531632615,0.20439451142572815,0.8405538132544789,0.4020287314845063,0.20969020982922493,0.8405709069458134,0.4018088982767795,0.2218432203053659,0.8405851963212553,0.40194906532108343,0.21899888699812514,0.8405941299224373,0.4020169495037459,0.2066691666485262,0.8406068072025223,0.4022385389404565,0.21561352707940118,0.8406530588723796,0.40194424514365107,0.20438412707692558,0.8406567215912852,0.4018810695979284,0.20439524802659523,0.8406690127191305,0.4018090360789331,0.2044103655807745,0.8406731393264084,0.4021076688748583,0.21839944525711702,0.8406871528867428,0.4020584932372972,0.20443463397042103,0.8406908513036013,0.4020467751939843,0.20442164818762482,0.8407232305763439,0.4021908752497165,0.2044790303925919,0.8407238176759234,0.401574529392134,0.22543510223713903,0.8407358826962947,0.40194146501241335,0.20439661191123626,0.8407382874596065,0.40197464238812664,0.20440980120843244,0.8407408455621389,0.40147699507702855,0.21341709644596757,0.8407420503938263,0.40209109584358,0.2365371952528408,0.8407444047723874,0.40186067894315103,0.21593839781080434,0.840768010610732,0.40205898952393426,0.20444127816660934,0.8407718894368135,0.4017026926537864,0.2056268050139525,0.8407790833339862,0.4019654444428645,0.26053177074473244,0.8407817968251681,0.40196199203688154,0.20442853342664954,0.8408059715955847,0.40167498242280586,0.20451688394238518,0.8408164456924667,0.40215726376907646,0.2046250504990121,0.8408438491617873,0.4016237631515765,0.21040187138678815,0.8408539458467271,0.4020993519645094,0.21432983713688106,0.8408754053469667,0.4021127280205999,0.20596975676834564,0.8408840304312395,0.40205806970520264,0.21059403837703758,0.8408896205520805,0.40190825940624897,0.2319457419174982,0.8409073691387927,0.4020347424491045,0.20439549969863235,0.8409375048156286,0.402025473359242,0.20439141635146404,0.8409456976619123,0.40179616647080585,0.21798320182941522,0.8409515231304963,0.401988309063878,0.2044110121035082,0.8409761116536176,0.40159077594799647,0.20925139676950064,0.8409929951774879,0.4017323195250472,0.20449007868634517,0.8409937187060155,0.4019002443521047,0.20455185977319734,0.8410071914729186,0.4018801417007586,0.20438607080792873,0.841277967686529,0.4020017996614395,0.23014965356717088
0.6062194506525987,0.2054705892222275,0.8764154427836048,0.606385334845131,0.2054907869262407,0.876142636267008,0.6063871142807528,0.20555408907946918,0.87612544344312,0.6064255178776016,0.2054295885281601,0.9151032369783847,0.6064287072939124,0.20538484765526224,0.8761453968739301,0.6064794430753605,0.20566017645032167,0.8896692730188692,0.6064834754196173,0.20541199408166178,0.8947924142324845,0.6064903624686685,0.20539023265585615,0.876050199746691,0.6064938929859814,0.20553375258742573,0.8768247392218549,0.6065071983281006,0.20582730667485338,0.8760554864455097,0.6065598830042818,0.20540671709614794,0.9075905341472343,0.6065616136121448,0.20550902355411163,0.8762613956268661,0.6065652984219307,0.20565232334393405,0.876375869369893,0.6065676199562132,0.20569077851398063,0.8761938412562436,0.606579719371486,0.2055395063004344,0.8822396222393164,0.6065848024991085,0.20514607359198214,0.8917841892834942,0.6065937700371685,0.20535760855504445,0.8854100726888537,0.6065960887234734,0.20532735220757783,0.8760436786886874,0.6066444451737595,0.20539350402809284,0.8762856660621376,0.6067096876025562,0.20546172354747266,0.8883651911232874,0.6067105787725035,0.2057160388730858,0.8760416282814643,0.6067400296056041,0.20525031371414623,0.8763170035353331,0.6067410361863702,0.2057201600714868,0.8778135865216306,0.606742448424176,0.20558459800776457,0.8760367150138044,0.6067513334874087,0.20530543281681804,0.8760373696318263,0.6067534076571224,0.2054470508162817,0.8876124210964527,0.6067715302113544,0.2054266472234968,0.8761248912298082,0.6068021848821019,0.20504149492063817,0.8831515480583204,0.6068085457927624,0.20563590519259176,0.8760677251325292,0.606860166425435,0.20553585366676652,0.8866929836863461,0.6069188814292676,0.205773810303648,0.8760709437316551,0.6069235914243983,0.2050555385345751,0.8763766822055017,0.6069586289044245,0.20518301456081492,0.8761950248255043,0.6069739211853873,0.20554520009437505,0.876141723466241
0.38035909620962677,0.5886008377943615,0.9446962655782571,0.3805545279234088,0.588280622825275,0.9604812124469919,0.3806343924971069,0.5879490245933291,0.9539979667034763,0.3806539907378675,0.588328341758888,0.9710783414036089,0.3806549186784437,0.5886627109523919,0.9453940934080168,0.38071933455543944,0.5886215737065755,0.9452979208205364,0.3807297590145063,0.5883598272114433,0.9446009948886274,0.380730283508769,0.5884510137307734,0.9609880603525419,0.38073246353117396,0.58858492927866,0.9445975035450336,0.38073262739211156,0.5880923785918128,0.9445997690681327,0.3807381978849168,0.5885029725738883,0.9446775594609701,0.3807432182420053,0.5885981319566513,0.9716826943062257,0.38082327062762833,0.5883697679657288,0.9447622783429912,0.3808272355837493,0.5886767249579311,0.9446237810900532,0.380832700282475,0.5882545916715064,0.9449506119483967,0.380876704023984,0.5887279965653114,0.9449230660274741,0.38093868204524967,0.588507406354018,0.9513700623881344,0.38095443543362384,0.5887532957560541,0.9446466382311822,0.3810143807811214,0.5885527409392945,0.9447242490190063,0.3810192787414283,0.5885677768156616,0.9547430404668983,0.38102513586993114,0.588725470103891,0.9758459202810356,0.3810682446404029,0.5882847079436602,0.9513403068454453,0.38111898291069685,0.5887937172964984,0.9446835205722497,0.3812298772266561,0.5882236436280691,0.9448539838919576
0.973542629408954,0.7071177273722709,0.09866379460027505,0.9735791832231258,0.7072240128275487,0.10738292948430421,0.9737462364019146,0.7068708564416042,0.09812277788366072,0.9737535796970955,0.706936496054647,0.09802140199466436,0.9737934722359355,0.7069224643125226,0.09805810858263403,0.9738104876698448,0.7073260314169603,0.09803327564728188,0.973824594202256,0.7068821131051258,0.10864141412652038,0.9738513058004036,0.7071315318419352,0.09816268821707487,0.9738528961012265,0.7066610434831065,0.12934923228724535,0.973867699956346,0.7067427285550549,0.10732137143580098,0.9738680731263485,0.7068196912262462,0.09881807516421742,0.973896299345988,0.7071560278782496,0.09800965861276859,0.9739258527502063,0.7071750939605069,0.1195638574778208,0.9739716590222735,0.7066907936990218,0.09804571568952634,0.9739755494354202,0.7071809357846649,0.09823637666131133,0.9739857776122431,0.706980996841961,0.10134573762653244,0.9740112057390315,0.7070156260845416,0.09812483046423782,0.9740254607589248,0.7070817719176015,0.09802045572447489,0.9740283835834331,0.7071278144524318,0.09826292429571279,0.9740348715437984,0.7071372092823404,0.09885008057117958,0.9740603175623603,0.7073512081336686,0.10347034396488777,0.9740844862038065,0.7070747944728482,0.1007110981386101,0.9741204699505548,0.7069525073304137,0.09802585756218722,0.9741639750020417,0.7067557586563479,0.10271478872890089,0.9742203826730066,0.7071657289943305,0.09808291222930729,0.9742518245018374,0.7070247607076922,0.09810434841887784,0.9742949724689471,0.7072531645720346,0.09800027395473807,0.9743685876964984,0.7068402630009786,0.09800845671825602,0.9743972192803145,0.7069605636191286,0.09813298025687056,0.9744301410034935,0.7071537493132188,0.09846156034171555
0.03905743632806202,0.3375967716174602,0.4004114200389226,0.03907712904615898,0.3371823523653585,0.37020059571124325,0.03919080790859259,0.33724122876819645,0.3704548561957709,0.03934355298013973,0.33722079655976517,0.3702479071686874,0.039375197288023175,0.33733834248150507,0.43611787469168706,0.039427652077754206,0.3372814799126088,0.37017511585924917
0.26614310685542075,0.41139974413472524,0.4583945833925358,0.26624981969597306,0.4118476816084985,0.45408744736648826,0.26631556902934256,0.4112935851156834,0.452331331062134,0.2664452323664512,0.4113441744476564,0.4596880333677813,0.26651763446373733,0.4118045830983796,0.4530747165442273,0.2665543861795062,0.41152489789453656,0.4565522926771031,0.26657666569071786,0.4114371075949504,0.452296895772215,0.26657755199625616,0.4113704690323688,0.4618337490990746,0.26658919677414844,0.4113019846644152,0.45224429786385684,0.2666490611937921,0.4117942305948844,0.4593517543099289,0.2666711472772698,0.4113208887462375,0.4522086721108036,0.26668769917200696,0.4112163098633604,0.45213097241247535
0.32360439390665696,0.8237283226792459,0.05754431374238513,0.32362769382685247,0.8235801257311457,0.05695358746706299,0.3237976147201857,0.8239543677846676,0.10648250801686329,0.3238803075730426,0.8239914178595327,0.05735875472262664,0.32390882522986725,0.8240633789968731,0.07007091356358955,0.3239219166441859,0.8236537747355928,0.05787634658464395,0.32398938531454186,0.82387571002129,0.057182903988198364,0.3239989796969221,0.8239581193059794,0.057008312159923726,0.32404917574954706,0.8238300766530178,0.06175721803230354,0.32405094395107337,0.8237678310886796,0.057033147968149046,0.32405702855256213,0.82394578574521,0.056984225868429494,0.3240936787434286,0.8240103318222406,0.05702587916447349,0.32411591949175633,0.824020264720152,0.05695991269188276,0.3241764047826048,0.8235489909057693,0.05782912000769204,0.3241873366320372,0.8237434705415244,0.05693239524077397,0.32419568374976404,0.8238851347917211,0.06942093357974087,0.32421917292285035,0.8239313574338498,0.05706678477837772,0.32426065180382263,0.8239942137882466,0.07125596541969097,0.3242641045388196,0.8238988114552143,0.061667607559864855,0.32427933067516096,0.8238879459428918,0.0569437263113007,0.32428414035128855,0.8235758177995937,0.06328622235763326,0.3242932675357687,0.8238822912418442,0.08083680670768638,0.32429628930031984,0.8240995682322451,0.05694989614634355,0.3243019477736591,0.8237207281425549,0.05787410262326766,0.3243520785466854,0.8238990928473826,0.060336201426922795,0.3243735754562187,0.8237571455413172,0.05733139684758014,0.32439017751216775,0.8240281011221711,0.0569706547678295,0.3244632205786874,0.8240553276348607,0.057150904429005465,0.32447331657271655,0.8239109543360537,0.12990718969305792,0.32448184750443204,0.8238517303126611,0.07879425370975099
0.26394726011527536,0.5791824897868864,0.5941292290898672,0.2639550971884367,0.5797187475698634,0.6104199643339395,0.2639673453621166,0.5794323510703001,0.5940446486517781,0.2639988987048675,0.5796855887346841,0.5939673871310353,0.26400196902274964,0.5792031212227147,0.593905030829149,0.2640201249617619,0.5792153375495307,0.6041442100372252,0.2641157603990898,0.579941358100496,0.5947058883241225,0.2641638664030431,0.579658609695177,0.594532728485473,0.26418263915625545,0.5794145278897053,0.5940455365521429,0.2641838894794164,0.5797049210294816,0.6004121789364738,0.26418423775299554,0.5793919483189047,0.6083614057015452,0.26418692375976593,0.579631362345493,0.5960490772240279,0.2642152994590964,0.5796029593245159,0.5940213707467981,0.2642946940075118,0.5795812573938757,0.5941282229670724,0.26429887705131166,0.5798731741088744,0.6103478437464073,0.26439660078076876,0.5795408651949366,0.5939870498309314,0.26453308008797227,0.5793915936569044,0.5963930651694549,0.26464155744793405,0.5795080156704608,0.609532598012263,0.2646783224166566,0.5800013791965213,0.598855091137225
0.29548218183964253,0.856009640474566,0.7157879340230316,0.2955095147788282,0.8563043723074236,0.7177691715434636,0.29554936857102326,0.8557751835811767,0.7158601921951455,0.29563333086243787,0.8557622139705388,0.7156267588600559,0.29566575881547524,0.8560374554977421,0.7160724154969712,0.2956993407317642,0.856050794582632,0.7188621559268327,0.2957095092043863,0.8562442555255105,0.7156741627722485,0.2957150303686524,0.8562408319868794,0.7218749245854942,0.295730626762894,0.8556898372268534,0.7209423466573341,0.29577757784977693,0.8560198085253973,0.7156470336190419,0.2957998288809358,0.8561406110277731,0.7156592650343983,0.29581160715372784,0.8558433283238245,0.7173635193471799,0.29582262902403106,0.8561240853024632,0.7157658367875203,0.29583245717012513,0.8559262596990209,0.7225763412757963,0.2958364035922467,0.856311528707623,0.7566285637699371,0.29583673695291307,0.8557719743488529,0.7255308995150113,0.29584755537034196,0.8558194718537402,0.71577920549789,0.29585124094812437,0.8563779725649301,0.7156386730033163,0.29586942855141946,0.8560644198898201,0.7156634879811433,0.2958859296453639,0.856094760466274,0.7214920323666119,0.2958864564364533,0.8562095576190506,0.7656830079675534,0.2958984795405654,0.8559946406053079,0.7179817290833834,0.2959082110855704,0.8559569782464869,0.7156214525537935,0.2959152976851658,0.856368891270785,0.7657986268996099,0.29593106961282806,0.8560147279236955,0.745068587774269,0.29595008449119165,0.8560510824954781,0.715818550921406,0.29596342387237423,0.856069030792746,0.7792327947394905,0.2959715383478605,0.8561543034026223,0.7156599675422,0.29597456345504886,0.8563058468786825,0.7163523002352,0.29597958800850005,0.8561884506645933,0.7156121324477788,0.2959876035829806,0.8560592873147935,0.7229373158642494,0.2960039240911951,0.8561864434350358,0.7289109951825115,0.29602389613397506,0.855854044968003,0.7157025037315915,0.29602757238628086,0.8556309961003506,0.7161610340906941,0.2960872646116838,0.8559330539493895,0.7180574578290237,0.29609775467418586,0.8561658850794001,0.715663669688327,0.2960995710215603,0.8562118606884745,0.7232127079460218,0.29611139337849485,0.856146355426149,0.7758219710377176,0.2961119772910134,0.8560875878122727,0.718255458976882,0.29613254336202716,0.8559089920034662,0.7156480531469009,0.29613426719421704,0.8557756214507644,0.7202900429861474,0.2961550478827163,0.8561637068087775,0.7161677739583635,0.2961718828231934,0.8558111673398505,0.7221570683362151,0.29618220126238576,0.8559475215569985,0.7157020586864465,0.296241268252829,0.8561814305053193,0.7157051098547452,0.296266220777335,0.8559090069253474,0.7157573553404913,0.29628907653349085,0.8559247070088373,0.7164212090943609,0.2962891562002651,0.8564276454874751,0.7218221447111711,0.2962938847201294,0.8560815819490493,0.7162563403300555,0.29641536979276856,0.8559973004359077,0.7156495203189731
0.468235923398381,0.6084818478188453,0.6686648715342695,0.4682847058081739,0.6082817490864803,0.6546697593166833,0.4684216754341427,0.6082472323991229,0.6543746889639152,0.46843142748878175,0.6084043388626355,0.6584406697661872,0.4685049359916814,0.6082399659481244,0.6558859868144538,0.4685223059156876,0.608455236210231,0.7094187482645062,0.46852305041765674,0.6081410277851027,0.6696609501474586,0.46855256270853474,0.6084370998677242,0.6541072454027498,0.4685714940309213,0.6082419868146228,0.6541314746341135,0.4686823450549682,0.6082300795759371,0.6798212917557834,0.46886758425553615,0.6080936486598709,0.6938821686489799
0.5054793579826364,0.5652984688615242,0.38227314534437706,0.5055194740377313,0.5649630770089004,0.38086623830328514,0.5055965049177198,0.5647314364714777,0.42259192309119803,0.5056265002324272,0.5647620871853813,0.39919823883691086,0.5057765095548105,0.5650864853422646,0.4232461408850637,0.5057853572633731,0.564968506489126,0.386763397709889,0.5057993310133736,0.5648910067971581,0.380961724924088,0.5058121803308229,0.5649323282830123,0.40189757208291305,0.5058132762746087,0.565015103006866,0.38740588024746975,0.5058314143889728,0.5647179176885686,0.3803424302981229,0.5058340987774015,0.5649381456217701,0.38090072866527197,0.5058432862741569,0.5648222205213885,0.38582957542791635,0.5058545568892553,0.5647829993883475,0.38026350724049696,0.5058674079967963,0.5652235807788624,0.3898539905080431,0.5058825160779198,0.565123042930446,0.38027147218378066,0.5058896330958416,0.5646555728871375,0.38216617075797576,0.5059249913766103,0.5645779942634678,0.38024592178453204,0.5059522478154783,0.5647801866865422,0.3805541680190255,0.5059927499193354,0.5651611385707219,0.384985257912701,0.5060240180623902,0.5649357891677678,0.3802932873477984,0.5060683742871861,0.5649694486908327,0.384291078529123,0.506083127907651,0.5648666070122143,0.4037241510361049,0.5061118131140465,0.56512512793734,0.38024402295898413,0.5061524892556403,0.5649679470643599,0.38630211613637033,0.5061776176862642,0.5646531792270922,0.39922615364775815,0.5063641628170336,0.5645324252123889,0.3802918815615136
0.4782978313770894,0.7337674036834295,0.42804025000630147,0.4784105306093573,0.7336248812335415,0.4281232550109213,0.4784249122911797,0.7335898795864416,0.4280409715222464,0.47848788690384814,0.7334752664862619,0.4285864314809075,0.4785394522472154,0.7338034905250176,0.43535809453739716,0.4785522955010389,0.7335685272470646,0.42817250696759346,0.47856329227077365,0.7337073437703546,0.43941745982701963,0.4785663455738353,0.7334389608342252,0.4610187702853303,0.47860841780490104,0.7337661531197354,0.4446215426321755,0.4786113154604453,0.7333232123450966,0.42805093556325763,0.4786397149615276,0.7332120902881852,0.4280394373209403,0.47873577929071015,0.7336415774176182,0.43442385626260255,0.4787453031046833,0.7335642742724656,0.4289224650527751,0.4788935986555587,0.7333645435079256,0.4281381479987353,0.4790301239373685,0.733748065291688,0.4316733398637283
0.12209192679403992,0.9220249006933456,0.31806946277302844,0.12221144609368234,0.9225309858525707,0.3260486319628267,0.12222024193289079,0.922147334870521,0.3215026007651684,0.12226489921750107,0.9219142098356481,0.31776519289757854,0.12235806113478367,0.9224108076054653,0.31772655782893194,0.12252696886713084,0.921814881501831,0.3180684466842422,0.1225724158365328,0.9220700234563661,0.3177629649494576,0.12271541055594827,0.9222613247790366,0.3186075837703877,0.12286966251608243,0.9218254781015162,0.32171827818888077,0.12292469258612639,0.9223621916403769,0.32356631401833796
0.7454474493286408,0.019924080887227216,0.826376980459177,0.7457125776697846,0.019191299641511086,0.7595031198961973,0.7457183914697679,0.020351549410126086,0.7593239891655726,0.7457268307151055,0.019515159366450003,0.7591704381201692,0.7457448571506722,0.019682994693651704,0.7903000474745919,0.7457562651340843,0.019555214797240185,0.759120234709854,0.7458081141945503,0.01957906720860732,0.7842226991755309,0.7458086657861916,0.019577317016780043,0.759886070116754,0.7458238593848534,0.01965322948054811,0.7711709187396487,0.7458320333481517,0.019739352624108433,0.7594569640643589,0.7458551348553689,0.019634067492511113,0.7596204088501526,0.7458652179659527,0.02015153833734143,0.759248642775165,0.7458654617175371,0.019760579695551755,0.7673459492206561,0.7458777528857624,0.019661509191234557,0.7599140972300261,0.7458839030269017,0.01951083287448384,0.8143773464174943,0.7458941160395002,0.019085269265627956,0.7592933050043228,0.7459019253416245,0.019409869870635213,0.7597851453560353,0.7459080732586935,0.01996432878829856,0.7591258312947183,0.7459175915233023,0.019728224577565383,0.7740802238395598,0.7459318046289382,0.019721641752942037,0.7593823603690395,0.7459446505781612,0.01967307363964251,0.7592134188916034,0.7459594117784895,0.019733924498901486,0.75912339384527,0.7459940086373309,0.01988018240409719,0.7592185424785525,0.7460405638527033,0.019482287783525735,0.7591961211025676,0.7460467267567646,0.019857296343661963,0.7736062900463706,0.7460485936938376,0.020080829987856583,0.769755955452814,0.7460571808709947,0.019817014792874708,0.7785624775443535,0.7460936368807272,0.019737067389116403,0.7590916199145661,0.7461049860025278,0.01973375068781113,0.7591478411890551,0.7461134066701098,0.019088817410837903,0.7667245817109238,0.7461294490189322,0.01976174429408448,0.7656168787908715,0.7461339141382483,0.019103122858630254,0.8038529056057282,0.7461363364515456,0.019686706759349352,0.7634400685476325,0.7461615122808718,0.019531666228727537,0.7592182635858151,0.7461721008120284,0.01985225243288925,0.763044921594011,0.7461794529807428,0.019539979685268296,0.7591512037319103,0.7461917919129168,0.019459733141704166,0.7591620556587585,0.7462245583667957,0.019420805454091816,0.7592345504743568,0.7462346593419342,0.019656846315227884,0.7591358961690802,0.7462359919026257,0.019865442242680456,0.7632701563283704,0.7463252693985563,0.019408691994792546,0.7607296809898445,0.7463375133797049,0.01956486485889967,0.7592595000309187,0.7463482255174253,0.01998680055562725,0.7661442249762027,0.7463853546553372,0.01950431394598645,0.7594266767717194,0.7464100090903867,0.0192553121170701,0.768320022885631,0.7464113908007247,0.019607576451020493,0.7924947595739312,0.7464554668816042,0.01996440444089433,0.7591131235005297,0.7465025215855788,0.019269540319963363,0.7614722767934161
0.09542991755536546,0.16189757723661208,0.4811204093039094,0.09562871375920412,0.16215967653569832,0.4986215757457397,0.0956384351929829,0.16185152669254035,0.4949197685777329,0.09564439833395807,0.16180322896585878,0.4942785852037077,0.09565191970821493,0.16170969870691382,0.4817459742311741,0.09566637176587894,0.16205133379433256,0.4906875010273017,0.09567556527151622,0.16215150466914738,0.4810766684852342,0.09569375592549188,0.16180975139788012,0.4811018357596145,0.09569451653420533,0.1619477979959184,0.48135995329251285,0.09569489114631621,0.1618780467369672,0.4862487396096244,0.09569603276105572,0.1617451167738173,0.4813028591233749,0.09574951451436475,0.16195764844831273,0.4913633367222203,0.09577102244101775,0.16225245700154514,0.4810834562648311,0.0957728214959891,0.16211565171923023,0.4811093760299673,0.09582011262787182,0.16202576174167693,0.5072176509792017,0.09583017869732013,0.16169145691753406,0.4995449573862028,0.09587326369736153,0.16169446754137912,0.4810806452636341,0.0958879895918485,0.1616682673623132,0.521364315562004,0.09589357041421542,0.16167344874833428,0.5161665916361051,0.09593557342726926,0.16176606154481138,0.4814645549197175,0.09594767331662471,0.1619763943004391,0.4812662758929496,0.09594934158777842,0.1619834753940608,0.4863634072672282,0.095977641628832,0.16165817348402375,0.5005524959727632,0.09601986320794366,0.16153434659557359,0.4932358619237558,0.0960856576152086,0.16171459895139345,0.48115979256311064,0.09612049123805953,0.1621370998140121,0.4810785953301608,0.09621345803391856,0.16185129789148706,0.4884525892928709,0.09628772621208381,0.16198846839247852,0.48113807977636835
