x[px],y[px],t[s]
0.004998080176230397,0.009861995300233435,0.14755851030309544
0.005209391225980044,0.009360841200829882,0.12536270673473182
0.005464429052580525,0.009558943296815642,0.11531995158755128
0.005398305828827721,0.009687115978714071,0.11415732821475608
0.005047975898002434,0.009536006753583525,0.11400958474974843
0.005588896280109235,0.009455809229560769,0.11401741640235423
0.005333837366396902,0.009148092614109107,0.11404363036819483
0.005166086993673015,0.009111778464628326,0.13719476275124748
0.005539407348233257,0.009473732072930388,0.11936588220984594
0.005349417230254135,0.009366464947418255,0.11418960471985194
0.005444067210139281,0.009068968236160258,0.11437067694447922
0.005756345227762829,0.00970238059175176,0.13662065328630227
0.005588473193545508,0.009100269503548098,0.1447237749738712
0.0056274014586396946,0.009177153215027038,0.11859990138436012
0.005653650151432406,0.009272703400968146,0.11403949483881416
0.005139404297852892,0.009538292862773355,0.1143195032409552
0.005419507987073416,0.009334507545711693,0.11461352466215839
0.005628445745037288,0.009048209961050538,0.14094337288689276
0.005531603155913272,0.009345079272306128,0.11935430754111287
0.005258911288029982,0.009471381293371862,0.11409721918214633
0.005613303249117649,0.009463355597122641,0.11473429000605649
0.005290742608284844,0.009189997632940386,0.11438028171820394
0.005576663184061995,0.009365160484164676,0.11422896353422708
0.0050255326033173744,0.009544096903208813,0.15092586761515694
0.005575225720980043,0.009353635021866341,0.11442042352238832
0.005450649502720862,0.009284209330500556,0.12496822021516138
0.005360748758477127,0.00976511468826763,0.14674897607651408
0.005260893544419258,0.009579579637827088,0.11425296977109207
0.0053148791611847745,0.005366408624108335,0.08530289182627056
0.005328883072104835,0.005446691074516974,0.09591938720233747
0.005315989690808184,0.0057317521274202745,0.08703529002561312
0.005205642379494904,0.005539775411489386,0.08478772329409273
0.005060014733915739,0.0051970012219067375,0.08493132964201922
0.005128408252771152,0.005801103280430391,0.10961826291327346
0.005170296458032492,0.005299129695068714,0.08518493755062842
0.005389227245656373,0.0055289722487980265,0.08478818581714866
0.005003240068407064,0.005922910971527293,0.08489046537785268
0.004931153384676297,0.0054774709754880175,0.08476517985502356
0.005168334528504851,0.0055949937784935105,0.08476260452203019
0.005127391960884708,0.005537576412110848,0.11612108891652881
0.005314004287656094,0.005390512862024302,0.08477041810787929
0.005564279396358771,0.0055756925033664875,0.09938668822191281
0.0052173902292037815,0.0057908065273861295,0.08588703060362445
0.005246025762286181,0.005446083632597506,0.0859269071234312
0.005362527735846842,0.005642816696104293,0.11984090028098819
0.004878191295323877,0.005352507523868234,0.08582423827226449
0.005289881796832768,0.005423284888500128,0.09203163246643448
0.005070231558358145,0.00516530154029325,0.08494560334440093
0.005146891616104404,0.005552121769581171,0.10486369643373383
0.00508638615783883,0.005921241901549143,0.09853158416972109
0.005036294509683512,0.005183848083008308,0.09175212015906035
0.005294825286021686,0.0057817183425194095,0.09160962029798456
0.004996143968283693,0.006028341515009708,0.08829375874297064
0.005108085814314269,0.005714254889440251,0.1392886273220414
0.0054916208391013336,0.005498494876983547,0.11867103323037212
0.00540162173463838,0.005784291655344405,0.11529831074904669
0.004845292792320041,0.0053496921455796105,0.08475797791185236
0.004994097919067025,0.005603857656401371,0.08476247189248837
0.005338104331846357,0.005349504409040974,0.08476078555779187
0.005445036576722188,0.005626944467546051,0.08768306735692401
0.005353630614730553,0.0056652078325688205,0.08475935567771728
0.0051279570470428035,0.005650243374408757,0.08477936887246108
0.004773140284959656,0.005403330477645477,0.08487262371690679
0.0051776753155237075,0.005819131190102487,0.08484389490580345
0.005093050858226794,0.006055037051019175,0.09940090381628675
0.0054035139975172584,0.005747215329422045,0.08983845977143513
0.005437793180265297,0.0056897257532451916,0.10464823195709172
0.005258603446903568,0.005462033530601531,0.08491532545068078
0.005500029515970337,0.005293853427167878,0.08477849479123878
0.005131476878553186,0.005753519184677939,0.1038038620902645
0.004987566987447375,0.00572510243516171,0.08485440040258374
0.005177728838316888,0.005473687844275758,0.08573362297930416
0.005126212055812471,0.005663375339505689,0.08839254130284752
0.004629640963567736,0.005487997011603389,0.09576810964815916
0.005538592284424339,0.0053526309367962445,0.08516640167775781
0.005046522174890461,0.005677544018478366,0.0898256910086569
0.005250597177722332,0.006060257096538223,0.08475504216634398
0.00498982383250459,0.0053266892000714255,0.10724440107674768
0.0050639139453872275,0.00497422221533473,0.08653222544262341
0.005400501807393458,0.005771707778848951,0.12629559402363216
0.005062888191930629,0.005811351773806256,0.089664821927213
0.004923999297847419,0.006166222915695304,0.0847615872271543
0.005249331590166701,0.005851337193169325,0.08482098062977256
0.005041435545244125,0.005632244895193632,0.10978230068821009
0.004749853655265367,0.005484206938525822,0.1316040522516001
0.005268774447556669,0.0055202162953060085,0.08476885723835446
0.004928788309287234,0.005796485642535114,0.08478168353313482
0.004919187675396858,0.005451775776442114,0.08479845127659517
0.004987554099130539,0.005358872755354374,0.09141518883906795
0.005503971516869506,0.005707821150054786,0.09751252396744764
0.0051203885151881205,0.005475665860010808,0.08477608404140216
0.004968206375538892,0.005710492718743755,0.09366789326981112
0.005183171536316243,0.005066886257376503,0.11547351329766012
0.005472548617732871,0.0052302127381618916,0.20304221190153027
0.005426133984071818,0.004761181646806158,0.11595871779784116
0.005301457997037028,0.0047705917785579,0.11542605970631109
0.005215675271797437,0.005334251977683861,0.11545030868236995
0.005506640146223865,0.005187359264418377,0.12200790302266748
0.004987491291173401,0.005333356607829461,0.11689389712662608
0.0053337553645422435,0.00503596313418732,0.11939698101733878
0.005202996820940861,0.004799357909111302,0.11547424276807229
0.005718492392531773,0.004964021551444004,0.11553371118086865
0.005528441374172585,0.005473341364856628,0.12233986824765199
0.0053810603081902945,0.005167986595294072,0.11541221463884226
0.005340294934841012,0.004920162524095922,0.11959494842822711
0.005849911092058957,0.00479580158415192,0.11650283566897811
0.005430028029957031,0.004869926006556419,0.11808558965529453
0.005218436920743297,0.004950180193247817,0.14544172038899725
0.00531034779226402,0.004936013951207613,0.14279651407831467
0.005303227816088335,0.005084822269607899,0.13446381217663253
0.004887445506825238,0.004770957257752798,0.11719393234930195
0.005335918398342859,0.004870606329552423,0.11542405871087281
0.005507726814029535,0.005120036149286811,0.1229355674607388
0.00553135451121845,0.004772702123918566,0.11648215918176062
0.004955475588891358,0.00484967199121755,0.12047282620345445
0.0052375256747501705,0.0049536057778984946,0.11595261540763638
0.005851526887049815,0.005096263271394546,0.11679273935681404
0.0055929322444053945,0.004827670986168466,0.1575004540495045
0.005244413194299278,0.005050924755217534,0.1286034623390172
0.005416559571879629,0.005337480326790508,0.14311124356227628
0.005538969469591301,0.005081449195748466,0.17239049439601656
0.005327186856272833,0.004923678145078245,0.116215790018208
0.0054869574036727695,0.005080741146139488,0.11613277600900909
0.0050663164594616375,0.004832775108481914,0.12291608599051942
0.005458778463774909,0.005052216255240525,0.1554950029358093
0.005563322770638383,0.00511570116901695,0.12020950152583272
0.005337761650200374,0.00512788182701721,0.11547990007530406
0.005386818527168647,0.0048408487801431714,0.11830010532749041
0.005167202896694279,0.005103030289389783,0.11561335018849903
0.005314218542139537,0.005078755924331737,0.13390482301007384
0.00512447338842143,0.0049987584409174335,0.1474075250217013
0.005277963157917019,0.005127733635017865,0.1159324136263851
0.005511538742476369,0.005321850260937604,0.17568424896635998
0.0054097128225427,0.004939053924579769,0.11556466656407113
0.0046802508766086584,0.009124214727002604,0.10032197470756396
0.005136212007331569,0.009487897401596583,0.0992027966770111
0.004803639988106866,0.009564214100653641,0.12162881843440643
0.004601434729897575,0.009316414280175002,0.09902048588225153
0.004736884587601673,0.009690270768451288,0.14470858871607467
0.004703473050624413,0.009638319313524848,0.12139083787440912
0.004478980842890979,0.009545513109480546,0.09902918777586936
0.004885956582704058,0.00949702833498058,0.09907240697776028
0.004741447647863894,0.009467449132941301,0.09907647930195675
0.004844667590480412,0.009161401287624412,0.09914666463224726
0.0050550172592877095,0.00953826230215955,0.10088559239488905
0.004366084951940357,0.009628241417926673,0.09902411962788372
0.004344674616805347,0.009689409803668872,0.09906842207838969
0.004959925549937189,0.009451741159884881,0.13237470824461658
0.004587402990519528,0.009488145932840399,0.13630690755584177
0.0047026197531722935,0.009375236555396963,0.10274570489161058
0.004751853326247451,0.009394387865587389,0.09998724725110028
0.004741118285889601,0.009431958478980481,0.10495028512618794
0.00475998128620718,0.009517892761825495,0.09901791852870197
0.004665019410480356,0.009699874299423485,0.0990973853084391
0.004921104978375244,0.009225882437192145,0.10026406169561725
0.0044905339553401365,0.009297445665326472,0.1000249391670608
0.0046567525356936215,0.009476185899857301,0.09902498926534645
0.004774566028914941,0.009687767861798589,0.13024365774717603
0.004558513283021097,0.00970043928525473,0.09963057838573038
0.004953292656574395,0.009762503950640707,0.1276749981967671
0.004799888397046917,0.009091627673162291,0.11113791112429577
0.004659635421132986,0.009357490577327444,0.0990889176103809
0.004610668820152609,0.009782450211043748,0.10348442047788556
0.00476313085756616,0.009238504220785943,0.09905254344602983
0.004510064638733905,0.009538043928374632,0.09946315586138922
0.004906575986365558,0.009789459371818778,0.0990167580598031
0.004539418120256996,0.009164680779450764,0.09904123915599002
0.004492926180386926,0.009604353911891609,0.10212207000938757
0.004707550051856404,0.00937670098810838,0.09904062384187236
0.004616676203911041,0.008980343121638397,0.09904377424929241
0.0047056590729060285,0.009457180805698524,0.10547495919385179
0.004542385460827455,0.00946765039400402,0.09901833398558128
0.004746735686088307,0.009480218359528161,0.09904574270269173
0.004641092848271273,0.009212558988998394,0.09904451908282517
0.004646389767950149,0.009476300897153499,0.1034976205758908
0.0046892057553630535,0.009740877968322226,0.09919758257011857
0.004513973810649522,0.009326102584858437,0.09901961557551953
0.004562059779444,0.009576473343630881,0.12448256271761132
0.004642297302275839,0.00953498761550557,0.11089500957638156
0.004747619888766485,0.009347563587248496,0.12244726637005181
0.004630666666732264,0.00919631973719133,0.09970057529893846
0.004806936810496595,0.00943268307079656,0.11240081401107546
0.00425788995089585,0.00942660673500412,0.09942052934350573
0.004798725838623305,0.009025141239030277,0.0991020385971207
0.004709887790895268,0.00911747711480119,0.108942633558295
0.004927161954116176,0.009366671967018207,0.14995476431201682
0.004511290258547827,0.009747442612932394,0.10083530535659246
0.004718991041015823,0.009349098161535509,0.09902654219455763
0.004614142870068734,0.009569100346111463,0.10993786743153665
0.004464305594342099,0.009346462100282758,0.10331729855735941
0.004644315600174854,0.009605729158165034,0.09904082121563129
0.0047374770396678735,0.0092903135362139,0.10189738576717954
0.00442616813149841,0.009419256934803808,0.10200137511946399
0.004841109396508418,0.00949725339620995,0.0990455172035976
0.004850914097498276,0.009918913106880787,0.1011512169995881
0.0048400533808780665,0.009421119907361438,0.11603835423697557
0.004486258629629864,0.009470033888296215,0.099064567836614
0.005014087376147617,0.009554921163230564,0.09901961343626903
0.004910775681284488,0.009819767526005923,0.09903820941491032
0.00454062743243497,0.00929697408616545,0.11923973022764718
0.0047150935897345625,0.00942657159982984,0.09908601354254438
0.00500114290151897,0.009209578606765462,0.10069816481914706
0.004769440593816639,0.009478576404592067,0.10546770387582026
0.004440718655277165,0.009481061268900975,0.13557927290368657
0.004604885139111872,0.009578246312650371,0.09901404091493937
0.004779303511546882,0.009377234729125142,0.09905320213902788
0.004867413179131401,0.009827590016871385,0.09903642981213436
0.004397044832485498,0.00948924801299498,0.09908617504584222
0.00505453671835045,0.009472503469312409,0.12287471376663374
0.004590609903747827,0.009643174493678403,0.09905943840676418
0.00463581063328159,0.009339337059927438,0.10136612543585095
0.005002723847453038,0.009527857030005664,0.10116146664978566
0.004605767129020405,0.009474972531979996,0.09908414610781674
0.0026660131354900806,0.004511062186126687,0.1755709548652123
0.002881437044344077,0.004279078868540045,0.1994778063526676
0.002591332357714191,0.004110946018989196,0.19053213214517797
0.0023822914612428056,0.0038409788405810714,0.1753959518273401
0.0021931716684335163,0.004331188493383226,0.17197999205903394
0.002249288032171137,0.004301530317524064,0.17199230068635965
0.002393695912199495,0.004235285816748786,0.17199340233343252
0.0022531596547895826,0.004170389045692346,0.17199211659553743
0.0025462751060151604,0.004034224025482602,0.17202034037113065
0.0025828920023290985,0.004127985267325666,0.17201228141957584
0.0023337663365803805,0.0036414062415880155,0.1963589219126915
0.002825690279015031,0.004039203461924639,0.18953354622416432
0.0024667538714614077,0.004312615260104637,0.175057941579288
0.002160253634100331,0.004222743357771996,0.17227589729112422
0.0024670699223229334,0.003932195713345044,0.24139189863859495
0.002803761584679563,0.0037267302914243848,0.17964846563371042
0.002224052403277537,0.0038920341540439707,0.20329505738419662
0.002488673677817428,0.004093212310207701,0.17196589961047243
0.002599253800754935,0.004024685187722195,0.17206469848538403
0.00226668261886016,0.004512763622774398,0.21869737045823517
0.0025553528759013895,0.003977787275932697,0.1854792948614941
0.002785202527503854,0.004331123114263903,0.17203905714065001
0.002635162711700955,0.004200067380969403,0.17200897347079191
0.002784631124737191,0.0038767535404188058,0.1720237024987487
0.0027058970775043,0.004101420390500836,0.1730208892441694
0.0027183249905540913,0.004177617072516627,0.17197285616758698
0.002422496257549977,0.0040413590215452495,0.17208342562894807
0.0027502065849402653,0.0037890430119988713,0.17283636388269738
0.007179164088019028,0.006771210783635395,0.059771162102936704
0.007179327551913808,0.0071226035662121405,0.07561965177452301
0.006956492032569641,0.006383695498904176,0.02535481425736856
0.00688928343608068,0.006526626310343309,0.023971731892850123
0.006676958704713417,0.00655158714652225,0.023064572717401543
0.006906751975796051,0.006956358166790732,0.02217576301430133
0.00687690216600819,0.006760094988326852,0.022126592435377134
0.0068449336369124075,0.006768777280908756,0.025877971899803807
0.006625818293580869,0.006730854177472618,0.0409861506558737
0.0069037286483220285,0.006743427947403749,0.056677273334979086
0.006850826063882245,0.006730670476277153,0.022033594626849784
0.0069377542279018085,0.006431729595744889,0.024079400345886667
0.006831066672420505,0.006754809376784002,0.022067385558752005
0.006737080119903218,0.00650833054154557,0.02222352664130581
0.006836638827060207,0.006549386382051735,0.039905662604472834
0.006859718110927582,0.006812531512981461,0.02199940665548039
0.007222120918293065,0.006775662369074098,0.025851289049072378
0.006550453334936896,0.006431139879473265,0.0219994272922269
0.006834763305610476,0.006532236912776026,0.022123055135079537
0.007016498021152305,0.006770702018848834,0.02616676506141473
0.006830159333812163,0.006470551688342581,0.025547829642004326
0.00656299776779806,0.006368557632653211,0.04087381776724569
0.006910536940044213,0.006674246020240671,0.0339399380931244
0.006679591054668496,0.006486574520856272,0.02268490100406696
0.006739255984208966,0.006447875969335301,0.02201803325298246
0.007019065454820888,0.006293043402509827,0.022971337212424302
0.007260946555483019,0.006505315328016758,0.022203980348995688
0.006984026684609912,0.006666065232238088,0.02219831067867196
0.00695510325187261,0.006738813802108554,0.022495412094430664
0.0071722767150551175,0.006689691130785649,0.02224334499438295
0.006983023396085969,0.006468660812068018,0.0225972239208983
0.007028948499238727,0.006424267677070183,0.022025034683644782
0.006991554105683132,0.006444963788455225,0.022570592982034787
0.007070633337146439,0.006817761518901545,0.0811388900318685
0.006867800053989667,0.006593148927856368,0.035064175484662466
0.006831138914657035,0.006619880699853602,0.022446796349063124
0.006854841407770265,0.006453977096194414,0.03381958641219944
0.0066633245430048485,0.00630959424347964,0.028432723605151755
0.006901470965780366,0.006851563285679333,0.03436503081651774
0.006445968698229683,0.0067496383808170485,0.022000641613129455
0.007048212443164701,0.006639399591566033,0.03967644619925506
0.006921157379545102,0.0064251351486047294,0.05087789889972473
0.006967568085489114,0.00669607460750293,0.02203223434272543
0.006927862520516641,0.006933936533544136,0.022054294748723433
0.0070512674231234754,0.006637139876401471,0.02199680855506072
0.006820977094552567,0.00666180269764954,0.04949994159240626
0.005573245042290644,0.0023726462956731942,0.16185124314110183
0.0053460207769954705,0.0023263260500644665,0.1525071869033879
0.005930001409360758,0.002188410294931736,0.14240975215274065
0.005698791533890119,0.0025432472748372647,0.1428059462096299
0.0051140146786728125,0.0016729600070941515,0.14601982757379278
0.005686545643661246,0.0021647819497670313,0.1571667820305268
0.005326543076707834,0.002436367970886458,0.14354207528372329
0.0053135427683655275,0.0020037652476770883,0.142441527590186
0.005984937687633504,0.002266788330393101,0.14223112361009854
0.005665276751754644,0.0025188142504753235,0.15726776995570627
0.0055526398277378364,0.002245782551270272,0.14494224777904674
0.005230243016538395,0.0019533366488835033,0.14297074828275158
0.005567896668210989,0.002238574646467256,0.14223444534081559
0.005837521732829597,0.0022177575088056125,0.14222975450862624
0.005716546727990409,0.0025041554081793884,0.1512823986946003
0.005551560547482981,0.0024728858415468923,0.14989135100942824
0.005801356046343799,0.0020260989402610995,0.17648364192334595
0.005634939225660286,0.0022086704365524338,0.14943668336817945
0.006039898437043049,0.0024737489608361264,0.14257807569897374
0.005607130248610083,0.002021463736916216,0.1666682021999395
0.005599335283026621,0.0022303188143657313,0.19152094934330505
0.006022632584966356,0.0026040394380947487,0.14229841176545957
0.005913246525872083,0.0023867149849759895,0.14286193413687165
0.005689782958205312,0.002715100815950965,0.20465412904585945
0.006011097509519706,0.002205958418683507,0.14597398758996813
0.005599319954633256,0.0020459745733068793,0.1616131104634347
0.005758752737885252,0.0023651118908854622,0.14221457279612978
0.005724661458951461,0.0025845550354673175,0.1431426371520756
0.005750134848631244,0.0022196440871974773,0.15399227146803302
0.005849762340305055,0.00231369558260601,0.154569946550497
0.005883640081161485,0.002279467947374337,0.1439302678002911
0.005579095761295189,0.002445413417579395,0.14555621357454251
0.005853899284485464,0.0022825908249356802,0.20451050114160152
0.005513846886873268,0.002323909005008293,0.14697768502587805
0.005488473984943914,0.0021927675508344115,0.22342508054251478
0.005434205009082319,0.0018901652971506121,0.1422604701706428
0.005394180971489834,0.002511345347969438,0.14241871247182278
0.005456467796234187,0.002427001052915975,0.14262614127654907
0.005390648839699024,0.002242904649681375,0.1429034329583334
0.005435598788828648,0.0026479321960862236,0.1422173232474423
0.0058614321326234545,0.0021760256560582904,0.14694837617398473
0.005967997719256529,0.00237012759014061,0.1433610443996329
0.005496828408880674,0.0025483622838033716,0.14230315561753315
0.005879197421172226,0.0022570585635480977,0.14226404445850901
0.005150620520429005,0.0025909284452693745,0.14228020556105567
0.005222555315035331,0.0026032156710777926,0.1648395252921648
0.005468118364379803,0.0019258463388662603,0.14705663394064092
0.005245903348166262,0.0022044043473833756,0.14253038889641031
0.0057005284845386885,0.002068418024151086,0.14342306315539746
0.005723067796765045,0.002047949039397461,0.1548223732984864
0.005882592409037466,0.0025116997328374644,0.14229179766131245
0.0056287296218566745,0.002319713224330272,0.14662833058610059
0.005774362347678203,0.002030903102030223,0.14289185089642248
0.0030703734390703325,0.0005002529952679388,0.17955114942873004
0.0032139882069569183,0.001248953153389539,0.23755552254870177
0.0030473913765921906,0.0012932623408400189,0.1795866546279599
0.00295053078582632,0.0014359319518916064,0.18542083065226442
0.00337512595226695,0.0012228472115897954,0.17979392253902782
0.0033705918959299986,0.0011758836833584913,0.17964858335997244
0.003021712330901566,0.0015643084160062556,0.17948791354708774
0.0029659310456844976,0.0011414936053755894,0.17973876500995828
0.003241321850187305,0.0017687413952114086,0.19390117248668615
0.002956975751644099,0.0013443084279699173,0.1886433770226105
0.0034265351565810178,0.0014632359128379172,0.19417840084272714
0.002996475088572822,0.001383183873206395,0.18454782449324778
0.0028125697496269217,0.0012429667748476557,0.18505633082043615
0.007853835965213487,0.0004204079077378169,0.057608409499041044
0.007832600152514899,0.00068748606206969,0.08398943987149725
0.007657096123351671,0.0003079616366020246,0.0822149108680479
0.007678281326520238,0.00042435103356248445,0.05789414873340516
0.007950822956660155,0.00034938201184452566,0.05819516909469451
0.007545269292860258,0.00027329867391582977,0.06628963168865235
0.007976583311370735,0.000597366087302295,0.05763441741551726
0.0080151746996695,0.0001218405740016353,0.05749539945005496
0.00799354461628304,0.0003022441083982062,0.058009003326445444
0.008002280820435324,0.00025296554677860965,0.0579606259880874
0.007856371559916357,0.00027954967667938877,0.05750011918176624
0.008277248062786291,0.0006113824349692396,0.05752597936325604
0.0073044298633992,0.00036526779671777694,0.09436844009594111
0.007916919253210287,0.000625250693813792,0.057596069765433744
0.007505796928801899,0.0004196813203418274,0.058113666465080836
0.008394088842676643,0.00019632635200126205,0.11190053845240136
0.007723187356682535,0.0002230279214382176,0.08813427961479374
0.007822649400451742,0.0004841574672144718,0.05750196818603406
0.00764233979355639,0.00041643786635203587,0.07455014455894118
0.007497737839278039,0.00027478485772141573,0.11295026075998518
0.007823029802837049,0.0006222068950839163,0.057504135621713325
0.007662070900568193,0.0007156736957949939,0.05749789183183508
0.007364603631328936,0.0002713023097408666,0.05763859361042299
0.007743906115804787,0.0005063384356615548,0.06330184012974965
0.008026978794773532,0.0003932934416287421,0.05855997690289659
0.007890704649253908,0.0004141719622635817,0.05749515337514741
0.008018007793026017,0.0005441274755357835,0.057766475104155855
0.007642164816250207,-0.00010128524894221906,0.05887734399923794
0.004430452121456402,0.006696616172384201,0.15178516127408953
0.004484174746976967,0.006651017607892925,0.15236306295629606
0.004340005918638396,0.006784933311256177,0.15097573614490306
0.004578612731420226,0.006269496584675726,0.1751680518229824
0.004487800596171951,0.0062989988361512525,0.15095088433946563
0.004270069060009692,0.006704952913514917,0.17049257803637108
0.004444982076955786,0.006833401463933745,0.16705378921106545
0.004342595907305577,0.00648273146301816,0.1508221204553126
0.004340772073222493,0.006796085387419889,0.1508653303325843
0.0042684531325268785,0.006162098943725145,0.15082548474222612
0.004251236803733028,0.006563777449263635,0.1779773975183835
0.004295517955092302,0.0063174496560628995,0.15088404419222712
0.004036653183697825,0.006463938187728871,0.15104279021839342
0.0041252880353107434,0.006450826748174637,0.15099112716882346
0.003940811045366341,0.006565228515616935,0.15118760978006907
0.004455082147046958,0.0066572048720553115,0.15086475576497083
0.0045459219179564605,0.006376129721665285,0.15087255168997749
0.004364605104130909,0.0065616003870354305,0.1613123529507108
0.0046325166544608845,0.006697783755428031,0.15082817808834675
0.004277547198770239,0.006631767922661589,0.15083882418207534
0.004564773308080162,0.006820643054996369,0.15251283200384966
0.004556747508121647,0.006318048044980003,0.15325941038975557
0.0048491113256136885,0.006242173562807154,0.1520833418933792
0.004027294800283216,0.006332693082594649,0.17530169199501008
0.004581450362421207,0.0068160741110671105,0.15180423887894268
0.004154929470725407,0.006298512027529261,0.17107697341875022
0.004338533968618324,0.0064931640062181805,0.15766962403385423
0.004290937844615539,0.006622983537571408,0.1736959380323989
0.004493208855981049,0.006735444090340917,0.1508277954541864
0.004770852641294713,0.006354677782522533,0.15403390536319397
0.004405384447752087,0.0060547905056790785,0.15793778974579195
0.0042647945249165865,0.006420033849663486,0.15100668676659282
0.004682073314960632,0.006607965944588479,0.15082458600963328
0.004310285597260956,0.006068934725350061,0.15105765392072357
0.004444719936763703,0.006297048948642339,0.1508434853714419
0.0042055336095990666,0.006427689668326593,0.15108947997934183
0.004617816214147596,0.006357998168876848,0.15091670349741912
0.004511091311843605,0.006741075080148175,0.15091981323145237
0.004627099909390867,0.006546181831100761,0.15092089044218188
0.004299636559754076,0.006644833043664013,0.15098473337367901
0.0042909758702888035,0.006237036397114367,0.15124132325305095
0.004441970326760774,0.006693379163079499,0.15115296951504398
0.004239933408848804,0.006228506797833066,0.16684807638058125
0.004263649311246236,0.006767900518840162,0.15901488181791582
0.004286324438724325,0.006439925549545719,0.15392371560081458
0.004297694543486968,0.006987799587852747,0.1513832918569892
0.004734590634401192,0.006753248588413268,0.1511433405814267
0.004806426444294845,0.006442363317559952,0.1667861115713383
0.004556523847017239,0.006423780989563408,0.15259431981950403
0.004344987168513517,0.00629421110486597,0.15262578743828162
0.004291531733485834,0.006530721405981981,0.15113137147536831
0.004329245431673938,0.006533617020417886,0.18276768487028322
0.003976105185498947,0.006127798876742127,0.15082451455569643
-5.900213068511775e-05,0.008830757795042568,0.18076881954960972
-4.8062428446238484e-05,0.009931679091798911,0.17649943592199485
1.4201993800559598e-05,0.00920317260541713,0.1587192281479367
-0.000392134857707842,0.009556374812992829,0.15864145586973144
2.2341613040401983e-05,0.009267069007378894,0.1825513895587743
-0.00015530953393450304,0.00931681921912256,0.15861332809261977
-5.089483033608777e-05,0.008984435080517583,0.15859326780634259
-0.00028085950017768123,0.009318081611304896,0.15871314653521346
5.6069506233480924e-05,0.009418771148033524,0.1589826447770211
6.720052749313003e-05,0.00922492518482484,0.16403911699108809
-0.00010912634872574027,0.009322196988127907,0.15860327888792325
0.0003471409733669661,0.009348700978094213,0.17712425930502612
-0.00015365568051684347,0.009076328719456161,0.17471356639702862
1.1015553661841768e-05,0.009460345257563826,0.15916468313159432
-0.00012271154912123344,0.009366544859907091,0.1585569204313036
-0.00016317094674877985,0.008870061866374101,0.158567093650966
-0.0002840727243121222,0.00893071734618896,0.1636570244950789
-0.00023492802695318152,0.009117020409735374,0.15856597302230585
-4.524109616038989e-05,0.009438117227767611,0.15900522498723282
0.00041646236634967936,0.00963225612493307,0.15857038110175178
0.00021128140547794764,0.00960754224776306,0.15884623169425668
0.00014477676859156956,0.00920136194995773,0.15869069587942505
0.00013417899128987605,0.009387190954686797,0.15855381433584806
-4.4183314697903845e-05,0.009164380148427964,0.1873919593084286
-0.00012024697948934513,0.009242002354581998,0.1585760366123043
-0.0003311851022250288,0.009245323371988875,0.16571495013421145
-9.203042294727434e-05,0.009245529072036612,0.1910046826741946
-0.00035784463125750787,0.00944976713491649,0.17548312446456832
-8.762085304932567e-05,0.009308796481841033,0.158591571423708
0.0003688418665306895,0.00963931155041479,0.15865471001678266
-0.00011627133637055898,0.009673523230284642,0.17472766765338468
-2.9855217469774506e-05,0.009486940682064288,0.17202744164403128
0.00019441477209299635,0.009275157905802552,0.16764132660027098
-0.0004804542261803629,0.00927242397768669,0.18985050120061256
1.0918164676582256e-05,0.009346801114715695,0.15974591189463783
9.397347507195941e-05,0.00931997392799352,0.1643119085437448
0.008969751961272596,0.005025290401797254,0.17943717752154076
0.0090520163847615,0.0053162678123172295,0.16178125670301033
0.008980259866835023,0.0052304936604481945,0.17381681028864424
0.008775053506194461,0.005195525365658948,0.16522037922549024
0.008864429769600295,0.005423536705928817,0.16235092409712576
0.009077621866902386,0.005216013438131355,0.1620066812611753
0.00892815287644985,0.0052098403307610725,0.16396034789680197
0.00921285442303047,0.0052868539550406995,0.17912840252913842
0.009077146944094368,0.005323296359402974,0.17137070999362505
0.00897658112748681,0.005340549205158381,0.164100418704241
0.009131857181203039,0.005213476600725213,0.16344804183168102
0.009183760937889113,0.0051904632181281034,0.18320492263153
0.008492669403837368,0.005442805196494791,0.18330338555808592
0.008997062602618807,0.005310658852150106,0.1617878932182331
0.009325874370687322,0.005086512745712059,0.16178480357868957
0.00894826935499765,0.0054117509063453416,0.17625201192600431
0.008799105125933553,0.004920532784297876,0.1617907890828052
0.008429371567868636,0.005165931982482875,0.17635066361355212
0.008857220740621065,0.00520114519978578,0.17762516278570611
0.008767087777717926,0.005178954723841245,0.16225992260234057
0.009101018780182367,0.005085235718308503,0.16176659954363226
0.008806223113653701,0.0052773740088556224,0.16177429088432588
0.00888907312553354,0.005562228826483508,0.1796289157152324
0.008874031350265097,0.0051657243488541305,0.2002508576136548
0.008850319660412597,0.005417348733540594,0.17140155656706346
0.008882274524916202,0.005376290641796614,0.16177531791981298
0.009151034153035411,0.0054782575923612645,0.16804139928226766
0.00040436652458040236,0.002372583497052786,0.08683226763396869
0.0005651100760075023,0.0020502978301726467,0.0868799576889785
0.00024294667147299587,0.0024958083190869612,0.08639175791615078
0.0002730219669215169,0.0023014523729772674,0.11178233030455431
0.0007043459929972365,0.002355377614041308,0.09987237787367094
0.0006099151983765052,0.002089991329520197,0.08657450017003322
0.0010517830645397491,0.002396500808168722,0.08632213198833703
0.0007938268813478379,0.0025179083122844424,0.08623759982582044
0.0006898975350130731,0.002171207240933095,0.08639855896601835
0.000372496259318284,0.002401194096517867,0.08628215093298622
0.0008541968472525096,0.002347498851977029,0.08626732528695773
0.0009539741367774386,0.0020228248719223927,0.08623026845808246
0.0011393568547697788,0.0020683412204230917,0.08688191557681943
0.000656970808359507,0.0019534527905088936,0.09963753189684092
0.00027873464664233255,0.0021154619105565745,0.09691050071921846
0.0007186277168676493,0.002143737536235337,0.0895259895215429
0.000511273681129882,0.0021701830113726836,0.08626557957728166
0.0006213914242256198,0.002415512949813739,0.08630489383977044
0.0007334075320476,0.0015789775754977919,0.08635532536054447
0.0007108946087990601,0.002120749767530406,0.08634946662133078
0.0008764985784842519,0.0018544199124445675,0.08626312793393824
0.0007666378601250947,0.0025473399399523226,0.08624159447688902
0.0010012442542869629,0.0020410309911957276,0.08669438149344402
0.000335417076422968,0.001960984785055275,0.086257094768907
0.0009246769081620119,0.0017478060971626674,0.1389215144279293
0.0003289045215609188,0.0023534264711948527,0.10257429128916355
0.0009119549078823399,0.002432643253931542,0.08632192338561427
0.0008512403361515597,0.002299834482300237,0.08654326437560282
0.0005351618758281573,0.0025803735556334372,0.0862595196894191
0.0009377012459138733,0.0022389394195402707,0.08630668028160957
0.0007436018111309436,0.002041057702258265,0.08641503736451045
0.0008122319298636137,0.0024416972313112003,0.0911259181357421
0.0004717974322277905,0.002224494596818972,0.08629392674155745
0.00043578420430810075,0.00215652580039057,0.0900777132934227
0.0005661351925341406,0.0021833515669200942,0.08623416824012649
0.0005578624190592284,0.0021339178288023552,0.08644317733075771
0.0008553592695121001,0.002129348172771723,0.08626161307285692
0.0008036592745276042,0.0021345019017939447,0.08631375371370974
0.0006053142680512157,0.0018906372897557918,0.102661260299652
0.00036848360567683563,0.0019198323937024034,0.08623811439046451
0.0006005236535470356,0.002379039417213312,0.08712243959726108
0.0009861093858035126,0.002208410690099029,0.14692461518743966
0.0008399273602102021,0.0019023796310541233,0.0862744163885594
0.0007442263991552512,0.002040773640675423,0.08671530969253341
0.0004927198097816429,0.002571145570717222,0.08630874198912047
0.0009058787863636331,0.0022554734819783128,0.10122254717741871
0.001029131088516168,0.0020261667956263225,0.10923394737500026
0.0008178988262789753,0.002340583691654771,0.12538566568511217
0.0005879526083948615,0.0020506370189868656,0.08624046600511603
0.0007778997700181485,0.00228766062364143,0.08702717059767613
0.0015617546357431483,0.0010599937908176552,0.037788317986201456
0.0011529836547638425,0.0014197684226275556,0.03794397350156727
0.0017089467920785898,0.0013293628605405721,0.040924224508246135
0.0012891906179416349,0.0011765386639827524,0.051618547909753745
0.0014196295402953993,0.0009414266987153225,0.037820128756309024
0.0013224244436602559,0.0007538649914346644,0.041818976754299485
0.0013430836295666262,0.0013069962445518121,0.03791336128062003
0.0015284957494389748,0.001681276698367662,0.038358125639957066
0.0013637577971497528,0.0012783252229144984,0.037798751579570654
0.0012831848435180316,0.0009531457691922421,0.05099009573589695
0.0014541891168133633,0.0013023578264306835,0.03779986158452042
0.001528719374060496,0.0016073419515479658,0.037840412228971
0.0012255984153957803,0.0015633854831438802,0.03813551705080785
0.0015575080510442764,0.0010340203937199096,0.037889684178917846
0.0013233008361996168,0.0014863659066352518,0.04063154281727834
0.0015317680066095334,0.0015129556288610885,0.03865876394632123
0.0012148704907261592,0.001193355707577584,0.0481728481892618
0.0014038479076240002,0.0014041287637793004,0.03780208989814425
0.0014660396418578134,0.001561550588654804,0.05521579059296852
0.0013759049865337226,0.0010671548303364416,0.03779833227996567
0.0013000156885658036,0.0009192787221037322,0.050449232878170526
0.0018031824024301337,0.0032847719102099423,0.15537964830401427
0.002052163516318918,0.00339541066089298,0.1626995748655171
0.0020483390552284843,0.0034799545402327816,0.15646211000367374
0.001977344662128923,0.0031431488045757946,0.1813475517853017
0.00210162575176478,0.0032412514163155655,0.17095097685416702
0.002056466694585432,0.0033020203459259326,0.1613973208400271
0.002365126183230797,0.0034596854174955213,0.19772459499340653
0.0021282073460244205,0.00306901890593549,0.15521954113992018
0.002066855891952606,0.003614141123338694,0.19037688454125912
0.0019957453411685697,0.003346806643852208,0.15524240616318324
0.0026014413884685138,0.003329708941662967,0.15905412416663978
0.0025088948793460008,0.0035047314926914845,0.16230714831245285
0.002088391512827908,0.0033475982500204304,0.1886532675149225
0.002125332051611775,0.003416293847272563,0.1554682807769025
0.002410593043086931,0.003437418178134366,0.15521256877316006
0.0020258402453722144,0.003410721782574651,0.16683220286250058
0.0018878032498601737,0.003366690395104012,0.1579419515776732
0.002051471888117954,0.0034555606996169077,0.15521496778945662
0.002033804801457274,0.002882596275891559,0.1643594965218402
0.0022274062806722323,0.0034190366481017705,0.15538318233434065
0.002046867108584031,0.0031803399313836403,0.15785672397629108
0.002407615845960765,0.003613473666731764,0.19322215344738497
0.002150101233157347,0.003575917472330568,0.15788687560927125
0.002112219770849385,0.0036146550512088796,0.15527367424295707
0.0019226175986286156,0.003284821591802792,0.18014138544211536
0.002100577714448598,0.0031277863540975213,0.1567159262202154
0.0019887148928846386,0.0038469302485148625,0.15675716726710365
0.0020766203413321058,0.0033187441707764474,0.15525960079542175
0.0022708044354332996,0.0033060525333726606,0.20879731952744973
0.0024754583563374954,0.0036968867031338653,0.15557514534426428
0.0023735922377557147,0.003651854329298186,0.15524126788646753
0.0017715362633551452,0.0032197024925251366,0.16084772781664247
0.0025514261517521385,0.003659187007727279,0.17069293998484097
0.002191793968015593,0.0036927031326596995,0.15526402001903022
-2.715322060431089e-06,0.00169952270372825,0.1282559351123979
0.0006568149956027633,0.00163981004443216,0.12650452821350724
0.00043267114388473716,0.0020125890284459266,0.1647096867160316
0.00028630900597839963,0.0017125732002500828,0.1322854976213199
0.00025008907237728233,0.002148740693754733,0.12639951158272125
9.962175896022237e-05,0.002377259238253838,0.12652969925816132
0.00025158519694064996,0.001652473796696666,0.12648382525651433
4.4165365262124076e-05,0.001760466443640326,0.1544096134836644
0.00011449204337020993,0.0019867749293419694,0.12670992054130192
0.00027326352432990007,0.0018557180913152747,0.126464560547844
6.583248848779355e-05,0.0016537981304050899,0.12815500597608223
0.00019540572198115181,0.0018077499498615312,0.12639345064917065
8.455794603483426e-05,0.0016569593139333007,0.12644989892126912
0.00046161889021906005,0.0015447291861148873,0.12642118810427164
0.0004241020550145142,0.0018459372953850343,0.12640736346825104
0.000439536903625328,0.002083745012800856,0.12640338424149328
-3.7841565103097555e-05,0.0018658421152938883,0.14309878959119968
0.0002609102275404095,0.0017361003307533682,0.12818570757392742
-4.509481780619855e-06,0.0022538679225915822,0.1312001842887861
0.0003080928233601228,0.0020932281858908764,0.1264301839658287
4.048682413682048e-05,0.0017198457209298738,0.1295868577588822
0.00014949797904010946,0.0016925008079398218,0.13093707538306407
0.0004887305587644602,0.0019396758312134658,0.1304887288238467
0.0005014789704163353,0.0018206608495489262,0.12648713858642546
0.0004443759592686785,0.0018838052963248766,0.12727453343687659
-0.00019036425364915062,0.001794062646130471,0.13496307990686132
0.0024381029652776358,0.00894454286339231,0.04070987071277936
0.0023506852376444084,0.009119715784368454,0.0316977980181568
0.0023292503078145826,0.008887272913942031,0.03372360912602534
0.0021392729084763655,0.008893953749972145,0.06136723532023135
0.0021703379125184888,0.00881065275620574,0.06109600920625241
0.0026469144202636748,0.009170121665602039,0.03867500708415949
0.0023367973245844885,0.009092083539946427,0.07518079094415914
0.0033047235463731805,0.008295792084696302,0.023242350876619258
0.004058510463474208,0.00848458746853388,0.02326972024961298
0.0041037321877830015,0.008879509442945655,0.023376524438615744
0.0036336760800578793,0.008514159870680658,0.038489678871394144
0.003909405401291561,0.008497762801313959,0.0705180927702437
0.003882040092948313,0.008388282670033928,0.05183376551834343
0.003529383006498215,0.008703664148189263,0.02826011622569037
0.0037488121550848484,0.008250015428605484,0.02328687265570845
0.004143159618662187,0.008509148251984473,0.02319399588181367
0.003630194531569853,0.008880831969643786,0.028271641630170798
0.003606721078731334,0.00826719890708333,0.04995965665994311
0.004060562222207121,0.008621528858464999,0.05037222332280027
0.003704293883498656,0.008627710530279786,0.03162717279035088
0.0038346230926347975,0.008223911588613497,0.023094213250474973
0.0038709691773999794,0.0086571137794982,0.023016293669037093
0.0037898135422551418,0.008808909620791809,0.026689333808363296
0.00352897888391454,0.00892042039867337,0.02302178114322552
0.003744176276071821,0.008527208975234696,0.02585304564318465
0.003828245958362882,0.008871023934993684,0.023131893064406352
0.00399064568980307,0.008732199662902979,0.051208050999867374
0.0036486879055625102,0.008632264780386032,0.023115124153179182
0.0036408101127506473,0.008494564382472123,0.03252856562108332
0.003759559998918724,0.008621853842039855,0.03100159270360897
0.003936966541039073,0.008839429442781904,0.04960201130360908
0.009735274764891543,0.0036362401622383545,0.018998704961181792
0.009426459791954594,0.0032192637127616782,0.032356013207932605
0.01023700328102225,0.0037279380691979764,0.014862986664107005
0.009694832823035529,0.0036503441355469797,0.025547103892207747
0.00985150860026642,0.0038209251137409084,0.014908851540886593
0.010110300366973997,0.003951797217887981,0.014869825599014631
0.009689634996184034,0.0034807361015743495,0.01697480187139795
0.00992899843964952,0.003666918147081408,0.01489564024921717
0.009487756991438447,0.0038456642745007753,0.03744301606324002
0.009670542051331448,0.0038721624352516535,0.04559295332286371
0.009878959848581519,0.0035731805170265496,0.014851763633780525
0.010205429134226972,0.0041353222593039805,0.01488260503455139
0.010028535409052472,0.0035198732112262363,0.014881411772736343
0.010022217969788479,0.003868966137234729,0.01493493250836009
0.010325694941730237,0.0039109969778431735,0.014860921519176942
0.009956559925741387,0.004004234833238226,0.026101213721183285
0.009904329698515457,0.003750907771462742,0.021705376975767958
0.009698164434634908,0.004026478018602139,0.01675228216006286
0.009795334382188894,0.0037432324856497517,0.014902166981592914
0.010233408143035238,0.003958423104955075,0.014972848569676147
0.009803767528026572,0.003651098622571637,0.014912443123438004
0.009986728491611195,0.003914542745032028,0.015169864110888378
0.010052521395464007,0.003535326855812823,0.014958964276713052
0.010032085018521786,0.0035356636353269396,0.027957346539127882
0.010097886110737317,0.003780402194033826,0.015029887999355241
0.00971500019322167,0.003736611565725865,0.016333658447901037
0.009903009990981837,0.003653739905955317,0.030258024805730723
0.00981703191462069,0.0037687663025093012,0.014972358605080428
0.010119954814499704,0.003796269982118282,0.015740679544940375
0.010125641418683832,0.0037733702125798073,0.01486439517039381
0.009724207796694266,0.0038929774512841252,0.02983213785011688
0.009814439917572589,0.003768549976175325,0.05349680948722553
0.009972151715313531,0.003921255886107319,0.014863679736129455
0.009967591392886672,0.0038673275155432403,0.016010962785927785
0.010000748444346976,0.0036193724532060504,0.041490605183916895
0.00981389532546929,0.003712481865979607,0.09862933856019952
0.010157015983701232,0.0036265873842854413,0.01522999925498947
0.010112864464968705,0.003998990958768807,0.01490481140556178
0.009780362156050946,0.0038314967656616033,0.014894799015437478
0.010000331652430763,0.0034706658432822187,0.014854638210119566
0.009730431478717915,0.0041383970110299186,0.03367012180075879
0.010078270212539238,0.003948784432838572,0.03648621566529671
0.00964142959925795,0.0038598815185247183,0.017648681625990228
0.010231519352461757,0.0036594195117806046,0.01784417239253231
0.010040613078688747,0.003860274194090734,0.014870658360154533
0.009683199805754963,0.0035722214670853487,0.021727058013735867
0.006067423061501924,0.002203131208784114,0.13458080236755102
0.006366858215165455,0.0015991778461925453,0.11500514839338535
0.0060806778155432645,0.0017728984632735352,0.11730419413152551
0.005915205519600542,0.0020656370161540208,0.1335106709309447
0.006094629601260331,0.0021715902219124976,0.14519429120546457
0.006037072739996245,0.0016832957389926917,0.11503900114025944
0.0060246641762464175,0.0019197999427231684,0.11502630643386451
0.006096845802253089,0.002135537900818373,0.11507495614100391
0.006237384819253594,0.002416941115759949,0.1149983013115113
0.006236113136074945,0.0020862008684626922,0.11983680863577065
0.005807887916428692,0.0016880640139440742,0.11504037128906672
0.006458218863991316,0.0019839016994129288,0.1149970909558574
0.0061392390057759885,0.0019225419021849874,0.12042509929818554
0.005785473462880237,0.0023534741174993192,0.1199265272016912
0.006159610575333738,0.002223278612800879,0.12315228469630958
0.005826317804185783,0.0020662955322436677,0.11701463384352637
0.006313938321507673,0.002078396349758665,0.11915491990957668
0.006088538577512183,0.0017090618942384984,0.1150443352587191
0.006166524706368891,0.0019027383950076557,0.15520191831036104
0.005880760939159643,0.0017496871287634441,0.1736728030710528
0.006291881359152331,0.001731048599845755,0.1233416472131872
0.006175706053786668,0.001894468723691042,0.11667631109429598
0.005962871340779376,0.0020240310694109673,0.1169968926450578
0.006159598682397484,0.0016370844476960905,0.11757423285421723
0.005909800550837922,0.0021887160938571116,0.11544897916656913
0.005588912887285414,0.0018433517999064705,0.11804498386247858
0.006179855207179263,0.0023274552044815953,0.11502557568148569
0.005954008232087055,0.001905999355900319,0.11541543879566823
0.0062919518461919755,0.0018626075802613343,0.11507290756408793
0.006275547431317965,0.001621397262934484,0.11510765507202984
0.00623537443823799,0.0017678591873910357,0.15317047195343902
0.0059101652699405935,0.0016640651228504123,0.11620000868694252
0.005856644476730315,0.002112356200880763,0.1150548644297534
0.006589476547781737,0.0016375371480467844,0.11674534979930909
0.006334229553369819,0.002009024801560442,0.12486237731475514
0.006297214278269045,0.00195729059163124,0.11500060168970754
0.0062898898015491,0.0019758540487514534,0.11626081038833161
0.006056208640033742,0.0018713010024207616,0.11502382218445126
0.0061852797482888616,0.0023444716296285306,0.11615494849379679
0.00606251846069212,0.001376318200469835,0.1150587426309565
0.0062911430877415665,0.0021275856747751403,0.11507233355102882
0.00587011779748918,0.001835787132898043,0.11504915367280691
0.006263879193840282,0.0021097205982122977,0.11504086461268703
0.006106850586075962,0.002186828265470484,0.1211045026662288
0.005885225924613615,0.0022525487618538956,0.13629312582691963
0.005857831379964168,0.001881400935233144,0.12649549124470078
0.005656006951402715,0.0023348956621148274,0.1440077394117199
0.0060900981023503924,0.002120310649005219,0.12555338178783712
0.005615936463671494,0.0024266715297074715,0.12439157735383288
0.0057622661766639155,0.002242782632414,0.13491426244053698
0.00610425400608935,0.002329940138065067,0.12110597385499342
0.006232717017868098,0.0023226112404492456,0.1525501652050112
0.005952329792225723,0.002240108096141109,0.12111271710057642
0.006033083197122353,0.0021073047590503837,0.13755808301703396
0.005936528325691744,0.002105806756362242,0.12124975304787516
0.005919794256900278,0.002272907484981106,0.12224408823341928
0.006277990374568009,0.0022472799546324317,0.12290771986919719
0.00625789650509153,0.0020327785837630486,0.121092100360382
0.006054762256797524,0.002497108351890773,0.12204891005886992
0.006267060968735727,0.0019267167576852667,0.14389481075716104
0.005892376519186537,0.0020198270644803356,0.12119552474291637
0.006707715748791031,0.0019373315339816877,0.14990709502861613
0.005982404615670091,0.0021604635418305215,0.12154834389770959
0.005998144170153287,0.0023362916572452225,0.12612359746619498
0.006248402334577037,0.0020293965527003518,0.12109512272555621
0.006054760073739812,0.002478845632560711,0.14393259553758425
0.0059512533893385355,0.0020550174767826855,0.12114320008393491
0.005995376140258513,0.0021495310896983396,0.13281591822150168
0.005851862951323278,0.0019208191643612792,0.126035981246458
0.006179383602627655,0.00200180548940223,0.12182804768035639
0.0059272228599644644,0.00209238841847573,0.1213342793801624
0.006176420814893653,0.001942621353008372,0.12340995560907986
0.006238896163183956,0.0024695901907791805,0.13718449037454716
0.006138878171899419,0.0020842914647481716,0.12117395863076136
0.0062388650285808995,0.001962389126159973,0.14673859502788467
0.005968210309605159,0.0019674817889210093,0.12198081791817818
0.005998414357334492,0.0022744199195852454,0.12238700558616727
0.006082590235639331,0.002248091481071744,0.15363266948470372
0.006156939002894047,0.0021572905150757417,0.13505944196686204
0.00624324196541216,0.002371600010911194,0.1210879553348221
0.005880460482320033,0.001972434537189522,0.12673650784676388
0.00610888508289133,0.002184472315116382,0.14790396406882067
0.005694441851747452,0.0022737855534520402,0.13957224701779547
0.005957230217161027,0.0016812039950648053,0.12107935649495682
0.006477798612356346,0.002437187172664266,0.12109140383580017
0.00609835943544009,0.002394839357223052,0.1229335525241923
0.006498276785030233,0.002538560543651864,0.1552759177984905
0.0058872904416898825,0.0016688381922139062,0.1236992091614976
0.006223185477095365,0.0023363639647381064,0.1320146229280501
0.0060052855160383145,0.0021000364561328633,0.12757916382429546
0.006114224569433663,0.002005720410678005,0.14056786044425804
0.006432762078286361,0.0019703457604817354,0.130727319347463
0.00617475730066269,0.0021846388432218322,0.121951525047598
0.006105350079598344,0.0021693565990592526,0.12110682342038853
0.006037419915553667,0.0019364065164584941,0.12107968514839344
0.006083314611016136,0.0025876976525566857,0.12753566479293552
0.006709691108830091,0.002482108958038282,0.14411560049473468
0.006161970541552395,0.0022900973024331753,0.12108408735781095
0.005905625931247437,0.0023575562351957884,0.12109327765413669
0.00590615693553002,0.0023234359403837006,0.12120243834747003
0.006128361933310975,0.0016929362554015375,0.12128906544264609
0.006091651257303549,0.002005782066715308,0.12110970437222394
0.005952623561506126,0.0018664997416836737,0.14036709990237992
0.006250397652642904,0.0022141217703361697,0.12108204015171535
0.0062769561773227504,0.002133900918207932,0.1250725155027118
0.005753139130390872,0.0020579565250205298,0.1947793982215622
0.006262957195881674,0.0021636145888750224,0.12123507556985806
0.0059908120493108894,0.002048208886912461,0.12509740667588476
0.006223438695583323,0.002058085092883078,0.12124583051836224
0.005819085025931988,0.0019214361704480846,0.12110469340453874
0.006150514129848899,0.0019001667295296776,0.1231573621343101
0.006468887498678376,0.0018384938448139207,0.12155698632139578
0.006190556487947627,0.0023683552116188053,0.12119808911836955
0.006107034605642083,0.0021395160176399045,0.12190400488482508
0.0062015856410708005,0.002353657213652252,0.12117418298035218
0.006357675795197538,0.0020837239025567576,0.12109177949149752
0.006180284001265603,0.0021548795392722234,0.12112081518418581
0.0061237429929013355,0.0019964997211027293,0.1257829303146982
0.006002358640670007,0.002290396120308392,0.12112568127498813
0.006190559588580852,0.001935973178472841,0.1211555937023354
0.0061120112236316415,0.002096755087705764,0.1240598387311857
0.006255568824081478,0.002609503610285173,0.12121541379364645
0.0062077246124480024,0.002025049207221994,0.15804688062589078
0.0058267935122667605,0.002061464545649192,0.14247428312278002
0.006387691277552424,0.002323615588831838,0.12135561428575163
0.005951581442694481,0.002000932755209377,0.12125386115977282
0.0061908486078288685,0.0016935769975955054,0.1220089021455162
0.006062207628437942,0.0022486888058886366,0.1251876999198338
0.00623910308078832,0.002144703912076487,0.12123174819545307
0.0061826606519102606,0.0019685678052617354,0.12307531671164258
0.0062442818853810315,0.0017687917807061313,0.14797920081468383
0.006212563366308051,0.002187803956060905,0.12109625591824495
0.005885484880382288,0.002323297968504391,0.12359958010425968
0.006312858475930564,0.002106862477533811,0.12110821821787979
0.006213115634061763,0.002323964059862053,0.1210754206846246
0.004177085409314547,0.0010325477702107782,0.10314147589756945
0.003980468923470172,0.00035851793270562035,0.12140606614058866
0.004364497735936307,0.0008890739757872439,0.1223402212709668
0.0040399772373780046,0.0010827760833576683,0.10706899037208135
0.004311844599552309,0.0009854837459481176,0.10321892911456038
0.004263967646711018,0.0008854096130595968,0.10571016164345648
0.004465372862952755,0.0008507747050523034,0.10356252925465803
0.004348506634582068,0.0005567244081868775,0.10345035567622292
0.004035076072143828,0.0006081571180449115,0.10350787511085219
0.00424518694086541,0.0008532639693867224,0.10315308257103287
0.004215375130232843,0.0009499403808500275,0.11302137215251283
0.004013567106839764,0.0006246318087139248,0.10326746633190821
0.004365211150671683,0.0010284210738338059,0.12684356000537703
0.004717236084910678,0.000899680566816168,0.10334972859683766
0.00733018025343667,0.006965685154418702,0.13838221610297494
0.00740492112716133,0.0067357403352875465,0.13799736421111108
0.007484224190715405,0.006739520203332941,0.14187255651557645
0.006955737267790811,0.006856516313441747,0.13786146822032908
0.00686056942269914,0.00663722464319613,0.13958429916907195
0.00727565689990059,0.006664379185286041,0.13809522632932775
0.007247503422671093,0.007011258029915639,0.16361207077247295
0.007052910647991618,0.006852488528409413,0.18196027953046556
0.007213225808223344,0.0070107891138318,0.15037690774640394
0.0018211501875490632,0.008178161699953146,0.037667481336649024
0.0023221501800261344,0.008465237072657226,0.05114009030409901
0.0019709702976860323,0.008632403408392691,0.03747892327757895
0.002670211438739859,0.00831242367959212,0.037457105909657014
0.0021805446708177,0.007991637945050459,0.037458352790316854
0.002198123376243995,0.008117573366929786,0.03747988061037702
0.0017688510941365086,0.008411010596893356,0.03888253012863955
0.002032950142074108,0.00833600486869997,0.05845689838279068
0.0024194291639028967,0.008427226430063247,0.042426028148103576
0.001968371018199054,0.008164939073329647,0.04059835885932042
0.00639048364249361,0.002999720695395219,0.09488349234976105
0.006237375585166598,0.0025202335059185212,0.1181565229732699
0.006535971109550762,0.0025912684129364553,0.08451104035762393
0.00639545525122723,0.002513473526383028,0.08410470699413136
0.00645452757441834,0.002384849875866595,0.0836565882125012
0.0067614039454959515,0.0026850100741907263,0.08896802808616014
0.006567143373160254,0.0027478932177754318,0.08364776536208134
0.0062607461143277575,0.002368692241502636,0.09001789590254979
0.0065717548796221485,0.0026317658038529125,0.09112030635622125
0.006385128513413796,0.002598804121619384,0.08499169940883824
0.006614759410660071,0.002410540347337773,0.08367289703592062
0.006726058204861584,0.0024992006514173316,0.15024516368084512
0.006320424231439579,0.0029098319835303243,0.11784748333297758
0.00647616712269011,0.002737894702344308,0.08365825924195525
0.006640219147995974,0.002467175422547162,0.0837580751613092
0.006419458040797878,0.002666264397688295,0.09499288429251056
0.006296375649814574,0.002464700893334826,0.08442064725534386
0.006676318471960423,0.0026876362715901004,0.08440836541060788
0.006098756148572576,0.0027888293478860265,0.09176512097170979
0.006357994768573465,0.0024362709666550437,0.12629846175913273
0.006691923799782085,0.002563262866532305,0.08362990877161765
0.006296240783326164,0.002675016828984664,0.08562147885037527
0.0064434031018440596,0.0027212127389003356,0.0837704584221878
0.006438090288645769,0.0024821196052214646,0.08394887663019034
0.00666648810761458,0.0024266085100671532,0.09692627121091127
0.006744699223618922,0.0026174947734853076,0.08376517985273754
0.006537840014464935,0.002289662834067386,0.12922284194862035
0.001404129461999741,0.008873753446117403,0.04705921459106607
0.0006572783553420052,0.008583015082979234,0.09370384703350224
0.0010023868119246146,0.0090939209696981,0.08887361540612046
0.0012463455951685432,0.009020883611784093,0.04495124637893108
0.001105113234755696,0.008763110873032273,0.03633990362792282
0.0010568020459929997,0.008881920654875187,0.04308711286019592
0.0012167875977433064,0.008658804659083533,0.0339440901063478
0.0013356894253710862,0.008999614531445547,0.039544269918498305
0.0016651391718382638,0.00871347633493,0.05128909569942965
0.001136746632207136,0.009071122799808325,0.033449658210617766
0.001147724750116727,0.00910647881865867,0.05381299129543783
0.0014982304901752035,0.009310795677730096,0.033566700019261285
0.0009617133264962776,0.009409786229973434,0.03385029018110307
0.001320241648252944,0.008542441437775005,0.03986012988830064
0.0015519841669511569,0.008411564267688207,0.0397973350250256
0.0012307061506425226,0.00875162452579041,0.06173016183158161
0.001131152543817283,0.009104233085907576,0.038022251495415355
0.001501997523781431,0.009013892757069495,0.036535462510851345
0.0012516031368805598,0.008880814030024236,0.03343678228371396
0.0012069254812951324,0.00881032613661208,0.04059298994766964
0.001316149197497973,0.008743246341974523,0.033513285998926466
0.0011216878490775226,0.00922675090036531,0.04285668863888
0.001312951193035804,0.009214951430032061,0.033460890889332816
0.0008970868271117624,0.008548721040857542,0.07723940517744628
0.00094236164119886,0.008841980402648832,0.04457299466207277
0.0012552296289525752,0.008794431652152922,0.06408906182170997
0.0013816912311368913,0.008644191214985655,0.03345972670702848
0.001582563316767362,0.0086853653652005,0.04745396108418831
0.0015843921886788842,0.008775452702892211,0.03534735493488794
0.0011215597093890885,0.008548092259343673,0.033464318736581976
0.001417859953768474,0.008658793601182302,0.06491407266144103
0.0014174062338568661,0.008821166836443683,0.035860257747863354
0.000933110379161307,0.00856538215731491,0.0334391036499852
0.00125327758076511,0.009132468946115675,0.04569724689118839
0.0015090923648007825,0.008910110814192972,0.03357778485473134
0.001430884894343911,0.009159765285066589,0.03348125830636653
0.0008300230626144836,0.008888846032262613,0.0334301570865398
0.0014563955362313803,0.009047769898445447,0.03421334313905341
0.0012189265737143707,0.00851192076524261,0.033615858709572274
0.001018338849853046,0.00873309468010571,0.03684150562923422
0.0009778173268190221,0.00874755116318436,0.033454574449636204
0.0013737652161474848,0.008190903220407608,0.062292631428117334
0.0008314820175047463,0.009082296964344426,0.03344149392084684
0.0014083720029184595,0.00896516910413087,0.033518354617280754
0.0011753986925580318,0.009183341904432134,0.033449448429201764
0.0012103250341864123,0.008942051264883453,0.03446373335379964
0.0013714110065161083,0.00872672551361426,0.03369011953383719
0.0012039359762933612,0.008801790922038507,0.042673837466785644
0.0015341138309005852,0.008758883824800738,0.08242502277739608
0.0010995526906665656,0.008726903020312558,0.048027507522237
0.0007575455889623493,0.00890216461156446,0.03358084630622995
0.00123515306641561,0.008948888381436811,0.04269593879755862
0.0012550021300297576,0.008623259101201942,0.03346398045006477
0.0012105574319074125,0.008833336421820187,0.03343563648388839
0.0011978675352403475,0.008937832723763512,0.07794906643677564
0.0015857621971610857,0.00862242510359545,0.0342250337545856
0.0009692323762743199,0.008682154728143196,0.033450601295718994
0.0008500009791973563,0.0089189494564464,0.06813847426965056
0.0013640211832242268,0.009045271987745802,0.0338396851545398
0.0014231815902090753,0.008386596161684847,0.04938177736595745
0.0012780734054224248,0.0089219261871541,0.03383532803336628
0.0014291786605117604,0.008874216013083105,0.0427636669339094
0.0013015663972502736,0.008798266442461225,0.08264228186415228
0.0013490804470894274,0.008440062314920851,0.03346639648495961
0.0010761281577633564,0.008572865385340175,0.03347141490151026
0.0014156404129581934,0.009078426352128261,0.03349188374706193
0.0012393152499566918,0.008609879708646438,0.04422994105184094
0.0012972774741814468,0.008912104992292379,0.034733056747773106
0.0012290076693661641,0.008910931929341922,0.05828764137410443
0.0011787780011318337,0.008874204230990102,0.033472348166817587
0.0013709819693025916,0.008942480263808637,0.09461752830207391
0.0008574147443613441,0.00908992667411377,0.03613721005993903
0.0011724558084759244,0.008836741745445258,0.04684862714759536
0.0012113263033478505,0.008620777235068267,0.035145744864774425
0.001024515178562564,0.008964504079084744,0.03347674417709174
0.0010380539496490646,0.008744632480417215,0.04689332271237183
0.0013220250430068998,0.009310237971598386,0.05185971729882888
0.0014666043103240699,0.008846507018346593,0.033857855338057075
0.0014081841218518186,0.008470615954022745,0.05751078061805516
0.0014812448840455337,0.009079203087568098,0.0338569577114139
0.0014479085302600918,0.008846839260579388,0.04480952687007158
0.0009617837846977368,0.009058195680815869,0.04382083992824649
0.0014974960639623953,0.008811034728956632,0.035239200885360894
0.0010280753328240386,0.008749773436341698,0.06218247424928158
0.0014973559228674638,0.00900248039126727,0.0336384489645671
0.0014655752169314862,0.00901761603875993,0.03496133421455537
0.0011056221673819235,0.008861100706604343,0.060002111477149456
0.001418549747225709,0.008891695063228447,0.033544012212878616
0.001152843825372655,0.009067282073691793,0.07759039023749399
0.0017313429645824645,0.009108217061168454,0.033505477352100764
0.0007386513175854295,0.009021326128397589,0.0415394688226122
0.001303851450648626,0.008676699331504006,0.035227270932771525
0.00111673774399498,0.00937809644096573,0.04375710717996852
0.0012736897765433144,0.008762894615247683,0.0340107354238489
0.0013335457452214759,0.008547279988909877,0.03356120022030043
0.0012538277726466293,0.00886927772185111,0.04320503409106308
0.001062235645816315,0.009439826377909867,0.05288785352556512
0.002916379085517585,0.004129946127328454,0.02412833020232009
0.00303246443747689,0.004388474817024752,0.016208330604291176
0.003292997341561713,0.004008419699477972,0.007752732595918809
0.0030472356604557055,0.0041760203307373645,0.042637769843469425
0.0031136351689802617,0.004012809638621083,0.015982434077011796
0.003045231741693662,0.004325149048653372,0.021489058469274635
0.002884223312105985,0.004250268296146545,0.042129263394591734
0.0032637526991313114,0.004695973922027942,0.007754938100513053
0.0030674324613623612,0.004447725067275195,0.007806695236343497
0.0027468447932028754,0.004328253892840503,0.007763945741813093
0.0031165020869519237,0.00451379723128199,0.007786152564835901
0.0033961346149554913,0.003943586401312231,0.03151181628781197
0.0033447495912638675,0.0039256830122064565,0.0077601602205345285
0.003668423440061188,0.004300423100618558,0.007782204296945538
0.003215343404636974,0.004518680361641172,0.010179352427199006
0.0034867474466871856,0.003990489971423288,0.03561532253150941
0.00311986747469371,0.004378930279349576,0.008640462622751798
0.0030669944816139718,0.004447866326548974,0.021715930535158624
0.0029344928812613095,0.004250562693341955,0.007758864249126817
0.00302496521332847,0.004230357595917367,0.008181851460977007
0.0030716460926363525,0.004332001011844691,0.0077929812657842375
0.003535510110341843,0.004286502114109757,0.015010042002018442
0.00316967477051812,0.004167310938072477,0.007780261164245904
0.003311860092602118,0.0044438367003669646,0.007943045841859685
0.00279405544506889,0.004502053615130631,0.00971779082034373
0.0030011309975208544,0.004089656766816074,0.008228067206990585
0.003144156391322459,0.004422907896086448,0.007780363356428698
0.0032907605910976337,0.004218435407756803,0.026463159225382393
0.0029933271760797945,0.004155913994681718,0.007760680079176018
0.003140312156959762,0.004320446718586631,0.007783837800857851
0.003772142471069946,0.004208014960383125,0.04623904841255404
0.0033580037332578516,0.00438757658544083,0.007830952066422602
0.002966600291486824,0.004418716278696902,0.008241225074732994
0.003126254954316883,0.004179083397477646,0.008069703573610098
0.002822719303746078,0.004093912417494734,0.007756411800990326
0.003204032429451675,0.004083978023092016,0.017503536543087707
0.0027422713150092666,0.0043770684295939815,0.007752320343677387
0.0029044308898773684,0.0042386654464025095,0.007829316105561666
0.0029078643202781595,0.004557740436319635,0.016248932213678912
0.008258521160115861,0.0015287512469408073,0.03500243435315746
0.008079378651040275,0.0010674121712471697,0.0797572475907459
0.007879595153826108,0.0008791838263816263,0.021428747660039778
0.008255465580585954,0.0010518744867221614,0.0393165099890638
0.007923107106578654,0.000882645371046721,0.039562488420614106
0.007653323877846939,0.0011383192378141727,0.021424897539774876
0.0079684860987975,0.0011147969886877176,0.029785509269511366
0.007599206135915613,0.0013656792259189002,0.022333102241325162
0.007767856139453014,0.001361012729007737,0.06490757847885491
0.007903203312329441,0.0009171168333878134,0.021445294489577747
0.007908887929351772,0.001029158635564064,0.022005695046068027
0.007354963093271147,0.001493367030131081,0.02613876692556468
0.007896667878070624,0.0008991634963683641,0.06389048135367688
0.007857996060810455,0.0014422014102891568,0.05240132061455802
0.007804614768692647,0.0007308515910110186,0.061831392008802166
0.007420063867428582,0.0006699195622046757,0.049275119747848706
0.008068042814271344,0.0008004086630220544,0.026523733981773386
0.007614060415310531,0.0008236805823418404,0.024259395321160757
0.007926913443705283,0.0014536614817561842,0.021532234610716235
0.007675862752098481,0.001627330417151291,0.04107721930845212
0.007764720175995732,0.0013367346949602354,0.03798259501379515
0.00786795916857302,0.0013098833427002392,0.021483391852138677
0.007960583853636481,0.0012821072102868764,0.024785083829524775
0.00785194740282022,0.0013021343639020712,0.02734940729700763
0.007984755042350267,0.0011901795606457561,0.021422484796904194
0.0076664167423549446,0.0014251282951653476,0.021603426726677186
0.007630341347809283,0.0011428505420351168,0.02307235228326958
0.007871548294090402,0.0012728945592127058,0.02159654828105436
0.007512931458146784,0.001064076871559595,0.02143425071962561
0.007441871512395329,0.0013678141450052935,0.027951402714287317
0.007661721539398415,0.0010024787840612107,0.06026565247643225
0.0077534651229696815,0.0015238824100205688,0.08778036097629424
0.008207085226128407,0.0011193253857677131,0.021501548170430602
0.00785829407040473,0.0012199813431534004,0.0214348532447433
0.0022933283048712913,0.0036084547393525593,0.14332213202158292
0.0023878576070151323,0.0039024112748149565,0.13049539678198757
0.0024564579489118497,0.003525384844140037,0.12826380885988492
0.002290264239285206,0.004202981967604637,0.15013917701666335
0.0024371583354443407,0.003452288066627015,0.11581757038673117
0.002160106554480086,0.003736157976463878,0.11632089205415551
0.002489958600901991,0.003908373966734357,0.11607655900688736
0.0024209406800065132,0.0036988796436956094,0.11984868218735424
0.0026378561550911227,0.0037952594808716034,0.12270918967500652
0.0021991428524898884,0.0038044647293611175,0.11517332745867688
0.0024985069996799037,0.004014198731293996,0.11515389436239272
0.0021729671450555817,0.0038695337544362293,0.11548639580412487
0.0022561893274465504,0.003687918895178817,0.11515162994302135
0.00270435764545876,0.0034236874474383883,0.11515627881218067
0.0023226836835097114,0.003796552664920985,0.1151541594370465
0.002425245445678442,0.003391059051072213,0.1178371168714733
0.002231702536273807,0.003420752485135506,0.11812484232521803
0.002424649122433723,0.0036477712849487397,0.11523641803188422
0.0022280973861919444,0.0037054371870589796,0.11539181464477363
0.002082535183507516,0.0035665050016070285,0.13823772763090858
0.00196029317807991,0.003303288076927355,0.11843759708381538
0.002155099051387211,0.0037127487653618213,0.12706104553484554
0.0022489017201793838,0.003990212557735499,0.11520797019355507
0.002569133342950328,0.0035052832784703953,0.11517719902148177
0.0019104099634050047,0.003800075480322873,0.1153074055301866
0.0024594597650572816,0.0037442482000872904,0.12518748928711612
0.00276402274500843,0.003632492467977895,0.11553533329398304
0.0021519859102143457,0.003599942106299957,0.11515095116459546
0.002370072253458445,0.0041780673867209345,0.13940275477319758
0.0025356488091607277,0.0034154132516204232,0.11532264833453972
0.0021001353426275066,0.003815724815612983,0.11839292777154811
0.0023003244515043047,0.0036750536558572858,0.11531692453601051
0.002200990179227034,0.003722265743704858,0.14978311412562453
0.0024578896761360053,0.004113016646296775,0.11763907982594837
0.0020529768080640954,0.00354677693446258,0.13805802050980615
0.0026211437700226275,0.0037153196642899892,0.11516295010177625
0.0022341074196228204,0.0034347771135624814,0.11541514686516051
0.002299416509777687,0.0034697514907381056,0.11534883026194856
0.002334854327606546,0.0035974575027239897,0.1585770468267132
0.002293070966310114,0.0036983345448304834,0.15857866091527675
0.002835779396547705,0.003675263005149131,0.12013639580237354
0.0023843694830311506,0.0035897471311509264,0.11518153469758928
0.002568177134754,0.003934048539682561,0.11822439923302999
0.0020300929762753126,0.003864988305103049,0.1151750775594406
0.002417667479691421,0.003899977889780257,0.1210783794057491
0.0026762372801326755,0.0034191757227102757,0.11518247192245208
0.002527312450374354,0.004169725262937821,0.16212200706912502
0.004200739728216006,0.009800439072310579,0.16052277004802343
0.0038679892813113822,0.009429309776051789,0.1848972964614583
0.0037351390479717704,0.009455970524868145,0.160380029435616
0.003922731711727051,0.009801645965642676,0.16042125778269647
0.00417754088598707,0.00958613765550884,0.16185325050602156
0.0038781622260006463,0.00976101414721341,0.1677355643635898
0.004038961761277525,0.009285683270020403,0.17114294383287432
0.0038356416174124357,0.009832206639558196,0.1671240030248548
0.0038998206713681464,0.009270908106434304,0.16509236325672214
0.00407990053134157,0.009558081139572377,0.16038149754356962
0.004106551992037991,0.009342884099552732,0.16429488266791392
0.004160615959123256,0.009527167374375931,0.16061491290196284
0.00391158703284814,0.009131701793594042,0.20130404934783214
0.004268013614355357,0.009627062915529285,0.16070656523990037
0.003717070341002464,0.009599316651366178,0.16048872627379895
0.004064018339298044,0.009441308904113994,0.1603525206967546
0.0038778864189816446,0.009372335199658051,0.1603748815741578
0.004178067744828654,0.009200350071311057,0.16035197376791938
0.004004589009748007,0.009582530166872261,0.16699248423939766
0.004198308550092056,0.009466478975264571,0.16597712584272795
0.003950914120454599,0.009778680533333984,0.16840747979865667
0.004174637366880553,0.009775600976703321,0.16037413093168543
0.0041209748212799715,0.009771313057444593,0.1605000306022691
0.004167434017012707,0.009729313829958036,0.18230899544348378
0.0042532538989347455,0.009660092942512407,0.16316761755822443
0.0035389268442519066,0.009345557430410446,0.16035312507590152
0.0038196175404295925,0.009664032117184652,0.1603776115497015
0.0043134446511257874,0.009738626253698555,0.16045423806984163
0.003635304188141594,0.009647885619186477,0.21747053714741132
0.0038063738843212526,0.009542258318547143,0.16090578498022765
0.003752035395577567,0.009522335423412777,0.20168061696612163
0.003993852334509879,0.009554361927208738,0.17345999626847272
0.0043325558002261745,0.009807522970157478,0.16035184746265072
0.004155282499840486,0.009932020440012602,0.16043051087103047
0.008583904986685266,0.0012203131837539203,0.16391943521895647
0.008428476487649546,0.00114604013401751,0.09876769856379163
0.008152139818352316,0.0006512300569782341,0.11044658702861922
0.008281803049717196,0.0010480103641823414,0.09843450577248847
0.008368325992916885,0.0011760940325721498,0.0984388564320479
0.008549098320363765,0.0012559905421662874,0.14785063469418774
0.008486621930156164,0.000793531593402854,0.1119651626141814
0.008315514465148154,0.001299089033830839,0.1030158734036774
0.008296150303258861,0.0012332592621106125,0.14580415478056338
0.00880322645296776,0.0013787948101330995,0.09850458526962924
0.008372454405694127,0.0008823505537093473,0.09848301176165375
0.008712040632402874,0.0007854068207692963,0.12746917175470737
0.00872986023045979,0.0010467211250251302,0.09852162299070254
0.008532581656965833,0.0013280708961953811,0.09853821971853977
0.008284999545912117,0.0009444568104947087,0.10421761584677192
0.0083147083886337,0.0011426033352309798,0.0985345400957735
0.008555365467763691,0.0011257925206241948,0.10980360256629725
0.008431895846550673,0.0008224236814050011,0.09844349360413412
0.008361126604156143,0.0009003148728995398,0.10144006702208755
0.008635226858061989,0.0011038964990703133,0.11527174106152233
0.00838857558164881,0.0011960682170502617,0.10941711890092712
0.008462358608280294,0.0009581902436335307,0.11414116681762479
0.007942441672655455,0.0014104585812181485,0.09845417591549137
0.008689473327340736,0.0010844608703381613,0.10600443499540327
0.0080172890923653,0.0013669121949368556,0.09845089444123228
0.008291543092243964,0.000982707973517328,0.09851889581251044
0.008099444816213639,0.0014356328127030557,0.09871723153649654
0.008457546248168857,0.0015398722001490808,0.10765224739793254
0.008207672435095875,0.0008369657386858122,0.09843573715349807
0.008323175554672994,0.0012566432187991515,0.09854540967975399
0.008411491521731939,0.0014376075724814655,0.09910431719431756
0.008088752334480033,0.001454094816105304,0.09934112603438845
0.008564823134408059,0.001277912037742919,0.09977366500847015
0.008300007224052447,0.0008805891121051667,0.11142508430809912
0.007833357157558753,0.0014664601567491767,0.09849889980172745
0.00874598203418275,0.0008925602923211882,0.11374236644799669
0.008559204163343593,0.0010935331792571688,0.09859683899689699
0.008605511923758347,0.0012190474742300385,0.09844950912661941
0.008344575987590929,0.0014433465689019007,0.11350855206568686
0.008344472237375482,0.0010353566160895239,0.09866682865050459
0.008496876617983875,0.001412659305862824,0.10654088911790412
0.008767462155344529,0.001033234280373925,0.10036840227358157
0.0083181916931406,0.0010595048532215262,0.11184771278189602
0.00835438470352326,0.0012675840707569994,0.09843617042927634
0.00825752703347487,0.0007416092050079146,0.113137143682843
0.008533016194744352,0.0010666002611012147,0.09846850892862546
0.008418572030345206,0.0012116741308406118,0.09847481022590099
0.00824916147552387,0.0013912551152100317,0.09871384430141707
0.008133099949908002,0.001213175775254222,0.1307993566474877
0.008580157566525137,0.001301541371678814,0.11370492875756195
0.006382068138598491,0.006875759021316522,0.20119143915065638
0.006343222025326034,0.006827122111523182,0.17707945767681707
0.006234462978842356,0.006931173403994343,0.17712672572930266
0.00620461505414989,0.006929364965660149,0.1850340690743148
0.006721934008034529,0.0070761295113178305,0.17705848050805162
0.006520085726576362,0.006527255453377918,0.17986947329417685
0.006348030058037987,0.006466158589430843,0.18243686453351413
0.00636789152029378,0.006551145049791012,0.17707252603506285
0.006121324048223285,0.006676556742471783,0.18771526098807384
0.00627992486412779,0.006861641139465996,0.21698370697409447
0.006627288115074316,0.006567884681347439,0.17937176589142023
0.00652200405255241,0.0069416956950558075,0.177994505115374
0.0064186635700444455,0.006622021708436858,0.17766351049733825
0.006029743879413048,0.006540203074346256,0.17720944144358475
0.006273024733682453,0.0068795129195447086,0.17710830040233622
0.006662758643316772,0.006529863861708521,0.1771041749560554
0.005992592127692395,0.006670728225341438,0.1770759658553709
0.006430065657910219,0.006581731920560761,0.18083424270382384
0.006784821055952702,0.006368976836721897,0.17707475175602094
0.0063955556834320625,0.006595629935184524,0.1773386830324971
0.006146412038294848,0.006693443311658089,0.17706503893862194
0.006163924410106286,0.00683864357679463,0.17745096030070887
0.0060193679155298606,0.006880432628511511,0.19548905048471196
0.006338441068009433,0.006943375321242107,0.17714790624741145
0.006094113155471753,0.0067889843330074156,0.17718854503356926
0.006166869500079582,0.006839191181571504,0.18204621444077612
0.006279462668436842,0.006672586800391947,0.1773434088735393
0.00635302349930763,0.006583877415743842,0.18350952634836556
0.006407976630669543,0.006518717476100554,0.1925954918583553
0.005902723122945592,0.0065304192469630975,0.1903711528495589
0.006450370253701801,0.006659950136614823,0.17713329196882888
0.0060818900566337415,0.0065188240699252656,0.20795093125324693
0.0060644417019563,0.006825337483553901,0.1770619860366537
0.005910879424260309,0.006221934553519135,0.19151989213471252
0.006357318600601894,0.007041331580251272,0.18394070815854527
0.00627441051167893,0.0067498800190076355,0.1774916925896291
0.006639303525114479,0.0067181710639760165,0.17707057931419534
0.006063085569469804,0.006785645883689774,0.17719481660891417
0.006088836894204708,0.006892329518864815,0.1771436351917412
0.00593052208123632,0.006425803666191214,0.17706093289902408
0.0065773348616835516,0.006667755182916943,0.19996332820939802
0.006094729799209252,0.00692389189458512,0.20018081224689216
0.006974575763655774,0.0028902671767116446,0.20077148865641078
0.006803668869918394,0.002336461295411648,0.18020187932368642
0.0067004310974881015,0.002852011696476863,0.17827369161076306
0.006622155699902022,0.002957899910405324,0.17910248145422414
0.006826547703335009,0.002857159228386795,0.2180933313529686
0.006605752507079987,0.0026882450713896677,0.17977955501119652
0.006237289553163206,0.002887172290876042,0.1783392855728255
0.0065159848736058585,0.0028849672293683104,0.19892345184081914
0.00647380692371245,0.002777274725499812,0.1959258652448097
0.006531886571524384,0.0026570891280357045,0.20941707550258196
0.006809295743113116,0.0024840984187605264,0.19417886304428306
0.006458689351852534,0.0028041005608223125,0.17827588280062587
0.006695586610899899,0.0027307055492395284,0.18028639765685026
0.00661010441727942,0.0029315749096139833,0.22580765520114823
0.006883416176942709,0.003086361619054903,0.23269335495767077
0.006529308523580025,0.0028637957645513868,0.18019998928540323
0.006867370186341496,0.0024485226689017563,0.20589619409429039
0.0070346748614879264,0.002767326346924018,0.2248513022544607
0.006731805642988964,0.0025415941686811362,0.1790325209883336
0.00650977635876544,0.0025796899658240683,0.19263151233054115
0.006747104829646141,0.002577245888331048,0.17827818204464288
0.006497059872644269,0.0027958041111399183,0.17829412768984443
0.006403910069134065,0.0028687933889361018,0.17840918108199316
0.00707559021928313,0.0026413893215151175,0.18073757795982004
0.006469073278079388,0.0025179177244138646,0.20811083081129383
0.006558796646367127,0.0028957169612118523,0.17827543847439842
0.007069013036179598,0.0030660238212737,0.178277696906555
0.006740224853643529,0.0031018648121103666,0.17834397456910445
0.006457341843223281,0.0030285653464384543,0.1955518807883389
0.006791734853104566,0.0031400525062051238,0.20344416387275094
0.006553386091552443,0.002776176151261157,0.17827877625753916
0.006508334815078811,0.002935538508628302,0.17829836573765523
0.006431357170949757,0.003037636658438521,0.20500843957025527
0.006746326768900384,0.002908041014525117,0.17867327618841605
0.006759919852392059,0.0027014421610376646,0.21041010118895878
0.0066909088354885115,0.0027057998448003057,0.17835138140982007
0.006557690982193295,0.002606501544636606,0.17851789079258465
0.00633493626371597,0.003206196510972685,0.21032337042111585
0.006792842448365758,0.002970025871356859,0.18610306212141764
0.007149884484383867,0.002797445873240508,0.1782768397308574
0.0068486224772705126,0.0031124274926898937,0.23450708644904816
0.006424849425061154,0.0028597782479092603,0.1962085569581284
0.006777688644233166,0.002517938057894851,0.1783958252067111
0.006619604064650329,0.0027480307356837616,0.2059855715905653
0.006779977979975836,0.002373119531453777,0.17934412142650966
0.00656142940898657,0.0027387133906928325,0.17846219730566207
0.006448765117254476,0.0026096254494366736,0.18800481654250528
0.006742167728791022,0.002635935277891686,0.1796820491947353
0.006720640671482819,0.0029547046408889546,0.18019459376075928
0.006893566561206597,0.003000686003291085,0.1782997695775836
0.006448685140712472,0.0028243136423366727,0.18358822634408412
0.007075302329747811,0.00273286086467775,0.17831314335144288
0.0064329682599502495,0.002513117017243583,0.17851744629462532
0.00649464547583729,0.002959899959682302,0.1794152469021726
0.006134706639125231,0.0027606811298707887,0.2002494943967284
0.006718536733000486,0.002864073680802059,0.17834244028595292
0.006736685615089857,0.002900322652213366,0.17832311531860606
0.006565330336801161,0.002782920215200238,0.17848560863805343
0.0064710744892503445,0.002718001696728551,0.1998714067374908
0.006776142993437984,0.0032927643377025067,0.18294774231833244
0.006589982862585896,0.0027076720660594517,0.1871787104898949
0.006674484211300521,0.0026134168581305782,0.17827432960974568
0.007185652862816979,0.002875304537521961,0.18994332869554262
0.006727828531719034,0.002528566478641009,0.17857259240914947
0.006697450929390365,0.002844029612484342,0.17866851057532518
0.006730506882289126,0.0027752998043916966,0.1783326993138145
0.006531726484442514,0.002726524039341461,0.19730612655175053
0.0063362975477893185,0.0025679107480415953,0.1815095884116411
0.006223722280570909,0.0033300336194753834,0.25259006331606054
0.006699847305170307,0.0028847874012928112,0.17953397622566364
0.006421991736523967,0.00281323744667982,0.18210811886604256
0.006756410988100218,0.002878015950478971,0.18039824638954544
0.006578918216934929,0.0026695887175274607,0.1784005501909916
0.006740229393584405,0.00292383542439852,0.17829937085139452
0.0068567391505175036,0.0027978861667532513,0.17855005014402897
0.006481592762033774,0.0026322529781184303,0.17839414173508644
0.0065005499680272725,0.0027104750273718604,0.18190685453340819
0.006061850820895777,0.0029687230065243266,0.18397261613711072
0.006338168154535066,0.0026926558915248695,0.17832637063396195
0.006441491976094825,0.003124795358885495,0.17828279572024155
0.006801598941565256,0.003057243431749001,0.17874184285164404
0.006652714929635267,0.002200918784944362,0.2216845034279783
0.006893654100024688,0.002732918918016454,0.20821405320781605
0.006518236946199095,0.002608677680824396,0.17830647455431947
0.006561918598744415,0.0027692306054604423,0.17827985199743024
0.006530908699596753,0.00274418464319622,0.17830019195334226
0.006534730980141475,0.0023581018030322974,0.21007627708538398
0.006542650109315114,0.002652085300064622,0.17829336489770425
0.006443784755010659,0.00300937311323068,0.17828805829500458
0.0068844636854525285,0.002560425338628676,0.17928515884755686
0.006362490143385073,0.002772221551465413,0.1890613867219145
0.006628263493923973,0.0025061214081741725,0.17837332374574372
0.006349241728232478,0.002813603808958148,0.18217329338173255
0.006994339958480888,0.0025226676173736974,0.19791150569435706
0.006484579529762422,0.0027435732737682256,0.17937135481687203
0.00622192707912081,0.003118981117886506,0.1782796131240003
0.006635456889115525,0.0027966938147956067,0.17834561389564219
0.002915147728123459,0.0011343858927572018,0.1281795088469463
0.002643990954694345,0.0010229777584897072,0.1195744227276881
0.0027600735924525627,0.0012827457154085046,0.18459736360375678
0.002769865866412672,0.00126611537034378,0.12433673579518358
0.002121379864454027,0.0009624351818523038,0.11957317939791964
0.0024334329581577807,0.0011074542905575048,0.11959695054260434
0.0023674164823124133,0.0005623076817239325,0.12267512689946021
0.0027740727238320904,0.0008012502414792388,0.11960335720928537
0.002518932320049555,0.0009128121679610087,0.11966439224416578
0.002443274774119016,0.0009838402635414716,0.11955913711951857
0.002511948990458548,0.0009414392316169757,0.11959275779622262
0.00273385018023497,0.0011570811225109763,0.13215520446697285
0.002791310357568828,0.0005862048374819005,0.16933851064284966
0.002646879222904726,0.0014485306886017958,0.1197628867512299
0.0024765306200736706,0.0012242521109733636,0.15591805145315762
0.002887879156015756,0.0007446602029613366,0.11960534786167615
0.0026630348849817757,0.0010526282635987538,0.1299442607656494
0.002640950933037904,0.00131846990619433,0.1196763926962635
0.002837456803918314,0.0013076315416117644,0.14178437836912108
0.0024851798706284293,0.0012780770552017027,0.1376503342842557
0.0032369635451738312,0.001000041344411071,0.12710953219612953
0.0029975907780482513,0.0010351177945852918,0.1195615791552826
0.002542680518264614,0.0009151619626235077,0.12778493412010938
0.0026575135699896113,0.0009979887697312776,0.1334147998862744
0.0030649336586384248,0.0007944823127931171,0.1301551200647255
0.003094602050458809,0.0008892344484954784,0.11956807229820385
0.0028515890088125135,0.0012944587690455426,0.11997890984665514
0.002586960061241325,0.0013859903981301082,0.11967827965662768
0.0027474491719507096,0.0011531851814677895,0.13889725585297397
0.00263088456702078,0.0012062996420394323,0.11959422180551371
0.002130940666106284,0.0012392621275299758,0.11960056125061212
0.0028086352863471564,0.0011223987466401155,0.11956822513110436
0.0028315803911103518,0.0012389711349741245,0.1214061523727558
0.002523530392346734,0.001128404945457699,0.12256013386450783
0.00279766037560181,0.0007784201386528965,0.12407818719390516
0.0025831946155090027,0.0011411409649278378,0.11974657790745533
0.002933121139723254,0.0012929601686425662,0.11956801872996398
0.002643722340161435,0.0014001155309158516,0.11958697642293076
0.0028663650091228306,0.0010655262543732141,0.13540696651415132
0.0028267697972931233,0.0006362768718758418,0.12679384269482302
0.0025436120005985635,0.0011902972629788883,0.11956734543221928
0.0025521964601686823,0.0009851305459728558,0.1269995795978195
0.0026204489778154307,0.0012378867528861663,0.11960021379909007
0.002576523268758837,0.0012147265532058149,0.11967989065960867
0.002584087244990764,0.0011299172233911288,0.14713113720730253
0.002843767843632472,0.0009686260962386959,0.12396190353042214
0.002773995501663299,0.0005522802008044353,0.12333346567020326
0.002977155493240045,0.0008923501416603922,0.12245903777061755
0.002900837066362013,0.0013884103355624167,0.12048422089413145
0.002544142684158021,0.0005947865948761383,0.12061174956033721
0.002953739460356652,0.0006705852973208547,0.14872791962927745
0.0028654622677852463,0.001040994740686615,0.11957316298106398
0.002601761486822349,0.0012471422880486022,0.1196549151344468
0.0024020464734743974,0.0005110243614537576,0.13472599401174962
0.003011572614726811,0.0008236636610616541,0.15137876418423613
0.002684231730247328,0.0006732721463973085,0.12325098472747663
0.002849065284920724,0.0011174262667917904,0.11957238183934286
0.0028710868992940916,0.0006570984872260931,0.12002489719490872
0.0027403519913749867,0.000642371719032587,0.1379702371793759
0.002744664400406355,0.0010448264892600726,0.11955751322679373
0.0024780878728255865,0.0011620854960395833,0.11973227817641051
0.002812424309706785,0.0012644452914453922,0.11958713787698336
0.003216205546677126,0.0007959490505459497,0.11975813673642871
0.0022968098100397496,0.0009506987261718263,0.13851503983669747
0.002672831470284986,0.0006145742897672416,0.16028010983778776
0.002755739151335302,0.0009561988699801931,0.11956713058650786
0.002754247510913323,0.0007028925723945003,0.1199238951878199
0.0026765384334314617,0.0010779152064002656,0.1234000773401192
0.0029631703001800186,0.0009066289733939101,0.11963142518169649
0.002814776181167746,0.0011822498082473352,0.11956158752501343
0.0024574870051956277,0.0009682603295208988,0.14681766754279285
0.0027748026398047502,0.001230857072533864,0.11976649977488173
0.0026427302436719366,0.0008845357325036259,0.13167569387930206
0.0028889628606869025,0.001000690550589017,0.12053919763798526
0.0025576584923740287,0.0009321546257620272,0.1197825203445715
0.0028063294640083623,0.0008625116697128002,0.11962315737313488
0.0024874669613078665,0.001329683642898853,0.1495654412627121
0.00274066410458628,0.0011522311894765058,0.11956195907971427
0.002538934193513378,0.0009919649003818864,0.1440150332840102
0.002753123431952129,0.0007197885338181135,0.13805968510787692
0.007107277943956375,0.007763613565146255,0.020730389997254715
0.007700643769241782,0.008420928360958329,0.02094727126503343
0.007706253923412298,0.008383442814255201,0.053935125568122785
0.0076268417910531384,0.008016424841798327,0.022021679565925455
0.007839055460663586,0.008190218991008427,0.020663009383770147
0.0073913227994503745,0.007962686561766961,0.020672385754964093
0.007495152823899869,0.008317807739909469,0.020757961673930736
0.0069680525595714115,0.008226629767600692,0.020703197553877395
0.007366687586103869,0.008160066316837538,0.02443591036673519
0.007501330170606978,0.00810566029581903,0.0333447510292198
0.007679261578808112,0.008381890648852735,0.02359054023756858
0.007322251397680663,0.007836140831133692,0.02092376775574629
0.007270719426557486,0.008198714515520787,0.07685864354321831
0.0077095146625213605,0.008109086127270047,0.020788032228145358
0.007855053255151581,0.007659426470952679,0.02072390297901698
0.00724884313270479,0.008286386079347587,0.05218335096294929
0.007603406510210726,0.00825997017086408,0.02069294936260274
0.007432408384215169,0.008078622642487786,0.027570939730147268
0.007722880713232446,0.0082963064534375,0.020660839452019495
0.007611368006384759,0.00811055345861037,0.02277867976284068
0.0077092513971307765,0.008001494446951347,0.02100898491544556
0.007697066882324503,0.00815101610899907,0.02067705264853954
0.007844895198899504,0.008102566612486423,0.020666156813879344
0.007538138078324387,0.008233366761333311,0.024705851455684567
0.0077350513412877886,0.008630486975669222,0.05990329028976343
0.007347398724843638,0.00800705868685639,0.020744307050244236
0.007911128681654212,0.008220749801254644,0.02090568169879281
0.007621771921644003,0.007909265918255696,0.025376688131935065
0.008019685249099654,0.008237310232158325,0.020656310560903512
0.007460487378873568,0.008213975978677759,0.020939578367670863
0.007491790599225323,0.00794068999182792,0.03313350343977182
0.0077246884459602596,0.007690499642385645,0.02067142465454289
0.0075734840500741455,0.008148717509824332,0.042861915669795116
0.004579891331793023,0.00685051858847846,0.031037539570937016
0.004984023209617539,0.006817077741197974,0.03102459237818284
0.005007199142482308,0.006653740813493401,0.03157247740375199
0.004689417812798382,0.006657030212461078,0.0343372697877264
0.00466548290848831,0.006438362447046648,0.035648219888727586
0.005116203681760789,0.007076026746319261,0.044953575585262646
0.004726856160803591,0.006797638500829563,0.03197105996988171
0.004670817577898213,0.006724981787964418,0.03488246605704577
0.0046326616175783,0.006733659681727308,0.031034082785691523
0.004855237250389009,0.006623823138730399,0.03118367361505136
0.004678598644336713,0.006692970000504065,0.031053606276503113
0.004797247201087539,0.0068198481153559955,0.033021395928010615
0.004909375167384196,0.0067984436863376616,0.0541361781702229
0.004862948177745077,0.006884162159307874,0.032357772882650876
0.004821693813782969,0.0066507415871085935,0.062020889505633864
0.005154550104886591,0.006861228797138247,0.031068169705827958
0.004788171516379979,0.006649219670351883,0.043980463342771545
0.004644989251895655,0.0069264665776212755,0.03137187536678441
0.004835135969339585,0.006581516168901831,0.0419568901258383
0.004734650291355549,0.00661573451768129,0.031038223353790376
0.004927406166183622,0.0067315303424409275,0.05361798227079546
0.004830805353071223,0.006722333522072164,0.031023569574496906
0.004808117415515024,0.006495661144598199,0.03299393219526062
0.005066748879914136,0.0067883789879835945,0.031156968371538432
0.004882783400119312,0.006786214960477829,0.03238165646446461
0.00492693119293375,0.006755685294812432,0.031066510553258722
0.004804408096896198,0.006686378104807787,0.03109908601077034
0.00488470594789387,0.007010714457390955,0.05828088209562649
0.004975957866239264,0.006639742538251205,0.031025485195813555
0.004823198364738884,0.007137563820687799,0.03113382029640567
0.005122731623199354,0.0063452708173557994,0.047856915865956355
0.004423440010533534,0.006396308399960097,0.03159456704185793
0.006185899395851702,0.006400373303372325,0.13238111757833876
0.0060548601234058485,0.006381581890439436,0.13049934479790543
0.005849778210740493,0.006661140031434494,0.132870478927046
0.006446003795984646,0.006374110238679485,0.13061721117873382
0.006024667896867049,0.006528519730343428,0.13066132990945686
0.006289248967276446,0.006272742392178497,0.13065692416698083
0.006262903938077019,0.006587807230138057,0.13044627245887502
0.005781389970860104,0.0063764598539758814,0.17376629742703004
0.006069493811221439,0.0064614016403031875,0.13043023485741462
0.006055659421011204,0.006334611518477209,0.18026571662339091
0.00585160561417324,0.006231446395082295,0.1305151016898568
0.005865840952366321,0.006331110711200707,0.1383110021290016
0.006396138869791421,0.006351572977898166,0.13367750561131003
0.006280108629147641,0.006745691933393306,0.14756935549550737
0.0058771883609017575,0.006953867149303755,0.1650773868028506
0.00649628438821525,0.006643648614284821,0.14491533912520063
0.005879726900435115,0.006426590213190695,0.13074126047579657
0.006266469350296632,0.006275510716167066,0.16400024079254574
0.006074871597914539,0.006189348734675348,0.17193763665119444
0.005935571845408098,0.006414375906612921,0.13043394179100373
0.006182530723153526,0.00626742728951553,0.1305629480317554
0.006214038466565823,0.006426599185391172,0.13208907532845066
0.006244241833083158,0.0064132266580541955,0.13134952463518332
0.006241179996153454,0.0061800229560053516,0.15510333453500247
0.006092609325587429,0.006122377576142101,0.13044091238849684
0.0062372052327631915,0.006333314662917529,0.1304452242986236
0.006015481735583269,0.0066796724035954064,0.13580039985018444
0.006184550979467877,0.006633924005709923,0.13056145419041917
0.006333068552926843,0.006300581602582062,0.13420249220850383
0.007605655241408332,0.0002245574951776418,0.1738476171175328
0.008048312399422601,0.0007623647093573137,0.17384818768140728
0.007853030708421088,0.0003660239615876733,0.17392089212480097
0.007454367687043175,0.0006615621321161616,0.19413131171971787
0.007457650495608923,0.0006705856559815303,0.18146079214533653
0.007249873655141499,0.0007372264792523978,0.17391820790396684
0.007610362076503822,0.0004491962268311028,0.21503495812959242
0.007738036567161211,0.000573889433209693,0.17398736234770384
0.00722939265376686,0.0004772999569217647,0.19480576877597186
0.007650796061402349,0.0004885874915986245,0.18907594785065715
0.007654395247249373,0.00044814716320297867,0.17529662379832872
0.007762007873415704,0.000615246899647017,0.18958008088063497
0.0075217817901399526,0.00031780406633408014,0.1752130572142608
0.007294789957422207,0.0004808112987347892,0.1778163187446038
0.0076802741303316985,0.0006054238821688164,0.17393303981523286
0.00771007228062178,0.0006508868498911396,0.19455034555971257
0.007556836545362514,0.0001964253246340453,0.18277400286764614
0.007270514917989517,0.0005412881895211973,0.17391212993442026
0.007868683720427544,0.00043519644454264277,0.17419676621936064
0.0077770423374979355,0.0006473628655125857,0.17385935330844018
0.007708110847007328,0.0007707651790050446,0.17753718805655094
0.007660405038395787,0.0003794098056570191,0.17387170583799588
0.007730649052299108,0.0006112798340100826,0.18512687035180886
0.007576433545805824,0.000483601774996857,0.1814090545267448
0.007629084829209635,0.0005878200145501318,0.17403996492690654
0.007413852909005356,0.00042739298094824816,0.17464613244335578
0.007704171903148368,0.00022450439945542402,0.1741284733016114
0.007133966836750061,0.00043751323417454553,0.17388951515218842
0.00776700954915916,0.00034327508285734873,0.18333300841829114
0.007234432299429322,0.0005246586617757395,0.19531620714864445
0.007486715260352376,0.00032826795210431263,0.18989074376320408
0.0076681137409802935,0.0005601302580221087,0.17404154433405122
0.007611897084719509,0.0007008741073115479,0.1738709911128024
0.007381765187295644,0.0006284593414387127,0.1742089734792569
0.008035747373365808,0.0003639707229910893,0.1740780016866311
0.0077107222604093075,0.0005992260461263681,0.18319245800793502
0.007389372446439648,0.00044935877819781073,0.17467541503533518
0.007586356698429536,0.0005818521166913161,0.17607443264268818
0.007289238049700819,0.0003837555060666802,0.17384576572698493
0.007959547427556803,0.000697187065633736,0.1749873777006318
0.00733754380464368,0.0002919224738946177,0.2167169864604369
0.007726988205560208,0.00013902182358927222,0.17801232117327614
0.007825459425005538,0.0004625688993607955,0.21104261941093128
0.007187265891927149,0.0004263319163022114,0.1740961623923452
0.0073732906693251546,0.000531883209403767,0.17462292827793788
0.007383453038789593,0.0004013693167524436,0.17452452785459086
0.007550599249345325,0.0003573150968686446,0.1747802449071166
0.0075179838946722735,0.0006882168197951967,0.17410271599666652
0.007450750258113077,0.000501394553837244,0.1845527555306201
0.007732165193346928,0.0005088603068900304,0.18699831605994136
0.0077273992744368025,0.00036306545822825263,0.18572868915250196
0.007865800553451515,0.0005105352896984494,0.173970304359246
0.00780243552955162,0.00038262650384628225,0.18137276582865777
0.00754631460471664,0.0004157474715329009,0.17388061813169617
0.007263721172374877,0.0006778525361729688,0.17393872026440257
0.007685996166643346,0.0004560640893560381,0.21326229555070292
0.0077159810057204434,0.000586127860929754,0.17385352881941188
0.007526751785087321,0.0004338183600736046,0.17428360068129806
0.007199878790796451,0.00010188667014414789,0.17385511679321425
0.0074517501966325115,0.0005905652689231155,0.17403964318533222
0.007834958146699288,0.00023928251258288754,0.1738691613142423
0.0009849132241744726,0.002707976390885024,0.14031593230129205
0.0005446786385996595,0.0026089534395806594,0.11994498865827552
0.0006027495818499757,0.002480108668388088,0.11371626727933283
0.0007977386813729914,0.0023917686364099164,0.11371892513188687
0.0005104770181561786,0.0028954421367934297,0.12497090674466388
0.0009247245124057887,0.0026959235039698617,0.12165830845880987
0.000651720188720563,0.002962740749316123,0.11370860086761088
0.0012297321482012144,0.0030132752129372145,0.15608507760332027
0.0009253911043046619,0.0029610036675559387,0.11693672414109113
0.0013863868670995047,0.0027831844524975483,0.13387503047647706
0.0006637643973669609,0.002978762331218588,0.1195010239343634
0.00034881825048463616,0.002892242570889576,0.11480502852913
0.001033328860710133,0.0029230049154721606,0.12049993833735045
0.0008512375334306336,0.00285022825235074,0.1148634361873005
0.0009458183918254572,0.0028815294858238706,0.124267659972149
0.0004952975581347281,0.0025948048097465567,0.12910677841232715
0.0012258911028722945,0.002758481186409306,0.12639462013117736
0.0006286443407092447,0.00248361294195957,0.11387419195478425
0.0007812018964665729,0.0028126643809560487,0.11903230825886724
0.0009608603736939166,0.002578356925300182,0.13300569610247492
0.0005306790720768439,0.00221482852552553,0.19033738033450834
0.0006072071094182583,0.002675626799295641,0.13351464840722452
0.0006067611053864903,0.0029138142057812204,0.11371385264036274
0.0005196839847535456,0.0027816277254204755,0.1137514515619569
0.0005568245066369971,0.0028485243528498932,0.11551815817781098
0.0007706563079618825,0.0028289632921012025,0.1367602636479155
0.0007940337190799941,0.002916408151095518,0.11974501828156146
0.0007187383354205093,0.002665094605248646,0.12400443278264764
0.0005121432717905994,0.0028204519941439346,0.11916301100098652
0.00044581685438987686,0.0022193006596487705,0.11370040140026742
0.0009228559926362145,0.0027193741874135427,0.113730840970937
0.000802213110038,0.0028184105985404255,0.11371653011103688
0.0011793995189943183,0.002315331434199878,0.11393530338404256
0.0010283572769958123,0.003060422401922549,0.11395423894838728
0.00047895032822815376,0.0030456367480183925,0.11399934188880038
0.0008930535780096803,0.002673369809991305,0.11416756677032805
0.0010584886659335845,0.0025245332205298884,0.11374002871245019
0.0008898845886870579,0.002723484128265098,0.11398063427893591
0.000559226467432107,0.0026328384921185874,0.11393914139173518
0.0005642474654878266,0.002584721840970568,0.11374620283923281
0.0007707032235567074,0.0027251309680990272,0.11370787340356298
0.0009227700293904209,0.0028018704544415327,0.11386622136997626
0.0008983592432842638,0.0027799769920335417,0.13528098800793995
0.00068513506934536,0.0026984777596565273,0.1360624590592243
0.0008587273479217876,0.0031391819520839087,0.12144420136428204
0.0007781311826043283,0.0026552217669372413,0.11448780934261477
0.007795964437315711,0.002760238404553993,0.11291192056732742
0.00792692276557684,0.0030308465608177826,0.10654546575458797
0.0077177813979392,0.0029051638332059345,0.13137226870894267
0.00775741150178736,0.002876091086705914,0.10659891637770211
0.0077691804797740075,0.0030948978887870376,0.10587741762188453
0.008098879817346291,0.003209849977895309,0.11803689167121606
0.00790726629272064,0.003033745285687387,0.1058682253925273
0.00741301583444756,0.003153589509737857,0.10587252948214318
0.007541767433485593,0.003241863427243214,0.10603760692249976
0.007761024724343865,0.002815080659676307,0.10588149864109818
0.007998401837711427,0.002833515919977805,0.1215100247852504
0.007770237775961204,0.00287261137381596,0.1060366143282885
0.00774265874470116,0.0027501322838309346,0.1150188393827654
0.007796658947078367,0.0029697279381370924,0.16223107197598752
0.007886245733579529,0.003029295913307238,0.1065292930896983
0.007571191040123873,0.0027198935046511947,0.10587473552924864
0.007823517834081351,0.0024727426608315765,0.11229353385760238
0.007398455983654394,0.003040936790382711,0.10989399927862314
0.007626745577268839,0.0029243032097139425,0.10590101059004106
0.008038898638113308,0.0026612725675718356,0.11610902098884539
0.007905502535810132,0.0028694762638652805,0.10595958873757809
0.007618783520140603,0.0027145014952025845,0.10587887579845674
0.007655842548410908,0.0027245397824569376,0.10630349056938317
0.007550810046211225,0.0028998687471289064,0.10594334328469715
0.00784826447927362,0.0026601979349377886,0.10587192623574795
0.007973091066132754,0.0023377354951362997,0.11652212627107075
0.007945431230173416,0.00289773479973472,0.10588305085363793
0.007802789384565519,0.002695707423405616,0.1058829942150494
0.007624966967146358,0.003095601902798113,0.10587635098040314
0.007781670076348789,0.0024695939287380404,0.1110964558715781
0.008038647792330997,0.0030301404905403715,0.10609691276085548
0.00800322365923408,0.002784965962719005,0.10587716226180069
0.00792470747086694,0.0027643217199871495,0.1058672480613273
0.007817305203651082,0.003163730252021673,0.1240240303434885
0.00763357308264136,0.002733833067501849,0.10588347276361798
0.007636369951936203,0.0028606399883953156,0.12924539537162008
0.007654794256117113,0.003222858876076936,0.13077676620242273
0.007664278228957045,0.002692122851857424,0.10596905326062031
0.007845040915731244,0.0030821241793634172,0.13635284097604097
0.007607286899673529,0.0033403028565986244,0.10590550946157185
0.0077003568148202965,0.0027984476561294857,0.11119593201838124
0.007613522977738799,0.0030263407277132896,0.1061814666357542
0.007911481964253331,0.00313025017226077,0.10896690467835321
0.007775802925232453,0.002942279121564575,0.13481179433341597
0.007506206239277843,0.0029937528355098693,0.1078664184338654
0.007375034087993364,0.00324420376593913,0.12693870580943067
0.007893142657500933,0.002767971199467711,0.12125155907171839
0.007632766258448184,0.002687657941138344,0.1196953381501121
0.00783126038254738,0.0029201639784871268,0.1059071657919683
0.007540776382370905,0.002887580013923223,0.10591223440840235
0.008567377585139556,0.009416162592924578,0.10903966930423416
0.008981634864007871,0.009193320750207064,0.10556348009650442
0.008765876083660135,0.009966505720866608,0.10572603156071958
0.008695079156635121,0.009593944230776716,0.10549404361135092
0.00860662135354857,0.009769452403715182,0.10550174615033092
0.008433101453469299,0.009481233037555438,0.1067436535155471
0.00881261402428036,0.009761205783870597,0.1054914193384468
0.008597467593813307,0.009492115435987306,0.10685274061625036
0.008777275830650074,0.0093930679896909,0.11425877397848047
0.008562399464786785,0.009695928651052906,0.10725747467451023
0.008593797523371877,0.00949186458757547,0.1054927019632583
0.00882253654327454,0.009725772786714737,0.10761646451532775
0.00901582247621687,0.00970031081677149,0.11053999958172388
0.008588009014611186,0.00970035051201545,0.10549652734434879
0.008972526390895751,0.009600129974325711,0.11288885555127004
0.008793481614334244,0.009830881109716817,0.10552245261696802
0.009173691714672926,0.009742368726886079,0.14776560859737325
0.00868762550251329,0.00962509749455439,0.10553840423653277
0.009142163955380405,0.009738656275836605,0.10549897489924112
0.008650215014345259,0.009344167917193726,0.10553361807707681
0.008875867427388788,0.009350824212902035,0.10667831232571337
0.008643136292955678,0.009398348778788078,0.13141299750617857
0.00864479639914691,0.009764588339599563,0.10551566776301938
0.008973444708447695,0.009892125772567078,0.11354462964036655
0.008986303084486313,0.009439986033557057,0.10573355771957235
0.008899665807040703,0.00957545532193674,0.152189096671976
0.008697737236130394,0.009931510418467735,0.10549409811468338
0.008510669805761751,0.00982202098233137,0.10589134034231516
0.00876499038801208,0.009507497228623422,0.12637359758251657
0.008687125477849245,0.009622784671113908,0.10609480843468039
0.009358746534188453,0.009904343215292193,0.10549568041606351
0.008802251963019307,0.00954609599824654,0.12099811601461682
0.008693353565054008,0.00977738895132547,0.10556717876632699
0.008538589356411275,0.009539260750792363,0.12683660405292368
0.008761733893856219,0.009578207440288485,0.12446100466214087
0.008509299322502308,0.009630563760295138,0.11492368497382906
0.008455377937741636,0.009461955822467873,0.12800967102078853
0.008519060400484476,0.00954621298748259,0.1216605056048438
0.008820045477131045,0.009529443577599508,0.11803280950975095
0.008883641889433051,0.009720257384337941,0.10825928536600019
0.009145170012222707,0.009494142905555225,0.10560918324336552
0.008445386748859722,0.00966387351942192,0.1114334264118683
0.00859432287219753,0.009641775688494338,0.1055474604075984
0.00895259493133524,0.009652514130135957,0.10585492716561536
0.008762755914553388,0.010025093302268483,0.10550052064903619
0.009057519154474327,0.009804018077017584,0.10597166337353703
0.008329525893395858,0.009291166602921706,0.10819576683332809
0.00850232874841417,0.009735799555589076,0.13464878755967857
0.00870168457407905,0.009260060401632766,0.105558480391808
0.008691066703479758,0.009565032146870387,0.11291332836052183
0.00878709345594508,0.009736586193694193,0.11944681243641495
0.008484165708396474,0.009405191078275492,0.10553880825777176
0.00867184665831558,0.00961762481640338,0.10548978644728907
0.008468819054767748,0.00965402982766927,0.10670955781338914
0.008781116382168148,0.009743192323435157,0.10702272722964579
0.008843060203189767,0.009564200827986211,0.10621476516599081
0.00849327688499019,0.00984878314441472,0.10547983779290857
0.008985911430383122,0.009445443558271448,0.10550769566293818
0.008438999184255088,0.00965180452425771,0.1146271239925402
0.008652936788320513,0.009362745397867762,0.10549475912699158
0.00888002386827541,0.009565089070713862,0.10562684770612088
0.008726320870929642,0.009450653683208327,0.10920944893686992
0.008725806469387063,0.00956212952086133,0.11872057868475047
0.008932367435726129,0.00973968130413735,0.13251756053023792
0.008977018798637576,0.009305111505291331,0.10963385419719682
0.008715216401587372,0.009633076055730501,0.1058074643320617
0.009093730954483714,0.009794706607585812,0.14692659332549482
0.008501954374541874,0.009499402800410905,0.11276363208809416
0.008629152634101429,0.009544038040250367,0.10776158167770913
0.008770971190561016,0.009648925250961712,0.10563279401086484
0.008315008227989392,0.009527118374205114,0.1056228264584103
0.008672236645653844,0.009591120944265116,0.13416378895808806
0.008509468973453147,0.009824524449934919,0.10812173692410156
0.008740510034461324,0.009512406695870914,0.10583333617260185
0.00864439040978043,0.009623121415321265,0.10551018151418895
0.008545034898276928,0.010064038367952128,0.1055027130815142
0.008726794312045566,0.009944186190759801,0.10569686383935853
0.008666382163127302,0.009447827661735722,0.10559705272182343
0.008522611903009852,0.009837976144649012,0.1054829421746963
0.008852995981400694,0.00945994422966462,0.10555166464871049
0.008778787661448064,0.009842426978614966,0.10551334333483078
0.008691422291219763,0.009982653358763452,0.11121109463398868
0.008789876381600312,0.009678653148499932,0.10548034844818466
0.00873980896765984,0.009578920334014479,0.10783522754947003
0.008501472069494786,0.009541646952549655,0.10548800582079355
0.008851461936593173,0.009902894050070306,0.138746663008655
0.00902871849967103,0.010010338545856916,0.10553844140121094
0.008371477670492124,0.009485410481275595,0.12550054762931057
0.008678868852248877,0.009818445388132877,0.10554093444239457
0.008859534459999275,0.009607634700528611,0.10583982980593752
0.008722418130451198,0.009876360923549625,0.10619150725017872
0.008970580821870702,0.009479033383715904,0.10905411570647763
0.008855606980937883,0.010067193540181967,0.10549288798557115
0.009049515704364663,0.009684900319193418,0.10580563567704941
0.008837698954311276,0.00952962839196646,0.11330892850998808
0.008885625916208376,0.009645847873098657,0.10970733670521314
0.00864846885864356,0.009646867364548235,0.10657382583363592
0.008808598151787365,0.009879671236373332,0.10565819407553133
0.0020497298849562174,0.005503642258256932,0.03595985864326547
0.0020000823980500754,0.005867770950455904,0.018554106583804707
0.0016266910578809682,0.005691272661134288,0.01852958705558295
0.0020921610891152633,0.005735121955298171,0.01859993133800466
0.0020483319119264493,0.005555770899816127,0.021622400895229908
0.0020603292813396673,0.005696361367845884,0.01884626885646072
0.0018508317803445622,0.005409256993413474,0.018544981553875416
0.0014711800965931476,0.006049939318041743,0.03575261860519341
0.002218482920536492,0.005342535197484076,0.01937224492141044
0.002016603601821305,0.0055324864805380534,0.05459728140295014
0.002093569856437736,0.005978482900848652,0.018546695556321355
0.0022728312805125063,0.005798485842056788,0.019291830340491842
0.00186144956715887,0.005793234036230555,0.026868370251645457
0.0019125343354406334,0.005420017036973072,0.018712736179193966
0.002172397055208672,0.005457513661548289,0.0344121176775201
0.0019601463734344113,0.005602739585817439,0.060369031014829516
0.001845137300542668,0.005447969997194162,0.06693876139340335
0.0021651834482301234,0.006030353481476425,0.018581763211125844
0.0017537216803952494,0.00607176707139289,0.018540954617432902
0.0018933617350800703,0.005696804014885954,0.030988442562206973
0.0021263101500487535,0.005572833028847839,0.046113399103079065
0.002037574593892236,0.005473327611188228,0.018558819594932104
0.002288782629090639,0.0056107654602085,0.018751409329048004
0.0020766169996356337,0.005329647456456434,0.019127171656893913
0.0020042834116539144,0.005565268602289588,0.018577349228043213
0.0019844079431177676,0.006064175837516725,0.018745745102127686
0.0020177526545711705,0.006054916584673749,0.01909601375199231
0.0023581395165992135,0.0059368627220921415,0.020314609678567394
0.0018884434161608524,0.0056977888234440765,0.03966459855443957
0.0017776654053617996,0.006000194760044383,0.025110693624761538
0.0019028753766546175,0.005660046681800228,0.01867865763606309
0.0019524589841878783,0.005543089783947196,0.01856083470869827
0.0018586121290651671,0.0056563290301406095,0.024984125978161773
0.002044157547040931,0.0056897446904583555,0.04669059271132922
0.001991011636621229,0.005752217388472928,0.018543174523965276
0.0017388068593226292,0.005507767239220158,0.01853715213711776
0.00226507231712218,0.005467501914885885,0.01857622107440534
0.0019666721231696447,0.0060850977182655705,0.037942784850403116
0.001999435784398751,0.005695114366889273,0.01855260464539565
0.002569820253155197,0.005485647085542329,0.01856910250817095
0.002026820728017527,0.005732665223412286,0.018555852167386387
0.0022096102403240687,0.005769499161387739,0.032749797818774865
0.0016384101275084867,0.0055149420929537125,0.031151783090181528
0.001962284550898757,0.005949341566646202,0.024952914917176616
0.0018660360496378767,0.00559006027909858,0.01862710593282265
0.0021029907996997776,0.0054910646698515435,0.04243523313058692
0.0018238660381022318,0.005756227339606741,0.05711100054931677
0.0022183980453891615,0.005729986582643915,0.018533051031770675
0.001793396318272447,0.0053307425601637004,0.01871821612517076
0.001999661795897649,0.005836480711679724,0.018721323148640476
0.0021148895907367386,0.005705012174310051,0.03688257206026032
0.001835074629861275,0.005485032474482594,0.022718063406512223
0.001680644967734028,0.005485186960293243,0.018635661278421787
0.0020916753030400708,0.0053509734648222295,0.06710802094674714
0.002198236724187381,0.005906416128297022,0.018531402419373386
0.0015935390526921269,0.005702925206086432,0.023005200458062657
0.0024363661586892255,0.0058094718970163805,0.018582245291822362
0.0023171185969080538,0.005393146748195875,0.018589181433610623
0.0018416042542160165,0.005801341550902783,0.01855514204471391
0.0020448807512383808,0.005624172918566648,0.019338765185821213
0.002133233656255406,0.005706277363603913,0.018872973847654736
0.001502621496376759,0.006083166366108403,0.01864552605357763
0.001995097602541222,0.005714881192001548,0.018570238320791518
0.0018063931958789963,0.0053942112306325065,0.08876170171203875
0.0018834201090757814,0.006049974370019212,0.034407583634458075
0.0016219526416682208,0.005753039534913797,0.030932488740468077
0.0020032805200877915,0.005850141533473925,0.025354135246928155
0.0017120940623468156,0.005613362673352566,0.02162218712039743
0.003299200476599604,0.0031899110410977876,0.04441470972209456
0.003800878922893243,0.00343989538055805,0.045591358847131246
0.003643735654987947,0.0035716397573144053,0.047191799877248725
0.003740056649719746,0.0031305559918435397,0.03027465522547713
0.003559316967659832,0.0029418972328966197,0.04138215208263176
0.003397223768950661,0.0035389020311449196,0.03675701708385397
0.003695061279319381,0.0032080956001392736,0.0397994155218773
0.00390716783936673,0.003479130104121563,0.030437910304482174
0.0033415762474078557,0.003208206617090457,0.043751361423099586
0.0036965705613062954,0.0030513132321562018,0.041528124410642034
0.0036148726253834467,0.003104565498570199,0.03031916945522234
0.00375529082460611,0.0032433285284105186,0.030285814411145716
0.0035669225464117103,0.0034882562818405113,0.05974799331217044
0.0032701953353294626,0.0034623753187361505,0.030415362423628953
0.00354232330538253,0.0032682555685446158,0.03102941828421628
0.0036602167581809265,0.0034644603739568155,0.030297633629892372
0.0036008775102768847,0.003499157722272828,0.030400453951278737
0.0032817184849422455,0.003518741994605389,0.030301328616407164
0.003633362201555385,0.003256327418559812,0.05033985237288267
0.0035037865291121535,0.0032509492501681414,0.030302930959882124
0.0034477422781395875,0.003223558560575934,0.030270871292363354
0.0035933244816876773,0.003614249877183116,0.03026231220982729
0.0035935931467515644,0.0034804853034376567,0.0503761098713526
0.003617179893513964,0.0033169021768954827,0.05572736358070356
0.003621821043936621,0.0035463287580764576,0.04444477673990795
0.003632660614851708,0.003369271449046962,0.03180294283596204
0.003866202131116087,0.0032315270248840866,0.056079404072224094
0.003637874228143862,0.0031973543185578406,0.030273191836283107
0.0032521744300250096,0.00330782074727881,0.03763402802894714
0.00351849084089195,0.003803096592845931,0.030330831311405904
0.0036018770437049232,0.003263326672216881,0.031958756103375216
0.0033293949274574458,0.0034288830473298768,0.04622478161551011
0.00347719806301047,0.0035823211896532283,0.030256471897856362
0.0033152372128962574,0.0035145577264567764,0.03032019627257063
0.0036189922378933284,0.0034191124803108837,0.030591777963229847
0.003381498303277382,0.0033120384004470733,0.03918387799961265
0.003865761614691286,0.003593502652151252,0.030272518136568193
0.003662903212171157,0.0036384789992647006,0.048068038888291476
0.003445608094813354,0.0034904888249815383,0.04169247139034563
0.0033912986151085657,0.0036897465188983594,0.030263935176482314
0.0032243633453320195,0.003475951221167114,0.057051288859416835
0.003527992174680609,0.0032724387550661124,0.04440190585725928
0.0034275590317738086,0.003387029225597738,0.05161373932765628
0.003724604915632222,0.0036064155584938098,0.03343234788041972
0.003868655493834936,0.003420112057756185,0.03165204407179632
0.0036756629090969476,0.0033039116215591463,0.04307062873779115
0.0031447405030442036,0.0032737664988798164,0.03107851498620294
0.003050646664235997,0.003419338626261923,0.030719522597082792
0.003422467423714704,0.0031585025610867505,0.030260789448077363
0.0034940981843232626,0.0034475751024026,0.04394315684523984
0.003543057241556071,0.0031713642085727314,0.06408901337680481
0.003628895998101764,0.003650556722511628,0.03355432741913976
0.0032536408969571573,0.00334470354930593,0.05998783071425442
0.003694725906716644,0.0031937074218984615,0.039270894355600015
0.003557316383640672,0.0035983131755990077,0.030294666558549576
0.003339942557202968,0.0033034365326363576,0.030305651750253047
0.003568132395836261,0.0036403911636286495,0.057594884526290316
0.003782720517028904,0.003174593156586516,0.030295544388369254
0.0034620207923070265,0.0027130931677728093,0.03183544440030406
0.003838294462704673,0.0034985873431540556,0.04449671916831902
0.0036004565658458946,0.002896627746836084,0.030705702193496207
0.003313302134796675,0.0038103092581356257,0.03265158243805779
0.003305083688635917,0.0034400892099026724,0.030347559380799694
0.0035196411373783205,0.0034422702101716547,0.03494203551410502
0.0040055475912699375,0.004066755234928295,0.03727917373039017
0.003632754009489482,0.003464820329681448,0.0683276786166887
0.003551044799592329,0.002977638832569063,0.03083448608007132
0.0033493702540214657,0.003994024953259354,0.052395998910699834
0.003760265096942269,0.003183395469795774,0.030286067627520494
0.0036692839539070065,0.00356166526078986,0.030258764471312836
0.003868541224223996,0.003887755861053038,0.03027639550872122
0.0033852442212756054,0.003517074083756641,0.03341641229316905
0.0038193434035251137,0.0033133778595835746,0.049167750683960974
0.0035669554915577404,0.0037360492497566563,0.030379586264082836
0.0034972987150435736,0.0034874810462971243,0.030269590818159397
0.003659321060221634,0.003227679045883476,0.06801501032224305
0.0032436579187721,0.0035865273405990923,0.03027932510828607
0.0038767001381498165,0.0037106736305148533,0.04199021899823463
0.0035936677861828936,0.0034284208648061435,0.03026729629170297
0.003429339664811643,0.0033350580041348367,0.03327563641906591
0.00375945488108386,0.0031801022131492584,0.030349207371381304
0.003363200767915125,0.003267382307257875,0.030255812868281516
0.0036581878958906215,0.003387052084604444,0.03652869328254815
0.0035293758146123216,0.003688183341488569,0.03052291222684269
0.003071816220717054,0.0035286241771984063,0.031007586913690474
0.0038013019931588577,0.003536351829731791,0.03984537521292295
0.0034490099334051065,0.00381797300353333,0.04977726305358937
0.003619212881370906,0.003431642630098624,0.04102615640106805
0.0031459999551060884,0.0033316060551843605,0.03034464036166241
0.003408946202397971,0.0028207017304305174,0.03029194239495131
0.009926481350285146,0.007642634308098012,0.13598907487240924
0.009725622969145432,0.007374551171956153,0.13481009272922134
0.009826254362723753,0.007269270669955898,0.13469871148223383
0.00961580295800783,0.007564074458936333,0.1346822034240934
0.009891519782331777,0.007514457565795578,0.13467899719032136
0.010021204943789054,0.007258133844087034,0.13601435001370185
0.01024518329867304,0.007240353320804554,0.13468202133450174
0.009575207220471714,0.0072180277114540425,0.22840465378035812
0.009895898132584376,0.007504419810732678,0.17352851559655014
0.009848396424625216,0.00709609240288608,0.13515379421894413
0.009841253777135388,0.007233460256471263,0.13596486680594022
0.010026852540918844,0.007734580201675593,0.13493391689941764
0.00973139213047204,0.0074340401560568205,0.14362829476495279
0.009984155492088555,0.008069725672235984,0.1545167841058547
0.010113812990906832,0.0075034102868561416,0.13475064537333312
0.009874798544422369,0.007269098655444675,0.1415122750998613
0.00987273745011307,0.0073630621745572914,0.1346678565854082
0.010382751555800169,0.007570608920150319,0.1347366061747605
0.009680424257334383,0.007656611028120537,0.13467787366544398
0.009704867889581898,0.007596331356154876,0.13476294969014282
0.009722110257504055,0.007472962516684085,0.15090008079398054
0.010219945932556783,0.007282851537309431,0.1724049053133731
0.009910628647583247,0.0076722838608639056,0.13484949635015855
0.010066010930442263,0.007844595898609709,0.15857428888180486
0.010274241575094082,0.0076676336554177184,0.18047059594064277
0.009972064031863487,0.007691077556041375,0.1347241476561412
0.009884705500384783,0.007003370902686205,0.16483897812297238
0.009907513418585832,0.007290150484620889,0.16617873884273243
0.00969561909017952,0.007289192120551987,0.14900571784651967
0.010220282131366781,0.007469649529205257,0.13494153594014285
0.010076661817038405,0.007204563089942234,0.13835241970182252
0.009727433119308241,0.007860169850595213,0.13967288708581155
0.009753568667691153,0.007380527495894381,0.1346977323208022
0.009642336938104177,0.007516063981294161,0.13467861693017652
0.010111181576845481,0.00700790269456981,0.1357569518751205
0.009955709174960133,0.007359747713015881,0.13485698815144045
0.009812322892139881,0.007462141642716652,0.17376315562557038
0.009952315506574274,0.007213706389522774,0.13481004464336344
0.009858412488366644,0.0073570437346356325,0.13481532511265099
0.010219534208198423,0.0073591668366935386,0.14074637857546693
0.01026439007631812,0.007547864556458323,0.14949056104934574
0.009827995378347276,0.007510982547122198,0.13487406054713913
0.009849318475711206,0.0075635969964840885,0.13470870452398784
0.010130468756389717,0.007656277564079773,0.13467696189504802
0.009716448706560816,0.007367737829380925,0.18581605791347094
0.009906395236906554,0.007771513965877073,0.1369182432370014
0.009859993183646798,0.007402240776357992,0.13468922779737222
0.010047809840206836,0.007254253916421662,0.13499748527960032
0.009576631567786795,0.007212181010412317,0.134669164518588
0.009725189157232514,0.007455004470765922,0.13471018698952206
0.009789090822989845,0.007067789597603117,0.16524898801630442
0.009911404722200097,0.007198195705033725,0.13702126307996065
0.005183660550237896,0.0013202130480016786,0.07151614763965032
0.005362214957001963,0.001106226298967471,0.04242294974068821
0.0054235756687259235,0.0014211917963055474,0.04241683361022803
0.005058116716976244,0.0011628356029440433,0.042740025101430386
0.004574427846115922,0.0012197328327065294,0.0426254457995336
0.0052593066644641825,0.0015899274953388874,0.04239028701597832
0.0053641722261124365,0.0015485531109751256,0.05458722108113177
0.0051590793563190945,0.0015812801257001768,0.04244900575849464
0.005184517078448685,0.0012598956023488288,0.048694487548470465
0.005545615265837014,0.0013794799499860485,0.045061496255946916
0.004846109020623146,0.0014105133714653242,0.0423884641201777
0.004797848507816417,0.001216892659771317,0.04278135346687409
0.0049633316226994585,0.0015843045211423783,0.04261694395770501
0.005105624349461764,0.0013060535523604325,0.04639022779738167
0.005129371357454539,0.0013625152023560676,0.04245721369152539
0.005385992463664256,0.0016024332746861051,0.04282395482069646
0.005255056456772323,0.0015218379951766532,0.057117996501588095
0.005309989740133874,0.0013855548334169735,0.04238890518141451
0.004980981896566576,0.0012186260978696776,0.04242803118165862
0.004975209077192707,0.0014893900989351404,0.04249907127972641
0.005129743296648637,0.0010262462728350208,0.04815953534200997
0.005352850586290781,0.001031687890363062,0.04284590939876488
0.004647690798868226,0.0014309145490707582,0.09399581265197841
0.005167891132330581,0.0014475910633466487,0.054580279880600824
0.004949016010741209,0.001436971055229952,0.06442392077209504
0.005266006726728303,0.0014035803827903124,0.0424363759608612
0.00515179926939103,0.0014379636362662407,0.0425508608544258
0.00514421350241074,0.0018360330806817815,0.04991298710486882
0.004791826408372551,0.0016480186204939273,0.08483826436768153
0.004761164632935494,0.001447095517809189,0.047349614952865535
0.004966509213506785,0.0015958067120583185,0.06744521187551931
0.00507652902277872,0.0013603340526026075,0.04262084727739178
0.004930831350815638,0.0012773854644050578,0.09735085783813714
0.0052139907337345115,0.001249560768469459,0.04906017681734695
0.005191724091028664,0.0015853115107954678,0.043792742395970724
0.005119220222286538,0.0017295776545938005,0.042439085883916136
0.005169704718884197,0.0016884860076528242,0.04286934070805459
0.00471861218144285,0.0011335696917891115,0.04239035189414592
0.005195899696960842,0.0016040731842503694,0.08144919992107523
0.0050669067081922994,0.001651263374868763,0.05114292157247538
0.004901068314591322,0.001344575514003874,0.04246021004446897
0.005398934090625984,0.00108173922931881,0.044681233521735225
0.005008925718606821,0.001525691349347564,0.042536283052115806
0.004869847376066645,0.0012954575472947827,0.04487214654021954
0.004953128225605488,0.0014942341778418293,0.0425103175572541
0.00535551579416542,0.001400209417704825,0.04242234097134699
0.005483441544221496,0.0010546228173230667,0.054029816276114334
0.005098503285308483,0.0010760581639607755,0.05310947956083357
0.005132234723909542,0.0014130026640607543,0.06638773838299256
0.005206014407644626,0.0016435709766401546,0.042401214870752275
0.005348571542263117,0.0015038605591709262,0.05394258738497114
0.0051644641008549205,0.0011668566205833251,0.06661280527184746
0.004867916642023542,0.0012250633968938509,0.042429465015860035
0.005261345506654154,0.0011780329866033076,0.052454865557858964
0.00488000291446828,0.0012688707636357307,0.04246092244957188
0.005442203025772712,0.001317066607300087,0.042394443494067124
0.005152742260770513,0.0011542477004593285,0.08204395308552204
0.0049378275119011,0.001431618924330527,0.042755097450869
0.004821006856413705,0.0012783985498156381,0.04265279373993459
0.005369586182649777,0.0013737108260070885,0.05172423592116919
0.005013955269045666,0.0010917334478211169,0.05282274872948847
0.0054112841510417665,0.00204290016854062,0.04245139744620408
0.0052243939656727795,0.001338586701274101,0.09539336487214559
0.0017567943099442308,0.009037317735366462,0.15817537630504228
0.002111525941068462,0.009320681373885246,0.15815917933766374
0.001612450241444975,0.009135381327710624,0.18499349110465665
0.001734459149496963,0.009143790080804803,0.16883346468561553
0.0016810411684177753,0.009348920964294426,0.15866043533360147
0.0020345208551554536,0.009158083557415908,0.1816591163861455
0.007425092059066092,0.010089581336980003,0.08517177273174913
0.007354740246314687,0.009825498041621581,0.08238278155470216
0.007224570808233908,0.00984051338869321,0.06727491015021816
0.007629048845559671,0.009888926827468704,0.06731483709504046
0.007081877610883407,0.009760576243288011,0.06749502469768236
0.007367300347450622,0.009668458929711353,0.0801857758115975
0.007470252953022084,0.009634607093763393,0.06721831562258715
0.007317861156760173,0.009486323846276802,0.0673198553181726
0.007480967044308668,0.010197234578094167,0.07187156270361855
0.006946730495811009,0.010048044387092074,0.06725811301817232
0.007342157408446569,0.009913053213646694,0.070338783579008
0.0071625162514103256,0.009905371408572136,0.06728129734029048
0.007197410924701881,0.009768230834980312,0.0840859227258006
0.007164134462395258,0.009811922673446815,0.06777976162213553
0.0073190466851367686,0.01034369852670711,0.08892663492846938
0.0072117766166561416,0.0103130120165688,0.06752931222170802
0.007487271675759197,0.009969056515397395,0.06721390739427326
0.00706540757281451,0.00963537217524776,0.06731192587684406
0.00693290708331339,0.010076618877797023,0.06721187310182544
0.007316614735830857,0.010429683483663804,0.07359165176663832
0.007060629719928475,0.009773537899261745,0.09129397221121965
0.00668965442212702,0.009923841310502215,0.06721753028778382
0.007287551190488204,0.009604698018876416,0.06914170364148504
0.007363202898207197,0.010222080723428782,0.11616974768671798
0.0071805466608488655,0.00974097349784123,0.07179619116007566
0.0072416581674828815,0.009921602683656735,0.07136521185605164
0.007148058745172397,0.010061902943513695,0.06721495812978937
0.007852905164639691,0.009996474742645992,0.10206702374551177
0.007339807896615255,0.00984438438549276,0.10434587894812358
0.0073968149640663335,0.010017209077058341,0.06863477755213551
0.006983540160494421,0.009707695765638817,0.07778415978582434
0.0068372315741253055,0.009903480752240557,0.06897236535803175
0.007520381760009099,0.010065116995618977,0.0757028724746849
0.0073331624134341964,0.009822935580901762,0.07085814266918322
0.00723419874101991,0.009997847000835216,0.08449838778536452
0.006957881401314453,0.009807211238417345,0.06722098922220518
0.00733077619496916,0.01011425476340724,0.06720921278591349
0.007359626700823067,0.010251011160835826,0.06724844718413683
0.0070384350005163404,0.010061577974871463,0.06732092817830336
0.007126865181122283,0.009614370440557763,0.06726754929789563
0.007030476016629328,0.009575597608906163,0.06722787790644455
0.006941834231245699,0.009855382575333735,0.06887153148414121
0.008049121510994729,0.009904102948992919,0.06768687653746276
0.00726898696527609,0.00966880175662245,0.06749320502927539
0.007244609664495214,0.009873088334440163,0.07425370089899189
0.007064383917452495,0.009900849282083488,0.08982967957459183
0.00726283888490615,0.009814662954934137,0.06725471419851686
0.007223639382313442,0.009959643552308415,0.06802149167150208
0.007736310186011073,0.010107216978725716,0.10708492426863178
0.00715015858230308,0.009675595623568834,0.06724235021606806
0.007236339036904289,0.009906775862101338,0.06720893852777884
0.007515837100978513,0.010165822228984357,0.06731528149518463
0.007137970052299018,0.010004509337317885,0.07719807700636784
0.0073622096593197826,0.009991271395230702,0.06744421073213683
0.007125919241245082,0.010065609225314897,0.07393854090889337
0.007353203702353419,0.0098241899365501,0.06723158803281258
0.007372070141167348,0.009674432769386529,0.08616170983480763
0.005218512272047864,0.008820946313100974,0.052526380095446745
0.005134974024671638,0.009484091907649322,0.02765670593017171
0.005427863272533562,0.008604064724757042,0.02980944248967723
0.004827381149982559,0.008902604514337222,0.028282750532672464
0.005041173404409137,0.008895515074526695,0.041410894576488146
0.0053464303057525215,0.008843860582505941,0.027613514711769052
0.005344332385352207,0.008808083494307931,0.0352903311236607
0.005062963715729751,0.008897064175953843,0.027641020691461606
0.005203833045187357,0.008667014549164416,0.04047714227056141
0.005001705727691962,0.008389237892550533,0.027675628775757268
0.0052975431260772815,0.008848361657341047,0.027671769481492883
0.005049368779937836,0.008864000952026734,0.02772416102220293
0.005010057602699396,0.008576023355299951,0.030465745934094447
0.004883258751582441,0.008532287014068404,0.02771635791678614
0.005292203325335165,0.008961986066057241,0.028473149597076808
0.004824904157037285,0.00851879017681234,0.029036271535712956
0.005412785930323662,0.008413018971286147,0.027726068082789868
0.005307762320731319,0.008883086002233984,0.03340722184629861
0.005118325760244438,0.008837767056972767,0.04097761520568456
0.0050122470992952925,0.008770488543894584,0.04100375315441588
0.005192968975606478,0.009046620066531685,0.027638921415330055
0.005295277533181887,0.008869010844554983,0.02770264778770967
0.005104720005720186,0.00891749250412801,0.027623768793962035
0.005338934969590898,0.008844275858093564,0.05164788965003401
0.004675766997670134,0.008768466723410214,0.03341127449670687
0.005356752503875098,0.008465331369099936,0.02763267888199148
0.005466041618801157,0.008905985427430818,0.02761006262579685
0.005047700200474175,0.008855949364486748,0.02761035385121449
0.0049317295705136625,0.008961132342948765,0.049521634731149615
0.005274635101616493,0.008776363137925186,0.038494900705847435
0.005211719831561908,0.008782732944316769,0.05902196430753355
0.005412958196010044,0.008858145103313857,0.027711120128954905
0.0052979744451189725,0.008815117928660715,0.04983529567750085
0.005455490263471544,0.008625683481786248,0.027662730127183857
0.005131724720575071,0.00864940487714544,0.02778985172373029
0.005003530398496523,0.008451536726874048,0.037445809882597464
0.005327355243093676,0.008665751769624827,0.027909169615106356
0.0054548851372507035,0.009092580021460897,0.02961173169284677
0.005160793404987511,0.008725319267032182,0.027620800177600935
0.005045780198550291,0.009018515368754953,0.043228911455339636
0.005283601539263304,0.008865172307142278,0.0504734974087568
0.00513333603694687,0.008749317411135216,0.039295933731236965
0.005245525963115184,0.008532151133631927,0.02777605935048503
0.005122841710869367,0.008592056280504315,0.04662892763790726
0.005202502021880937,0.008597011764175702,0.02825419423393114
0.005179611175070987,0.008880069154867542,0.027618725620742357
0.005276281651274344,0.008939227205589076,0.05558595105224373
0.0050017950505967705,0.008960532325361861,0.027933719353550837
0.005078967437464007,0.008455709494940084,0.03646790117385462
0.005440012779585486,0.00880686157026125,0.027985345824673116
0.005611438292849432,0.008730908367086213,0.030368278749093938
0.005321081947350197,0.008780883064629283,0.04373586977176738
0.005588419961003583,0.008432948942680075,0.027672235848404128
0.004998333950927644,0.008433999557547625,0.0454358047736668
0.004589509314983596,0.0023555600477599657,0.20857087440787633
0.004271588559092691,0.0020582008892168747,0.18856199865060153
0.00439881888517679,0.0017628696460824365,0.18809479848349406
0.0049076678062499254,0.0018975347771130195,0.18818272332083022
0.004374193376443938,0.0018221207472395985,0.18950776287393292
0.004399129473418665,0.002161706979952855,0.18812336492077827
0.004696139842077815,0.002019341909059469,0.21990902775822596
0.00489563172133989,0.0019131986586541283,0.18802575916184308
0.004689301027273203,0.00210107737075047,0.20690512769992947
0.004927498262187134,0.002137674094938543,0.20759802782811757
0.004716855578821506,0.00193931488841536,0.1880217010246471
0.004070547500407041,0.001689156978349732,0.20694243855751027
0.004497829475324595,0.0016269907280240309,0.18806176893898097
0.004783431961254281,0.001733188240493722,0.19083783807739496
0.004612648711548315,0.001699949648024338,0.18805338237591812
0.004316307737055809,0.0017197469891831638,0.210700158991033
0.004233895028678128,0.0020242318783421807,0.23658380306996693
0.004655449429903775,0.0018204647790168805,0.18835502374808724
0.004373614773850543,0.002086152329539287,0.20774613385764684
0.004302239608135035,0.0019050317702375811,0.2148467191569048
0.004415830438140013,0.001835410761180369,0.18948294461434492
0.004377708822098119,0.0020848279201585843,0.19039894451458614
0.004186707311477488,0.001906723093877894,0.18815461808331738
0.004231837223926143,0.0024599467407715207,0.1882139754566858
0.0045188076575471085,0.0024485887897395713,0.20037449281603012
0.00413896759002112,0.001819063942419683,0.18804119315274967
0.004543649604242445,0.002007769954852748,0.1880992571954286
0.004316892027403936,0.0019066750212752496,0.18808689196576828
0.004532293943921786,0.0016959127054500742,0.18803837563656933
0.004940777894807636,0.0015232729611385683,0.20306443782951245
0.004287094960678057,0.0019003135681613377,0.18816609435373063
0.004308194574118434,0.002064585387717691,0.1901473868463364
0.004610214274430283,0.001825506671331812,0.1958635045067042
0.004482816579868995,0.001904059117049394,0.18803282659667345
0.004084072542965675,0.0019239570195252011,0.21083805401245861
0.0042407312172130975,0.0020408234614684518,0.19426484178300354
0.004579724138455851,0.0017768742607146063,0.20665224213516478
0.004163103513425865,0.0021246915943764584,0.18813714957355213
0.004856495947066024,0.0021225209472195868,0.188239898744235
0.004633623761414064,0.001796141231820623,0.18816340390636077
0.00423115306248638,0.0019523644318457363,0.21651789751828462
0.00454481272246469,0.0019810152898605137,0.1982591508040642
0.004749274317801746,0.0021276221133444215,0.19430672055002762
0.00424434773724398,0.001633906653113177,0.22732388769910117
0.0045665253478376746,0.002168673246398278,0.1880405994587087
0.004501612207506729,0.0015768414921738378,0.19277432050693794
0.003978392171978106,0.0017220448645255228,0.20695154482226752
0.0045631572860111045,0.001978876728325765,0.1902981860864915
0.004139395919222507,0.001931844669207017,0.18814697423505305
0.0044817944529023795,0.0017909243725112885,0.2076611073985069
0.00480967201671284,0.001405721652430823,0.22076103787202175
0.004051149185722189,0.0018232355114487413,0.18805785013326337
0.004184759813539129,0.0026839428624195437,0.2040830874951239
0.004510105430003572,0.0016176943835481043,0.1881172449915087
0.004633465913129698,0.002041907669863089,0.18806857736986882
0.004276095375550319,0.0020389657971037495,0.19836651972916572
0.004504038817728725,0.001830544752966869,0.18802236966788288
0.005103345673601529,0.0019813213583011417,0.1881843594850615
0.004332454515952926,0.0015620230890320292,0.19099542141594633
0.004457499482785196,0.001930556573097812,0.21080361540474507
0.00464797024572075,0.0019048830623940294,0.19281341485612188
0.004508245453816964,0.0017559664116422091,0.20802854866523546
0.005005431441635481,0.0019496406316219556,0.18827206512082764
0.004351090855543337,0.0020713462435096156,0.18812717347611982
0.004555550615607259,0.001809771907505934,0.18971266964721617
0.004228034621236001,0.0018139869103302336,0.18802465098323903
0.004544774026423705,0.002155001864390807,0.18803817936538003
0.004190993954193985,0.0018368222776153896,0.18904571330587028
0.004296838198165442,0.0016690031048974573,0.22485308024917822
0.004612165965761528,0.002074496632743567,0.19169475538113068
0.007452847195854061,0.0021623600947966383,0.16692627237540125
0.007467483702534129,0.0025330583199838223,0.20541975543232954
0.007293129361630218,0.00216355956582945,0.15743638476565472
0.0075462176289040036,0.002296085175897635,0.15720313705488193
0.00738672464178098,0.002305724566382002,0.16060077816046708
0.007222778052496336,0.002273556273768701,0.15700401435327954
0.007238216470684717,0.0025047214609722262,0.15706346466262244
0.007462015292264387,0.002324552559571124,0.18128638251049556
0.007272402212906473,0.0025740729850601976,0.16741413263106805
0.007150138101966641,0.0024051918332521523,0.1576929611297038
0.007343780916423397,0.002574188178621991,0.15695583042997027
0.007368299605549279,0.001983963920792273,0.15719350541566848
0.007096275822648045,0.0021255574989481876,0.15698084793471512
0.007488631295499267,0.0025590902154613666,0.1591743026491466
0.007640246442217383,0.002339456924695958,0.15695271215920942
0.0076557331705155935,0.0022752497381527933,0.18933816720378616
0.007400732005446961,0.0026823713403656708,0.15826434402765202
0.007235401201212301,0.002376153845922325,0.17088070882489817
0.007303719920111186,0.0018438995518730245,0.2106608173858723
0.007335770189117229,0.0020564873043299355,0.16564761318015508
0.007541462749900745,0.002022596070547158,0.15900414516019978
0.0072743315281175915,0.0023560688489020405,0.16465491508200303
0.0070219905630267785,0.002030345816761885,0.15696457187431637
0.007390786685693756,0.002532395141445241,0.16702718624972684
0.00725491208952191,0.0020978975622270414,0.18837596448802207
0.007196555069580673,0.002604493411873155,0.19111664306350146
0.007131084282934819,0.0027021854565813823,0.1569491663332802
0.007420801378374048,0.002542352048001339,0.15813351416273588
0.007842525381727528,0.0025753951225371036,0.15709074103226817
0.00719725384959665,0.0022678424505158884,0.17294325781508352
0.0076031519341636196,0.00241470195343911,0.15706131142852164
0.007286600531006645,0.002217363641714752,0.15699727455340948
0.0076617218853747915,0.0026117370132607413,0.15761338778680867
0.007315431833437612,0.002384522986243166,0.15698049615902301
0.007226514276385986,0.0021363534939241795,0.1572731287718915
0.00767279687392799,0.0024759820993400876,0.1570302704456855
0.007542999202581299,0.0022267198312467696,0.17407686982454898
0.007608181663790974,0.0022660395326815404,0.17537905806345302
0.0066356071082191255,0.00022522965133479122,0.09461167167884905
0.006658579647205429,0.0005659631128210373,0.10811788721440675
0.0068175027618070675,0.00029246308731613015,0.09448765596467612
0.0066735865066410525,0.0002673872089195131,0.11751849551782569
0.00645963359908737,0.00025165097772154594,0.09462871499219086
0.006650768223149544,0.00029522764126630884,0.09454973313823586
0.006690972748930579,-8.493702725444232e-05,0.09456307971892625
0.0067123121608662125,0.0002736986069932213,0.09558058493034258
0.006772572859926336,-0.00019698433793390794,0.09463264236492937
0.006377676206139616,3.398022598809917e-05,0.0945164157610118
0.006311691307623124,-2.8578278252011665e-05,0.09791107406325862
0.0065871533210591915,0.00045446495135498434,0.10935867350053706
0.006818210683928514,0.00011695133373794474,0.1006504580324861
0.006510289396760247,0.000315183204224691,0.10331179388260182
0.0066242024907705675,0.0002804291070188736,0.09799289270285133
0.006396900776185783,-3.979115067744323e-05,0.09747124172571978
0.006435095431070594,-3.0640221357447866e-05,0.09725344917868026
0.00808163958806389,0.0013838064013439867,0.032161405831311024
0.008668920329744981,0.0014163701837055986,0.07786618024154025
0.008321414268957989,0.0008152356388967228,0.030380652249867114
0.008281331909130494,0.0008053818158743653,0.035245835482785565
0.008507863299796671,0.0010556890659571673,0.018664105290496915
0.008336541417551795,0.0012555842177394906,0.025648833230978097
0.008428641634127003,0.0012924584461375737,0.0654243555981173
0.007956355118198437,0.0010910814525977909,0.0423217999361055
0.008275369638386402,0.0008320281120997662,0.03650116605020346
0.008154003840212616,0.0011608960995835738,0.018920347617022562
0.008317556485988661,0.0011119458296497404,0.018652494121301634
0.008321614319564031,0.0014281510185090206,0.018796787935249984
0.008257059903119649,0.0007381913046252106,0.02024559443697437
0.007951936500524353,0.0010927115159699958,0.018688737677908043
0.008656027709700292,0.0011053795204248947,0.05767788409451286
0.008035630165561022,0.001416652438366347,0.018680506276992238
0.008307387897404437,0.0012432305919889929,0.07348077126305883
0.008399069030610568,0.0011093257394098695,0.018796094837560895
0.008658312713229515,0.000929073123674469,0.060609818810001395
0.008244690295556899,0.0010252341388419515,0.018673781493914424
0.007784101205864809,0.0013974161419198275,0.03465478454359553
0.007806333508773618,0.00166760903303415,0.12197140420269627
0.008083093818931311,0.0015286437103331372,0.12197209963506817
0.007743585701588163,0.0022906124470542504,0.16516246153068706
0.008006219091117745,0.0016201189008525094,0.12275662556497469
0.007952382242103243,0.0016044064835925278,0.12179166172687876
0.0077915592446040245,0.0018705468154047616,0.1222707426046923
0.00805234316560287,0.0019140382064329752,0.12184044559635338
0.008178680299438103,0.0018921289576653657,0.1315172104292924
0.00755804850759734,0.001775249371348351,0.1217846650861929
0.008131819251782526,0.001496253074047115,0.13958892113626045
0.007669483074508489,0.0017791311392237883,0.14163518080219117
0.00809533219370887,0.001855779100154631,0.12295141968317996
0.007778136288341829,0.002215479220595857,0.14807755815578544
0.008124041226177757,0.001902832989398709,0.12300077726051578
0.007987257201827379,0.0016298941347458475,0.1218000145884423
0.007572519903320012,0.0017828296484659987,0.15306798598792426
0.007520468114636637,0.001456163638264341,0.121843270503104
0.008025823894566464,0.001886803084193997,0.12188725021316782
0.008642963642481526,0.008781828728982049,0.10833123521253551
0.008492422888715939,0.008730143223291128,0.10815039963667972
0.00836757789435205,0.008890024755874464,0.10819000856055302
0.008392774604951856,0.008786824418684227,0.1116018173332442
0.008743166122093896,0.008908101923832075,0.1082960225943026
0.0083345096741789,0.009078209880968701,0.12764966770602992
0.008350252317199927,0.008828605037129239,0.17288656213792852
0.008440576979797016,0.008557758687760625,0.10825601869768102
0.00872414524915458,0.008986167583608349,0.11157166565638044
0.0082552997924613,0.008514186076676658,0.11708543786905017
0.008828908968977423,0.008892807738557924,0.19439450153177676
0.00874136094039401,0.009188933723046641,0.14220885885449078
0.008546295122252495,0.0089636660204269,0.10820501034062975
0.008368038408247555,0.008924533509325308,0.11926239111201312
0.00841393258556915,0.008694634194388694,0.12659754602047057
0.008756342004717133,0.008611243855064666,0.15271293189801138
0.008630415807811554,0.00877078580039844,0.10843464169172591
0.008456484897286547,0.008899985462801907,0.10823016331490963
0.008673601016046946,0.008585542924128928,0.10919545126161782
0.008829174589857991,0.009113311738025162,0.10965836082200747
0.008019565495719387,0.008326680913366628,0.11008479611408183
0.008672279288257638,0.009022266699411637,0.16276130390589033
0.008456926762458688,0.008985552395065814,0.11986198178889283
0.008625317590117377,0.008966923868397375,0.11128007979609522
0.008386634652104768,0.008678974782163736,0.1085946222274219
0.008336062570985401,0.009056245975534805,0.10920665064589316
0.008675981048937404,0.00911213031794977,0.10890565514819521
0.00855969786650599,0.00914283687119948,0.16541124529064433
0.008311125920343079,0.008944948588037911,0.10846322879564804
0.008564619696734721,0.008820922463198232,0.10816531949770986
0.00846299038490185,0.008939566642772147,0.14868394475801539
0.00801993000139649,0.009002191734740875,0.1401565703687023
0.008507732238724756,0.008671613602278486,0.11725176493879197
0.008678312202526501,0.008564588162601569,0.11518788036405443
0.008522063430309017,0.008619326589404218,0.10818811608198645
0.00833922238847398,0.00865139279460157,0.1139445949695505
0.008067684747218046,0.009209548519780222,0.10831001218219385
0.00866874152570907,0.009154323301290275,0.11812967475132095
0.008417807909238826,0.008811784174586477,0.1272993543841076
0.008665348084260593,0.008907487793684348,0.10816755320286489
0.00831117784477232,0.008958050768438803,0.10833514769315673
0.008355157466134936,0.008518408899060446,0.11108953785661624
0.008733797179165646,0.008708707260620974,0.12130376376324241
0.008602810668894744,0.008913011925478935,0.10827934307653886
0.008576204065624614,0.008924461321292492,0.10817373934416348
0.008749487906208797,0.008813797649317332,0.1130196255418739
0.008419385385424754,0.00881795147331865,0.1416592940103403
0.008640335174221882,0.008867569395337501,0.1137758745996793
0.008365897906574602,0.008693699755844742,0.10815802921781634
0.008334946604256523,0.009094490175635248,0.10852840440812421
0.008309754511307577,0.008790125905495685,0.1616173296503614
0.008888873410056924,0.008871432729965706,0.10840515179501872
0.008810507852550147,0.009020198006275206,0.10827562883375053
0.008546255049568893,0.008796406146981649,0.10815867893329965
0.008462885986556498,0.008723444939484161,0.10827008809257316
0.008390859161896398,0.008928246657881285,0.11503122874724506
0.008722048716626199,0.008803762653061556,0.10815295340598455
0.008463501266908707,0.00899384352076068,0.10816690588113181
0.008477523396661546,0.008675894388106644,0.15650150965440732
0.008647806324338885,0.008956607943091057,0.13106928349430103
0.008501171241842314,0.00906736296922293,0.10816962722958155
0.008526285621945124,0.00894922584672352,0.1081661350463368
0.008647816398014265,0.00860175064201913,0.11319950260333161
0.008261759009605232,0.008652675577818415,0.11564290423500904
0.008573717709513642,0.008740061449248333,0.10824391212343111
0.00851497420938686,0.008865053833162845,0.10820938241000419
0.008483040149751984,0.00904701100527847,0.14393152162615505
0.008416162224907668,0.008762324272192885,0.11302901476042233
0.008305615076133949,0.008842011939664104,0.10824811401638945
-4.9546935248328546e-05,0.00670386465953466,0.1845850371955463
1.682714990925861e-05,0.007057288240953936,0.19204089889705997
-0.0002160159562113415,0.007091005756644968,0.20976454074187345
-2.956425160633218e-06,0.006587471848946485,0.18680165715386166
-0.0004228165698017505,0.007052954007580518,0.18455279993644458
-8.079371501893695e-05,0.007023224157008468,0.18546751350529186
-0.00015507975459654998,0.006787384812050269,0.20020404687395923
-0.0005115809479730705,0.0066658071341213435,0.18459574439648785
-3.600443837060367e-05,0.0066581385326,0.1857961880716541
-0.00016444377185415731,0.006753558057222914,0.19735699836550702
0.00016792556943231717,0.007152773903841863,0.18671894491611427
-0.00039411588232843276,0.006624018289144131,0.19099844809279146
0.0002705695751866144,0.0065656622770920445,0.20551810091458508
0.00016139745306192134,0.007153170431556021,0.18461283608600218
0.0003430683135215154,0.00701189705175516,0.18470751500141322
-6.296301226694176e-05,0.006857526982917617,0.18457960417440308
7.387330427585155e-05,0.006861031838465987,0.19380407705226024
-7.342031220568901e-05,0.006686560837021099,0.19248810419793766
0.0001635836342500169,0.006780937798735111,0.19547712592929758
0.00014618730981039009,0.006548803499545918,0.18499391551999073
-6.506211931116675e-05,0.006671375664811732,0.19674275872756045
7.107099648051309e-05,0.0069059262091815355,0.18528491625279958
0.0002001572109365126,0.00700036014487723,0.18456101793092486
0.00010241478756799423,0.006870187829527258,0.1956780196396973
0.0002454150080225088,0.00672333771324442,0.1845507905471655
-0.0002248086584340015,0.006603002765489734,0.1845599406134434
0.00014550355220818885,0.006835067019726265,0.18458764318336734
1.3371448666796245e-05,0.006685405350102259,0.18800435435493074
0.0004684443207854569,0.006957749337015264,0.1849297053274269
-0.00013081696629914204,0.007038658697819313,0.194301639973895
0.0003095084852553139,0.006279282512718065,0.18475804346429145
0.00014544667929987815,0.007178495786026485,0.18482883093424857
-0.00012391890645898626,0.006642569941872805,0.18882225525676288
-0.00013820875552629562,0.006462732042016047,0.20167942161785793
-0.00013244359783070973,0.00640192529961175,0.19784484800719587
1.742320821534816e-06,0.007277311365561703,0.18750798619403763
-1.7990356914864155e-06,0.006750942182901482,0.21794937197239114
0.00014615923649851883,0.006876462705577489,0.18557122511915827
0.0002889524379352813,0.006516080788355996,0.18560840261175676
6.941803523832603e-05,0.00668915721741546,0.18816434436591162
8.264691334965426e-05,0.007110717026135294,0.21592022580316594
0.0001294710285156674,0.00686404746530086,0.1849849738606836
-8.872975453596326e-05,0.006835299143083277,0.18457090192247022
0.0004462265185367083,0.006697196472957142,0.18461729987925982
0.0001204222000251919,0.007089620206963099,0.18470416260071343
-0.00010972263995046404,0.006542358780206306,0.18456762218030182
-0.00021691543529257936,0.006958075570295004,0.19077290744370132
-0.0002964518875728834,0.006645740943999683,0.18467225631684925
0.000209044757115112,0.006763392902119099,0.27669998324216527
0.0005542726167162705,0.006677988121027371,0.18457264722179076
-0.00022863407129400907,0.006467429169193509,0.19354500039465233
-2.5585163807309425e-05,0.006914593483373745,0.19178689196216536
4.807622397218452e-05,0.006838918070065795,0.18463786092812984
7.062386253426118e-05,0.0066445969136644575,0.20905385841523627
7.236789059629712e-05,0.006846132169123287,0.1846080873896384
-0.0001290397336231764,0.006825075175019046,0.18480028881839305
0.0001634831597083791,0.00674068376114754,0.18457999374598072
-0.00013418171861990548,0.00720032321232727,0.21685826743129974
-4.189377071986892e-05,0.006755436675336182,0.1845627267430855
0.00014057249164027373,0.006738340338483203,0.18472413744102795
-6.603462031124047e-05,0.006974792226969396,0.19628236819964603
-0.0004935656068077916,0.006925993234165676,0.18462561683185186
8.78135059291651e-05,0.006836725172062643,0.18458284123476393
-0.0002258921234383362,0.006776850813880133,0.23762471370699462
2.1150644376559248e-05,0.006516124567181835,0.1845614350554475
0.007245547090377618,0.007740510763662976,0.09465312495564043
0.007195285514489122,0.007872043462958004,0.12098623987116296
0.00809368835650157,0.007859476999078373,0.09449903782702704
0.007593963402582695,0.007742366818870073,0.1305479580265494
0.00752831309582703,0.007705241204615727,0.0974961130239367
0.0071204413515616,0.00839389219610118,0.09452990364745952
0.004258753610136369,0.0018286946703701523,0.09193150581220265
0.004480456383549261,0.001742020646082091,0.09196495549833879
0.004564337396358599,0.0018057380387889715,0.14571662785572687
0.004810190953661225,0.0021665117257000568,0.12687723692618344
0.004723616273766826,0.0020304509460367156,0.09692011872882038
0.004209379590472505,0.0027100479739202133,0.11491413983550425
0.004511940357331524,0.0019877566203942458,0.09224702987807493
0.004574001326685592,0.0018331286586959388,0.09391682353929907
0.004981833845904746,0.0020717200118784405,0.09519214381380678
0.004269313113832042,0.0021453492878457147,0.09193394470821009
0.004757466504813145,0.002022238349081919,0.0919288168117195
0.004848587461413036,0.0018706988013601892,0.1188592034868321
0.004852035709625629,0.0019771737061920654,0.0921319724168025
0.0044042061027471675,0.0019726501073333235,0.09206368540697706
0.004695420361741799,0.002082083216463595,0.09505850795144985
0.004495605027388105,0.002069472780144027,0.09543858143922333
0.004603654620713785,0.0018760186617311947,0.14619390603280197
0.004687049281696763,0.001959766596313301,0.10099750905263186
0.004971064838705709,0.0020550187399330107,0.09631652702396104
0.004708982115318231,0.002008114757169215,0.1048124128860253
0.004506877246870545,0.002158940860520042,0.09252099951260204
0.0049549108931081515,0.0020706977718641653,0.09205687784432498
0.004769531301982445,0.0016502022895306936,0.09246485241719832
0.004659879046136339,0.0020317771581548198,0.09640440986449433
0.004699078197424243,0.0020169412889904457,0.0931056308377302
0.004396179328595422,0.001806120803774575,0.09199130624390484
0.0044065145308796105,0.0022566930193768315,0.09198969699557556
0.004732153704219373,0.002353286096055599,0.1211717586998655
0.004882200075342921,0.0020080678561621903,0.13023512622187533
0.004429025136508315,0.002358949765199561,0.1035026961276647
0.0046976667897339775,0.00221143672365429,0.09291771232059191
0.004315649713960951,0.002261105530674073,0.09347213611197835
0.004448480235566595,0.0023167068719535107,0.09193439840485348
0.004375590376133821,0.001908859654373826,0.09195235089525555
0.004920824090271459,0.002312990939985691,0.09256592577943026
0.004302577734697031,0.002436446053655902,0.09194844678256267
0.004775667228240363,0.0020497921308306284,0.09197229750650798
0.004921698829737022,0.00194127131610805,0.09195463105908391
0.004554651915441545,0.0020416741434894923,0.09192825749907085
0.004928714723654022,0.0016984658012050152,0.09195765137371514
0.004734266057354643,0.001925357159858514,0.11087319467306805
0.0050370010509893605,0.0023857285467640517,0.09266633007208408
0.004296909174445673,0.002245777596987797,0.09195089215429501
0.0048731430725678145,0.0019554715081303415,0.09196286147415007
0.005015798541278086,0.0021263352370051694,0.091959406984401
0.004959453894616324,0.0017963446648046229,0.09194165474624627
0.004841462153333958,0.0021012133099123096,0.09205605720282599
0.004406683788718417,0.0020351084365624263,0.1643703918676892
0.00426873902327913,0.002217771746906249,0.09196849186475704
0.004786601398794485,0.0020613520507744725,0.09820064274432444
0.004948356691322732,0.002380882107125415,0.09195168512163715
0.004889522564859652,0.0021493529568293486,0.10240913509206233
0.004468441499539618,0.0018821346960241326,0.09195758671821255
0.0007154589670070786,0.0005817288277080577,0.15552427028346202
0.0007271728616071814,0.0010276415524657781,0.16564805181073655
0.0003656278639471584,0.0007274525878166964,0.1505499075150701
0.0006015819208405545,0.0012721166427563293,0.15017431490540678
0.000611173123672497,0.001013232874382087,0.17882016847129667
0.0007882192798390305,0.001185134731719517,0.17202225928350223
0.0006533178703745078,0.0006533781005251155,0.15041123091862005
0.0005402677323863445,0.0008348743363878679,0.15017068672618233
0.0004309699175280613,0.000785305255104099,0.15014868578231735
0.00036808966843076044,0.0011163261449306282,0.15024567512457013
0.0005590938384620048,0.00103962937666596,0.1503641777278241
0.0003615333239575263,0.0004346560945601471,0.15014952728031042
0.0004680694211457575,0.0008507673506927669,0.1502185827666602
0.00028096996793808396,0.0005462128011142396,0.1909863586486645
0.0004649696731648705,0.0010040522751636317,0.1503195168014771
0.00027715103580094793,0.0008722338548267251,0.15028661890894793
0.0007959680738692116,0.0011629074461622097,0.15018342131601906
0.004605006808825762,-5.30149856427233e-05,0.140584468800667
0.004960608245432556,-5.844783048032491e-05,0.10963209881678197
0.004573832740656595,0.0001487304763298554,0.1372562158674125
0.004412652956330583,-0.00021288691920392104,0.10962629022814331
0.004781666620458149,0.00011578206081579834,0.10968013963626504
0.004609431836981375,0.00017849417152279116,0.1487259797429563
0.004656987216650366,-0.00019115817822784275,0.10963270330582761
0.004478251253124338,0.0003092007435778924,0.11164745663705498
0.004879157628539265,9.883627363831471e-05,0.1406669567641103
0.004690963348305966,7.80307139357994e-05,0.11041135977050158
0.004482952788989904,0.00017138239403521638,0.12070963918662775
0.004708395060138053,-2.161869488394297e-06,0.11432069479567213
0.0049769272602003195,1.2415305893828709e-05,0.11233849815639513
0.00457232420038557,0.0004159227451715705,0.10963546460912481
0.004983900946627292,9.289218860755182e-05,0.11409399628770447
0.004231052484398548,0.0004600884588038842,0.10966840463155764
0.0049029705059946225,0.0002086464814527603,0.14101042118605026
0.00467380840184499,-2.0010075972109808e-05,0.10966944542855822
0.004802995468920256,0.0003144517882097211,0.10983551496915932
0.004628726525107381,0.00039803119333641813,0.10961162913259875
0.004414356196497816,-1.873275604828139e-05,0.11793342354688893
0.004827342027040454,-9.063796382788154e-05,0.10967346648168629
0.0046285052803968375,0.000684419011101262,0.10962286811053447
0.0049923749836428746,0.00031041736236248106,0.1292131387127517
0.004386322897177983,0.0002315459084669649,0.19872063504487245
0.00017719250280861664,0.006618865627759091,0.19262022937163306
0.0002637427577103879,0.006187840669023959,0.1912242962700558
0.0001861371652885058,0.006019660781861657,0.1912067595066649
6.046425545708017e-05,0.006017181093436473,0.19130212553004747
-0.00010849991270453255,0.0063569846231038485,0.19131160028831545
0.00030030562669647803,0.006273188078168124,0.19130432719367854
0.0003707501498977678,0.006192421899406497,0.1913046385291057
0.0005502956197913658,0.006385142230692484,0.19117929700775496
3.896119735944523e-05,0.006331494172589983,0.20138674613046426
2.5292043323221232e-05,0.006223184993767571,0.22010704870726666
0.00015291116291536947,0.006339767314799829,0.19798277672881567
-7.436529305747866e-05,0.006056791611792757,0.20572562273866044
0.0002097990326190403,0.006233470618775308,0.19120112409127749
-6.664150707475698e-05,0.006033358624538282,0.19129370132041223
0.00026801826636980086,0.006289153278841585,0.19149067537270462
0.00022512638852270877,0.006008488312909353,0.2107432038538416
2.2175989195005784e-05,0.006030668278302007,0.2401326815044106
-8.847069675494576e-05,0.006045983693039996,0.2279039109322308
0.00020786996584211856,0.006201056020952023,0.19136976586869806
0.00011429649756643837,0.0062792624308200835,0.25427455683267985
3.95419529343332e-05,0.006458289452555687,0.19115169660832468
-8.35649471823037e-05,0.006303635605919331,0.1912425383764534
0.00015159054640223366,0.006577939470349423,0.19132500624790333
0.00021460281610071632,0.0066312971903207,0.19960078860050864
-5.5694343361464084e-05,0.006142522439721032,0.20312128739887797
0.0047431584970877285,0.008831625041618281,0.0836770700678061
0.0050542688608333315,0.008824834250413461,0.08350544765874364
0.00506538175570666,0.008934376767145293,0.08347928262076826
0.005251843701024636,0.008785130204365603,0.09359829981442207
0.004978746699205694,0.008872882724092297,0.165803918712902
0.005097572784427555,0.008893550125781975,0.08376282236044172
0.005292541456671934,0.009232217349009274,0.08350201569697911
0.004928761715649083,0.00901934928008954,0.08413388860588852
0.004825218392360574,0.008950624525416813,0.08381932599881917
0.004710173925425025,0.008936942347303859,0.0979223351917701
0.0055768375303999005,0.00895192527167991,0.08351834036285447
0.005226111825569295,0.008918744255292056,0.083475605567772
0.005072929261270426,0.008828283484324398,0.09256693735413132
0.004968452907705247,0.009004193220664222,0.0835086505143207
0.004805032777467625,0.00898658155658518,0.0836125671226355
0.0049741301023391755,0.008865761938012678,0.08374036504774288
0.0049306201943844575,0.0083209559370807,0.08350053011812726
0.004881768884668588,0.008968821669281916,0.08350050112638877
0.004567900406130435,0.009021478027486297,0.09828086800157698
0.004471812196852588,0.00893925295789144,0.0834757163469513
0.0049454647567297155,0.008791047475003961,0.0853097428340053
0.005241811750032643,0.008656777735791502,0.08395548127754841
0.0047865555156605556,0.009101341074165744,0.08349131088743152
0.004359648447492915,0.009068324566964239,0.08350333401413527
0.004765313269226376,0.009117457803416633,0.0871642237421083
0.0044652200191933845,0.008715630218980428,0.08517232986977494
0.004774458243210644,0.008757571071361272,0.08359809831291501
0.004966565810026561,0.009415276497250468,0.08348245247350225
0.004520340377017273,0.009139240266156385,0.0895980543344941
0.0052368585433937255,0.00870712147251137,0.08347839345049991
0.004677335872033941,0.009606914845814187,0.16777172652345712
0.004368706097333816,0.009345892801760996,0.14579123316205642
0.004374973285623256,0.009657838403530062,0.1560098350952278
0.004428008341695817,0.00940617065997447,0.14574799933251714
0.004525129990304892,0.009394527957090108,0.14575069469272187
0.004658343781448797,0.009807311364154159,0.15513402027855136
0.004605951347560925,0.009535913493011815,0.1904737330406486
0.004675347949922353,0.009679053613279165,0.14628569034589264
0.003966781107507237,0.00972978447909946,0.14663755870857095
0.004737645736194339,0.009490224729049727,0.14986371818118893
0.004527600929942825,0.009548376772445067,0.1457338970112972
0.004239456033434215,0.009863483391144045,0.1457411402765532
0.004172473336837628,0.009264462263684242,0.15101300725801103
0.004709707859980688,0.009672411397849197,0.14573117134508953
0.004212960230877934,0.009761455433499927,0.14571360782554155
0.004310585434857138,0.00983526039503049,0.14645336693857347
0.004237201804769241,0.009599389714004146,0.14583266641852116
0.004313984790434587,0.009619922690671821,0.14641443429563794
0.003993188536767463,0.009499161557091169,0.14604482398173135
0.0042445852042926205,0.009705815420307422,0.1460353978063246
0.004351026141702748,0.009225938371132655,0.1459040416685805
0.004489199255048096,0.009669310378985382,0.14948795364798928
0.004548108967733522,0.009708739349149906,0.14571944132342637
0.0047662467358153575,0.009007772898226978,0.17318198671312218
0.004238585427940648,0.009398281535520027,0.1458823837933713
0.004124206400456689,0.009430050944076134,0.1736499367538672
0.004585040873179175,0.009232716209618274,0.14571742106103264
0.004423648838056399,0.00921530269201618,0.16109933671733362
0.004588932083937083,0.009564770686042971,0.14574596030300474
0.004049984399835753,0.009757711559302345,0.14610428230064765
0.004477091781104432,0.00948667344529286,0.14578389264047253
0.004736670757417938,0.009416374945083855,0.15106483388182765
0.004349529577318199,0.009484673392202197,0.1458006481522171
0.004249150661234127,0.009421552001704843,0.15577318962842993
0.004510508001507662,0.00963241072984742,0.14574384192986628
0.0046127170615107,0.009154592598350123,0.14843136167635013
0.0046861698616606036,0.009294189501337854,0.16318229305795506
0.004683328047930017,0.009918262610800668,0.1646541893439462
0.004445448205618422,0.009670217737653319,0.14602558454608897
0.004751966106221138,0.009850740519611167,0.14691881849185046
0.004336559532368568,0.009653939607807433,0.1741576621510773
0.004919969094083351,0.0092965833381681,0.14573494882905785
0.004315040141233576,0.009437808041535897,0.15069048674645205
0.0042204688027189935,0.009373162366229969,0.14647290809224653
0.0040645897494333985,0.009568104540827198,0.15068312585120058
0.00433794153585679,0.009625864405775578,0.1514399920547176
0.004351423062476541,0.009809018348620909,0.14595071727784875
0.0042886886595189955,0.009524503163785026,0.16846721945099877
0.004166361349131219,0.00951516019429034,0.1497722033615472
0.004509785250493327,0.009462648100196293,0.15353893071751495
0.004724493358350229,0.009579561032416944,0.14613705315732356
0.00450244297632538,0.009852700685085536,0.17696165647299178
0.00454796018716721,0.009627091695285587,0.1666416130962467
0.004517633806827115,0.009727652790831242,0.14571273984254238
0.004624426586307583,0.009399129348878515,0.16536256591850051
0.004657326304288118,0.009483164248771091,0.1705387686147418
0.004451049283115846,0.009297165151000762,0.14574653166078425
0.004437106297747392,0.009711094009172952,0.14583907740298255
0.004659977908165016,0.009425650264434699,0.1511333879829755
0.004045039301879475,0.009541950025623958,0.14614914132227216
0.004531895563337411,0.009579407654814487,0.1627923435864552
0.003957423575679472,0.0021161694825137323,0.21362545280010434
0.004098567049808045,0.001996163532506065,0.21580558987080398
0.004306796437829816,0.001861199996669549,0.20433044888337615
0.004175729328835676,0.0017248388081539535,0.19788433504949401
0.004663314754646856,0.0017227965787901874,0.21003845434940277
0.00457887519466318,0.0019506219409185497,0.1988940056664211
0.00421920484377269,0.0019871751582030196,0.20179474785893184
0.004342235295608184,0.0022796884358227353,0.21412894190024803
0.004365102470882325,0.0018500344267419872,0.19719648287244648
0.004217150229343702,0.001448290454001507,0.2378552966612715
0.003908381572854081,0.001769328572127262,0.1971188958975982
0.00429470092447299,0.001840480526806293,0.19797879785127925
0.004524425883588752,0.0021538606087354575,0.19766044178551387
0.004394176909178527,0.0020131577200282907,0.19715465753329334
0.004067842932542202,0.001852544919028771,0.20287197188889608
0.0037398548852858684,0.002462002767977394,0.19732641307802454
0.003987672357364327,0.0021734812024839733,0.19779991460758992
0.004196322857141984,0.001793162213426315,0.2038114777629549
0.00451673779447648,0.0020153132171177026,0.19712379630814003
0.004016015839711376,0.002072529102625752,0.19956752021919405
0.004249506500098575,0.0019227207989720946,0.20439221797702356
0.004446808260916688,0.002040929998922599,0.19714403298844335
0.004171156309591071,0.0018694518138441323,0.20481974508942724
0.004199009456139534,0.0017538780519568533,0.19743967960873504
0.004233146059779627,0.0020646007785923705,0.20129741214544683
0.003945897970091703,0.0021281088418701674,0.19949021791150548
0.004158302919271203,0.001870361398211486,0.19712583620746654
0.004114724006426999,0.001977782043525264,0.1972080746322535
0.004360159892030173,0.0021910455487349993,0.20638890266652418
0.0038867631119730113,0.0020182193078949764,0.19715662133173847
0.004053799401311553,0.001903427706564537,0.19949808517986176
0.003913474830717254,0.001938804920983645,0.21471476749975343
0.004461681499898283,0.0019927860866605514,0.19712422800756732
0.004245398538108214,0.0019520171040373357,0.2031575750122205
0.004248285865151477,0.0017583950742761523,0.19819004704096152
0.004287609748358622,0.0019083133638319626,0.1975669243052376
0.003949715876763271,0.0018525980239189322,0.1971364712313544
0.004271830681287205,0.0021512216187160454,0.21677557562922473
0.0041554554914167334,0.0023347404847629165,0.19711889524662646
0.004426285112343402,0.0018647443076601873,0.24080012336631837
0.004203778286840609,0.0020565324865333846,0.1972469022697787
0.004386183492914421,0.002473476643286908,0.19712212704487095
0.0042468605993465115,0.0016161340900157479,0.1976370723754176
0.004510166566494018,0.0019716607196108003,0.19733970960428554
0.0041211447499451374,0.0017111052616435838,0.20643265144211642
0.00426047874061611,0.002039279421999902,0.21230847308649764
0.004042023967926512,0.001898352470063243,0.19726307016902758
0.0039210965887955,0.0023458813685386945,0.21428763384479957
0.00424136205353607,0.0018444026732070602,0.20717192283225652
0.004270513443973983,0.0018268974398179482,0.25955142899694955
0.0043745501013397175,0.002418127208563375,0.21553360803751434
0.004620478524613393,0.001972844675302333,0.19713388385937355
0.004068864490927616,0.0018546830963882216,0.1976312372855724
0.004464012790025984,0.0018389586969551916,0.2416354435674392
0.004357045587530643,0.0019742952810099944,0.19716633739730088
0.00429951831385499,0.002061066858620559,0.1987841069965347
0.00404741081882146,0.001697663552644654,0.19821096228376964
0.003925192978872065,0.001966213339573686,0.19711582776019682
0.004120916684673869,0.0017867458936130021,0.1971180297493205
0.004035410406276137,0.002030496856290584,0.1974126825398445
0.007530282661479952,0.0030629551104877665,0.18281758462819472
0.007738235951397349,0.002852106424173373,0.182684991478728
0.007399666324096447,0.003041801620272615,0.18265535002388492
0.007275358621345417,0.002970943071334835,0.19048037481711844
0.007602154002135794,0.0028501491871284605,0.18273623051618845
0.007442130402129836,0.00279260525891779,0.18537043650446763
0.007480264419899105,0.0029872737238057162,0.1864183928207309
0.0075773805447593235,0.003012567213147671,0.18272784567848155
0.007283897223976191,0.0026707432121171495,0.21916456504161366
0.007344680623821483,0.00292634539184235,0.18624293747783863
0.007646106894028478,0.0033263708918711663,0.2246167396226855
0.007438300913795417,0.003287088537998355,0.2257903766717787
0.007431908250908938,0.002679925350753669,0.1826223212208523
0.007487607436433519,0.0033522650249238196,0.1831777783673107
0.010298691446296882,0.003951732043125917,0.10156943770001532
0.010067505799217153,0.004310371691844328,0.05200589836933315
0.009926248827525398,0.004234334733783598,0.05759090812344202
0.010056044760691718,0.004391652930847881,0.051900888076543535
0.00985527414285799,0.004249034188585693,0.051924018090259705
0.009865902565403192,0.004430089858239009,0.05222733106524108
0.009716515408420244,0.003895434102352411,0.0664892672675235
0.009737609807659198,0.00448180950940489,0.05271298032079702
0.009933846944082225,0.003903298638076888,0.05261406473278074
0.00991442560621458,0.004619351072154094,0.062465056040284204
0.01017964008198201,0.0043738296357503795,0.05190347889452378
0.009759888824542255,0.004932395559033631,0.05194861229516929
0.010056906818863188,0.004288417844882202,0.05195005416458809
0.009744780562967478,0.004209350369538902,0.05193635148254948
0.009860869878765974,0.004593248372805361,0.09296197461489714
0.009798845300938733,0.004129778916242416,0.05233635609238426
0.009797610185357845,0.004074487863371887,0.05194943805119991
0.009857090938258544,0.004062031032429803,0.05209050338795148
0.009796139602221051,0.004723250236286913,0.05197243304970498
0.00968327470213456,0.004187367176188671,0.05597305323293748
0.009789975169144356,0.0042256652555953626,0.07467616359611298
0.010021601393235378,0.004356835191976248,0.051975226368598956
0.00967190700346064,0.0043861086622284905,0.06281839512146807
0.009954647074112132,0.0044382074810894985,0.05200937169205705
0.010049428101156296,0.004430749465881144,0.05194068743519755
0.009694072321578167,0.004109220276516724,0.05201885847413734
0.00945325853468886,0.004526529781830239,0.05198971000077961
0.00982689990657289,0.004183901036865301,0.12937441469262023
0.010684923558190017,0.00398723885032331,0.08507209691159948
0.010030475435033392,0.004215236896940306,0.051923966207535796
0.009491361217057234,0.00449953884072896,0.06432393504153275
0.009986590999276393,0.004150521149715817,0.09920881182365496
0.01008315098291771,0.0040931131632724336,0.13459651269708123
0.009682807557906873,0.004231342967502306,0.07819903192724853
0.0097302792302423,0.004418328474207839,0.056059331528920765
0.009390508463992314,0.004472975864676286,0.05207514145735006
0.009681436276604206,0.004311121009838506,0.05243416312929448
0.009686467320812164,0.004252849734500461,0.05203070963138766
0.009767858836444644,0.003986410732583393,0.05361941451021348
0.009785141837406662,0.004045093659312801,0.09062137531849501
0.00998563800418328,0.004489293189336231,0.052224867901541246
0.010253374862658086,0.004265675162695464,0.07742954119683484
0.00991009955854863,0.004223090510646289,0.05194907986100913
0.009616590333930676,0.004286751990574212,0.051972196242640635
0.010015057416438305,0.0040934837612248915,0.05395645572398942
0.009932081459165642,0.004338589398770372,0.051918780016289655
0.009695555221357267,0.004166331053093998,0.06747539755628142
0.009997037049507508,0.004067446870837563,0.06820628593635941
0.010254174565865389,0.0040934773979894685,0.0539750683061161
0.009731090784528166,0.0043999259513395235,0.06431623606288517
0.009910281406590622,0.003991786648803703,0.059344025568218405
0.010104604162822845,0.003995524977388918,0.05192963638652893
0.009815594998592468,0.004423212510557956,0.05208093927422764
0.009807500060472813,0.004460665662134404,0.055089654551216616
0.009669161316789443,0.004144550589965853,0.07185529238810126
0.009803139305715233,0.004116574722990152,0.06124470997335203
0.009587871409994859,0.004050921495342535,0.05190240831491448
0.009641404686727941,0.0037259745627996064,0.05271792753072147
0.010576934587964024,0.0042403129255550506,0.0520373853737478
0.008607036083303345,0.0011551682130040105,0.18093978302165253
0.009246580355769326,0.0010824262922420782,0.1808158967800897
0.008712739525204112,0.001428543085712942,0.19420788104576991
0.00865718167194626,0.0009318974871353757,0.18170003526160083
0.008659058143690888,0.0015262412841905077,0.18072443891902912
0.0090441439697767,0.0014293165737612164,0.18067863937563816
0.008408319008862294,0.0011754474635739397,0.23446810987339348
0.008628902450382888,0.00166107720796106,0.18072341541829676
0.00865577930737762,0.0006203121171876952,0.18074430578121067
0.008449412234692737,0.0016006679066839684,0.18067200390895855
0.008524625278228438,0.0010663348291615343,0.18065181371454217
0.008818961448420924,0.001646759532607296,0.190139277532713
0.008796146508070325,0.0012389937198537394,0.18068619767474944
0.009055989283472118,0.0013549644211417547,0.18581134873753546
0.00889477174209518,0.0014331534523927844,0.18078980083012336
0.008506690798774492,0.0014677094220025978,0.18146505612752206
0.008851161890183815,0.0017411857849287385,0.180665239601414
0.008376851096618594,0.0014526760944202702,0.1806799410871136
0.00853470721258867,0.0010633211308944143,0.1806508568657656
0.008801060836344632,0.001151548044037268,0.18065848448335226
0.008833377405315365,0.0010286308625017874,0.18068074128200967
0.00881531263143562,0.0013591351359934977,0.18099368227431253
0.008724909316124768,0.0008922030900427917,0.18068981925943423
0.008645184401619464,0.0014362214408585156,0.18087928810166876
0.00866067972197698,0.001250596155850636,0.20955033539443618
0.008348915494387075,0.0012397242144755283,0.18068019043179945
0.00877155774659619,0.0016014712225428257,0.18076623534374586
0.00844889191511365,0.0012179186644559247,0.18064720228552275
0.009006389678891214,0.0008099889895483473,0.1806554682514426
0.008725337447464215,0.0011177328877193951,0.1818143247344376
0.008768695453591257,0.0016151761198218977,0.18074234183912247
0.00844667294703063,0.0016106992691801523,0.18281754921410276
0.008871874995585963,0.000979521258729007,0.2131703753294346
0.00888170982445071,0.0011287834815499938,0.180917494053371
0.008711081260016124,0.001347803214481462,0.18374274568579288
0.008674174219871317,0.0011261053504088257,0.20388342229121245
0.008524522062268891,0.0010805842117227217,0.1953987913918575
0.008682540814926582,0.0015135342493401822,0.19263586597746338
0.008849061859152827,0.0012343991359410852,0.18068370223005467
0.008585885125932294,0.0009265620828115299,0.1810298531946376
0.008841352887047254,0.0011643604712089028,0.18672509911795657
0.008741287642787648,0.0012627995472553337,0.18065442148647115
0.00859015930258873,0.0010530169511941813,0.18115151072605276
0.008840232080456749,0.0013325175782923477,0.18069930531137496
0.0022648811869083805,0.004420394538464133,0.12570785458816675
0.0025349313472565593,0.004169261806947892,0.11620962869386108
0.0021468025544789534,0.004071958096001079,0.13447728365889955
0.0027997238800212586,0.004567103990325206,0.1197799811379492
0.00279842942131955,0.0042848906382900965,0.12682355549299398
0.0026150467044055653,0.0042247814636205356,0.11612024092517867
0.0027386252038199997,0.004191196252766625,0.1175754221541737
0.00253732644784225,0.004472477737570396,0.12034965235326102
0.0024446208741201905,0.00438426942698538,0.138885405834354
0.0028490704127712286,0.004559551391269455,0.1169904579290053
0.002435135080276009,0.004330826558675703,0.1364128927260361
0.0021063894095510473,0.00397600252202675,0.11625606487348907
0.002460406520671512,0.004023068699903005,0.12078658929438131
0.002516114653943671,0.004437053025233736,0.11664853769428475
0.002580958679519957,0.004220581605299085,0.13734442241094544
0.0026279500758007858,0.004663921731010845,0.11709788133118836
0.0023035593416745226,0.003794636213739848,0.11626127919220529
0.002175418785642982,0.004243390368865341,0.11604009100182869
0.0023755974994198446,0.004214110898931822,0.1161405525422203
0.0029646273312203455,0.004413114706175083,0.1475638133967147
0.0024000253667062978,0.004259030666366873,0.11616007088787257
0.002351050457236597,0.0041194019472404475,0.11604805681383111
0.008834874330163214,0.004175133901583897,0.18045161028798895
0.008996690069138644,0.004606157981949607,0.18117371536943705
0.008838797416658375,0.004495259817949279,0.18054815451200498
0.009259280901570516,0.004432985192992859,0.1804430983705133
0.008922722750105451,0.004777044520357672,0.22018906556948226
0.009124619701429987,0.004671619156510022,0.18050873917679464
0.009560097910047152,0.004487629127471664,0.1805517272305614
0.008843018085960979,0.004572740540023589,0.26984355743524385
0.009230632224632683,0.00486377363961264,0.2071769807876
0.008698166380640816,0.004514744622016055,0.18064819525045117
0.009035784590021112,0.004550121900581454,0.251378096100106
0.009368320116805572,0.004637635500615427,0.18099748375560015
0.008620487966660676,0.004447465789715495,0.18135510389045334
0.008996993077659339,0.004448653159653304,0.18124097607854942
0.009464372795933828,0.0048983881323100735,0.1869358373825301
0.009273996098820658,0.0043693510341458715,0.20184374525185994
0.009319515426850902,0.004782810666677876,0.18737727923034794
0.008994918280093035,0.00424628063755259,0.21282005135544302
0.009342832209436243,0.0046946266386128,0.1904100666568482
0.00936648880803909,0.004643477903027197,0.23688597713688214
0.008832710517332452,0.004678762578032834,0.18157463766901108
0.009319740454566454,0.004377176051845097,0.1807322599936792
0.004577790530405904,0.00379019299073175,0.06352705897003474
0.0042548357272142075,0.004127096592509617,0.07329357871316605
0.004379630373182199,0.0037670936027798057,0.07399312830918435
0.004314361242460389,0.004013198775911423,0.07195561843251624
0.00452409636062819,0.004129224211854551,0.0717697130379202
0.004394965162786096,0.003892414009647284,0.06408425516015563
0.004383178512330308,0.003788488884344474,0.09192311398686195
0.004474435596635409,0.0043051496883804346,0.06349305908056498
0.004714957734085782,0.00425479823378477,0.06359359447716675
0.00414409397717404,0.004109412370233824,0.07779934746103302
0.004506817666322067,0.004330717305812949,0.06349402869888876
0.00440084143161598,0.004029694486462556,0.06374225088859098
0.0043493626634701415,0.003870131925881513,0.06461320750782157
0.004274594404644096,0.004161973399903955,0.06357508645044226
0.004442400442970512,0.0038887157870104256,0.07065664700854288
0.004438947664206272,0.0038111782705999683,0.06354306826307392
0.004363631279476543,0.003662035483540891,0.07052252608234329
0.004310880004471517,0.004240939928497451,0.06352521553965115
0.004374005149750242,0.0037634950543548795,0.06360598326344642
0.0038344196621944446,0.0037811914526247,0.09226730696722511
0.004112193935931395,0.0041950207723337974,0.06869559651767536
0.00470183833754808,0.003768315159700901,0.10442736300762745
0.003926799058171075,0.00411253503413276,0.15291200349413345
0.004125218094484299,0.0038121459233387825,0.06350339651404041
0.004599567625877784,0.003911977489927701,0.0706343351811964
0.00835682036978309,0.006062324854399029,0.11944168223408724
0.008397360371870517,0.0061269089519971455,0.1453851456396379
0.008387589919401488,0.006096894229688947,0.11376034079303593
0.008472678917777815,0.005559411172797074,0.13252426813173115
0.00860621465690176,0.0060303187422693265,0.16068255692220884
0.008675355822586404,0.00527796678127781,0.11270438240169113
0.008866909815136909,0.006070096967337248,0.11964423389637951
0.008242686074946957,0.006289482220302182,0.11368784914821398
0.008245828003073224,0.005818014921354523,0.11266907054058406
0.008256529722272494,0.006192843056787093,0.11828588952981386
0.008584014885195047,0.0058289749628202955,0.1136953951809852
0.0083042433068265,0.006128776344206978,0.11267633888526753
0.00871200687919317,0.0060759288859431534,0.11281511425316072
0.008614008430992335,0.005422034977519012,0.11637058917838243
0.008292598376307777,0.0055888136500169125,0.11806807560638574
0.008601765597181434,0.005882148491626249,0.11883429782076209
0.008701308971667779,0.0060749026199070555,0.11267305392220534
0.008573285474953797,0.005884517723273123,0.11273376219680566
0.008463976140057752,0.005932561381529251,0.11685602033228341
0.008851005424048921,0.006021780543911133,0.11506367744999176
0.008916783659043121,0.005991135868584033,0.13185562441907905
0.008480925834565504,0.0057727641744110955,0.11267305243792138
0.008473091431663794,0.0060480472209155445,0.11303587666511987
0.008610835780477841,0.005885842873643096,0.13102257666894035
0.008381248294141044,0.005647342405700997,0.11355135802437191
0.00837807377630387,0.005603821481877547,0.11267906297342722
0.008137833191906344,0.005873563461580802,0.12419543782913456
0.008758525474345372,0.005826132691641354,0.1323473907991447
0.008126696871784325,0.005925351422929994,0.12595443389903152
0.008182021154524148,0.006091982874716433,0.11267447038939372
0.007986365481018049,0.005670980555929802,0.11278732523608764
0.008349357653093985,0.005976433731695535,0.11290145721164122
0.008530402323864233,0.006072884687002222,0.13570584033586733
0.008513414357725143,0.005784081374408975,0.11287088980040243
0.008279480575761099,0.005603550400661484,0.14934713019382756
0.008270003038298512,0.00560901560552242,0.11274379251488514
0.008345104514637743,0.00558351432082425,0.11479075540526473
0.008462144732255431,0.005726200367087461,0.11691712003940483
0.008904226525670399,0.005464573513433156,0.1205344875714183
0.008302618716919835,0.005934077098261292,0.1282514170947195
0.008406705455143673,0.0058905144313605206,0.11284607640875292
0.008404440050250117,0.005914328704094904,0.13585495565311972
0.008391436006052432,0.006087667558951784,0.11267922009900773
0.008295890337881811,0.005717541709575937,0.11269995881923267
0.008422717748206555,0.005616134391536369,0.11301022024155538
0.008723992821709114,0.005918119412671435,0.1126964039280709
0.00867162087551826,0.005729919558091125,0.11282221970065669
0.008194058373917516,0.005585422852449895,0.1154341119668304
0.008403265133549206,0.005660812955013009,0.11280875001783397
0.008223092927524303,0.005793289016366406,0.11382087769679748
0.008551610664525746,0.005620391543463509,0.11272837780706053
0.00868074668817486,0.005994320058319389,0.11287801359843315
0.008388312448182096,0.005808739793908078,0.11363608893936938
0.008473332935036418,0.005342396056674759,0.11276994393467143
0.008385970350105658,0.0056565224984871905,0.12373847897234803
0.00844739102853617,0.0056194708187040495,0.11284930463982153
0.008268618775456257,0.005773903351209913,0.15731692385264257
0.008337919651593908,0.005467513554933453,0.11326758605788483
0.008184814654567643,0.005580434080230632,0.11267017283818404
0.008678208555996712,0.005657840800640721,0.11267339024035632
0.008045932608864997,0.005633622871095712,0.11353883886097234
0.008480556650142015,0.005644535167195891,0.11266718275057654
0.00832199635718334,0.005591789785511683,0.126441698315788
0.008412855391331357,0.005979397076724447,0.11334417326299245
0.00874184344953852,0.0056172431265617915,0.11270650115333886
0.007961945079463984,0.006156469760869283,0.13183553418761232
0.008288330928836197,0.005910229791214448,0.11280466265532228
0.008329087564309754,0.005676762984938726,0.11274449030134703
0.008315664325948897,0.006037747700011214,0.11266528052910489
0.008234162150590122,0.005846460255750376,0.11284650038085572
0.008757571263963263,0.005450095729016729,0.1128486879444619
0.008214567863584472,0.005821862801438806,0.17102740707951536
0.008356340934573256,0.005991206987161464,0.1128229847320625
0.008861915788623685,0.006049835910963077,0.11737676836490762
0.00842677046813013,0.0058385478092878315,0.11382098001926787
0.008213942801381538,0.005423600204075454,0.12876606676375363
0.000746197622810923,0.009505144942823148,0.17715271242981206
0.0006774831830291514,0.009549012700952063,0.17710996647418908
0.000289220023007521,0.009899090433971316,0.17710852783957048
0.0005509596901329279,0.009292939634979193,0.17732526696846979
0.00032438859690964844,0.009893972956565633,0.17712238321167895
0.000695254224138613,0.00975329641911086,0.1772769178691329
0.00043406994389629563,0.009729180037961485,0.1771001625496602
0.00039410950126473726,0.009943497238346337,0.17711528380691025
0.0004568743437087317,0.009520918321974726,0.17716588720253354
0.0006109880129725392,0.009777692163800623,0.1771239981641409
0.000579443433951687,0.0096447761543063,0.2019660604597604
0.00010769626132135768,0.009516225952161162,0.17724470975215476
0.0004997980247465864,0.009725271798741912,0.17723165928791212
0.0004813340523071383,0.009771951566855548,0.17748241588186925
0.0004276832158353934,0.009822292640114739,0.17716871159415543
0.0007133915177131965,0.009784985919690731,0.17721649639625575
0.0006732094503598477,0.009904884271653527,0.18801525431849714
0.00023149837553316014,0.009695978703811519,0.17709744234688668
0.00015035247350824566,0.010161835735856401,0.18741906622504162
0.000526364827777332,0.009782866728420077,0.1770887333997556
0.00046755605608031904,0.009306969071163936,0.17758497847526183
0.0005476632922892457,0.009579032891247764,0.1921585529437267
0.00075736713002277,0.009953829388480174,0.18349115445340872
0.0006391333852421447,0.009771591851981926,0.17837734198225236
0.0004425603324110165,0.009647050513628925,0.17725319525335131
0.0009122339480577379,0.010037762291523014,0.17728865541445846
0.0007135761400688454,0.009975893196657398,0.17730101416650787
0.0005242749550366352,0.009947130533920465,0.20047884001117006
0.0006394351727363952,0.009641678532397814,0.1833576740424796
0.0007601993800750719,0.009518926467435483,0.17735983706949968
0.0005728095692970489,0.009666295286634515,0.17760660251341395
0.0007696610923743125,0.009930864936685147,0.17720890963981173
0.00038296497475098486,0.010168799398813868,0.17710022543551962
0.000697317852460958,0.00957787184235289,0.177089169490836
0.0005658272483977522,0.00956839831290165,0.17724480709194276
0.00045683395229223223,0.00973498512277704,0.21348349838114847
0.0006112487498310079,0.009380424258826901,0.17714798991178854
0.0005285323186047123,0.009797493306773309,0.20570900922427304
0.00054590527093042,0.009603742313102487,0.17742909566913834
0.0004442751843825958,0.010026650032844591,0.17733928056122134
0.004497729563829398,0.007296512758117076,0.004591499991403539
0.004310997472266221,0.007261799601009356,0.0031393370494807084
0.004547826109319299,0.007540199957426399,0.001293783512861293
0.004303982219610136,0.007514722803916183,0.0011052737174218755
0.004727765554193826,0.007222629802977167,0.014299905100859538
0.0044381802490113306,0.007029392410471159,0.0018850766844580227
0.0042733271890005925,0.007619429712829701,0.0140357498633406
0.004367095979982628,0.007460186070866161,0.0011368295173864531
0.004784224951943333,0.007472416887239719,0.006854922975526525
0.004612785801686561,0.007393509838168404,0.0011531271150728964
0.004845521697988279,0.007485764980959812,0.0010254757271157902
0.004444158113466143,0.007556068121780311,0.004246521669851158
0.004562129190204527,0.006988199201412048,0.031098228386029006
0.00487634405395754,0.007630673259104194,0.004646020846100376
0.0045930788613727,0.007304491840200067,0.005531701402771197
0.004684887572245574,0.0072660018697632625,0.0011983066934985655
0.004085677223580452,0.007343366463446632,0.033726986347727674
0.00426189057498839,0.0074801507758428185,0.026188375626739837
0.0048449381928107995,0.007589560454481958,0.001765179869712077
0.004394459665133467,0.007369233210137871,0.0010112759990699852
0.004147571459417357,0.007355964890629894,0.003105537956918228
0.004709864023505789,0.007771322406490129,0.001463392290649881
0.004654239239915776,0.007541629576419995,0.0010571350458383557
0.0044966810348164524,0.007327675307977032,0.0011820737248227102
0.004723497044646624,0.007306440179560583,0.0010299352145980236
0.0044185045794924065,0.007650108176566471,0.001333336577528768
0.004227054423989088,0.0074579772221477535,0.001019199577857213
0.004570218429071416,0.007240788905414219,0.0011116473213737235
0.0043836960303124855,0.0073130407496125455,0.002698193863017264
0.004393856131930974,0.007866095574175743,0.0037864036160571235
0.0044094150951687295,0.007068778832322797,0.006108482239215387
0.00421231729076638,0.0073052738291203324,0.0010118378743509651
0.004355630632025135,0.007384202374226873,0.0013203517585004178
0.0044427757163983984,0.0068538073495129845,0.0010362264220566987
0.004527719282709159,0.007345941187780952,0.028976676097122313
0.004479923512328102,0.0069136904855994245,0.013595998733783303
0.004266234224016645,0.008012035094844069,0.0011094468171537388
0.004263804268264748,0.007698614017003876,0.0030327724831611643
0.0043297055968339665,0.007530038365664332,0.0011412815818404168
0.004368050485753491,0.007548505806118089,0.0010361518227517876
0.004852390579000011,0.00728427530907118,0.0010089202134167554
0.004242630711399494,0.007600258958793021,0.0012232864486532294
0.004535566549624691,0.00705770848853277,0.001195769442296937
0.0041639213926441595,0.007135637605248335,0.044571260909949555
0.004575273864443629,0.007214676045918869,0.0010271231963178832
0.004427300276924804,0.007598250112714951,0.001053435791511195
0.004476486843663704,0.006728979861418949,0.0010643860711321976
0.00466266367222962,0.007522165103736165,0.0010104297928275965
0.004316517031102177,0.007240954851281032,0.002790145904489785
0.004538187799226088,0.007662954784734512,0.019297365980604223
0.0045626045441317774,0.007403291709454242,0.0010811891173614942
0.004772613853385079,0.00729566377865937,0.035223088393705304
0.004573793760435952,0.00737366841152838,0.0010342745403395218
0.004378717620209594,0.0071891731723207185,0.001225703633301414
0.004174401002203695,0.0075870727253743945,0.0017980714253274213
0.004196200166705129,0.007759251490434541,0.0011218187885284306
0.004704781024226477,0.007583686799774801,0.0012165872771002142
0.004447561147411284,0.007485590273826369,0.0010295734833018957
0.004186811099340729,0.0076485315391840464,0.010879394557086145
0.0046455604265337016,0.00716945326051906,0.0010476181209016636
0.004360414650365742,0.007699279724833288,0.0020226315313228074
0.004170260020668657,0.0072742277596038706,0.0535414461886758
0.004434452058428758,0.007336089625920604,0.0010737106022726953
0.0045722483206395576,0.007730455891463425,0.0322427102687502
0.004698911192671216,0.007210965988035466,0.0059367368391906395
0.004518911628335596,0.007277074861890836,0.0020349519206016046
0.004707446921169134,0.007001982691257022,0.0010539971982992415
0.004723656458564318,0.00750261128615354,0.0010311034071460636
0.004547589030130139,0.00787888955001356,0.01194535427090541
0.00467593929530343,0.007282322023574498,0.0010489250273742502
0.0043957087773325125,0.0074235442981457084,0.0010111224766843588
0.004607605719364987,0.007448254878368118,0.0013483804540953684
0.004589785470455991,0.007190906050921071,0.001011392523625634
0.004449592228557106,0.007285901446164219,0.021659682630607725
0.004728026601714613,0.007415471595835817,0.020571386851769683
0.004334860913978285,0.0076065135677848145,0.0015905336010543251
0.004561457099150083,0.007369176595318064,0.011718206794462964
0.004615470771548129,0.007719986738659203,0.003312059814281945
0.004493060930812798,0.007607391583019147,0.04051621431050933
0.004067069063096973,0.007407862570711763,0.0023042593446781527
0.004528453629949631,0.007427864914506024,0.0016250067554355232
0.00444844142643843,0.007553019694230992,0.01762474667308186
0.00458347159665318,0.007923054313234479,0.0021413683772927433
0.004083415629898526,0.007309722851208764,0.0010424359573141609
0.004673579505739374,0.007307022097080805,0.008402878573435472
0.00449731388879198,0.007492681619082906,0.0023892535047808886
0.0046492725676128025,0.007169209313127169,0.0017026838710848893
0.005094292123089656,0.004651442676875655,0.1857819170785586
0.004896690395657945,0.00432087942876452,0.21679475993043248
0.00507680229829403,0.004837539649684671,0.18120697394671215
0.004827176242551166,0.004885591933313657,0.1847897214425721
0.005191855065476911,0.004565106304274248,0.18960360802868753
0.0050859763754895725,0.004738412986499348,0.19451435967436578
0.005077482420184856,0.005000940896454947,0.19722280960750793
0.005318125681635297,0.004889188866773029,0.22014813692107738
0.0050673110008505285,0.0047111635664505115,0.18134116655735394
0.0052772520191055215,0.004894328609568806,0.18667095408895315
0.005335991184198557,0.0049999752552042,0.19911909415150517
0.004946167108446229,0.00443082070468264,0.18938178806792352
0.004995423947174587,0.004417604634211514,0.1811963377918107
0.0008729518349629965,0.0009490800089322481,0.17642488545640161
0.0008146221503243341,0.0008617836982650945,0.1438895244910865
0.0010780902839763536,0.0009400859042630141,0.14144369592431177
0.0012333173116206735,0.000655405739103613,0.14144670759277206
0.0010467905935325405,0.0007528005860043185,0.14152128909165385
0.0011529286903511596,0.0007676773368972663,0.16156605107233385
0.0012522628373023634,0.000867913855912952,0.1652822027469792
0.00122045792164367,0.0007053976386463676,0.18141250990861757
0.0014166941776803813,0.0011406657519376355,0.14518445745082748
0.0010565442518766708,0.0010431254775534354,0.14144219486678505
0.0012805705209885348,0.0006598477322800496,0.18653290391295638
0.0010637452027539458,0.0008447695000218804,0.18816120247445683
0.0012577596275747292,0.0008922782828333137,0.14134181274375748
0.0010729812384094285,0.0011375375915331552,0.20481909118366176
0.0012818511116021436,0.0009231517609196037,0.16000482970983015
0.0010956757734394717,0.0006126524497939464,0.14196087622081988
0.0014173937841326183,0.0006016356070078683,0.15417638991506669
0.0013558977671038342,0.0008192718401253471,0.14134324581702798
0.0012557841806072978,0.0005153341453214986,0.15441653490223836
0.0011476944375473285,0.0009302873819359398,0.19268197264927162
0.0012066699390395033,0.000881818164617021,0.1413770045240154
0.0012197611117575984,0.0012250477820057231,0.14150486969877746
0.0010823889246859308,0.0006706628845489602,0.14135349053015053
0.0012252400907295383,0.0008311495546382486,0.14133644789419683
0.0010319648879433894,0.0011038817390896394,0.14821095435552653
0.0013326642387618429,0.0009888331500988994,0.14135140916401556
0.001221238052443581,0.0007020906795052126,0.17194970164909618
0.0012448131684767924,0.0009348177344557574,0.17212284211885828
0.0012869768606956604,0.0007961283566079368,0.14466394151481937
0.0012380137027318905,0.0006386975454173228,0.14161947567639444
0.0010459320096082513,0.0004915031326622856,0.14480188843323008
0.001082429342250006,0.0011606140099726888,0.141531632036125
0.0011968576180931949,0.0005726559496459602,0.1435624595079227
0.0009584898087840186,0.001027315215487947,0.141339913834729
0.0011926485792429938,0.0009583395555511987,0.14133836747478895
0.0010475407276329134,0.0008174214799008094,0.14134390736317168
0.0013248312487041303,0.0010635488466072965,0.14216336649183742
0.0011206696599550163,0.0006373237309456683,0.14274740583095535
0.0012164841813151676,0.0008004330613620953,0.14156038445216362
0.001531689737433408,0.0008544884088792599,0.14182209300072796
0.001551915113958046,0.0009586672239289741,0.14133825052751045
0.0009956111779385432,0.001032966151150856,0.14613600468235666
0.0010198867359207026,0.0007511073203776835,0.14136939444033314
0.0009989346917776486,0.0007720199559327556,0.14472107659472466
0.0013898471228384092,0.0005575783550139787,0.14135472458116585
0.0015652657472418415,0.0009369553755541356,0.14805803115069924
0.0011000035802247693,0.0009457493541109546,0.14134814080727146
0.0012320966114893225,0.0010306238128281156,0.1414217168527995
0.0013337643766257584,0.0008075412403118038,0.14134224955163885
0.0009931424089974568,0.00091004751333083,0.14137243414203735
0.001100728531057941,0.0006675708167973003,0.14133941110217074
0.00165674758134932,0.000852767922917686,0.14135391452218038
0.001249655760647215,0.0005121802529386398,0.17553860892769413
0.0012982012752555546,0.000891543615760414,0.14152193835336654
0.0014420020406236721,0.0008830439935734904,0.1435295999004404
0.0008765216930266494,0.0008298441744751933,0.1413801854793197
0.0011561499169938213,0.00039604355502067867,0.1413992089620974
0.0011955173972969862,0.0008930564405825114,0.16921508440906605
0.0014285629007740456,0.0010689688512410512,0.14136349458274336
0.001528242540703167,0.0008353812049227945,0.14188728314650517
0.0013800506625546733,0.0006088308474863016,0.14134753176120066
0.000813541936605561,0.0008925082398951667,0.14167138693942796
0.0011730238266501388,0.0008541321338521353,0.1414292871561653
0.0007553216601518151,0.0011744433985911924,0.14141443945486126
0.0014897544018553617,0.0010933501541532237,0.14137544297539453
0.0010224518205752963,0.0008050584848063817,0.15250678231288506
0.0012987407565418227,0.0009669236320651355,0.14134526816919132
0.0011606451325169931,0.0006771545188591047,0.14307980787367885
0.001128667134885607,0.00039363201179773823,0.1592281308095728
0.0010985965152045258,0.0009346874063448258,0.14304633690812735
0.0012148171761683516,0.0007938733437320151,0.14134816526710153
0.0015373492996726917,0.000689574186225198,0.1417534900218999
0.0010624933200021136,0.0004559028497686444,0.1434413807721265
0.0011620076721228993,0.0007634504222207934,0.14702080134230594
0.0060278480468978005,0.009847271783890653,0.13184073185029987
0.006201075883837736,0.009510182046680849,0.1585569072679648
0.006014767833697124,0.009446246736022504,0.13452385451508314
0.006440283452230557,0.009793056936883341,0.13185621478646015
0.006031623328772608,0.00985889075028755,0.1320204956277073
0.006382481574422835,0.010154295941421794,0.13791403223841803
0.006209991614738342,0.00996244932341799,0.131833874343956
0.006217046787061611,0.00979954129950105,0.1318482607993148
0.006344581964401164,0.009882084078700325,0.1318359337341106
0.006647185117365559,0.010197249865815886,0.13185073185129972
0.006191321438653158,0.009806995728065242,0.14497837893830726
0.006129485845167114,0.009655857210777559,0.13184276497048003
0.006197897129443689,0.009680840266688126,0.13474245994886086
0.006458778483995123,0.009634033906056279,0.13186135370074742
0.006116922990121684,0.009488771156537436,0.1320019899551856
0.006366847656491675,0.009574763423480428,0.18781972661965435
0.006153053580347961,0.009544595311192828,0.14185486222446717
0.0062618399353587045,0.00962611732664272,0.15861329635618507
0.006342665277576513,0.009495165370755195,0.1319765181973182
0.006433356642001335,0.009890076211240884,0.1455561688569496
0.006034369472589018,0.009774785646157089,0.13239543307899704
0.0062695981605175605,0.009421110990316964,0.13300841681400657
0.006485902176048412,0.009464362240508627,0.1318407730358448
0.006159985188725678,0.009395125173520135,0.13301386979673463
0.005991563410089949,0.009913562495650403,0.1511366802929536
0.0061930505863177,0.009733690599465898,0.14783191804100926
0.006372914914929753,0.009760766500513995,0.1538042682181019
0.006332201355098342,0.009870619299601733,0.13191042729798996
0.005892963464985342,0.00973242987080991,0.14800637510978717
0.006469389234387186,0.009896454415969144,0.13182610977181314
0.006244954660983276,0.009528886560080968,0.13748636554837437
0.006265892732045047,0.009726075173566016,0.13241725292395518
0.006420183894249965,0.00918518459546583,0.13317964510349778
0.006021669552641859,0.009620504298721565,0.13197490064464015
0.005827176390206826,0.009684843611913001,0.131832120744146
0.005978167597590333,0.00984382435086225,0.13566051243371616
0.00647036802159515,0.009775890396775696,0.13271170382881836
0.005891188562595305,0.009590534610428173,0.13677814605826508
0.006388874667411158,0.00982947042276926,0.20622119831254065
0.006297396734665383,0.010063295044082508,0.13187238258376116
0.005902967434020501,0.009742173117979577,0.14365202546609862
0.006156965859505895,0.009571512885074426,0.13565992907256752
0.006476359911310553,0.009711225181087059,0.13183669540972837
0.006206058116171413,0.009732898725232532,0.1407305416670223
0.0059432625821832985,0.009447862842572534,0.16029659951377115
0.006137763203218235,0.009826781828453682,0.1471604359643134
0.006199468812544153,0.009490542505404079,0.13190993340060558
0.006375649444941106,0.009495317834439031,0.13293893621170338
0.006181414691533029,0.0099082278487839,0.1320768759816149
0.006441899913632679,0.009880800891427937,0.13186239316629644
0.006177526524577332,0.009675687733292061,0.17434638859477739
0.006237096423715725,0.00897590186367648,0.15302962563079026
0.003415726060725353,0.008915136890541091,0.18113263344402758
0.0033724718838229815,0.00907065330796133,0.18232117100216602
0.003346571500135096,0.0091200537141864,0.22715033349739405
0.003142017832393643,0.00890758382023322,0.1811732083384134
0.003559588615514571,0.009001373425602586,0.18478996148914895
0.0032842565540658524,0.009147227333347057,0.18106079636690328
0.003465320693529101,0.009230428584825158,0.18102002370553028
0.00321720889336276,0.009050335457782827,0.19177305039868064
0.0029039431209686734,0.00893286988996633,0.18102590721251346
0.0032404684080171702,0.008935828647471214,0.18105275951473832
0.0032399468693660345,0.009019188987058375,0.1830186443291352
0.0031667048689766795,0.009019262170162983,0.18835203050650606
0.0031615084209349574,0.008938182755741824,0.18389189245946103
0.0029696922842306493,0.009103771414845226,0.20581093007911244
0.0035190273317160068,0.009208240475151019,0.18104129196080582
0.003352402680226809,0.008747462764360994,0.20415704469161053
0.0037745467366775177,0.009034223317885998,0.19992919193520464
0.003294437224589395,0.00902018825956761,0.181037207130386
0.003438898746291995,0.009091576568634643,0.18101784739126414
0.003286643780534808,0.008856079506343371,0.21722138460959578
0.0035508394356433075,0.008954573925371613,0.18109858499079132
0.0033609529932421074,0.008706402932820293,0.18270701254238375
0.00573560439339894,0.003744468038500954,0.06677833909672264
0.005760145622559774,0.0044208727474145835,0.08362675708067989
0.0056607413979105695,0.003935320896713882,0.06988416464190852
0.005922531291590269,0.003618115727250913,0.07297168519589105
0.005524699602181029,0.00419377133377675,0.0665494213029009
0.005686812040080404,0.0036743280099132847,0.13881188269478617
0.005613244075284705,0.0039665499794107745,0.06652114244315548
0.0059098911639257675,0.0035412395252445504,0.06658314028861505
0.005679531726465283,0.004101365519751723,0.0812267800455978
0.005777884659422,0.0035781734858647764,0.07266922838971418
0.005391174270932536,0.004033102903176648,0.10855468721572015
0.005998870076142587,0.003937774932654074,0.0910816659742853
0.0051288986673241185,0.0038796874407357024,0.06658276636009795
0.005484486921299205,0.003973452160004002,0.0669148568660922
0.005738852267584157,0.003812895137724647,0.06677427672250906
0.005695981671136266,0.004055512237108982,0.071141525132662
0.005952174136360553,0.003927748956379992,0.08326996988087579
0.005628014225907596,0.0038595027852571604,0.09349194762230252
0.005680201429361798,0.0035513020661718307,0.06652546501099772
0.006029720134549889,0.004001842622246405,0.06682277465156987
0.005652791249705781,0.003596499776633604,0.08196054629812405
0.0055289640688613376,0.0038240713483263023,0.06654250138088073
0.005532333692966826,0.0037958895704735584,0.09354210578783978
0.006258685398966485,0.003971027951326956,0.06658744274443172
0.005512086258752759,0.003694686571734105,0.06655381010897754
0.005703489531888031,0.0038207506167243182,0.07448304502065349
0.0015433317236797904,0.0049341365526613164,0.07497297842964913
0.0013046574505982166,0.005609708553750061,0.0761708095518602
0.001481603895442669,0.0054871222065925795,0.07222653836814902
0.0018536511950407815,0.00522534075780332,0.05395638308048084
0.0011212546327286415,0.00516852604436545,0.07661627284336095
0.0014029441458251468,0.0057735387530890026,0.05363342467976303
0.001464110368840794,0.005648959308260471,0.05773124661355143
0.0015550647785901061,0.005204161153466694,0.0542376445150057
0.0013308479967371397,0.00521367131636588,0.05651477176389856
0.0012811952313920062,0.005163445455590055,0.05347012079256137
0.0009985424354506192,0.005506076989458803,0.05346484566193866
0.0012714158584368875,0.005453454407974527,0.10316572318047176
0.001439960340649656,0.0055172183222785024,0.05368359504663751
0.0013291553239143637,0.0054606055266726,0.053487717544065505
0.001347599123411031,0.005414492708072525,0.053572461433328694
0.001152506779233827,0.005262958082900891,0.05359134156226431
0.0013836552874354478,0.0051469717109897785,0.05349683471966327
0.00026802296334966927,0.007632636323567958,0.10938312680664276
0.00045523428783285,0.007540505007830911,0.1099477952870807
0.0007960326380251791,0.007650915306700017,0.11543189805260948
0.00034620280980296784,0.007603661278997195,0.10935157301583608
0.0008187833930121569,0.00799450616267931,0.10933246748727779
0.0009415453541416834,0.007829554723418687,0.11913769536379157
0.0005474656928226428,0.007521545199751994,0.10936677745480372
0.0004657630108583422,0.0076575310089661815,0.10960397670462745
0.0005259810198771537,0.007309207673333731,0.12636707138498582
0.000701342331022331,0.0075114744031094935,0.1093831638990637
0.00026386033045681755,0.0072555234339029915,0.11536222786035126
0.00025760225353829973,0.007941462522472255,0.12755873340475993
0.00021259017659903907,0.007462529153073534,0.10935969910883997
0.000672033691340887,0.007601963868929811,0.10942351108967825
0.0007669533991237961,0.007386006922770485,0.10933552055748356
0.0006414434983310629,0.007495650129954112,0.10934615415578133
0.0009037270858082349,0.007913866080777026,0.10954482628157383
0.0003697706972210856,0.007705165534872933,0.11206134218180046
0.0004904004826922742,0.007438886567554881,0.1119630635458143
0.0005360153252829474,0.0076710464853709595,0.1096482552746658
0.0006870316856667958,0.007410785609541151,0.10972163654217952
7.623765078613293e-05,0.0075698851969510875,0.10939001236737095
0.0003728396567968092,0.007694810160039955,0.1093629169148513
0.0008748392910389231,0.007737075841439804,0.11796810123664304
0.0005600339552159225,0.0077997157448741646,0.11019798167942929
0.0005043742394113292,0.0075982816215485,0.10955147214319373
0.0008223146896356817,0.007456910939587627,0.13678864551137873
0.0008096859573682951,0.007728631793057696,0.10937310586792579
0.0006067764287974418,0.008015810736628985,0.11635227627358442
0.0007625808593498102,0.007577901174287698,0.15493638256922962
0.0006635853217222033,0.00749974367583498,0.11088569592370144
0.0005497083293157335,0.007118463277927623,0.12091390045121148
0.0009336180779221947,0.007745450856597344,0.10935207122097708
0.0007341743667436271,0.007515728334928707,0.12257313246914453
0.0005631047039295218,0.007435619752123414,0.10951319757698723
0.00046003937838331766,0.007799776079845257,0.1095712070873323
0.0008282175296736665,0.0075758875504569455,0.11347470418049146
0.00037409579857719977,0.007793970421399474,0.11165933490694233
0.00048576477650543717,0.007557371170819278,0.10933595680788556
0.0002653626257410676,0.00798816300242657,0.13029017321188605
0.000706964633748267,0.007661154995645243,0.10932760747907783
0.00037408785707980963,0.0072982188715666274,0.10934930619320454
0.0003825399889547311,0.007784522159382776,0.11077648660777625
0.0006462800075505206,0.0075936744585551235,0.11640900829507074
0.0005891918192426685,0.007548361602939477,0.11992528854132747
0.0006847952968504329,0.007489093036192735,0.12173852267924841
0.0007129136528990663,0.007446736813336155,0.13428346091262386
0.0006352532484923034,0.007818132762749161,0.10993308053179174
0.0005449548365670787,0.007476436429996813,0.10950663644821275
0.0005776199142412155,0.008031059208575185,0.10967303150860683
0.0006739679592414141,0.007674991412437877,0.1157739420926255
0.0002998558833678505,0.007611380782116708,0.11729473655694554
0.000484909909925961,0.00788969641827369,0.11151898272142872
0.0007776840479301233,0.007698907606477515,0.1262527537476817
0.0005413392524831338,0.007831760651869555,0.13105650644593198
0.0003247934262889102,0.00767217889263226,0.10936863217307614
0.0008583885731481289,0.007302563588494699,0.1317812848972756
0.0008551072659290946,0.007518716688215292,0.10938091021717344
0.0003378074558390692,0.007922382973623715,0.11151395104849841
0.0005365627268300139,0.008087256555578841,0.10968885589816911
0.0004979707094756421,0.007373618137051872,0.10939355263800687
0.0004776360181903152,0.007879290485297391,0.12668021742343508
0.0005574500127323701,0.007876426946051722,0.10977195932806792
0.00044168791977169323,0.007531455726254932,0.12472610264740783
0.0005458368131657344,0.007624262418994117,0.10952393664808348
0.0008108052205678974,0.0075757561591256704,0.1094312626306048
0.00043064526462155124,0.007545357643594517,0.10959289417522822
0.0006696020140092506,0.007522060682974326,0.10940413166365431
0.0008474068210531203,0.007711073490484675,0.11072392767990047
0.0007447902804974107,0.007699481633540798,0.1094509127124531
0.00034009290852571756,0.0073008692712894455,0.10953686048401909
0.0003587591369361193,0.007510854052780044,0.10948313502501991
0.0005109496211027655,0.007583476060424875,0.10955967965015126
0.0001424973774799067,0.007626278253866138,0.12073302027266272
0.00041682914004858413,0.007584216301161326,0.11029136966546477
0.0008322171629950917,0.007484620640747385,0.11903970448795423
0.0019416273633764062,0.006866024428732065,0.07726371386902176
0.001650050974516733,0.00684456228415014,0.11338940458838376
0.002049661598113231,0.007152533889388791,0.0791064845039985
0.0018472546804306684,0.006864911075055134,0.07831031179936065
0.0018022088879751238,0.006657089555075189,0.0775791302137167
0.0017403576966976552,0.007031611782140164,0.11538780346310458
0.0016351111030883225,0.006687959276610501,0.07907000202328941
0.0017775775490663198,0.006719041341038153,0.08784482268603462
0.0016901393348860022,0.006799471315895228,0.09442667104633008
0.0021172361599969755,0.0065432384980665895,0.07848204973853143
0.0020505482663108654,0.0064552732374194375,0.09797237896653607
0.0015024381721436219,0.006829810627387447,0.07839649623406361
0.0018503031662172997,0.006807194897530279,0.07734187010987628
0.00176027491950247,0.006761815257830733,0.07725078548453689
0.0019717922690542624,0.006807625353238766,0.07726346204392408
0.001698648124583277,0.0071583740992138415,0.09973858212902063
0.001845182351809274,0.006772176543879088,0.07764832333586813
0.001630097311603187,0.00658705424523796,0.08179603229272134
0.0019186299044930313,0.006654564646490706,0.07877387580014555
0.0018952667565285076,0.006617539223763933,0.07726623654203571
0.0017851558222769302,0.007033582752300706,0.07767217375784156
0.0019250871164358206,0.006859494288340361,0.08498513442611727
0.0021015489011379823,0.006680297697581346,0.07734730993587628
0.0018711872721134295,0.006603367336930278,0.07724860822044269
0.0021971790484094865,0.007085780013878439,0.07725126464327636
0.001753246774303822,0.006500221616323297,0.07789206092057815
0.0022369356608519884,0.006937243778221435,0.08291072936317136
0.0023863119670657074,0.006894286806877822,0.07732266311042627
0.005869534006141992,0.00669258789376186,0.04182186865892136
0.005256313533153002,0.006518553442012272,0.06919474888626972
0.005454687789752208,0.006347576260408238,0.04212127428096933
0.005376520515191585,0.006366663855507075,0.040899079459114494
0.005651520026627917,0.006628075288246599,0.0405234046533833
0.005727896701178248,0.0061601840221946905,0.0644226160488707
0.005701498282957684,0.006554505876577461,0.040539305559766745
0.005361640648050116,0.006419032517514397,0.040982333731183686
0.005619678359073272,0.0063679420953449565,0.04054165527727127
0.005382777451218303,0.006580598885078931,0.05773739674002537
0.005650176757992108,0.006233037000050974,0.04050806403960612
0.005609477506720846,0.006349188715030652,0.042591914352664316
0.005790028060733433,0.006516331768108096,0.04863818064259472
0.005326868650493562,0.0067021338975149745,0.040625615352235155
0.006053375155019085,0.006630723221862459,0.043011999970831535
0.005080440514778494,0.006401497812166957,0.04202664247204998
0.005767821389057736,0.006691293784051817,0.05346705630973945
0.0054844693310820295,0.006306423038051212,0.04055585316209227
0.0053699360587321915,0.006478627789168885,0.07026749355121557
0.005654023012768039,0.006468689535439693,0.040549185531594326
0.005333470038446057,0.006729796851017562,0.04068508761575386
0.005670720440998893,0.006735563377659441,0.040523094074327096
0.00589783028154964,0.006447470134119403,0.04051069878102065
0.005257547930105049,0.00598991847661949,0.06475879626975825
0.005313502349219996,0.007090233229288215,0.07116398677441958
0.005529837481674998,0.00606969825872881,0.0405241532393623
0.005363511710362044,0.006659571929179771,0.04074923553562493
0.005316334789014736,0.00654219290188052,0.0562366660534281
0.00541281657362592,0.006268223066827366,0.05215263234231464
0.006061662073020324,0.0069257131710887205,0.04083213584984491
0.005672020056377458,0.006541389563084808,0.040515429419993955
0.005647732836669953,0.006296273043544586,0.05895042409092251
0.005653633130373811,0.006522969654906611,0.04285314349312876
0.005927574162978866,0.006294847785487895,0.04051017582397548
0.005341335223572521,0.006098785368536107,0.04050966110560339
0.005321615154816818,0.006433004787354481,0.040919823850529634
0.00572120137346839,0.006441968129255239,0.05237169802675882
0.005673403287325511,0.006356612183823675,0.05927185368336946
0.0055301074786891545,0.006547320015036442,0.04938886421407
0.005625561565466775,0.006447234759258244,0.04981650633736486
0.005287065289276786,0.006635744736844334,0.05319349228699034
0.005469624554009893,0.006185688656124194,0.04053879672714137
0.0054544003756578545,0.006638985339447262,0.04069364693562953
0.0052881737289562575,0.006348550808298095,0.04087622170051367
0.005316554200143425,0.006443349010233548,0.040928594561287404
0.005506958477260043,0.006737194108796774,0.04570795625245246
0.005229934969999682,0.006628400653565246,0.042901912281986476
0.005798813261726479,0.006356962994527738,0.06169983010956901
0.005340821826056209,0.006855711489676957,0.040505332810949736
0.005477439884398929,0.006513148191954107,0.051473557628463874
0.005444966571797896,0.006470984018896259,0.041422344253944275
0.005812908426789012,0.00652234033567129,0.040502532168571546
0.005437621115659878,0.00669725040099115,0.04050092568330704
0.005551792173811107,0.006253659911064889,0.040552814022067105
0.00543959644754974,0.006762706336295052,0.04076083329859391
0.005547288991203467,0.006129144888449459,0.04481180863100058
0.005581046806256212,0.006625531152728636,0.04053233380197506
0.005478989111178854,0.006190205096827268,0.04049456003847827
0.005385856391252862,0.0066949038054600766,0.06769095524469333
0.0055704340148776945,0.006618528760347319,0.04052018497559921
0.005292322074584662,0.006742394102024339,0.04055740961092543
0.0054415585416139525,0.006629653883062499,0.041810683453895325
0.005705506384929588,0.006710966000893281,0.04049283538979394
0.005256880581013849,0.006264796370885083,0.05423435662519064
0.0055688041961451445,0.005812160676523755,0.04207771397521213
0.005611680498646152,0.0060702073487978675,0.05432208738290761
0.005296860746992075,0.006343380077498239,0.04050983154037187
0.005381241059893429,0.006382597259335521,0.059335924427064646
0.005578391772386129,0.0060825602854517324,0.0902825543181231
0.0055214024526140885,0.006875198772924916,0.05110621779458139
0.005186435543410709,0.006250218573255552,0.04049802290925166
0.005563140255493525,0.006289899091594954,0.04118133122390329
0.005555807457989116,0.006432416822037701,0.05615732930239184
0.005601816021428702,0.006447641345064538,0.04049389996779966
0.00526247345604893,0.0065757185438380435,0.054928731190436245
0.005344219417199776,0.006902245375733905,0.04773006042626508
0.005504345267371785,0.006642132837398259,0.04049277974769615
0.006182318196957373,0.0061931044305305735,0.051239619490587716
0.005296689743679179,0.006558679165299935,0.055942320481399486
0.005373702261917485,0.006488232105996417,0.042517809460926925
0.005744787379791369,0.006606124878721361,0.04105863743875018
0.005445228918352743,0.006485125167521117,0.06778631956855018
0.005673130467970952,0.006297201685133193,0.05728370908278539
0.005450186529945245,0.006414865522774847,0.04054075385104792
0.005397083434367072,0.006525974134490688,0.04089259806330412
0.005644015649650631,0.006353199169286451,0.059715484710328406
0.005564926542149417,0.006118601567689992,0.04058083212149606
0.005706783898633462,0.0063640237826879525,0.10015307849386174
0.005472222391720929,0.006130915590313443,0.04232154638338024
0.005566163417045478,0.006447581896458404,0.04833977417953644
0.005531807679906591,0.006420895429117212,0.042588571383276375
0.005398359179970233,0.0066514934263124876,0.040536123858090786
0.00553678571848614,0.006540550680141457,0.04371752970900243
0.00564765976212273,0.006592329797006043,0.053988257650192516
0.005402171104936538,0.00637248532837741,0.040552159597133874
0.00522851963824696,0.006796333438607969,0.041841086213296616
0.00547444741472113,0.006279861490402109,0.040606433386175554
0.005408255422356542,0.006475755513132448,0.04051148354426286
0.005231305053717375,0.006416709223904275,0.04074794847000016
0.005479929780354102,0.006666769298401385,0.04921471638859624
0.00535358992359433,0.006454145585873221,0.04101482066598407
0.005632565246103,0.005952598965250207,0.06100805362428091
0.005459644265964212,0.00625276206776163,0.042920968681611216
0.005350227984030969,0.006451669644302036,0.062452922963755944
0.005667156804698563,0.00648293876385951,0.040528922423772394
0.005497184609746077,0.006380181898377047,0.040592201676792096
0.005187077115980587,0.006180030921669873,0.04773377476034272
0.005647845238875333,0.006814182288844654,0.04723422602162523
0.005476434962221661,0.006562400620213919,0.04138224063584471
0.004260840903540954,0.009138141163287419,0.11912408222560107
0.004218951537972463,0.009067648101111563,0.11909018421656327
0.004006658400361553,0.009049735148480892,0.14556143648466358
0.00423494621235158,0.009064458336757814,0.15054486641190767
0.004698028088109344,0.009228828556656788,0.1334028068431246
0.003994780879551826,0.009391764973160376,0.11909268366770279
0.0043782784308367215,0.009157338991661873,0.11953229947048155
0.004400119668792444,0.009209742256081519,0.11911043306668861
0.004276034613627893,0.009200950246194259,0.14295482951229593
0.004534826616876044,0.008756262022234385,0.11916288579295611
0.004431560227987642,0.009561079842186652,0.134245584711551
0.004112427207671169,0.009146179618390262,0.12014107569451164
0.0040462696816541775,0.009241443407267206,0.12829751904701586
0.00420346375331861,0.008859738200633068,0.11911122352655963
0.004080216658259188,0.0091775833067307,0.11912346254495947
0.004373631137773639,0.00948576146265263,0.13488668926731828
0.004399807591304982,0.009091780944082018,0.18831035193491444
0.004211148754179794,0.009229556684023678,0.11940804416577218
0.004902295478593137,0.009057325820381894,0.12498953112351856
0.004322529694754411,0.009513577162418976,0.1191177330007569
0.003963850058796095,0.009048423614020402,0.1201381158823036
0.0043484152128300865,0.00886027341265544,0.12390135940391868
0.004282627942138013,0.009039634255378176,0.1458188308476835
0.004103161766252486,0.008997123039796684,0.1369385469908357
0.004293669871043632,0.009384291251772054,0.11910126749398788
0.004219661931573743,0.008667821872645164,0.12026989771677356
0.004439667901624278,0.009334090166546382,0.11923474372517996
0.004392996235522496,0.009129739712295443,0.11922912235540822
0.004363543094636403,0.009054432992326968,0.11920690323335724
0.003843282786879031,0.009236973435558356,0.11917696274082405
0.00421675909172709,0.009114971983843624,0.12303500944863587
0.00413254767906951,0.009405847501077282,0.11919149616644158
0.0014653888665640267,0.004382468020586783,0.11291824963622532
0.0016735057178324279,0.004290853485525372,0.12974876444801814
0.0011294909693264736,0.004509802168705571,0.11117563317393916
0.0011994880038549425,0.003962479125045266,0.1477852743363345
0.0011068346723191052,0.004456070492499845,0.11042470075748866
0.001402363446689255,0.004708145393358215,0.1129124646691677
0.0014569105949134766,0.0046238007442872524,0.11051780753321067
0.0015095782651974132,0.004248301584332741,0.11044583503597426
0.0012556021145291633,0.004465993153632239,0.11043748028483732
0.0016751584158670142,0.004256773554276352,0.12481653815935204
0.001581293749428282,0.004153993142721767,0.11042510796749132
0.0014623018990218874,0.004185998379586453,0.11045094382919834
0.0013736198676739047,0.004601884437542294,0.11043590602106017
0.0012600796912838027,0.004518637144523834,0.1104568374761828
0.0013144437260816455,0.0047225901795680154,0.1138919634800661
0.0013390310141655054,0.004377311466625148,0.11060544418430292
0.0018028071823488212,0.004403355539335889,0.11051369961328687
0.0013351418436513699,0.004392050936694318,0.11057382830669418
0.0014288664203509916,0.004277883061574147,0.11992572308261303
0.0014454376245005632,0.004119284868535556,0.11043977547050673
0.0014412276717444817,0.004336578148145787,0.11043747031018547
0.0016885477249358209,0.004315124300469051,0.11043939977857634
0.0011226087193137622,0.004325331351049621,0.11051790738295279
0.00139079864733216,0.004511824372446568,0.14148976354938658
0.001136396231054326,0.004330185858300468,0.11065779928491164
0.001384203951873252,0.0043997327628790914,0.11049104485182719
0.0014407683130508572,0.00410388191614895,0.11223684524541548
0.001263891309496663,0.004215461664664633,0.11082234102989673
0.001664750529180336,0.004412101959699976,0.14264507631925694
0.001433469349574747,0.0044284565039009295,0.11140179494849772
0.0011854003452957595,0.004058645180366634,0.11654045306559983
0.0014605595456550352,0.004411977378366544,0.11047508604663343
0.0015330056587610672,0.00445157892049745,0.1200631719294563
0.001287433021801945,0.004328165117645492,0.12636428595015714
0.0012839868732887985,0.00436799150897876,0.12467783540037947
0.0012976625134069688,0.004279617844018727,0.11044271316034009
0.0012957014524449784,0.004106146341735232,0.11044045725378351
0.0015036357733510513,0.0044255884228084335,0.11042559154736274
0.001634934429696721,0.004356478182077764,0.11052169759508498
0.0015368904903103294,0.004391291081783847,0.11250960747677144
0.001067210405806498,0.004291271780814515,0.11160526232671457
0.0016142054665728436,0.00437365650378716,0.12007516765110639
0.0016247004927218505,0.004492367705888064,0.11050632404497998
0.001340840577494024,0.004114613738170857,0.1105137250216972
0.0014175540548739896,0.004639282815788332,0.11043002288668108
0.0017586570723030688,0.004379833385287802,0.11355033302452969
0.004798987711992651,0.0031190637821365465,0.08449565099920325
0.004896858879846919,0.002578348042894179,0.09005077327629564
0.005102121416670147,0.002802714919335154,0.08504364957085576
0.005085441555615854,0.0027872422238618077,0.08445946378674908
0.004774827236831078,0.0027852113577361724,0.08447427013310298
0.005420110469052971,0.002677392300296383,0.08514417258562863
0.004933534318672841,0.002505398648529323,0.10560079603920731
0.005148890236034386,0.002708074235814854,0.08888689347296162
0.0052253922088768496,0.00246585942210658,0.08456551773262722
0.005077646766764591,0.0025076118153109215,0.10063302642015685
0.00367027850048036,0.0009711794772717958,0.09706753513484345
0.0038523108017730246,0.0006749934434802664,0.1068950833861408
0.0036001151097202395,0.0006885031676529517,0.09705398362270289
0.003807445879613114,0.0009399916724293102,0.09736411426006927
0.004014343788372255,0.001117938013979151,0.10921355472087474
0.0035344406423644683,0.0008458774643437928,0.09817428603688834
0.0037566651101820447,0.00037058389145092156,0.09722409166321394
0.003317642110328733,0.0004013007318426708,0.09722689401968301
0.0038783495451655877,0.0007488254293977834,0.0971185007995405
0.0034618196158825642,0.0008186714688713829,0.0970875487623183
0.003578799952295648,0.0006280516341003335,0.1470860964010446
0.003992491465207031,0.0005979911740913074,0.09704602474611548
0.003702846324079557,0.0003947903924579385,0.12059800866961737
0.0034123340515443633,0.000846666797480468,0.09708753694793182
0.0034316866409273405,0.0004883875491416082,0.09707604899045803
0.00369577647288227,0.0002716013897022062,0.09804706197393213
0.0038017167793949853,0.0008048816946281708,0.09718563478436723
0.0038266473012609856,0.0006197582093737497,0.1082741749015722
0.0035986389321245563,0.0008290057476974541,0.11657225361734014
0.0035202713902820738,0.0006679983521736197,0.09703365383653609
0.0036467459694932815,0.0005586911399634424,0.09706357466948275
0.003706209731702406,0.000422829567139709,0.0981514616775208
0.0036078048003272485,0.0008765799448375761,0.09707468259573858
0.003839832752906263,0.000381628966921893,0.10401146494601332
0.0037859268994283896,0.0003949018352474991,0.09768493916118952
0.0037044209800909974,0.0004947195261789488,0.09711445873812466
0.0036837445126009912,0.0010283335546706872,0.1086969976070882
0.003587747888767616,0.0007892998606013027,0.09747529719674455
0.003663147878311596,0.0004136793109300386,0.09735845224165891
0.0037109419096507555,0.0002660326941866925,0.11235739145440907
0.0032404445370871273,0.0004317681281970256,0.10465125894494025
0.003847198748217225,0.0008201681704588285,0.13280576293070434
0.0035834367913697624,0.0007915831076857496,0.0987076100861057
0.0037942527404630187,0.00038402936124784943,0.0970453282644532
0.0040192745532403856,0.0009533053640568706,0.09707214213864508
0.0035552829632532292,0.0008332439948101833,0.09702868709799085
0.003383922262157336,0.0006927964299255369,0.09708478338890288
0.0036767145713162545,0.0004657694677084029,0.09762841725228896
0.003700737620509109,0.0008033290587978048,0.10262248105525641
0.0038578340851133076,0.00038873008776787484,0.09703731270135561
0.0037040728251530614,0.0007783467971075261,0.10567910774259953
0.0037284158950731216,0.000679452777753896,0.09734933922154249
0.00409785231840514,0.0005224715390147951,0.09708292088181583
0.003480427715854781,0.0009812874143566986,0.09723513324911066
0.0034159452388554533,0.0006610776336670297,0.1008629156724225
0.003578973889209541,0.0008893289635861581,0.14228427871099808
0.003694082838840355,0.0009921659985337495,0.13289597696113106
0.0038179206250015573,0.00018728558065296715,0.09911496606367597
0.0038715983505230875,0.0006968702174996325,0.09753545176100867
0.003584256049191623,0.0009177386397843542,0.09703112162315805
0.003935082662850747,0.0009148688735472573,0.09713754908490846
0.0035155540287881114,0.0003989267821592341,0.09703688873500063
0.009045240935424727,0.002264797516272515,0.0101097435705961
0.008794119529926224,0.0016172137525127365,0.010101397179938945
0.008629446991102097,0.0019883091961358174,0.05919420162945161
0.008950570218057084,0.001738309245228776,0.010326681690310284
0.009013465971352781,0.0016922320707916186,0.043904508946851245
0.008839321365204234,0.001679498077994747,0.010203974164468213
0.009100934077282014,0.0016570479384790356,0.010119377351966543
0.009564777493553472,0.002060203879843103,0.014846371013732332
0.009063430359124044,0.0016807408231123858,0.02239294918659868
0.009358155570279065,0.0015629995448810362,0.010579734627095298
0.009182418210915276,0.0058807427246348005,0.1441465303982833
0.009081714632271167,0.0057341491427307135,0.14595385266441135
0.0093372839856578,0.00602456811713163,0.1441269855814481
0.008865562779451525,0.0058477946637938245,0.18847980711852955
0.009175674596093225,0.005703652325391661,0.15077774049314557
0.009352914568242308,0.005795440422504452,0.14409665072345648
0.00917683961166823,0.005919877380419574,0.14894949086338094
0.009266574405630012,0.00584485670196723,0.1752829404015773
0.00917576584262616,0.0057966726076980985,0.14410335850267653
0.008766151083775093,0.006090867460603234,0.14494358660747209
0.00923600236597604,0.00595677016340257,0.15447309243595728
0.00914176462540836,0.005966076159916932,0.14514546289204386
0.008816814889185093,0.005953414717076151,0.18564426614498575
0.009474634128857488,0.00580298935092932,0.14473349876930763
0.009538073440595866,0.005554802175559647,0.14433004929371274
0.00957011867174891,0.005841845725992601,0.1538936226353499
0.009410555083928658,0.005768525539702327,0.14413543552223643
0.009369151955742644,0.005538143094932994,0.1442496057599234
0.008898648685891686,0.005707792596387803,0.18808046991657057
0.009185097056695566,0.005673635929386717,0.14412798280932143
0.003466015814836416,0.003453974431379598,0.022383806171534685
0.0038384987889574004,0.0034247754240286864,0.02621763047475303
0.0036565329776107203,0.0036989227571980975,0.03902466302857617
0.0038459575427671456,0.003563995974230694,0.027494142349312002
0.003347848226860104,0.003808468161949007,0.028751772926237876
0.0036940266068388617,0.0034649433964867088,0.022323201690360218
0.0036637621938118833,0.0034779586312366313,0.026794492295140172
0.004187623087541744,0.0034319292027924298,0.027346089276894074
0.0038638772973211997,0.003465484248612344,0.07672467631064162
0.0035384100666245254,0.0032882232730931903,0.022697195202856294
0.003763485185171143,0.0036865953374191217,0.02224705147637637
0.0037533986486237986,0.0034168214731323124,0.022238994201606223
0.003974973911386573,0.003741408120829491,0.022245768720767792
0.0041215242309048244,0.0032497438754389473,0.08307499792682185
0.0039324494731608275,0.0034100185366779455,0.022373271658460394
0.003625722612680892,0.0034059722309077944,0.03894372917573949
0.003707742024371378,0.003215339920711035,0.0761583864076672
0.003635019971196721,0.003313730225558112,0.0222826547738202
0.003471833442984229,0.0036099173513408534,0.022405256719712333
0.0037797726954653175,0.0035420855314618805,0.044588565248909834
0.0040426128040925175,0.003636797518367521,0.02335549984427059
0.0043633779177032804,0.0037368034754357306,0.03124470430396721
0.0037475722085640512,0.00353259628600781,0.02247403847919928
0.003967433111454764,0.0035073651446632954,0.025359522068923016
0.004120185752378287,0.003486286955152283,0.02238461487180399
0.004146129738055919,0.0032173880495403495,0.03774614236596682
0.0038185885712935957,0.0029542222868483873,0.02257524883232991
0.003920394736412363,0.003931486055815886,0.060104617437659325
0.004239568415434252,0.00364421189416755,0.02220568480286991
0.0035886556308555367,0.003769132869296572,0.03361890953634775
0.003926756485719021,0.0037487809828481797,0.027692976489897794
0.004150028083653945,0.0035282013747034917,0.022225950193697788
0.0037027140488381043,0.0032868730070327945,0.03336985931041291
0.003857659589272118,0.0032477359163684905,0.03402474973293477
0.0034126891098771464,0.00234488074983338,0.22579091834022905
0.0033239302564336114,0.0021100794580815514,0.19136817733659459
0.0029775941435354197,0.002182059778922731,0.1652325295132583
0.002784372046219106,0.002061939360956484,0.1638738345238357
0.003073069921307001,0.001935651325640953,0.16378007193439423
0.003000908790512629,0.0018142296497320937,0.16486011788565716
0.00316296153021857,0.0017544183311396571,0.1981076298480001
0.002911503309613861,0.0018574464107400138,0.16951072569580575
0.0031890413460441904,0.0021005603377468565,0.20335579241591
0.0029831074151066795,0.0018095762442085382,0.16920645842758328
0.002918329002457946,0.0023126865682500863,0.16695727654494802
0.0026505887358866083,0.0023493890396252865,0.16691989947986474
0.00296459489267976,0.0021842514304051255,0.16388970341192402
0.002833759672311715,0.0019524279559382015,0.16386328540859224
0.002823644307559253,0.00212707094425922,0.1672812429244162
0.0027956455515994287,0.0021674747878296548,0.17140198555544295
0.0028999938785937403,0.0019879398692595742,0.1641745102673218
0.0028129365498809652,0.0019368766567495759,0.16376037806070012
0.0029703871516023983,0.0018486175188737808,0.16380086258252974
0.002858146060132864,0.002031558571614803,0.16380782702489655
0.0027699497453787325,0.0020654614411876747,0.22016503164058113
0.002973695057613589,0.001813986116971721,0.1637593053091622
0.003216828520776216,0.001978054011247731,0.16374997035308855
0.0029532756170313657,0.002069476854608271,0.18619683057192993
0.0028757565183933163,0.0023957822075412008,0.1637652757175376
0.0028334823349725987,0.0018739185841381584,0.20470187052669048
0.003125485763643556,0.0017884176499539863,0.16408468966650142
0.0029728560960935323,0.002390718799324897,0.16378756245270584
0.0028546015887465624,0.002092386536491737,0.17574446308112687
0.0031312985297999515,0.0019843812806077774,0.16375070515979082
0.0031725857896129387,0.0016973503639698033,0.1637772700498494
0.00307006313399194,0.0022515626176526976,0.16746793715949906
0.0029911334573385242,0.0016736004454008038,0.1883549328499567
0.003187284214856773,0.002168097027584874,0.1967141078783456
0.0031445718104942057,0.0019457096757551802,0.16376059603800877
0.0022749892778900836,0.0022362455951087028,0.17334634346847583
0.0030365574517228536,0.001991975168905128,0.16380617541826556
0.0030051750654679723,0.0019472020578183277,0.17066219795720844
0.00314912807772428,0.0019527989864069918,0.18004626451916425
0.0031656183717009255,0.0021304350432181296,0.16383458137765772
0.0030928451735092112,0.002083030764542294,0.23537043450901896
0.0033254007817212433,0.0020919956529557473,0.16381506093095569
0.0030378311553174962,0.0022451645634182418,0.1648845780257262
0.005348648812891552,0.0012426461427878404,0.2004127254492186
0.005290707670170357,0.0009509331130305021,0.200829715083848
0.005296267769662626,0.0007178343812492197,0.200531603979955
0.005445661877678997,0.0010734929253572974,0.25089767333229146
0.00554899946932376,0.0011094136738879663,0.20040404275939225
0.00546472892760444,0.0008244684302458605,0.21768665036234283
0.005443819778084701,0.0010884124903736293,0.24799971354084802
0.005647385132932594,0.0005305957059473037,0.23319234755636173
0.005380615080341484,0.000926810660133966,0.20105235118662754
0.005558202176789447,0.0006837600542182428,0.20922445249968383
0.005552128005647538,0.0007764166170722542,0.20225690366320148
0.005538901774208474,0.0009028760131071777,0.24423573564780918
0.005518349868457045,0.0007067611351633364,0.2007313398553045
0.0053110889645357805,0.0007361317247374774,0.20136200494707604
0.005365529094182051,0.0009354852606287195,0.20760957186488424
0.00592177639988624,0.0010782260386655962,0.201315694075015
0.005530341652754304,0.0008285209736491455,0.20043644648712602
0.006031999406058713,0.000654449184069396,0.206452276132328
0.0054768943229444615,0.001048786002785394,0.22071875306573244
0.005517445952765657,0.0005226019454498075,0.2363998234818648
0.005746657958906922,0.0005918997876685368,0.2046717356511459
0.005895069299860236,0.0005902122364892196,0.2062458758290041
0.005349294151847225,0.0010414845592824453,0.20039956685121393
0.005436670351678777,0.0009157441209024888,0.20058765044923732
0.0053380076433103794,0.0007682435172124185,0.23538112551899532
0.005662626396012439,0.0007275182817034436,0.2004159556024108
0.005759310977161594,0.0008848566824946523,0.23242146473270642
0.0054528472062580526,0.0008220239683013753,0.20229025369129627
0.005493989042860687,0.0010117460873844636,0.200416891269796
0.005416159058883973,0.0010204907418422452,0.2005188847615905
0.005529890434457796,0.0010024267031630454,0.22539385136360995
0.005545240529170316,0.0011487729862835023,0.21871663661888913
0.0017967559019442072,0.006111438305429793,0.13925169119764821
0.0014515648284094617,0.0067624398801701575,0.14700798632430576
0.0014002315720056842,0.006654168808755205,0.13951357188592015
0.0014168239131943459,0.005993264423031913,0.12254319791445398
0.001462501440072649,0.00616883444330876,0.11653327368989101
0.001247509152091281,0.006369323471853101,0.11568650227761343
0.0016064640872069675,0.006374315706312565,0.14502107672998055
0.0013266014832744785,0.006062944371040487,0.12161025570954376
0.001316428717484121,0.005979093607520102,0.11399684613342616
0.0015430027619866907,0.006639234160745627,0.11553744178267372
0.0014240411558574004,0.006374081874042508,0.11399214000997165
0.0014369430220043948,0.0061595244789170705,0.11665713822996837
0.0015913450914891902,0.0065482447169385345,0.12087035283683088
0.0017171013446065366,0.006146818938223703,0.12241859467882685
0.0018322236615287155,0.006537113481437915,0.12618428604664572
0.001667414986853844,0.006021056187992284,0.15396417266689882
0.0017927817781116786,0.006205848871309167,0.1205002359034388
0.0016486763662904645,0.006253924910005408,0.11399222634490133
0.0013857335754581565,0.0063383246836364255,0.11396282011715872
0.0016633616497127148,0.006431649157642203,0.11452023631347667
0.0015632941753276472,0.006535454093951791,0.11642148684106884
0.0014746975205227528,0.0060599831743614425,0.1139628737666153
0.0012360212902264244,0.006121701487460646,0.11402498084019036
0.0015604052600357516,0.006378818765854838,0.17200605221237525
0.0016811414854548028,0.006312839436321841,0.12003126949141425
0.0013811412386705991,0.006689594276670061,0.14778175205842162
0.0012950838441503332,0.006339923355618796,0.11440240522450001
0.0015566107036278092,0.006210336021092182,0.11404549148723031
0.0010238983920965094,0.006432416187737474,0.12001385551044409
0.0017045964191345765,0.0065867285819954345,0.12333995132224151
0.0014053110708538096,0.0066022060220016785,0.1554185627486561
0.0016593160879654568,0.006335836141628323,0.13400605369103186
0.0012259617035172287,0.006309260438578069,0.1140505682462996
0.0017461382533448563,0.0061701715201175475,0.1223672076885628
0.0017012982434547368,0.006469162889409388,0.11397712154818607
0.0014687063454762533,0.006597321870146847,0.1279963793563162
0.0012628666326296107,0.006348916188500666,0.11397021523575275
0.001323929363021113,0.006792192825853215,0.12152297001495613
0.0014549855074785785,0.00614964891576768,0.134176929475256
0.0018396801956223788,0.006405949670341092,0.12692324416092485
0.0013758405119363324,0.00638432863884224,0.12505044584580924
0.0015773239681007086,0.0062057965125484555,0.11405555408444448
0.0014732880972036248,0.006460743365356592,0.11403046973992803
0.0014888099177835287,0.00624735523976796,0.1163764189978741
0.001541517577926151,0.006224891303974015,0.11396411144969694
0.0013273209940882701,0.0064293559475202666,0.11396177937688888
0.0017513551591890467,0.006033679463534627,0.13590394279950643
0.0014076324877916708,0.0065504659478471,0.11413059705329869
0.0013196376104361882,0.0065174303303139084,0.18077584074238923
0.0015290902603171737,0.006169778854373625,0.11965952262459323
0.0014872909842716777,0.006869389549011932,0.15889823671373676
0.0019007229554839902,0.006169973264633701,0.11423467967934416
0.0018035797314716233,0.006224161878967252,0.11406962865827551
0.0016344462121130894,0.006350376928990656,0.1280385032339428
0.0015014346905816197,0.006503263749619399,0.13734162328318222
0.0014636357029929419,0.006749013444059593,0.11398738208079247
0.0011646730119264526,0.006206743834459528,0.1139844581556571
0.007998560016238391,0.009249362521429877,0.0689290470392206
0.007944802324666773,0.009098743658569504,0.07079871589109353
0.008241606090306414,0.009054201222563863,0.0704990380538169
0.00788600638613931,0.00918930903992601,0.0790946771969609
0.00758575494766566,0.009281144344519734,0.07828641308007005
0.007912116876473299,0.009123979038117135,0.07794883670361594
0.007809662798136218,0.009489189743689312,0.06894436187850296
0.007930744454422396,0.009209254081825845,0.08202802055813234
0.007973378566334746,0.009238648190974613,0.11474665826852584
0.00801540710246248,0.008861504999245887,0.06893089491354873
0.007932665803135662,0.009231670289315678,0.11360350608376305
0.007868215084046296,0.009361183673073736,0.08089602650575875
0.007905655930720148,0.009076972134907938,0.08668822121181903
0.007726068679539474,0.009260319770182436,0.098280295875543
0.007957071233528136,0.009296055521698016,0.06898226305748953
0.008166715551247233,0.009040839647421006,0.0730726012447109
0.008180174684998034,0.009171138396560386,0.06894762422567863
0.007908468725835446,0.008914195086466561,0.06933058318797336
0.008276099864201365,0.00932682467869394,0.07059305358762834
0.007845886528740822,0.00910663999013362,0.08564896182497023
0.008130867380492136,0.009256279908654014,0.0807277287715503
0.007844325576607133,0.008862427305400643,0.09070663306648716
0.00786117093914643,0.009032477323768443,0.06924182961277743
0.008380367012011062,0.009170550088969259,0.0699224622912951
0.00804801830746536,0.009221502584970884,0.06892975523392526
0.007784165107552842,0.008974069322998117,0.06936185696598826
0.007920691937342902,0.009485986990411947,0.07322846378450593
0.008020878965391637,0.009133456925037762,0.08215768472687598
0.008016590878408307,0.009079838044258954,0.08203175452838869
0.00822746762996741,0.009722035258727417,0.07092957414261926
0.007884069003813107,0.008941828849381389,0.13848944801272786
0.00779998319149345,0.009096694171451482,0.07772493795740455
0.007661151836875075,0.009257157112158979,0.0690131961607471
0.007851349255906043,0.009477638132634367,0.06972498052989613
0.007884195174519014,0.00892822539370698,0.07671374637218616
0.007541326453908344,0.009278996519083439,0.06891942976363037
0.007933283539700246,0.009481703960124604,0.06892727146927526
0.008322655314820524,0.009055460572278403,0.0690002483388977
0.008116024286041641,0.00948463425608271,0.08619042648831785
0.008235825618501306,0.008946358962380212,0.06896839627144447
0.008225676018499068,0.009087282246202892,0.07042819785187698
0.00797371097420916,0.009387527571803935,0.09042125974283623
0.008044396809263266,0.009448563750915708,0.07644649173218919
0.008142603624270836,0.009140650433547,0.0762552817378038
0.007902576310788204,0.009391870293801726,0.06893047852296377
0.008270139317786526,0.009245590505815792,0.08391326405493303
0.007587567869116044,0.009414811378569695,0.0690499077698525
0.007785677092001658,0.009146862197604825,0.08118768630136974
0.007947237356172017,0.008780578015636373,0.06903700603289888
0.007957695799373225,0.009202387786176328,0.0689160812099491
0.007897018780474597,0.009125538176559613,0.07563747981740039
0.007787087201537546,0.009260654396977326,0.08271320396064755
0.007502806912236281,0.00908142065756284,0.06898055001692317
0.008027629865001204,0.00924055983868384,0.07535097414521785
0.008162749992684378,0.00912219935297284,0.1075995211574052
0.007714632042980407,0.00894584534173955,0.08685181823650202
0.00782943952618734,0.009089733133540726,0.09616146860984676
0.007729965816066054,0.009071035442852543,0.06918408325374481
0.007519975265550224,0.009220925011017556,0.12676676763581465
0.008239521325651304,0.00900426380667304,0.06894501164951913
0.007434949868027415,0.009164405439895268,0.06897306550565238
0.007982437047228586,0.009100020866369437,0.06894035760255128
0.007779262067693623,0.009608795610753515,0.07054842219449224
0.008220861003049324,0.00914582348136449,0.07878475140524546
0.0009556449852074295,0.005427776779586174,0.07561997771810423
0.0005524258831347652,0.005769629325461655,0.14016133675916564
0.0008273784556948995,0.005694999087687057,0.08029139461878265
0.0009567502168282782,0.005443306354901076,0.07558757370012358
0.0008187411508397003,0.005784475043783233,0.07598919435958525
0.000641733937441813,0.005257574303666443,0.07594279479676341
0.0013372017031343228,0.005680389926775184,0.0782936263237623
0.000984579411649912,0.00538891816204264,0.0756201575820802
0.0010420308913157632,0.0055307842979352454,0.0756020542272275
0.0014055433744202773,0.005474624376591135,0.07611555919942509
0.0005871618172205452,0.005711109061371373,0.07597445607116414
0.0008312010473497927,0.005495329638575628,0.07999495523906631
0.0006744830838029425,0.0048574322181426785,0.10065723165568427
0.000773007624917387,0.005641935578111737,0.0755851098461812
0.001066920163488374,0.005059506351362633,0.07843734133599242
0.000682033279952771,0.0055578834616353615,0.08336562504336709
0.0011186816997596528,0.00565978800875247,0.08702414347786375
0.0008982739136910828,0.005536611623878021,0.0766612493685251
0.0008387238653480443,0.005499606372152247,0.07605975730726298
0.0007959312966888619,0.00542617622754366,0.07785847430215899
0.0009919159145915847,0.005197277981261887,0.07567926936096597
0.001019137984593185,0.005518961309618112,0.07561124461775999
0.0007228908763955152,0.005737402521318153,0.07764131695309866
0.0012800014299193135,0.00589091622432086,0.07559088294644573
0.0006351141780016443,0.0055784253403532835,0.0756183097268858
0.0015545175145763685,0.005676450201043479,0.0756175034981506
0.0007417197510567937,0.005305757690218948,0.08115025990721794
0.0010671198146148394,0.005526737484402641,0.07694019000666437
0.0009531152151858153,0.005607151272835263,0.08278817232356751
0.0006740547039846003,0.005485813698157652,0.08942351466196657
0.0005917470267608846,0.005702115335123657,0.07569740440516425
0.0006845919477843202,0.005482077862300782,0.0755928140097804
0.0008439143116293107,0.005404880182220081,0.07558827570407227
0.0009131642282128302,0.005383606257683003,0.15557324704588527
0.0006458945871432012,0.005686224101732471,0.1004538061894699
0.0010673962675643658,0.0056840652191100256,0.07890535558248903
0.0010486278724573517,0.005472850327958534,0.07576092251277446
0.0007230439864463391,0.005480585981812482,0.07567728141409555
0.0012362000063640829,0.005510292018092399,0.09504035943518549
0.00044177629730510226,0.005533158383898411,0.07565109994201433
0.0009883798838441807,0.005666997413745638,0.11475440699421371
0.000744798806194566,0.005468044822704257,0.07747078347654932
0.00043178409961347063,0.005441864192964011,0.0820599263432427
0.0008529155431977912,0.0051296522120133055,0.0767440954498896
0.0007030562754377855,0.005459869181376552,0.08605722355702679
0.0008033200151715395,0.005128991897276791,0.09292298433452935
0.0010554982405251224,0.0053678136189464435,0.07561891089211968
0.006371153967776487,0.005546018448103526,0.12328308658133126
0.006052195023545079,0.0060135156422839306,0.12351559673344235
0.006637244959122834,0.0057332199976287,0.12307037454153867
0.006422289645750692,0.005998828524846199,0.12307652141921833
0.006144623704055242,0.005870559994885645,0.1446537156303643
0.006375139379053798,0.0050730323919727,0.12941694095374634
0.006515970319563198,0.005500043432466804,0.12422281724975749
0.006595386982668742,0.00549889892330692,0.1230976561953805
0.006304412518919509,0.005623046262473538,0.12308875161758177
0.006682741613162687,0.00529477164495381,0.12306879558877601
0.006375437285944145,0.005628225853600409,0.12321757885288584
0.006361303335171368,0.005856851483623585,0.12307735493920219
0.006596225317415067,0.0057687643953450995,0.12335017526243837
0.0062078124921944025,0.006101715218283249,0.1230713581215824
0.006655682955195747,0.0060130651292713,0.14350870393698392
0.0063001566474238805,0.004932663684368833,0.14966863421376173
0.005869546848752129,0.0060692641446690905,0.13724919365452326
0.0060887766119639185,0.005798754705379548,0.12314186361445736
0.0061691289481881585,0.0056011183885137684,0.12313201467689885
0.006163997821778655,0.005772398809699842,0.1253881886335343
0.00628627185934565,0.005415650018120222,0.1361454940725613
0.0063310434847994685,0.005654061767373208,0.16032464991777015
0.0060750019180458035,0.005818577606211583,0.12313535560106717
0.006220600451296828,0.005764795638126532,0.1629482818804131
0.002468853265571793,0.0022249669567518723,0.12489152403008918
0.002349499043031452,0.0020261535879669912,0.13449433763727595
0.002605252036501395,0.002082630739934986,0.11589397723905505
0.0024749293132309345,0.002192111505752965,0.12048590961511826
0.0026322557165983553,0.0021783150111567492,0.12360483902700255
0.0025035268662465296,0.0022986360707944477,0.11641424352356976
0.002701427547397604,0.0022736693762374876,0.11720473067363806
0.002380480949285051,0.002350585437252566,0.11588791221518446
0.00269581575942692,0.0021372252282735077,0.11611798897286205
0.0023715075112235333,0.002662413754145846,0.1460277232214081
0.002396574471619002,0.001990185616600076,0.11659290700123129
0.0025776406671882027,0.0024985755543120948,0.17262083936652797
0.0026032044804784825,0.002414516551957344,0.12599969350879847
0.002639906412547546,0.0027299046385267046,0.11595090414784652
0.001979203626262066,0.0021372304277916744,0.11630324410924765
0.002660575219303939,0.0017572024767810311,0.1203323004675515
0.0025658085926880208,0.0023818372359818234,0.11727727449582749
0.002768798801877719,0.002626804127873256,0.11586936108364378
0.0024892961725391594,0.0024947985296168676,0.11598649613134232
0.0022409890565430546,0.0023082035428611575,0.11585426250675071
0.002335553479559614,0.002493321743580749,0.11644705065863414
0.002775340679968974,0.002343214601827912,0.11598166692199714
0.0027877096981441716,0.0028691366593328665,0.12351551133786871
0.0026183942301059274,0.0020766274609261637,0.115942450101156
0.0027603660779175446,0.002340438534019537,0.1352299565509516
0.0024589154822512484,0.002291333170097354,0.11585513257120446
0.0025911740724817636,0.0020956380684633135,0.12189735217826032
0.0026515523466768788,0.002425124238685772,0.12734155190301394
0.0020539771609398016,0.002280934364300626,0.11593034136890422
0.0027659566172670573,0.002206923847330508,0.16990643428077054
0.002498084435787261,0.0024078500297429065,0.15852466474989546
0.0025353905845277996,0.0022003913301939524,0.12817613217579213
0.00261471391785385,0.0022532334498826852,0.11584949923017017
0.002491750474771649,0.001952848307942812,0.11802503454966197
0.0027604184497426556,0.002601100899781309,0.11587453910479016
0.0023094601373408984,0.002374709553150531,0.11605264719968174
0.0027332172480182032,0.002786216854650171,0.16168037294118862
0.002638529963178639,0.0024169081850696364,0.11639622938473478
0.0027233165083439,0.0021888522854280387,0.11585419687011868
0.0028892589114448675,0.002216903593593832,0.20707721430816062
0.0023184016875901076,0.0020056556920648094,0.13967616733191263
0.0026231216632659955,0.002300800820973523,0.11586568795494466
0.002604944424605614,0.0020910167271824907,0.13156459814393764
0.0026966663410917216,0.0022011564330502555,0.11635554036691093
0.0021176920674405046,0.0025776868626455427,0.11603698832301158
0.0025253815314279413,0.002305130681186451,0.11591133673559285
0.0024589756575761623,0.002844087923012481,0.1256848813907585
0.002215793770672731,0.002318840606921535,0.14130683754904316
0.0025982325772240964,0.002951561675946673,0.14038157885476718
0.0026477987419256262,0.0025293723934915603,0.11584804733721822
0.0021298772386686288,0.002148283754558342,0.11606695190999133
0.002714690832143339,0.002459895431565674,0.13083935249952144
0.0027221914905390813,0.0022033613045561217,0.11587541383598574
0.0025217883679354985,0.0024770611404189256,0.11588685379212135
0.0025957530640015195,0.0025914387619450554,0.1160584837113459
0.0028405909695105413,0.002632668018691877,0.1430977925896466
0.002682160272321833,0.0026697100883010636,0.13033867291074386
0.0030156378689719593,0.0023112380693829353,0.11593710085066918
0.002497711318156879,0.002668817172183544,0.11854848130624392
0.002790428885768443,0.0023195187870818854,0.14211335676038897
0.0010360419809080485,0.0011867570506584098,0.07748939163591403
0.0009861283063067666,0.00138048814303094,0.06257283812434608
0.00037687519908693887,0.0014201330753129654,0.06239658397775023
0.0001543906986620848,0.0011645311815179,0.0742001840969196
0.0009350407613063598,0.001248423309155936,0.07878867905233039
0.000660522097660029,0.0013446713128082658,0.062411850930469866
0.0008038546623048129,0.0009198123281595876,0.08391823495132282
0.0007784609502312319,0.0013928090216152867,0.09954535839095222
0.0006023488263316246,0.0014978860040365145,0.0840003700804167
0.0005935671388389485,0.0014579735314936403,0.10035061420943808
0.0006962626893916497,0.0013362649354984337,0.07365800595962042
0.00042255546113354945,0.0016010690837292116,0.06254153869889546
0.0005897467473834819,0.0010912504262615482,0.06313270340123714
0.0006043637715855023,0.0015019605380646,0.063595155690355
0.0006498699025083016,0.001749980739782469,0.06403816234507932
0.0007265057229644366,0.001496272065650527,0.06266871656900197
0.0007373495200330356,0.0014287792294487174,0.06334383657970374
0.0009133321394689563,0.0012717210039755859,0.0624540969193682
0.00048759670932500663,0.0012968688816945135,0.0631531310918249
0.0007805735155250102,0.0012250882529107102,0.07181999300411947
0.0005682539457223737,0.001402031241326771,0.06244488636540941
0.0009566443222875591,0.0015239289394370142,0.062499962015870617
0.0008552266957991094,0.0014753881848593013,0.06256971574001159
0.0007280102070689272,0.0012380155635241265,0.062410436409085064
0.0008809950197392667,0.0013122089764202732,0.067291596805422
0.0007669934970039256,0.0011739460136396384,0.06281259510881515
0.0007111822956984295,0.0012028198155040039,0.06320694321464143
0.0011407210849011843,0.0010173055757585804,0.062401665551071954
0.0007034540278654768,0.0011953778230306415,0.06250919820027298
0.0006736971186658317,0.0016513412770004536,0.06276975785078723
0.0008177873651447824,0.0018312237779635999,0.0625246315844533
0.0006939488627706077,0.001289043872834527,0.08224368423913749
0.0008789978591267569,0.001171440591321688,0.06240692367464002
0.0005569893742197235,0.0014653683564682359,0.07278239776827128
0.000882476189286174,0.0014340761930351643,0.08327796717884395
0.0008982053137485368,0.0015122160273024787,0.06314347512547192
0.0006515137721964597,0.0014879237467857597,0.06842727864557513
0.0009077261568753788,0.001337662823338216,0.06304133006132118
0.001466058632660582,0.0033487574438498015,0.19666467690734027
0.001973402540842914,0.0027351308057234594,0.19662603110478977
0.0015305175140734575,0.0030878869489137685,0.20930410228982235
0.001705575504463105,0.0030543418832075005,0.1973812131422186
0.0013327281793242339,0.0035986055317830824,0.19671295528073404
0.0016850304541529773,0.0032644178611309395,0.19662465097019752
0.0015259695088962423,0.003668872929104891,0.21919579159708882
0.0015192180139355215,0.003569543189025015,0.20869160613592172
0.0014826847006074741,0.003487363082104253,0.19766732907055035
0.0017168216857467308,0.0034608602367359504,0.19667741094394983
0.001484672930139007,0.003171142566328426,0.19664551609064587
0.0015895842916696036,0.002832018196466197,0.19663732808798032
0.001942683459890925,0.0034968808788378445,0.1967772752837805
0.001640136309475447,0.0030629976554033948,0.20314480251468633
0.0016975285287156435,0.0029915724828747806,0.21151486638414044
0.0016053537458204754,0.0034309662996008165,0.1966332722147599
0.0016110511914756813,0.003205820052276767,0.19682465369274882
0.0014600224063781191,0.003258295835228552,0.1968509241092138
0.001673765250123653,0.003051915770368084,0.1966525474903791
0.0015637783575013662,0.003560466339973403,0.19669147059226758
0.001810685564402745,0.0032985640063485236,0.19677002374763333
0.0012433967761491173,0.0030323411813993843,0.19965962719340488
0.0017687982230237137,0.003244719100244527,0.1970139627125196
0.0015019790960656663,0.0030018770176562385,0.1969232589859752
0.001426853300852632,0.00343675054845221,0.19949335570545793
0.003183846155224006,0.007982130771003798,0.07120177966994058
0.0029099827810201255,0.00807275640284092,0.07117853257298691
0.0033520655729605063,0.008233782881551535,0.08050840338500664
0.0036909119820823463,0.007845329219473915,0.07368274785495266
0.0033688531804653785,0.008253114350307863,0.07116217557158798
0.003199827204378881,0.00785829721909051,0.07125254849180744
0.003236170367605638,0.00824223673020202,0.07120778198175379
0.0035557328262058718,0.008264505277789488,0.07575421302118199
0.0035370093197564668,0.008382874032334583,0.09684712737349249
0.0039035739312971,0.008046598249058646,0.0712980369645335
0.003298520698426366,0.00788768445294135,0.07129549040054899
0.0033491642271879576,0.008098270948720251,0.071255570490015
0.003520694907149221,0.007901235418522211,0.08530149628710883
0.003262109895297706,0.00815766006547831,0.08385289888708715
0.0032579065396244776,0.007819838009323425,0.07123262113880313
0.00351164747407316,0.007770654438608864,0.0713645659987656
0.003198619157211395,0.00827620664285013,0.07117637911708768
0.003030156471009971,0.008276510486849064,0.07152167274986464
0.003441996186437842,0.008013306795637347,0.07116788268703515
0.0034282638392155017,0.008537960530672755,0.07125892234077796
0.0034270312024295172,0.007925361428897298,0.07126460985586991
0.003428730926203623,0.007862505049698239,0.07121547381707007
0.0031557646928325805,0.008307820918747483,0.07116637916469852
0.0030740352710411653,0.008223063905317561,0.08454840357233329
0.0028970160734766454,0.008405435127351927,0.07449931611278741
0.00368199853742192,0.00798151970632804,0.0849049432861862
0.0028279908665927245,0.007967332583099649,0.0712171578610496
0.003856084985945444,0.007980028430198556,0.07124747725461285
0.0035689169619357213,0.007924528945874448,0.08919211389246587
0.0033998582246244544,0.007905902218180232,0.07119177311192892
0.003630980459914954,0.008023404312045313,0.07126278481823224
0.002957366450197918,0.008033569700454057,0.07124375953218899
0.0035466654151992795,0.00815246436405236,0.0712236782260598
0.0035072956930771258,0.007841220705134693,0.07120977106152099
0.0035432919050188477,0.008946426154007278,0.1780195671036414
0.0033734277262678566,0.008985728517334307,0.17822208946741902
0.0036044998336446994,0.009174688071852182,0.17807240904344912
0.004042301899925687,0.008836697941223742,0.17854697031823996
0.0037912113401266795,0.008898025204840579,0.178178845093969
0.0036326055133409606,0.008913579409193158,0.1779524990081198
0.0038863159141076143,0.009214992042956694,0.1990035961466731
0.003889895330994103,0.008625169384996792,0.18780564595253618
0.0038969370321718087,0.008612387839148044,0.19488219837875573
0.0038026895313186065,0.008894816249485068,0.1781148442647259
0.0030025079417299928,0.00913426427620709,0.17795843753829174
0.003318847488887975,0.009395243951703177,0.19141742011873253
0.003654416588532674,0.009138923683226526,0.18112205954363514
0.00329096291827209,0.009084638130572836,0.1779373061973222
0.003701144073687712,0.00875907429801242,0.2053001562384574
0.0035606295110717024,0.00919584178815803,0.17828030194078265
0.0036670608907012118,0.009170913079421378,0.22016650862585593
0.0034256469583608387,0.008858734172543061,0.1779543309909862
0.0035411596426387715,0.008666849226516202,0.2030354821641112
0.0035589329053120136,0.009258420288778588,0.1795901262797174
0.003977034096608523,0.009135164880541901,0.17846355895930377
0.0035214156685721104,0.009024513792341095,0.17822381485548577
0.003493092189418334,0.009007788614533047,0.20469465026573344
0.003855726849408675,0.008954595240833137,0.1783733329923949
0.003632206463440074,0.008738286201395929,0.17796019642253907
0.003818450366595678,0.009392485560531613,0.18361628535826496
0.0035011627288841583,0.00886196193400486,0.18928788387892742
0.003306416595932995,0.009088721486680778,0.18073523521888876
0.0039846323880586825,0.008922494169783827,0.1780066717391676
0.0034223395940953067,0.009121269239714923,0.18718048989684719
0.0037754296081433107,0.009428740497603148,0.19201968263293737
0.003686622623244731,0.008927462187352105,0.1779950844260543
0.0034061721593481873,0.00903849249862862,0.17795124961535658
0.003862594026684767,0.00874015731772562,0.18234072808353777
0.003656882046351825,0.008563510621124298,0.17796850092196667
0.003181772955109828,0.009155061322709152,0.17851201811632372
0.0034994188366077603,0.008872400514257913,0.17982795146848285
0.003799504709581551,0.008917413293426314,0.17793864842127535
0.003745415182793642,0.009122860016480243,0.17827910908097552
0.00364560774558424,0.00922469760020415,0.17990673441886154
0.003572070873076748,0.008852152447300686,0.1780585654422691
0.0037779430380352275,0.008972995543695687,0.17795983162275683
0.003328774968592501,0.009026458231076187,0.20534575086995877
0.0038406793274069193,0.009051437515555339,0.20648374550285867
0.003493384113013059,0.009229736669592767,0.18643571841458134
0.0034198194482736315,0.008719016748880447,0.1780437153497551
0.0036439121447969123,0.008843847527980703,0.1876260908429448
0.003914069459328966,0.008988945969854754,0.20692758519906349
0.0035898425571268266,0.00871605283074611,0.19328017835734398
0.003764393129626194,0.008901342467461966,0.177975350274971
0.009084118861374396,0.004976152665963952,0.05653160094258046
0.009256177126205762,0.00557685207161193,0.07291246820840722
0.008879921914308192,0.00548632254321348,0.09672048162706615
0.008764935949015151,0.005300274308454017,0.06892819942931222
0.008979797551945137,0.005450341215904591,0.05693141465374436
0.009110307466483603,0.005111210231939526,0.05649081410355316
0.009044291818788592,0.005241327840228241,0.05673564694212559
0.008691597824324819,0.005368502360981332,0.056472189673609716
0.00881407181551468,0.005525436946627516,0.057642894689435537
0.009134968596314207,0.00528232040314928,0.08192048884955551
0.008916935217683357,0.00542911961489203,0.05669802485109431
0.009184688703986381,0.005821404729925784,0.0565269592165374
0.008919295211030792,0.0051818342636749575,0.056479799757859675
0.008954065616253809,0.005285616593299134,0.05653068981633757
0.00872262885061466,0.005136349217183891,0.0567475838633713
0.009017945139817378,0.005118776208210941,0.056661366580737955
0.008872530568785057,0.005171491140898884,0.0720002588707993
0.00906456742540739,0.005104085953598642,0.05652116711085707
0.008580934064225675,0.0051076433371498595,0.05649050193209927
0.00905290944093672,0.005147544744192907,0.05650154854711907
0.008900612591127923,0.005546796605756443,0.05731336175636475
0.009202310581182592,0.005550374432136852,0.06511627471442744
0.00889852132875816,0.005138692013565524,0.06475031894263053
0.008882181185977849,0.005626087519451365,0.06998024614415593
0.009024209937659006,0.0052911485175119975,0.05664384991421692
0.00886463020935064,0.005263253470573068,0.05700376272022172
0.008721291492366797,0.005195086582403541,0.10131638172737734
0.008904546148775637,0.005182859581754986,0.05653637047171248
0.009188738288239812,0.005192394552355626,0.0640610552758872
0.008647014346930021,0.0056602572906624534,0.06109736135847145
0.008922296015171282,0.005113728780564285,0.058709718465012536
0.008963613933553917,0.005544261731010125,0.07884310430045519
0.009003192803817757,0.005466295585633417,0.05654707229241414
0.009260216119806132,0.005221966055350996,0.07517494082300491
0.008860840550589699,0.0051066592522865375,0.12511640607061755
0.008877993219801558,0.004998119160042759,0.056962338074507284
0.00884838650545425,0.005513255966251434,0.056549454065412647
0.00904299276426289,0.00539083491355529,0.05663110085650189
0.008958490250716458,0.005192698400083614,0.06914379679504074
0.008781522481119016,0.005128505774058474,0.0767474031054474
0.008537161094281206,0.005399891313594714,0.05647165580218521
0.008987737154020091,0.005308009302106427,0.056520319088228535
0.00918293206721635,0.004796441990267903,0.08796334431888192
0.00918422361797351,0.005242369664997762,0.06122375759412281
0.009290725157738516,0.00539890011091776,0.05694688189026998
0.008936401075153295,0.00540894680576887,0.0686517562878457
0.009104538892579688,0.004948175876794423,0.05673388660802285
0.009223568264815678,0.005020439755137927,0.07401228036920308
0.008771316313201112,0.00541731452674451,0.05650893921789256
0.009240796353985366,0.005390348414712859,0.056477644342145354
0.009287906259727455,0.005415305035990111,0.056686318359418966
0.0086522418345282,0.005306887914563997,0.096944064045826
0.00850372807333859,0.0054748849203581605,0.05650872288722296
0.009134667605643227,0.0051741504930181426,0.05648617376089872
0.00917357577953042,0.005213632326648233,0.0566519286884614
0.008755565705372935,0.00548034314536001,0.056603352367822476
0.009335495455854555,0.005589504801957491,0.05725543005918283
0.00895449554382063,0.005481384955650771,0.057598996305738046
0.008864836271281096,0.005163668658209487,0.0681564802627736
0.009041676165459128,0.005466889858724913,0.05670742906392688
0.008743473295236797,0.005421756138198379,0.0646667948305354
0.00895323815630332,0.005568608110117152,0.0837471118511524
0.00879196006848313,0.0054876377902071845,0.07631073305590075
0.009029053834044442,0.005105788736830573,0.057713140683405655
0.008683927996714743,0.005276722684284242,0.0565799129320597
0.009012003753943247,0.005123433673718646,0.06728491540359163
0.009269089249913045,0.005234076466547541,0.06008135857603763
0.009331573192739574,0.005275767817634288,0.060378161085123054
0.009081129173053685,0.0050020026917002944,0.060709471603571714
0.008958351214344325,0.005260696103517788,0.05647818630382913
0.008959328120628903,0.005241426131287415,0.05647267096621406
0.008694701391119343,0.00511289307176615,0.05648490619439168
0.009560338373114126,0.005274460109862409,0.05649377446609263
0.009068261624975385,0.005389944007669224,0.05669622547719482
0.009016834447739264,0.005500355014188426,0.056472927569276805
0.00894279683927194,0.005352319333948933,0.057010483440405164
0.0089071258473587,0.005722562066059363,0.07540393661038927
0.008992997069264501,0.005255792370049747,0.05658579072577612
0.008864494737679052,0.005553770861224885,0.05662171898545059
0.008975864277564034,0.005569313792748005,0.056576806948948594
0.00929948071260458,0.005119770922542737,0.08122134871632679
