x [px], y [px], t [s], nPhotons [1], PSD value, t_relToExtTrigger [s]
  31.14,  213.99, 3.704842187500e-03, 181.0, 4.250425939227e-02, nan
  61.52,  225.06, 3.717553125000e-03,  99.0, 1.116376455650e-01, nan
  20.45,  172.56, 3.723854687500e-03, 107.0, 1.843460813814e-01, nan
  27.15,  215.46, 3.774618750000e-03,   9.0, 5.803948940972e-02, nan
  11.24,  244.27, 3.783610937500e-03,  52.0, 3.552018115986e-02, nan
  14.53,  221.43, 3.791218750000e-03,   3.0, 2.993233281250e-02, nan
  35.91,  205.49, 3.837135937500e-03,  10.0, 6.815912265625e-02, nan
  16.43,  210.03, 3.900914062500e-03,   3.0, 5.636206510417e-02, nan
  11.68,  247.02, 3.962620312500e-03,  22.0, 1.709860255682e-02, nan
  29.44,  202.75, 9.957646875000e-03,   2.0, 2.633298750000e-02, nan
  13.54,  180.95, 1.093948750000e-02,   8.0, 1.200410341797e-01, nan
 194.12,  138.45, 1.289130625000e-02, 158.0, 9.727667469343e-02, nan
 202.99,  137.66, 1.289167343750e-02,  46.0, 8.874407809103e-02, nan
 174.07,  126.91, 1.289551406250e-02,  89.0, 2.794869165028e-01, nan
 203.92,  147.20, 1.290557812500e-02,   9.0, 8.966324618056e-02, nan
 237.76,  177.41, 1.290559375000e-02,  89.0, 2.090048298104e-01, nan
 201.70,  147.18, 1.319995625000e-02,   4.0, 1.266325222656e-01, nan
 176.98,  238.58, 1.357757812500e-02,  79.0, 6.390014863528e-02, nan
 178.57,  250.37, 1.357820937500e-02,   6.0, 1.854709791667e-02, nan
 193.71,  243.82, 1.358008750000e-02,   3.0, 2.476423958333e-03, nan
 160.05,  251.66, 1.359554062500e-02,   7.0, 4.702566361607e-02, nan
 144.36,   36.15, 1.470990312500e-02, 385.0, 4.991311313352e-01, nan
 100.67,   29.44, 1.471346406250e-02,   1.0, 0.000000000000e+00, nan
 113.50,   21.45, 1.471971250000e-02,   4.0, 7.428740585938e-02, nan
 125.20,   46.59, 1.477107968750e-02,  85.0, 3.760314494485e-02, nan
 117.05,   44.52, 1.479004531250e-02,   3.0, 4.690467604167e-02, nan
 129.30,   81.41, 1.481024531250e-02,  47.0, 1.615783342088e-01, nan
 119.75,   54.14, 1.489725000000e-02,   7.0, 2.262786919643e-02, nan
  81.38,  169.03, 1.508826562500e-02, 669.0, 5.141505273356e-01, nan
  99.09,  211.00, 1.509780468750e-02, 490.0, 3.919558678189e-01, nan
  81.10,  231.44, 1.515677968750e-02,  20.0, 1.252992796094e-01, nan
   9.97,   94.96, 1.579761093750e-02,  94.0, 5.520420754654e-02, nan
   6.88,   96.67, 1.580943593750e-02,  18.0, 5.595182222222e-02, nan
  19.38,   92.70, 1.582103437500e-02,   8.0, 5.597160039063e-02, nan
   2.30,   98.62, 1.583416562500e-02,   3.0, 4.479322395833e-02, nan
  22.65,  239.53, 1.696333125000e-02,   2.0, 2.006093750000e-05, nan
  16.18,  254.73, 1.696523750000e-02,   4.0, 2.600781249998e-06, nan
   5.61,  255.61, 1.696550625000e-02,   5.0, 5.657508718750e-02, nan
   7.65,  240.64, 1.696719531250e-02,   2.0, 3.632511718750e-03, nan
 200.98,  170.71, 1.753392968750e-02,  31.0, 1.461157824093e-01, nan
 100.46,  213.81, 2.125767031250e-02,  66.0, 9.931446133996e-02, nan
 125.57,  206.52, 2.126347656250e-02,  41.0, 8.510167560976e-02, nan
  80.96,  185.06, 2.126605937500e-02,  77.0, 1.664443977070e-01, nan
 160.60,  217.53, 2.127797031250e-02,  55.0, 1.651018673011e-01, nan
 124.57,  233.07, 2.128014062500e-02,   6.0, 8.061066484375e-02, nan
 114.86,  165.91, 2.128099062500e-02, 287.0, 3.771461282121e-01, nan
 105.90,  218.18, 2.128152031250e-02,   8.0, 9.312415625000e-02, nan
 110.06,  234.91, 2.130673750000e-02,   5.0, 1.306215446875e-01, nan
  92.07,  217.92, 2.133053750000e-02,   9.0, 1.219042737847e-01, nan
 167.18,  223.65, 2.135800468750e-02, 139.0, 2.618164515400e-01, nan
 136.39,  221.38, 2.309960000000e-02,  11.0, 5.542507911932e-02, nan
 199.93,  193.19, 2.340295625000e-02,  93.0, 1.542550496808e-01, nan
 179.12,  198.71, 2.340309375000e-02,   4.0, 1.266243046875e-02, nan
 200.06,  180.90, 2.340632343750e-02,  15.0, 7.765982145833e-02, nan
 197.93,  198.49, 2.341085468750e-02,  15.0, 1.901004414583e-01, nan
 185.62,  204.93, 2.343287968750e-02,   2.0, 1.283070937500e-02, nan
 158.12,  249.83, 2.545985468750e-02,   6.0, 2.320011640625e-02, nan
  61.93,  176.78, 2.615532343750e-02, 345.0, 4.306755566893e-01, nan
  74.49,  163.77, 2.615545781250e-02, 148.0, 4.970187905933e-01, nan
  49.74,  151.20, 2.615570937500e-02,  19.0, 8.463186250000e-02, nan
  60.24,  164.26, 2.615813906250e-02,  14.0, 8.581414810268e-02, nan
  33.87,  162.28, 2.616660781250e-02,   2.0, 2.069109843750e-02, nan
  62.91,  128.71, 2.620602343750e-02, 103.0, 1.747559825546e-01, nan
  61.96,  176.55, 2.620860156250e-02,  43.0, 2.443858640988e-02, nan
  90.12,  173.00, 2.642950312500e-02,  47.0, 8.808346755319e-02, nan
 110.41,   59.91, 2.761154062500e-02,   3.0, 2.794157291667e-03, nan
 134.72,   51.82, 2.761237343750e-02,   4.0, 3.618417890625e-02, nan
 118.58,   45.66, 2.761938593750e-02,   2.0, 1.000097265625e-02, nan
 138.76,   80.81, 2.765142031250e-02,  60.0, 1.541875629948e-01, nan
 168.98,  232.46, 2.787807656250e-02,   8.0, 1.027201222656e-01, nan
 117.11,  114.28, 2.788578281250e-02, 101.0, 1.801743225248e-01, nan
 248.64,  176.19, 3.102860156250e-02,  86.0, 8.580437421875e-02, nan
 258.75,  166.97, 3.103493125000e-02,   6.0, 2.935154427083e-03, nan
 244.19,  173.09, 3.103527812500e-02,   5.0, 9.484371875000e-03, nan
 256.10,  185.08, 3.104280625000e-02,   4.0, 1.648714687500e-02, nan
  63.07,  189.41, 3.351245156250e-02,  11.0, 1.772661178977e-02, nan
 129.40,  171.09, 3.351417343750e-02, 455.0, 5.545013434478e-01, nan
  79.09,  176.14, 3.351666718750e-02,  11.0, 4.360998423295e-02, nan
  68.80,  164.95, 3.351832656250e-02,   6.0, 7.957385130208e-02, nan
  63.72,  180.77, 3.358353593750e-02,   3.0, 1.524907135417e-02, nan
  92.00,  170.56, 3.461149218750e-02,   7.0, 5.256887165179e-02, nan
 134.24,  218.70, 3.548399218750e-02,   3.0, 3.231202968750e-02, nan
 132.73,  213.75, 3.964509375000e-02,   2.0, 2.215147734375e-02, nan
 133.79,  204.28, 3.965802968750e-02,   2.0, 2.826137500000e-03, nan
 139.22,   40.52, 4.711930781250e-02,  11.0, 6.691236931818e-03, nan
 140.68,   47.15, 4.711988437500e-02,   3.0, 2.204744791667e-04, nan
 128.11,   15.30, 4.712413906250e-02,   6.0, 5.378996901042e-02, nan
 131.01,   31.27, 4.712837968750e-02,   2.0, 4.033769453125e-02, nan
 243.21,   84.02, 4.859353125000e-02, 165.0, 4.591432744318e-02, nan
 245.83,   78.02, 4.859612656250e-02,  17.0, 4.018599650735e-02, nan
 221.11,   85.26, 4.859760781250e-02,  42.0, 3.847874241071e-02, nan
 244.91,   91.65, 4.859796250000e-02,   8.0, 6.220278652344e-02, nan
 253.90,   76.93, 4.860373437500e-02,   4.0, 5.705096210937e-02, nan
 219.69,   39.99, 4.861105625000e-02, 130.0, 9.796678730769e-02, nan
 225.91,   36.87, 4.877906718750e-02,  45.0, 3.676489694444e-02, nan
 102.69,  179.11, 4.882827656250e-02, 118.0, 2.634864524629e-01, nan
 233.64,   63.21, 5.064361250000e-02,   6.0, 5.723338541667e-02, nan
 235.57,   39.41, 5.084983593750e-02,  12.0, 3.376436184896e-02, nan
 200.79,   55.56, 5.126302656250e-02, 183.0, 2.454501162739e-01, nan
 244.59,    7.01, 5.127079531250e-02,   5.0, 2.409099968750e-02, nan
 223.54,   35.49, 5.127282343750e-02,  35.0, 9.007457901786e-03, nan
 242.95,   16.06, 5.127861875000e-02,   3.0, 1.384169114583e-02, nan
  54.73,   79.64, 5.130127343750e-02,  55.0, 5.200657303977e-02, nan
  67.52,   88.83, 5.132558125000e-02,   2.0, 3.302578125000e-05, nan
  58.96,   77.90, 5.132880781250e-02,   9.0, 4.932005295139e-02, nan
  53.96,   75.56, 5.135780312500e-02,   4.0, 6.672384257812e-02, nan
  52.31,   85.64, 5.141402812500e-02,   2.0, 3.128778906250e-02, nan
 231.16,   18.54, 5.144339531250e-02,   2.0, 3.694256406250e-02, nan
 226.76,   40.42, 5.202207656250e-02,  11.0, 7.522843750000e-04, nan
 206.58,   36.31, 5.202381562500e-02, 177.0, 6.477349003619e-01, nan
 224.70,   30.39, 5.202418437500e-02,   2.0, 1.230515625000e-04, nan
 188.50,   26.85, 5.205611406250e-02,  12.0, 8.179541471354e-02, nan
 240.55,   37.17, 5.212723281250e-02,   2.0, 1.458980468750e-03, nan
 185.62,   41.69, 5.221490156250e-02,  48.0, 4.965764472656e-02, nan
 144.12,  251.12, 5.327070000000e-02,   1.0, 0.000000000000e+00, nan
 182.64,   57.14, 5.486367656250e-02,  41.0, 1.101456116616e-02, nan
 209.75,   77.69, 5.486482656250e-02,  30.0, 1.928091458333e-02, nan
 175.34,   95.48, 5.486525781250e-02, 163.0, 2.454502566910e-01, nan
 200.06,   62.80, 5.486819531250e-02,  11.0, 2.290834588068e-02, nan
 183.03,   75.28, 5.487141406250e-02,   3.0, 6.696449687500e-02, nan
 177.17,   82.13, 5.494621250000e-02,   4.0, 5.756976328125e-02, nan
 242.19,   51.96, 5.504170000000e-02,   1.0, 0.000000000000e+00, nan
  65.93,  194.90, 5.629458750000e-02,   1.0, 0.000000000000e+00, nan
  57.04,  194.61, 5.630670625000e-02,   2.0, 3.318749999998e-06, nan
  49.50,  155.67, 5.738399531250e-02,   2.0, 4.500752968750e-02, nan
 205.60,   64.58, 5.813536406250e-02,   3.0, 1.241386927083e-02, nan
  13.62,   20.72, 5.836287968750e-02, 122.0, 1.393545412782e-01, nan
  14.67,    7.88, 5.837751406250e-02,  26.0, 1.407819638221e-01, nan
  27.69,   46.87, 5.838467968750e-02, 396.0, 5.384406098840e-01, nan
  41.45,  220.26, 6.259911093750e-02,  91.0, 3.054514918441e-01, nan
   2.86,  139.23, 6.290096093750e-02,  28.0, 7.193048270089e-03, nan
   7.52,  144.54, 6.290483437500e-02,   2.0, 1.541406250000e-05, nan
  -6.16,  146.46, 6.290960625000e-02,   1.0, 0.000000000000e+00, nan
  67.04,  222.23, 6.404646406250e-02,   2.0, 4.263610156250e-02, nan
   3.92,  174.28, 6.685934531250e-02,   4.0, 1.841235859375e-02, nan
  18.88,  188.33, 6.692878750000e-02,   2.0, 1.815312343750e-02, nan
  31.59,  167.99, 6.738604531250e-02,   6.0, 9.483487968750e-02, nan
  76.84,  145.45, 6.805863906250e-02,   2.0, 2.716093750000e-05, nan
  59.01,  129.86, 6.807473593750e-02,   4.0, 4.859514218750e-02, nan
 171.05,   50.65, 6.818010781250e-02,   2.0, 3.521047500000e-02, nan
 132.43,   70.21, 7.047635156250e-02, 305.0, 6.332744068699e-01, nan
 212.33,   84.24, 7.060579062500e-02,  19.0, 1.150822968750e-02, nan
 125.28,   18.46, 7.263675937500e-02,  12.0, 3.296031523437e-02, nan
 134.29,   17.11, 7.265645000000e-02,   3.0, 2.170676145833e-02, nan
 223.00,   98.12, 8.034211250000e-02,   2.0, 6.124453125000e-05, nan
 212.36,   98.47, 8.034670156250e-02,   2.0, 5.386356250000e-03, nan
 143.78,  223.70, 8.394706718750e-02,   1.0, 0.000000000000e+00, nan
 127.41,  238.67, 8.424437187500e-02,   2.0, 3.600701562500e-03, nan
 250.89,  101.77, 8.666070625000e-02,   3.0, 5.558630677083e-02, nan
 118.12,  225.27, 8.970032812500e-02,   2.0, 4.780499687500e-02, nan
 247.37,  173.00, 9.649022031250e-02,   9.0, 8.759812170139e-02, nan
 115.81,  112.68, 9.830291406250e-02,  40.0, 1.420552919531e-01, nan
 139.93,   80.88, 9.831023906250e-02,  11.0, 8.312239460227e-02, nan
 137.30,   90.42, 9.871615781250e-02,   1.0, 0.000000000000e+00, nan
 145.69,   71.86, 9.917282968750e-02,   3.0, 6.957159114583e-02, nan
 211.25,  158.91, 1.024355468750e-01,   3.0, 8.218229166667e-06, nan
 203.59,  158.01, 1.024405750000e-01,   2.0, 1.773671875000e-05, nan
 192.72,  157.00, 1.024618750000e-01,   1.0, 0.000000000000e+00, nan
 201.30,  168.46, 1.025444015625e-01,   2.0, 1.391949218750e-03, nan
 208.76,  192.16, 1.053294125000e-01,   4.0, 2.544553515625e-03, nan
 125.47,    6.54, 1.090120984375e-01,   2.0, 7.517656250000e-05, nan
 108.57,  175.24, 1.091820203125e-01,   1.0, 0.000000000000e+00, nan
 234.95,  141.51, 1.130181890625e-01,  18.0, 1.005513327257e-01, nan
  44.83,   70.03, 1.139876234375e-01,   3.0, 1.117060416667e-03, nan
 104.50,  117.50, 1.175024687500e-01,  42.0, 7.777760119048e-03, nan
  97.37,  113.21, 1.175042984375e-01,   4.0, 6.361575781250e-03, nan
 116.59,  109.60, 1.175049437500e-01,  22.0, 6.711189218750e-02, nan
 167.39,  222.28, 1.238948953125e-01,   3.0, 4.781614583334e-05, nan
  70.98,  120.93, 1.290306203125e-01,  18.0, 1.392397551215e-01, nan
  14.67,   -3.11, 1.302586640625e-01,   3.0, 6.591433541667e-02, nan
 183.89,   81.05, 1.315980390625e-01,   2.0, 7.998210937500e-04, nan
 170.14,   93.79, 1.316091609375e-01,   3.0, 1.512715625000e-02, nan
 226.53,  145.89, 1.365315859375e-01,   2.0, 4.381080078125e-02, nan
 186.65,   34.55, 1.369934062500e-01,  38.0, 7.524805723684e-02, nan
 176.14,   18.28, 1.369935484375e-01,   2.0, 2.090703125000e-05, nan
 166.57,   14.79, 1.369945843750e-01,   2.0, 2.063715078125e-02, nan
 185.53,   14.33, 1.369947609375e-01,   3.0, 1.536677083333e-04, nan
 174.86,   -7.11, 1.370336140625e-01,   1.0, 0.000000000000e+00, nan
 188.69,  194.74, 1.395195296875e-01,   3.0, 6.624578906250e-02, nan
 242.45,  246.54, 1.416607515625e-01,  37.0, 1.571242867399e-02, nan
 239.12,  244.42, 1.416644875000e-01,   3.0, 1.763564375000e-02, nan
 251.68,  248.24, 1.416659046875e-01,   7.0, 1.829308906250e-02, nan
 244.70,  220.22, 1.417157921875e-01,  13.0, 3.586732548077e-02, nan
 210.78,  241.86, 1.418592750000e-01,  17.0, 6.753326691176e-02, nan
 187.96,   38.68, 1.439333718750e-01,   4.0, 6.490130234375e-02, nan
 111.56,  102.47, 1.445265437500e-01,   2.0, 4.932377421875e-02, nan
  70.81,  231.48, 1.481248390625e-01,   1.0, 0.000000000000e+00, nan
 113.17,  186.72, 1.489860687500e-01, 120.0, 3.295606710417e-01, nan
 235.65,  156.31, 1.496336734375e-01,   1.0, 0.000000000000e+00, nan
  45.73,  238.75, 1.498516000000e-01,  33.0, 8.185609218750e-02, nan
 244.90,  142.12, 1.504366250000e-01,   2.0, 3.667437578125e-02, nan
 100.56,  220.81, 1.515054125000e-01, 165.0, 5.067809927652e-01, nan
 233.10,  167.97, 1.545821000000e-01,   2.0, 2.048588203125e-02, nan
  50.11,   23.30, 1.576024843750e-01,  43.0, 1.133312418241e-01, nan
 149.80,  230.48, 1.611881640625e-01, 145.0, 2.734796673168e-01, nan
 246.50,  229.75, 1.613320421875e-01,   3.0, 7.416915625000e-03, nan
  81.42,  214.23, 1.648815953125e-01,  42.0, 3.112602648810e-01, nan
 246.02,  218.43, 1.651359125000e-01,  19.0, 1.096465707237e-03, nan
 253.15,  222.51, 1.651414140625e-01,   3.0, 3.654270833334e-05, nan
 247.83,  206.06, 1.651455000000e-01,   3.0, 3.837507291667e-03, nan
 127.84,  178.48, 1.684876937500e-01,   7.0, 6.599711116071e-02, nan
 125.21,  181.41, 1.684907265625e-01,   2.0, 3.784403671875e-02, nan
 137.50,  161.23, 1.685481703125e-01,  25.0, 2.367947381250e-02, nan
  92.32,   15.17, 1.687835968750e-01,  62.0, 2.339411452873e-01, nan
 154.79,  107.83, 1.697620718750e-01,  24.0, 1.510615513672e-01, nan
  44.22,   47.75, 1.707953531250e-01, 131.0, 3.646421725429e-01, nan
  56.52,   46.84, 1.708003500000e-01, 272.0, 5.641804253791e-01, nan
 167.83,  143.41, 1.721353484375e-01,  69.0, 3.287162104167e-01, nan
 223.43,  234.31, 1.758398421875e-01,   2.0, 2.009288750000e-02, nan
 221.15,  223.15, 1.807921515625e-01, 304.0, 4.744725710167e-01, nan
 157.91,  171.62, 1.886655937500e-01,  34.0, 4.880121488971e-02, nan
 143.12,  171.33, 1.886656890625e-01,   3.0, 1.254835416667e-03, nan
 159.47,  173.44, 1.887502625000e-01,   9.0, 4.708203697917e-02, nan
 123.92,  204.33, 1.899240640625e-01,   4.0, 8.762313046875e-02, nan
 164.12,  175.81, 1.907911109375e-01,  11.0, 4.705819659091e-02, nan
 229.43,  188.89, 1.923112031250e-01,   3.0, 6.409515625000e-02, nan
 245.24,  193.23, 1.923435250000e-01,   2.0, 4.386501406250e-02, nan
 180.04,  161.61, 1.932185875000e-01,   2.0, 2.382187265625e-02, nan
 229.19,  232.67, 1.940365953125e-01, 107.0, 4.248709343604e-01, nan
 194.09,  256.67, 1.985271921875e-01,  19.0, 4.704597779605e-03, nan
 194.57,  255.82, 1.985426453125e-01,   5.0, 9.832398125000e-03, nan
 201.15,  248.73, 1.985497437500e-01,   2.0, 4.830176562500e-03, nan
 200.85,  244.46, 1.985933890625e-01,   2.0, 2.184997656250e-03, nan
  55.72,  153.10, 1.988551359375e-01,  49.0, 1.635045352041e-01, nan
 175.48,   88.45, 2.058069906250e-01,  11.0, 8.468079559659e-02, nan
 212.33,   76.24, 2.059013125000e-01,  42.0, 1.810577354539e-01, nan
  60.59,  166.73, 2.071888234375e-01,  15.0, 1.937578195833e-01, nan
  55.57,  119.97, 2.198595890625e-01,  10.0, 6.349027250000e-02, nan
  59.54,  110.93, 2.199562515625e-01,   2.0, 2.832191796875e-02, nan
  15.31,  242.52, 2.242064515625e-01, 137.0, 1.204447977532e-01, nan
  43.09,  230.38, 2.242065140625e-01,   7.0, 1.828255089286e-02, nan
   8.61,  236.77, 2.242254656250e-01,  31.0, 6.882231048387e-02, nan
  49.52,  220.86, 2.242408546875e-01,   3.0, 4.332391562500e-02, nan
 119.82,  147.23, 2.299681828125e-01,  46.0, 1.299621020041e-01, nan
 187.99,   43.22, 2.304370078125e-01,   1.0, 0.000000000000e+00, nan
 208.56,  204.61, 2.311874281250e-01,   2.0, 8.655781250000e-05, nan
 223.63,   19.57, 2.330226328125e-01, 144.0, 1.716441018772e-01, nan
 108.39,  141.22, 2.401615609375e-01,   9.0, 1.764029687500e-03, nan
 101.03,  143.54, 2.401635703125e-01,   5.0, 8.799687500000e-06, nan
 159.41,  223.37, 2.407840468750e-01,  39.0, 1.257328675881e-01, nan
 164.78,  168.88, 2.407957703125e-01,   3.0, 4.233593750000e-05, nan
  28.85,   20.52, 2.410003140625e-01,   3.0, 4.268728177083e-02, nan
 105.29,  174.45, 2.417546156250e-01,  17.0, 1.478409982537e-01, nan
 115.51,  210.57, 2.418133859375e-01,   3.0, 4.898982864583e-02, nan
  31.02,    1.56, 2.420706562500e-01,  46.0, 1.401104016984e-01, nan
 163.06,  201.45, 2.465669296875e-01,   1.0, 0.000000000000e+00, nan
 169.77,  234.65, 2.465674859375e-01,  12.0, 1.126455886719e-01, nan
  16.72,  173.94, 2.503437390625e-01,  47.0, 1.423927992686e-01, nan
  58.63,   41.10, 2.508975031250e-01, 306.0, 5.009857857486e-01, nan
  69.27,   67.67, 2.509034171875e-01, 362.0, 2.920349182364e-01, nan
   1.61,   45.03, 2.509110734375e-01,   2.0, 2.643281250000e-05, nan
  19.45,   46.01, 2.510163750000e-01,  34.0, 2.418822614890e-01, nan
 214.76,  184.87, 2.530987000000e-01, 327.0, 6.964112295919e-01, nan
 167.60,  120.82, 2.539899218750e-01,   5.0, 6.482298281250e-02, nan
 188.98,  115.05, 2.539958187500e-01,   3.0, 4.099935833333e-02, nan
  -5.70,   15.16, 2.549215671875e-01,   3.0, 6.537694739583e-02, nan
 117.01,   28.63, 2.593043031250e-01, 130.0, 5.232056330529e-02, nan
 144.90,   46.27, 2.593044390625e-01, 381.0, 5.244289760909e-01, nan
 139.55,   17.64, 2.593045390625e-01,  59.0, 2.066033681144e-01, nan
 144.31,    9.98, 2.593363765625e-01,   5.0, 6.317170875000e-02, nan
 115.33,    8.25, 2.593698578125e-01,   2.0, 4.018189921875e-02, nan
 128.32,   30.15, 2.594921312500e-01,  13.0, 2.786066814904e-02, nan
 131.04,   17.62, 2.596540703125e-01,   2.0, 3.850758906250e-02, nan
 163.17,  128.25, 2.606951562500e-01,   5.0, 8.342077843750e-02, nan
  62.83,   37.53, 2.617685609375e-01,   3.0, 3.814227395833e-02, nan
  68.30,  187.17, 2.625494234375e-01,  27.0, 1.590247922454e-01, nan
  30.78,   47.96, 2.626921531250e-01,   2.0, 6.811351562500e-04, nan
  56.48,   55.85, 2.626939265625e-01, 119.0, 3.089123111213e-01, nan
  43.55,   64.66, 2.627043671875e-01,   6.0, 4.571402604167e-02, nan
  27.05,   36.60, 2.627079750000e-01,   2.0, 7.776718749999e-05, nan
  67.67,  152.84, 2.630912531250e-01,  34.0, 9.461727987132e-02, nan
  62.85,   39.97, 2.635969421875e-01,   3.0, 3.095711458333e-02, nan
 101.37,  156.09, 2.659758203125e-01,  10.0, 1.193777739062e-01, nan
  25.57,   94.79, 2.679989625000e-01, 249.0, 3.680799644892e-01, nan
  20.25,  111.53, 2.680014828125e-01, 112.0, 1.092002106724e-01, nan
  49.90,   96.20, 2.680092937500e-01,   2.0, 1.398979375000e-02, nan
  10.01,  117.01, 2.680455328125e-01,  30.0, 3.948824588542e-02, nan
  17.19,   81.40, 2.683213328125e-01,  39.0, 1.570898361779e-01, nan
  23.47,  110.76, 2.683998437500e-01,   9.0, 7.921841197917e-02, nan
  66.68,  147.76, 2.692931406250e-01,  11.0, 6.991974573864e-02, nan
  14.83,   87.83, 2.692992046875e-01,  19.0, 1.304735961349e-01, nan
  58.11,  146.56, 2.693562984375e-01,  10.0, 1.063397860937e-01, nan
 168.91,  108.55, 2.694476218750e-01,   2.0, 7.291953124999e-05, nan
 215.99,   85.84, 2.700718625000e-01,  35.0, 8.869792973214e-02, nan
 190.71,   77.60, 2.700720312500e-01,  12.0, 1.332263059896e-02, nan
 182.45,   96.56, 2.700788703125e-01,   2.0, 2.113707656250e-02, nan
 190.49,   95.38, 2.700986078125e-01,   2.0, 2.088536484375e-02, nan
 192.10,   79.10, 2.701570656250e-01,   7.0, 8.622650892857e-03, nan
  98.99,   52.82, 2.702316968750e-01,  16.0, 1.143501992188e-02, nan
  96.40,   61.98, 2.702750296875e-01,   6.0, 8.579634114583e-03, nan
 104.11,   35.49, 2.702933718750e-01,   8.0, 2.940697656250e-02, nan
 217.20,   87.96, 2.704361140625e-01,  10.0, 7.670175953125e-02, nan
 151.50,  177.23, 2.714401234375e-01,  85.0, 2.720693877390e-01, nan
  31.10,  126.97, 2.715233593750e-01,   5.0, 5.750711406250e-02, nan
 205.85,    9.21, 2.724595625000e-01,  59.0, 1.621513008475e-01, nan
 195.80,   75.95, 2.735187390625e-01,   3.0, 9.972916666693e-06, nan
 190.51,   72.26, 2.735317859375e-01,   2.0, 1.452187500001e-05, nan
  12.13,   61.89, 2.740544640625e-01,   9.0, 9.414061875000e-02, nan
 124.57,   33.03, 2.757912906250e-01,   2.0, 2.083593750007e-06, nan
 139.10,   32.93, 2.757923843750e-01,   2.0, 3.250329453125e-02, nan
 173.15,  127.13, 2.773828062500e-01,   2.0, 4.963995234375e-02, nan
  17.12,  241.56, 2.847147984375e-01,  24.0, 9.724638430990e-02, nan
  13.42,  244.91, 2.847154406250e-01,   6.0, 7.698215364583e-02, nan
  33.24,  238.15, 2.847171750000e-01,  12.0, 1.165489738281e-01, nan
   2.14,  238.55, 2.847178000000e-01,   6.0, 7.922563359375e-02, nan
  15.02,  235.42, 2.852555296875e-01,   2.0, 1.152806328125e-02, nan
  19.95,    3.24, 2.852714062500e-01,   6.0, 8.142923437500e-02, nan
 183.11,   59.24, 2.870329296875e-01,   3.0, 6.405869114583e-02, nan
  74.50,   66.19, 2.870401406250e-01,  66.0, 2.391243681818e-01, nan
   7.42,  111.68, 2.877820484375e-01,   3.0, 2.382516145833e-02, nan
  -6.11,  113.55, 2.877858484375e-01,   1.0, 0.000000000000e+00, nan
  14.16,  130.61, 2.878010328125e-01,   5.0, 4.436546281250e-02, nan
 132.15,  105.01, 2.881060234375e-01,  94.0, 2.356978124668e-01, nan
  59.03,  209.15, 2.892164687500e-01,   3.0, 1.347395833314e-06, nan
  64.18,  212.26, 2.892184062500e-01,   3.0, 1.640986979167e-03, nan
  93.32,  165.12, 2.912312218750e-01,  69.0, 4.365459536232e-01, nan
 153.38,  165.40, 2.913317984375e-01,  13.0, 1.365072292067e-01, nan
  38.36,  225.98, 2.940266406250e-01, 224.0, 3.355472066127e-01, nan
 195.11,   50.47, 3.017604625000e-01,   2.0, 4.938628671875e-02, nan
 196.04,   59.91, 3.037680359375e-01,   2.0, 4.971705156250e-02, nan
  43.35,  219.12, 3.039402390625e-01,  64.0, 3.242291479004e-01, nan
  34.83,    4.01, 3.051067890625e-01,   7.0, 6.663720156250e-02, nan
  20.96,  218.23, 3.051310046875e-01,   3.0, 6.782308072917e-02, nan
  33.65,  156.33, 3.071827843750e-01,  16.0, 8.854475029297e-02, nan
  42.84,  162.10, 3.071832906250e-01,   2.0, 4.433874453125e-02, nan
  38.99,  155.11, 3.071947593750e-01,   4.0, 6.343529765625e-02, nan
  27.20,  169.41, 3.071975578125e-01,   4.0, 6.856616757813e-02, nan
 143.59,  184.35, 3.089774250000e-01, 125.0, 2.620454240625e-01, nan
 187.59,  224.38, 3.101085578125e-01,   1.0, 0.000000000000e+00, nan
 209.99,  206.35, 3.118017937500e-01,  55.0, 1.764516757670e-01, nan
 212.44,  223.93, 3.174289296875e-01,  17.0, 3.505009090074e-02, nan
  36.00,   78.94, 3.174666953125e-01,   1.0, 0.000000000000e+00, nan
  51.84,   69.79, 3.175011109375e-01,   1.0, 0.000000000000e+00, nan
  65.36,  164.81, 3.233478921875e-01,   6.0, 7.436744947917e-02, nan
  82.37,   29.46, 3.251143343750e-01,   3.0, 8.353080468750e-02, nan
  65.54,   75.12, 3.271496218750e-01,  85.0, 2.442262288235e-01, nan
 142.27,   85.28, 3.296377984375e-01, 187.0, 4.660478935912e-01, nan
 166.02,  127.57, 3.296389468750e-01,   2.0, 2.351091015625e-02, nan
 246.60,  214.25, 3.300029796875e-01,   7.0, 7.908335892857e-02, nan
 145.20,   70.94, 3.301921593750e-01,  21.0, 1.225540317708e-01, nan
  66.62,  158.80, 3.305526250000e-01,   2.0, 7.776942968750e-03, nan
 150.62,  216.17, 3.308177156250e-01,   3.0, 5.310012500000e-02, nan
 154.97,   67.01, 3.323447953125e-01,   7.0, 1.161550196429e-01, nan
  98.34,    5.36, 3.325565312500e-01,   2.0, 7.103124999991e-06, nan
 213.06,    1.09, 3.339647156250e-01,   6.0, 5.904887083333e-02, nan
 222.15,   37.30, 3.339677734375e-01, 195.0, 2.394421820192e-01, nan
 237.70,   44.26, 3.339997593750e-01, 132.0, 3.265446627249e-01, nan
 176.92,   29.39, 3.340076359375e-01, 236.0, 5.300052768141e-01, nan
 215.42,   16.76, 3.340187093750e-01,   7.0, 8.299798973214e-02, nan
 224.48,   18.49, 3.340210656250e-01,   4.0, 7.124490039062e-02, nan
 224.00,   19.35, 3.340341468750e-01,   2.0, 4.547421015625e-02, nan
 248.52,    9.97, 3.340767171875e-01,  46.0, 9.944061423234e-02, nan
 246.87,    7.26, 3.340886937500e-01,   9.0, 8.398270416667e-02, nan
 228.52,   11.64, 3.340985921875e-01,   3.0, 8.778389322917e-02, nan
 247.76,    3.88, 3.348229437500e-01,  11.0, 8.181971448864e-02, nan
 245.52,  101.43, 3.350901968750e-01, 154.0, 1.562550364854e-01, nan
 235.14,   88.82, 3.350904578125e-01,   5.0, 5.214333687500e-02, nan
 231.48,  110.20, 3.351099187500e-01,  12.0, 5.297113294271e-02, nan
 239.51,  101.62, 3.351771031250e-01,   3.0, 3.966930052083e-02, nan
 239.92,   85.95, 3.351883937500e-01,   2.0, 4.416334062500e-02, nan
  65.10,   18.66, 3.357639687500e-01,   2.0, 4.832178906250e-02, nan
  95.75,  152.88, 3.386140093750e-01,  67.0, 3.488369347481e-01, nan
  82.45,  198.34, 3.386146968750e-01,   4.0, 6.557478710937e-02, nan
 160.59,   63.36, 3.458861281250e-01, 223.0, 7.140837869325e-01, nan
  75.07,  136.16, 3.462670796875e-01,   3.0, 6.721945468750e-02, nan
  61.92,  176.58, 3.475992078125e-01,   3.0, 7.213627187500e-02, nan
 109.74,  188.44, 3.500483781250e-01,   2.0, 4.372602109375e-02, nan
  75.57,  182.96, 3.507744968750e-01,   2.0, 4.726994375000e-02, nan
 214.24,  223.95, 3.542555500000e-01,   2.0, 1.476562500047e-07, nan
 238.23,  241.46, 3.542778734375e-01,  15.0, 1.176213261458e-01, nan
 148.05,   12.21, 3.575339546875e-01,   6.0, 8.143600260417e-02, nan
 135.23,  135.42, 3.598000609375e-01,  77.0, 2.083755764407e-01, nan
  20.14,   99.10, 3.603438609375e-01,   2.0, 3.744424062500e-02, nan
  22.00,   84.39, 3.603460671875e-01,   5.0, 4.494386156250e-02, nan
  93.30,  205.13, 3.617382359375e-01,   4.0, 9.298378750000e-02, nan
  79.93,  228.80, 3.666289921875e-01,  10.0, 1.060051704687e-01, nan
 119.01,  140.71, 3.684066468750e-01,   3.0, 1.500893958333e-02, nan
 102.63,  160.78, 3.684121250000e-01,   5.0, 1.019925796875e-01, nan
 108.43,  155.21, 3.684146718750e-01,   2.0, 5.430379687500e-03, nan
 138.86,  157.90, 3.684221640625e-01,   2.0, 1.166499609375e-02, nan
 116.97,  195.40, 3.685096109375e-01,   2.0, 4.950021953125e-02, nan
  89.96,   85.94, 3.685904828125e-01, 109.0, 2.493649027236e-01, nan
 129.45,   46.04, 3.701996328125e-01,  94.0, 4.229590090592e-01, nan
 136.15,   38.47, 3.717425828125e-01,   8.0, 8.580546777344e-02, nan
 105.19,  137.02, 3.720422109375e-01,  61.0, 2.880787550973e-01, nan
   4.63,   64.75, 3.730465671875e-01,   2.0, 2.240164062500e-04, nan
  25.99,   68.04, 3.731901390625e-01,   3.0, 7.106518281250e-02, nan
 100.15,  154.88, 3.792070578125e-01,   2.0, 2.399765625000e-05, nan
 105.46,  127.44, 3.792516531250e-01,  10.0, 8.882700406250e-02, nan
  94.24,   46.19, 3.794487343750e-01,  75.0, 2.890189652917e-01, nan
  96.95,  171.26, 3.797197843750e-01,   2.0, 4.422716718750e-02, nan
  11.89,  178.34, 3.819384390625e-01,  70.0, 8.585490089286e-03, nan
  18.31,  172.27, 3.819404078125e-01,   6.0, 1.391460937500e-03, nan
  18.39,  157.41, 3.819435000000e-01,   3.0, 9.519331250000e-03, nan
  -0.21,  181.03, 3.819436468750e-01,  10.0, 1.477336015625e-02, nan
  35.52,   -6.55, 3.820895156250e-01,   2.0, 7.581661718750e-03, nan
 141.37,  237.34, 3.829175078125e-01,   2.0, 1.526633984375e-02, nan
  87.09,  231.23, 3.834864531250e-01,   3.0, 4.360684218750e-02, nan
  90.62,  224.25, 3.834881671875e-01,   2.0, 4.339237500000e-02, nan
 198.87,  150.07, 3.878570765625e-01,  33.0, 1.356476671875e-01, nan
 174.25,  171.25, 3.878865671875e-01,  15.0, 3.921110416667e-02, nan
 253.95,   78.13, 3.890271281250e-01,   2.0, 1.002906953125e-02, nan
 215.95,   55.94, 3.898099187500e-01,   6.0, 9.471457604167e-02, nan
 241.04,   54.36, 3.898737093750e-01,  87.0, 3.077146420977e-01, nan
  23.94,  206.29, 3.935762734375e-01,   1.0, 0.000000000000e+00, nan
 236.68,  117.09, 3.941101843750e-01,   3.0, 3.489583333220e-07, nan
 230.97,  117.33, 3.941104734375e-01,   2.0, 1.045999765625e-02, nan
  -1.46,  193.05, 3.974834515625e-01,   2.0, 2.164062500004e-06, nan
 138.68,  143.75, 3.990554437500e-01,  19.0, 1.582405702303e-01, nan
 226.87,   39.13, 4.013838250000e-01,   3.0, 5.718657760417e-02, nan
 183.11,   63.95, 4.076991468750e-01,   2.0, 4.524530703125e-02, nan
 116.70,  209.26, 4.095070546875e-01,   2.0, 3.423432343750e-02, nan
 197.90,    4.66, 4.147601281250e-01,   2.0, 1.080595937500e-02, nan
 100.43,   86.71, 4.153181921875e-01, 147.0, 2.949784597577e-01, nan
  69.71,   63.77, 4.153254890625e-01,  12.0, 7.292438020833e-02, nan
  63.33,   80.13, 4.153270218750e-01,   4.0, 8.183424218750e-02, nan
  75.93,   85.85, 4.153299671875e-01,   2.0, 4.797710937500e-04, nan
 222.03,  156.29, 4.171309468750e-01, 148.0, 5.255593080342e-01, nan
 174.72,  145.91, 4.181031812500e-01,   8.0, 9.002337050781e-02, nan
 196.19,   24.98, 4.187704796875e-01,   3.0, 6.582693750000e-02, nan
 232.22,  232.47, 4.190416328125e-01,   2.0, 3.476280859375e-02, nan
  68.27,   56.38, 4.198040984375e-01,   7.0, 6.824364330357e-02, nan
  77.08,   15.11, 4.213386484375e-01,   2.0, 9.484218750000e-05, nan
  32.86,   12.50, 4.218814781250e-01,  45.0, 1.349082681250e-01, nan
 241.55,   -4.52, 4.227064109375e-01,   2.0, 1.333929687500e-04, nan
  98.40,   52.01, 4.239821937500e-01,   2.0, 4.373478359375e-02, nan
  88.22,   68.12, 4.239834765625e-01,   7.0, 9.164921227679e-02, nan
 189.35,  214.23, 4.256212406250e-01,  10.0, 1.106472801562e-01, nan
 193.51,   36.67, 4.282611125000e-01,   6.0, 7.436809739583e-02, nan
 186.74,  177.62, 4.284444406250e-01,   1.0, 0.000000000000e+00, nan
 155.84,   65.39, 4.294014828125e-01,   2.0, 1.364062500009e-06, nan
 142.79,   76.54, 4.298805312500e-01,   2.0, 3.022625000000e-04, nan
 237.52,  158.77, 4.325223765625e-01, 124.0, 1.030307772303e-01, nan
 230.01,  170.06, 4.325560015625e-01,   7.0, 8.926887834821e-02, nan
 243.11,  162.53, 4.325983562500e-01, 199.0, 4.523708370917e-01, nan
 238.16,  163.11, 4.326214671875e-01,   9.0, 9.143535590278e-02, nan
 238.51,  172.40, 4.327154500000e-01,   2.0, 4.171813359375e-02, nan
 201.55,   31.16, 4.433541500000e-01,   2.0, 3.707538359375e-02, nan
 240.70,  248.56, 4.435760906250e-01,   8.0, 3.415534375000e-02, nan
  52.02,  207.72, 4.453121000000e-01,   5.0, 6.851124468750e-02, nan
   4.13,  205.48, 4.454164265625e-01,  76.0, 2.128839610197e-01, nan
 155.29,  132.48, 4.464371750000e-01,   3.0, 7.531702187500e-02, nan
 208.02,  238.05, 4.464673156250e-01,  57.0, 2.449137249726e-01, nan
  72.95,   78.20, 4.523346109375e-01,   2.0, 4.984030000000e-02, nan
 144.66,   97.97, 4.530650968750e-01,   7.0, 8.253718303571e-02, nan
 175.45,   36.86, 4.568338421875e-01,   7.0, 1.557766638393e-01, nan
  35.69,  109.84, 4.569151359375e-01,  11.0, 9.734093025568e-02, nan
  44.18,  126.25, 4.569455390625e-01, 121.0, 2.115939395532e-01, nan
  96.80,   98.19, 4.587497187500e-01,  17.0, 2.392662872243e-01, nan
 227.56,  199.47, 4.597788843750e-01,  14.0, 1.282073322545e-01, nan
 169.95,  228.48, 4.613065937500e-01,   4.0, 6.873771679687e-02, nan
 216.89,  226.90, 4.631173250000e-01,  13.0, 2.315638575721e-01, nan
 108.88,  104.29, 4.633054359375e-01,  37.0, 1.196436848818e-01, nan
 123.21,  100.89, 4.633148375000e-01,   6.0, 4.350052473958e-02, nan
 108.70,  115.97, 4.633170843750e-01,   3.0, 3.257284895833e-03, nan
 115.25,   46.15, 4.688848093750e-01,   2.0, 2.104389453125e-02, nan
 119.18,   60.75, 4.726181046875e-01,   4.0, 2.026582851563e-02, nan
 136.84,  194.95, 4.745161843750e-01,  22.0, 1.280539342330e-01, nan
 153.10,  206.69, 4.745452531250e-01,  20.0, 1.574979639844e-01, nan
 146.46,  182.59, 4.745526484375e-01,   5.0, 9.587265687500e-02, nan
  57.60,   50.38, 4.766629640625e-01,   9.0, 1.970762748264e-01, nan
 105.71,    3.23, 4.794461156250e-01,  69.0, 1.091271760870e-01, nan
 153.29,   93.55, 4.800762265625e-01, 163.0, 6.624154790836e-01, nan
 232.38,  252.34, 4.809348765625e-01,   3.0, 5.507380208333e-04, nan
  19.07,  101.89, 4.834474906250e-01,   4.0, 7.398794960938e-02, nan
 254.00,   36.89, 4.838901812500e-01,   4.0, 3.725060468750e-02, nan
 229.71,   71.35, 4.848368734375e-01,  66.0, 2.796075661222e-01, nan
  60.16,   12.51, 4.881685671875e-01,  21.0, 2.236376711310e-01, nan
 111.02,   99.87, 4.914748796875e-01,   3.0, 6.661661875000e-02, nan
 137.51,  149.35, 4.935709078125e-01,   5.0, 7.630917218750e-02, nan
 173.16,  145.45, 4.935742328125e-01,   2.0, 1.915768671875e-02, nan
 106.18,  236.49, 4.944192203125e-01,  46.0, 2.156866832201e-01, nan
   1.87,  209.96, 4.951351515625e-01,  18.0, 8.465620321181e-02, nan
  10.19,  204.41, 4.951551375000e-01,   3.0, 6.133945052083e-02, nan
 200.76,  142.98, 4.982471140625e-01,  17.0, 1.170933759191e-02, nan
 200.48,  134.85, 4.982480609375e-01,   7.0, 4.166941964287e-05, nan
 206.71,  142.19, 4.982585171875e-01,   2.0, 4.314758437500e-02, nan
   3.95,  226.92, 4.986163906250e-01,   2.0, 4.952498593750e-02, nan
  26.69,   45.03, 5.013582921875e-01,  10.0, 1.446030192188e-01, nan
 238.17,  151.27, 5.025619750000e-01,   3.0, 3.890684947917e-02, nan
 234.96,  144.39, 5.032358859375e-01,   2.0, 1.228635078125e-02, nan
 137.62,   37.59, 5.078623000000e-01,   3.0, 9.114131250000e-02, nan
 228.96,  199.98, 5.130415687500e-01,   3.0, 5.863405885417e-02, nan
  29.80,   10.03, 5.198739890625e-01,  12.0, 2.707636458333e-03, nan
  10.50,   13.74, 5.207976890625e-01,   1.0, 0.000000000000e+00, nan
 169.57,   70.24, 5.208961109375e-01,   7.0, 8.659936964286e-02, nan
 257.48,   44.55, 5.214625656250e-01,   2.0, 1.363593750003e-05, nan
 127.68,  178.03, 5.218484500000e-01,   3.0, 7.204155364583e-02, nan
 185.77,  218.77, 5.248357187500e-01,   4.0, 2.700868164062e-02, nan
 123.88,  146.19, 5.313175187500e-01,   2.0, 2.202923437500e-02, nan
 233.73,   35.88, 5.360394984375e-01,   4.0, 7.985080585937e-02, nan
 103.50,   45.87, 5.367111171875e-01,   9.0, 1.390134876736e-01, nan
  26.15,  179.63, 5.382032218750e-01,  15.0, 9.984833760417e-02, nan
  23.94,  190.09, 5.401129500000e-01,   4.0, 7.380266835938e-02, nan
  71.52,  183.55, 5.429714687500e-01,  35.0, 1.852537708929e-01, nan
  11.02,  143.97, 5.446628421875e-01,  41.0, 9.963378239329e-03, nan
  11.34,  146.23, 5.446670703125e-01,  12.0, 2.181522786458e-03, nan
  28.29,  141.41, 5.446677734375e-01,  16.0, 1.497568593750e-02, nan
  11.68,  156.89, 5.446769578125e-01,   2.0, 4.401175000000e-02, nan
  20.29,  129.33, 5.448269796875e-01,   3.0, 1.210280312500e-02, nan
  31.14,  139.21, 5.448734484375e-01,   2.0, 3.367989062500e-03, nan
  99.32,   55.39, 5.450395906250e-01,  18.0, 1.739843691840e-01, nan
 198.00,   34.25, 5.491498468750e-01,   2.0, 4.896337968750e-02, nan
 247.67,  119.42, 5.491504046875e-01,  24.0, 1.329015437500e-01, nan
 261.45,  104.92, 5.491504265625e-01,   3.0, 3.752617447917e-02, nan
 249.28,   95.12, 5.491530937500e-01,   2.0, 8.423604687500e-03, nan
 261.91,   82.72, 5.491548250000e-01,   4.0, 9.401944921875e-03, nan
 249.82,   87.77, 5.491978125000e-01,   2.0, 6.735806250000e-03, nan
 161.54,  182.41, 5.493116687500e-01,   3.0, 5.467599739583e-02, nan
  75.38,   16.96, 5.513250265625e-01,  29.0, 1.347011373922e-01, nan
 201.42,   44.53, 5.513432984375e-01,   3.0, 6.489433072917e-02, nan
 150.37,    5.46, 5.519915421875e-01,   7.0, 1.431359991071e-01, nan
 152.48,   22.48, 5.520294718750e-01,   2.0, 4.583664531250e-02, nan
 142.51,    4.00, 5.522063656250e-01,   2.0, 2.225807500000e-02, nan
  50.86,  121.16, 5.567198281250e-01,  92.0, 2.031837652683e-01, nan
  38.21,  115.68, 5.567234125000e-01,  12.0, 1.401619985677e-01, nan
 254.15,   76.47, 5.567989171875e-01,   3.0, 3.183900000000e-03, nan
  51.60,  115.91, 5.569386906250e-01,   6.0, 1.094449315104e-01, nan
 189.97,  201.13, 5.582478140625e-01,   3.0, 2.125912343750e-02, nan
 236.82,  186.15, 5.589322593750e-01,   3.0, 3.328280520833e-02, nan
 209.13,  234.34, 5.615507468750e-01,   7.0, 1.042932321429e-01, nan
  83.86,   57.56, 5.647453812500e-01,   3.0, 6.567419531250e-02, nan
  85.78,  220.88, 5.653233593750e-01,   2.0, 3.877994609375e-02, nan
  93.74,  218.46, 5.677024031250e-01,  39.0, 1.633308151843e-01, nan
 196.09,  210.44, 5.682916859375e-01,   7.0, 1.116758593750e-01, nan
  61.14,  231.98, 5.693213953125e-01,  46.0, 1.064372240489e-01, nan
  61.34,  231.23, 5.699811765625e-01,   9.0, 9.330149496528e-02, nan
  63.72,  223.81, 5.701765796875e-01,   3.0, 6.547142864583e-02, nan
 183.33,  248.54, 5.722284734375e-01,  37.0, 1.007408270270e-01, nan
  47.78,  122.13, 5.734251546875e-01,   2.0, 4.040333671875e-02, nan
  15.35,  103.89, 5.744979453125e-01,   3.0, 4.003416666667e-04, nan
 195.66,   66.71, 5.769942109375e-01,   1.0, 0.000000000000e+00, nan
 101.82,    2.86, 5.771618531250e-01,  13.0, 3.833659615385e-03, nan
 104.14,   11.53, 5.771645406250e-01,   5.0, 1.210791000000e-02, nan
  73.91,    3.55, 5.771720265625e-01,  13.0, 9.687632259615e-02, nan
 184.13,   73.95, 5.771943000000e-01,   2.0, 1.957775312500e-02, nan
  98.07,  148.80, 5.831897937500e-01,  19.0, 2.143465403783e-01, nan
 142.54,  217.20, 5.862553187500e-01,  21.0, 7.986430788690e-02, nan
  -5.13,  199.46, 5.866943171875e-01,   5.0, 4.938875000000e-05, nan
 133.61,  172.98, 5.878012734375e-01,   2.0, 7.690416406250e-03, nan
 148.72,  241.93, 5.897058218750e-01,  14.0, 2.816225803571e-02, nan
 142.39,  256.24, 5.897072156250e-01,   3.0, 2.981226614583e-02, nan
 129.44,  224.95, 5.897674703125e-01,  19.0, 5.478033643092e-02, nan
 146.85,  220.46, 5.899019484375e-01,   8.0, 5.867039511719e-02, nan
  21.57,   33.19, 5.909333343750e-01,  19.0, 9.659318758224e-02, nan
 154.78,  193.82, 5.916475015625e-01, 384.0, 5.744142603068e-01, nan
 243.74,  140.54, 5.942841140625e-01,   9.0, 9.066818125000e-02, nan
  60.56,  186.34, 5.979824625000e-01,  11.0, 1.371392302557e-01, nan
  61.04,  187.48, 5.979921468750e-01,  11.0, 1.250086024148e-01, nan
  69.42,  216.89, 5.982916984375e-01,   2.0, 3.500248984375e-02, nan
  73.44,  182.26, 5.986370562500e-01,   2.0, 2.022477500000e-02, nan
 248.55,  244.27, 6.004369500000e-01,  22.0, 2.003486936080e-01, nan
 235.07,  226.24, 6.005174046875e-01,   2.0, 4.259277343750e-02, nan
 227.56,  238.71, 6.009992828125e-01,   2.0, 2.985941796875e-02, nan
 135.11,   58.94, 6.059774515625e-01,  16.0, 1.479678486328e-01, nan
  12.41,   31.91, 6.060007078125e-01,  47.0, 2.331293418551e-01, nan
  81.29,  161.91, 6.065771406250e-01,   2.0, 2.326350390625e-02, nan
 100.40,  168.30, 6.065897015625e-01,   3.0, 6.897674062500e-02, nan
 153.69,  222.46, 6.073677515625e-01,   2.0, 2.847730390625e-02, nan
  72.93,  113.16, 6.077046390625e-01,   1.0, 0.000000000000e+00, nan
 148.25,   78.58, 6.078792562500e-01,  29.0, 1.139827304957e-01, nan
 117.14,  225.84, 6.081252531250e-01,   5.0, 2.361768406250e-02, nan
  23.54,   20.73, 6.095200031250e-01,   5.0, 6.988802250000e-02, nan
 245.17,  121.81, 6.103453765625e-01,   3.0, 3.101867031250e-02, nan
 168.37,   55.43, 6.163489000000e-01,   2.0, 6.575975000000e-03, nan
 148.60,   91.02, 6.229405828125e-01,  10.0, 9.195608687500e-02, nan
 148.56,  117.99, 6.231316859375e-01,   5.0, 6.104295781250e-02, nan
  90.70,   69.43, 6.238262343750e-01,   6.0, 9.087039635417e-02, nan
 219.10,   63.24, 6.240567125000e-01,  44.0, 2.370753531250e-01, nan
 161.14,   75.55, 6.241353296875e-01,   2.0, 4.848381562500e-02, nan
 113.95,  242.55, 6.313903265625e-01,   4.0, 1.351328125000e-04, nan
 103.50,   92.34, 6.321640234375e-01,   5.0, 8.355963625000e-02, nan
 104.72,  217.84, 6.365764968750e-01,   5.0, 1.052360431250e-01, nan
 127.61,   46.45, 6.366553562500e-01,  21.0, 2.220606426339e-01, nan
  88.14,  191.13, 6.390861656250e-01,   2.0, 4.985728437500e-02, nan
  51.40,   22.40, 6.416698281250e-01,   2.0, 2.572231171875e-02, nan
  92.39,  241.18, 6.422235203125e-01,  11.0, 1.114123934659e-01, nan
 241.90,   60.21, 6.437320921875e-01,  13.0, 1.419763728365e-01, nan
  99.24,  134.69, 6.517199265625e-01,   5.0, 7.179126718750e-02, nan
  92.00,  136.59, 6.517288140625e-01,   7.0, 9.879635535714e-02, nan
  70.74,   60.05, 6.518609140625e-01,   2.0, 4.726733046875e-02, nan
 232.34,   64.56, 6.536968250000e-01,   4.0, 9.025496484375e-02, nan
  39.91,  220.94, 6.537992984375e-01,   2.0, 2.858588515625e-02, nan
  32.84,  231.36, 6.538001656250e-01,   3.0, 1.189835260417e-02, nan
  35.79,  103.08, 6.539709828125e-01,   7.0, 7.083333080357e-02, nan
  40.95,  135.40, 6.539735609375e-01,   4.0, 1.995961718750e-02, nan
  32.48,  109.82, 6.539825921875e-01,   5.0, 5.123661375000e-02, nan
  31.21,  121.10, 6.540496828125e-01,   3.0, 5.020721250000e-02, nan
  70.58,   16.06, 6.549871171875e-01,   3.0, 1.249884583333e-02, nan
  73.44,    3.29, 6.551204421875e-01,   2.0, 2.087499999970e-06, nan
 156.88,  187.58, 6.569345453125e-01,   2.0, 4.729645859375e-02, nan
 138.88,   65.66, 6.578208671875e-01,   3.0, 5.545400833333e-02, nan
  87.58,  178.36, 6.579736578125e-01,   3.0, 6.450068541667e-02, nan
 247.97,  244.62, 6.580538875000e-01,   1.0, 0.000000000000e+00, nan
 240.33,  251.51, 6.581123375000e-01,   2.0, 2.244617187500e-04, nan
 103.72,  239.43, 6.586360421875e-01,   4.0, 8.382848984375e-02, nan
 246.71,   34.37, 6.597492171875e-01,  29.0, 2.361088895474e-01, nan
  82.19,  170.32, 6.625218015625e-01,   3.0, 9.773883802083e-02, nan
 183.72,  251.26, 6.629180468750e-01,  23.0, 3.382131453804e-03, nan
 181.00,  249.23, 6.629180828125e-01,   4.0, 4.712539062499e-05, nan
 191.52,  256.54, 6.629188593750e-01,   2.0, 1.708408593750e-03, nan
 180.69,  241.91, 6.629281546875e-01,   2.0, 2.295465703125e-02, nan
  99.00,   39.82, 6.631364656250e-01,   3.0, 6.747924218750e-02, nan
  93.71,   43.75, 6.632060734375e-01,   2.0, 4.797074218750e-02, nan
 100.84,  218.69, 6.636063250000e-01,   3.0, 6.657413958333e-02, nan
  87.34,  216.61, 6.648305203125e-01,   6.0, 8.192420130208e-02, nan
 194.32,  209.95, 6.673477531250e-01,   2.0, 1.812778437500e-02, nan
  49.09,  188.88, 6.680186312500e-01,   4.0, 6.416181406250e-02, nan
  48.69,  251.11, 6.683451000000e-01,   6.0, 9.427822031250e-02, nan
  65.50,  190.01, 6.728484109375e-01,   2.0, 4.035406093750e-02, nan
  47.69,  163.26, 6.728715000000e-01, 142.0, 3.272061895026e-01, nan
  54.23,  180.08, 6.784421203125e-01,   3.0, 5.007179427083e-02, nan
 157.35,  110.22, 6.833033796875e-01,   3.0, 5.299999999997e-05, nan
 145.19,   92.08, 6.833132468750e-01,   2.0, 3.938118750000e-02, nan
  60.84,   68.49, 6.838909406250e-01,   2.0, 1.593667265625e-02, nan
 223.09,  158.83, 6.841744921875e-01,  23.0, 8.258724870924e-02, nan
 232.90,  155.92, 6.842068234375e-01,   7.0, 8.345737633929e-02, nan
 221.55,  155.49, 6.842268437500e-01,  12.0, 7.214498984375e-02, nan
 224.82,  148.21, 6.846277343750e-01,   3.0, 5.018012187500e-02, nan
  28.57,  192.46, 6.870399890625e-01, 381.0, 5.267439272843e-01, nan
  27.97,  127.95, 6.870734937500e-01,   2.0, 2.109537109375e-02, nan
 149.40,  160.07, 6.894907515625e-01, 343.0, 5.478916431122e-01, nan
 200.79,  171.03, 6.895094015625e-01,   7.0, 7.983831517857e-02, nan
 184.62,  114.44, 6.895475296875e-01, 370.0, 5.807582249155e-01, nan
 180.21,  158.33, 6.896731531250e-01,   4.0, 6.846433750000e-02, nan
 208.24,  191.50, 6.936463625000e-01,   2.0, 3.914860937500e-02, nan
 134.76,  108.69, 6.947200687500e-01,   3.0, 3.551127552083e-02, nan
 125.14,   59.11, 6.969367343750e-01,   2.0, 4.706606171875e-02, nan
 224.35,  169.50, 6.977297171875e-01,   3.0, 3.592493958333e-02, nan
 208.83,  181.86, 6.977549812500e-01,   4.0, 3.715300937500e-02, nan
 112.19,  106.74, 6.987790125000e-01,   2.0, 3.817107265625e-02, nan
  65.57,  124.36, 7.003558093750e-01,   5.0, 8.980581875000e-02, nan
 176.37,   86.65, 7.008726484375e-01, 267.0, 3.224394766210e-01, nan
 190.33,  104.32, 7.008772343750e-01,  17.0, 5.047144917279e-02, nan
 200.60,  105.28, 7.008784812500e-01,  10.0, 1.595801296875e-02, nan
 196.75,  105.70, 7.008785984375e-01,   9.0, 8.364814236111e-03, nan
   3.91,  156.36, 7.014147171875e-01,  30.0, 2.042178362500e-01, nan
 189.13,   45.70, 7.080555546875e-01,  30.0, 1.271641970313e-01, nan
  79.93,  123.93, 7.096086578125e-01,   4.0, 7.277649609375e-02, nan
 215.45,  254.40, 7.104346625000e-01,   2.0, 4.844589843750e-03, nan
  68.29,  228.33, 7.122716640625e-01,   2.0, 4.910265078125e-02, nan
 226.84,   53.28, 7.135361031250e-01,   3.0, 7.890297083333e-02, nan
  73.89,   72.88, 7.157448578125e-01,   2.0, 1.924727656250e-02, nan
 190.35,   37.03, 7.166231750000e-01,  18.0, 1.120597098090e-01, nan
 166.04,   54.88, 7.166495484375e-01,   2.0, 4.475118828125e-02, nan
 178.16,   31.75, 7.172064250000e-01,   3.0, 6.453810312500e-02, nan
 246.94,  127.76, 7.174796937500e-01,   2.0, 4.782198203125e-02, nan
 163.04,   67.44, 7.181489546875e-01,  22.0, 3.229272218040e-01, nan
 132.04,   82.11, 7.211000250000e-01,   1.0, 0.000000000000e+00, nan
  25.81,   14.53, 7.223577968750e-01,   6.0, 8.436576588542e-02, nan
  63.47,  115.88, 7.225577578125e-01,   4.0, 5.795914296875e-02, nan
 245.60,  244.96, 7.233920750000e-01,   5.0, 7.893943906250e-02, nan
  10.90,  133.75, 7.243187234375e-01,   1.0, 0.000000000000e+00, nan
  18.74,   74.78, 7.276918609375e-01,   1.0, 0.000000000000e+00, nan
  34.66,   79.87, 7.276999921875e-01,   2.0, 9.661353906250e-03, nan
   9.23,  247.33, 7.281179171875e-01,  28.0, 1.197889505580e-01, nan
  44.67,  261.21, 7.281505921875e-01,   2.0, 4.121107968750e-02, nan
 255.86,  247.42, 7.311025359375e-01,   9.0, 8.197453715278e-02, nan
 196.98,   27.42, 7.323543000000e-01,  11.0, 9.179663877841e-02, nan
 234.58,   37.08, 7.362727218750e-01,   9.0, 9.360932569444e-02, nan
   6.36,   29.41, 7.363662437500e-01,   7.0, 1.105717991071e-01, nan
 247.48,   55.32, 7.393712062500e-01,   4.0, 8.689042500000e-02, nan
 166.26,  177.70, 7.514369281250e-01,   2.0, 3.898593750001e-05, nan
  47.42,   71.76, 7.514599187500e-01,   9.0, 9.757835659722e-02, nan
  51.78,   62.16, 7.573253484375e-01,   3.0, 6.996587604167e-02, nan
 229.38,   34.57, 7.576227937500e-01,   5.0, 7.013743750000e-02, nan
 261.40,  136.80, 7.581521250000e-01,   2.0, 3.090316250000e-02, nan
  15.30,  156.87, 7.584151750000e-01,  31.0, 1.025120030746e-01, nan
  10.42,  173.27, 7.594444562500e-01,  15.0, 1.606193270833e-02, nan
   1.12,  167.36, 7.594501031250e-01,   2.0, 3.071796875004e-05, nan
   7.76,  153.16, 7.594562515625e-01,   3.0, 6.119205260417e-02, nan
 166.93,  147.62, 7.634663437500e-01,   9.0, 1.532917378472e-02, nan
 143.86,  168.83, 7.635307109375e-01,  97.0, 3.615779279800e-01, nan
  95.74,   90.14, 7.661000734375e-01,   6.0, 9.488805078125e-02, nan
 102.53,  141.45, 7.684750328125e-01,   2.0, 4.870250078125e-02, nan
  88.00,   89.62, 7.690855171875e-01,   3.0, 8.121355364583e-02, nan
 221.80,   47.64, 7.692790859375e-01,   2.0, 3.420241718750e-02, nan
 131.76,  133.70, 7.696533328125e-01,   2.0, 4.582566093750e-02, nan
   7.69,  162.48, 7.715400781250e-01,   2.0, 4.852046015625e-02, nan
 251.20,  238.15, 7.734766937500e-01,   3.0, 3.128619583333e-02, nan
  57.41,   61.63, 7.759226937500e-01,   2.0, 4.973886562500e-02, nan
 201.94,  114.16, 7.806812703125e-01, 264.0, 6.499343107244e-01, nan
 172.28,  141.66, 7.806897234375e-01,   2.0, 1.593156250000e-04, nan
 148.35,  180.62, 7.839241656250e-01, 116.0, 2.370511891298e-01, nan
 174.97,   99.26, 7.844990250000e-01,   3.0, 5.848054635417e-02, nan
 180.76,  188.95, 7.850258718750e-01, 103.0, 2.459905336772e-01, nan
 193.75,   39.72, 7.857339890625e-01,   9.0, 4.488549861111e-02, nan
 154.42,   74.91, 7.901487968750e-01,  66.0, 5.278384864583e-01, nan
   0.36,   54.86, 7.909943218750e-01,   1.0, 0.000000000000e+00, nan
 129.22,   65.06, 7.910577687500e-01,   9.0, 1.804551368056e-01, nan
 163.77,  139.93, 7.935806609375e-01,  12.0, 1.978453614583e-01, nan
 251.57,   75.62, 7.956750750000e-01,   1.0, 0.000000000000e+00, nan
  54.79,  123.24, 7.968360187500e-01,  26.0, 1.326380260216e-01, nan
  24.44,  189.25, 7.990172281250e-01,   3.0, 2.979687499997e-06, nan
  69.50,  119.50, 7.998147765625e-01,   2.0, 4.732031250010e-06, nan
  62.87,   18.75, 8.017606875000e-01, 129.0, 4.335946277495e-01, nan
 154.66,  200.53, 8.028453593750e-01,  96.0, 1.438290075521e-01, nan
 153.65,   99.64, 8.031115281250e-01,   4.0, 7.626464843750e-02, nan
   3.73,   42.67, 8.060326125000e-01,   2.0, 4.945295781250e-02, nan
   2.17,   35.82, 8.060402421875e-01,   2.0, 3.768538359375e-02, nan
 186.19,   65.68, 8.060990343750e-01,   1.0, 0.000000000000e+00, nan
 199.83,   58.04, 8.061070781250e-01,   2.0, 4.447129765625e-02, nan
 181.26,   82.22, 8.061840953125e-01,   2.0, 9.921168750000e-03, nan
  43.53,   67.08, 8.127568375000e-01,  83.0, 2.851388849398e-01, nan
  22.69,   21.08, 8.133134921875e-01, 105.0, 4.165726148958e-01, nan
 109.02,  219.57, 8.141993203125e-01,  66.0, 1.878694867661e-01, nan
  94.43,   71.59, 8.167592671875e-01,   2.0, 2.373596796875e-02, nan
 173.51,   54.26, 8.190551078125e-01,  28.0, 1.865172685826e-01, nan
 256.88,  235.46, 8.203715515625e-01,   1.0, 0.000000000000e+00, nan
 251.98,  167.39, 8.214485281250e-01,  10.0, 1.105870406250e-01, nan
  29.09,  192.94, 8.225871468750e-01,  59.0, 4.348878612288e-01, nan
 165.33,   15.85, 8.257535812500e-01,  17.0, 1.161482238971e-01, nan
  29.17,  198.44, 8.258890359375e-01,   5.0, 7.541343562500e-02, nan
 208.05,   20.09, 8.310639109375e-01,   1.0, 0.000000000000e+00, nan
  56.82,  122.72, 8.435792062500e-01,   9.0, 8.138824270833e-02, nan
  13.36,  248.92, 8.462846343750e-01,   5.0, 2.149759000000e-02, nan
  59.15,  144.54, 8.493921703125e-01,   8.0, 2.743574218754e-05, nan
  59.40,  152.65, 8.493927062500e-01,   2.0, 2.885606250000e-03, nan
 129.07,  149.62, 8.521589890625e-01,   5.0, 1.159770000000e-02, nan
  -0.20,  244.31, 8.545775546875e-01,   8.0, 1.114950000000e-03, nan
   3.81,  257.12, 8.545781546875e-01,   2.0, 1.884968750000e-04, nan
 136.15,  151.19, 8.611993453125e-01,   3.0, 4.331156250000e-04, nan
 140.17,  142.84, 8.611994953125e-01,   3.0, 2.001458333334e-04, nan
 172.50,  120.99, 8.617431515625e-01,   1.0, 0.000000000000e+00, nan
 193.74,   20.02, 8.634963937500e-01,  26.0, 2.132760198317e-01, nan
 184.47,   33.49, 8.637821375000e-01, 108.0, 3.372139039497e-01, nan
 100.96,  176.17, 8.662355640625e-01,   5.0, 9.424230406250e-02, nan
  19.84,  231.32, 8.692487437500e-01, 129.0, 1.628500124516e-01, nan
  15.07,  228.44, 8.692688078125e-01,  70.0, 1.680388177679e-01, nan
 204.40,   14.59, 8.694402812500e-01,   7.0, 1.305094457589e-01, nan
 179.41,  240.97, 8.700070859375e-01, 162.0, 1.669363559317e-01, nan
 139.78,  245.49, 8.700199906250e-01,  23.0, 3.481551100543e-02, nan
 152.97,  230.18, 8.700230875000e-01,   6.0, 4.663186458333e-03, nan
 146.19,  248.27, 8.700437750000e-01,   4.0, 2.608866640625e-02, nan
 141.14,  240.95, 8.700562953125e-01,   3.0, 2.088030989583e-02, nan
  30.27,  242.71, 8.701243468750e-01,  22.0, 1.587240941051e-01, nan
 251.39,   11.77, 8.795947093750e-01,  30.0, 1.732440069271e-01, nan
 170.47,  155.55, 8.805118156250e-01,   7.0, 1.145342379464e-01, nan
 153.65,  169.57, 8.814642421875e-01,   2.0, 9.997952343750e-03, nan
 139.06,  208.21, 8.868640031250e-01,  35.0, 2.111211728571e-01, nan
  11.31,  111.86, 8.923718406250e-01,  27.0, 1.866047908565e-01, nan
 176.66,  164.62, 8.932992328125e-01,   2.0, 3.508188984375e-02, nan
 131.51,  187.02, 8.954475109375e-01,  71.0, 7.133194771127e-02, nan
 122.95,  201.77, 8.954489656250e-01,   3.0, 4.300831250000e-03, nan
 158.22,  193.83, 8.954500359375e-01,  17.0, 9.185228180147e-02, nan
 132.07,  183.46, 8.954528156250e-01,  18.0, 8.625968142361e-02, nan
 143.58,  189.50, 8.954917125000e-01,   2.0, 1.477933593750e-03, nan
 148.66,  191.55, 8.955441296875e-01,   2.0, 1.184800000000e-03, nan
 191.57,  218.00, 8.979644625000e-01,  39.0, 4.969876025641e-02, nan
 133.32,  254.32, 9.010271140625e-01,   4.0, 7.088852734375e-03, nan
 127.60,  251.70, 9.010278187500e-01,   2.0, 1.216292421875e-02, nan
  50.49,  169.10, 9.052751421875e-01,  22.0, 1.141988047585e-01, nan
 168.55,  174.93, 9.065727000000e-01,   2.0, 4.779822812500e-02, nan
 113.32,   23.19, 9.074771312500e-01,  13.0, 2.853343269231e-03, nan
  76.01,    9.64, 9.077641500000e-01,  35.0, 1.264634562500e-02, nan
  69.85,   30.77, 9.078478468750e-01,  31.0, 1.750102377016e-01, nan
  82.26,  230.11, 9.083944968750e-01, 101.0, 2.123281635829e-01, nan
  66.21,   11.54, 9.089612671875e-01,  19.0, 5.904695394737e-03, nan
  95.19,   20.94, 9.089637218750e-01,  18.0, 1.859921400174e-01, nan
  82.44,   -0.81, 9.089638484375e-01,   3.0, 3.982292187500e-03, nan
  58.99,   12.75, 9.089709078125e-01,  14.0, 4.850569308036e-03, nan
  80.62,   34.92, 9.089894265625e-01,  12.0, 1.754643984375e-01, nan
  36.50,  205.34, 9.115115718750e-01,   3.0, 1.805503802083e-02, nan
  48.44,  206.94, 9.115432312500e-01,   2.0, 4.710097187500e-02, nan
  57.23,   14.51, 9.134255953125e-01,   5.0, 5.602624999996e-05, nan
  81.05,   35.11, 9.135184593750e-01,  10.0, 7.468228468750e-02, nan
 167.40,    9.88, 9.143489781250e-01,   1.0, 0.000000000000e+00, nan
 233.25,  178.71, 9.148977187500e-01,  23.0, 8.316709042120e-02, nan
 234.81,  164.06, 9.149013609375e-01,   5.0, 7.192883406250e-02, nan
 256.57,  174.40, 9.149034640625e-01,   2.0, 2.081137500000e-03, nan
 243.50,  185.15, 9.149052187500e-01,   2.0, 7.634546875000e-04, nan
 178.42,   46.37, 9.149133156250e-01,  34.0, 2.801716650735e-01, nan
  31.58,  175.34, 9.166379625000e-01,  14.0, 1.077701977679e-01, nan
 156.55,   81.51, 9.181806093750e-01,  13.0, 1.717476141827e-01, nan
 213.92,  166.96, 9.186679046875e-01,   2.0, 1.344183671875e-02, nan
 231.31,  126.33, 9.186688531250e-01, 148.0, 1.790842697741e-01, nan
 223.59,  178.40, 9.186832453125e-01,   2.0, 5.022523437500e-04, nan
 214.73,  122.59, 9.187421390625e-01, 202.0, 7.291266353960e-01, nan
 167.43,   21.65, 9.189761703125e-01,   7.0, 8.462890580357e-02, nan
 210.99,  175.96, 9.201552156250e-01,   9.0, 1.193775277778e-01, nan
  53.98,   68.27, 9.235621171875e-01,  23.0, 1.970355984375e-01, nan
  96.40,  188.35, 9.294808984375e-01,   2.0, 4.622331640625e-02, nan
  95.45,  220.60, 9.294811171875e-01,  40.0, 1.932115186328e-01, nan
  20.68,   85.63, 9.316061734375e-01,  32.0, 6.178702680664e-02, nan
  16.14,   87.99, 9.316133640625e-01,   4.0, 1.799476640625e-02, nan
  49.19,  185.68, 9.370157812500e-01,   2.0, 4.139111250000e-02, nan
  98.97,  212.01, 9.373782859375e-01,  15.0, 1.333186507292e-01, nan
 101.46,  133.21, 9.380159578125e-01,  74.0, 1.199687580025e-01, nan
 190.34,  216.77, 9.435087421875e-01,   5.0, 1.380472500000e-03, nan
 186.27,  248.58, 9.435089781250e-01,  46.0, 7.608204718071e-02, nan
 182.58,  197.48, 9.435198250000e-01,   7.0, 1.319697814732e-01, nan
 183.54,  241.70, 9.435245296875e-01,  11.0, 6.745330539773e-02, nan
 258.21,   26.47, 9.456355109375e-01,   1.0, 0.000000000000e+00, nan
 248.23,   23.09, 9.456411562500e-01,   6.0, 1.144649940104e-01, nan
 194.54,  228.85, 9.484459187500e-01,   2.0, 4.864315937500e-02, nan
 199.05,  238.56, 9.488005500000e-01,   3.0, 6.218088593750e-02, nan
  73.40,  234.93, 9.513414796875e-01,  47.0, 5.794297014628e-02, nan
  64.92,  235.30, 9.513416687500e-01,   2.0, 1.549355468750e-03, nan
  78.72,  220.58, 9.513453390625e-01,   4.0, 4.859662890625e-03, nan
  64.04,  142.12, 9.535841015625e-01, 126.0, 3.783093759425e-01, nan
  14.27,  108.70, 9.555993625000e-01,  29.0, 6.453627871767e-02, nan
   9.22,   50.58, 9.556039312500e-01,  86.0, 2.759536250182e-01, nan
 190.15,  250.61, 9.558987531250e-01,   8.0, 5.953319257813e-02, nan
 252.71,    8.28, 9.604856296875e-01,   3.0, 6.349813125000e-02, nan
 172.57,  154.88, 9.630062218750e-01,   2.0, 3.937193984375e-02, nan
  14.85,  228.84, 9.654049109375e-01,  14.0, 7.821386941964e-02, nan
  20.80,  229.11, 9.656278421875e-01,   2.0, 3.395565078125e-02, nan
  94.13,  149.94, 9.690335312500e-01,   9.0, 8.674386753472e-02, nan
  94.51,  152.75, 9.692575062500e-01,   5.0, 5.686282343750e-02, nan
 148.89,  167.38, 9.805268203125e-01,  16.0, 1.702381353516e-01, nan
  41.66,  157.47, 9.847469359375e-01,  21.0, 2.247393289435e-01, nan
  53.96,  161.97, 9.847515125000e-01,  15.0, 1.830590354167e-02, nan
 221.00,  132.07, 9.868111625000e-01,  14.0, 7.442411473214e-02, nan
   4.36,  149.52, 9.895788765625e-01,   3.0, 3.332911979167e-03, nan
   8.56,  142.84, 9.895892234375e-01,   2.0, 1.551382812500e-04, nan
  80.95,   33.65, 9.907543750000e-01,   3.0, 3.649187500000e-04, nan
 233.46,  184.34, 9.930116531250e-01,   2.0, 4.063427578125e-02, nan
 191.86,   95.58, 9.969179281250e-01, 412.0, 5.564844588858e-01, nan
 235.71,   98.71, 9.969256843750e-01,  49.0, 1.927073946747e-01, nan
 249.96,   95.14, 9.969275484375e-01,   4.0, 4.486381992187e-02, nan
 242.98,   87.65, 9.969294546875e-01,   3.0, 7.234350416667e-02, nan
 233.92,  105.23, 9.969327109375e-01,   5.0, 4.584203000000e-02, nan
 241.55,  107.77, 9.969455250000e-01,   2.0, 7.396058593750e-03, nan
 219.91,  100.13, 9.970195796875e-01,  10.0, 1.871416762500e-01, nan
  91.46,  116.25, 9.983889890625e-01,  19.0, 9.837008026316e-02, nan
  85.94,  137.07, 9.992521125000e-01, 183.0, 4.800189802339e-01, nan
   9.76,   44.28, 1.007281159375e+00,  21.0, 2.252149226935e-01, nan
  34.29,   24.17, 1.007879259375e+00,   3.0, 6.771759479167e-02, nan
  11.68,   57.22, 1.008293575000e+00,   2.0, 1.486636484375e-02, nan
 180.31,   58.03, 1.010823676563e+00,   3.0, 3.513697916654e-05, nan
 154.18,  207.69, 1.011826909375e+00,   2.0, 4.114316484375e-02, nan
 179.41,  250.47, 1.014407270312e+00,   3.0, 1.174511458333e-03, nan
 104.89,  115.38, 1.019649662500e+00,   2.0, 1.144859375000e-04, nan
 228.55,  199.87, 1.019685056250e+00,   2.0, 2.077797578125e-02, nan
  15.25,  111.67, 1.020926504688e+00,   2.0, 1.550703906250e-03, nan
  12.21,  113.22, 1.020927120312e+00,   2.0, 4.789609375000e-05, nan
  14.13,  120.85, 1.020928126562e+00,   2.0, 8.571875000030e-06, nan
  43.82,  209.09, 1.023246346875e+00,   3.0, 7.269600156250e-02, nan
  31.43,  252.59, 1.025196940625e+00,   3.0, 1.416994375000e-02, nan
  18.42,  249.87, 1.025229765625e+00,   2.0, 4.155317187500e-03, nan
  76.86,  241.11, 1.026973864062e+00,   2.0, 4.592964531250e-02, nan
  79.23,  223.32, 1.027048371875e+00,  10.0, 1.540798301563e-01, nan
  87.33,  248.47, 1.027179112500e+00,   2.0, 2.304237890625e-02, nan
 100.60,  246.09, 1.027209226562e+00,   2.0, 2.314282578125e-02, nan
 240.05,  242.46, 1.031843342187e+00, 110.0, 2.170747749006e-01, nan
 217.04,  239.24, 1.032300771875e+00,   3.0, 5.642605364583e-02, nan
  96.85,  229.92, 1.032947115625e+00,   3.0, 9.584075989583e-02, nan
 232.12,  228.34, 1.032957962500e+00,   2.0, 7.823044531250e-03, nan
 219.36,  233.28, 1.033032376563e+00,   2.0, 3.783192656250e-02, nan
   7.92,  226.36, 1.033468646875e+00,   2.0, 2.368749999926e-06, nan
   0.19,  230.35, 1.033469439062e+00,   2.0, 8.984609375007e-05, nan
  27.46,  226.99, 1.034652535938e+00,   2.0, 4.906305156250e-02, nan
 134.25,   67.24, 1.036690865625e+00,   2.0, 4.925644531250e-02, nan
  91.40,   14.23, 1.037961739062e+00,   3.0, 6.966267500000e-02, nan
 136.68,  159.52, 1.038852776562e+00,   7.0, 5.095615870536e-02, nan
 204.03,   22.08, 1.040064067187e+00,   3.0, 5.782602760417e-02, nan
 133.04,   56.67, 1.040267987500e+00,   2.0, 4.769077343750e-02, nan
 249.69,  121.90, 1.043740128125e+00,  13.0, 1.432891200721e-01, nan
  83.32,   25.51, 1.046218067187e+00,   3.0, 6.505826770833e-02, nan
  95.42,   26.29, 1.046742395312e+00,   2.0, 4.508053828125e-02, nan
 237.68,  113.91, 1.051297617187e+00,   2.0, 4.879964375000e-02, nan
 150.96,  128.28, 1.051668354687e+00,   6.0, 5.239846197917e-02, nan
 148.15,  119.37, 1.051708007812e+00,  27.0, 5.437655034722e-02, nan
 246.16,   10.05, 1.052694278125e+00,   2.0, 1.762655468750e-02, nan
 251.63,   -2.82, 1.052695618750e+00,   2.0, 7.875101562499e-04, nan
 261.96,    2.08, 1.052780417187e+00,   2.0, 5.607968749999e-05, nan
 250.99,   19.52, 1.052880250000e+00,   3.0, 2.316375416667e-02, nan
 150.83,   91.21, 1.054931018750e+00,   2.0, 4.027522578125e-02, nan
  82.44,  220.31, 1.063983607813e+00,   2.0, 3.867572343750e-02, nan
 178.47,  225.81, 1.068690468750e+00,  14.0, 1.061969123884e-01, nan
 126.83,  244.23, 1.069245596875e+00, 198.0, 2.391705782592e-01, nan
 183.20,  176.72, 1.069256954687e+00, 175.0, 4.616764133393e-01, nan
  38.36,   51.48, 1.071167971875e+00,  31.0, 1.822318497984e-01, nan
  36.91,   74.39, 1.071243251562e+00,   4.0, 8.119360585938e-02, nan
  98.41,  100.16, 1.071776067187e+00,  92.0, 2.054337266135e-01, nan
 214.33,   68.26, 1.072285100000e+00,  19.0, 5.812546430921e-02, nan
 216.02,   52.18, 1.072311828125e+00,   1.0, 0.000000000000e+00, nan
  60.16,   80.94, 1.072565428125e+00,   3.0, 6.695793281250e-02, nan
  48.49,  217.21, 1.074158332812e+00,   2.0, 3.710813906250e-02, nan
  12.35,   50.73, 1.076629185937e+00,  21.0, 1.417223392113e-01, nan
 179.10,  211.08, 1.077392856250e+00,   5.0, 5.615578312500e-02, nan
  65.24,   24.48, 1.078159512500e+00,   2.0, 3.655120234375e-02, nan
 142.28,  124.99, 1.091895365625e+00,   4.0, 3.471757812501e-05, nan
  50.02,  128.13, 1.091990570312e+00,  13.0, 1.940533245192e-02, nan
   9.18,  114.27, 1.092067806250e+00,  48.0, 1.860627145182e-01, nan
  46.10,   18.02, 1.093043903125e+00,   2.0, 1.088753906250e-03, nan
 123.31,  241.59, 1.093389301563e+00,  26.0, 1.821133921274e-01, nan
 169.46,  155.31, 1.093586987500e+00,   3.0, 6.282863645833e-02, nan
 188.37,  242.23, 1.097497500000e+00,   2.0, 4.628443203125e-02, nan
  58.44,   41.45, 1.101843053125e+00,   2.0, 4.165515468750e-02, nan
  33.69,  151.58, 1.112104348437e+00,  16.0, 1.301573730469e-01, nan
  56.14,  231.23, 1.118509773438e+00,   4.0, 5.272495312500e-03, nan
 219.40,  121.32, 1.120786025000e+00,   2.0, 4.986124687500e-02, nan
  50.35,  259.81, 1.130383184375e+00,   1.0, 0.000000000000e+00, nan
 118.39,   73.35, 1.135205385937e+00,   4.0, 2.786830937500e-02, nan
 157.97,   59.28, 1.135310640625e+00,   3.0, 2.973348125000e-02, nan
 110.46,   24.49, 1.136897214062e+00,   1.0, 0.000000000000e+00, nan
  23.61,   16.18, 1.138366292187e+00,   9.0, 1.204682942708e-01, nan
 148.66,  243.72, 1.148227828125e+00,  17.0, 1.591936893382e-02, nan
 147.38,  245.21, 1.148255907812e+00,  12.0, 2.849017408854e-02, nan
 150.99,  248.87, 1.148258071875e+00,   2.0, 3.258608750000e-02, nan
 135.61,  252.27, 1.148264720313e+00,   3.0, 2.448714322917e-02, nan
  30.31,  169.36, 1.148350375000e+00,  17.0, 9.794942564338e-02, nan
  20.12,   19.44, 1.151568176562e+00,  11.0, 1.719654404830e-01, nan
  90.21,   58.80, 1.151645057812e+00,  27.0, 1.028896106481e-01, nan
 102.44,   78.65, 1.151654431250e+00,   9.0, 4.503672621528e-02, nan
  37.63,  203.72, 1.154851862500e+00,   4.0, 7.571016953125e-02, nan
  16.73,  121.03, 1.157028715625e+00,  25.0, 3.153522375000e-02, nan
  13.83,  117.30, 1.157034214062e+00,  26.0, 3.693365306490e-02, nan
  18.68,  118.56, 1.157034595312e+00,   5.0, 1.139796500000e-02, nan
 186.74,  225.04, 1.160085923438e+00,   2.0, 1.476138125000e-02, nan
 178.96,  232.75, 1.161023084375e+00,   2.0, 1.428251250000e-02, nan
 183.61,   30.70, 1.162797554688e+00,   2.0, 4.818837656250e-02, nan
 170.11,   29.60, 1.163441562500e+00,   5.0, 1.210638696875e-01, nan
  29.66,  194.31, 1.165941873437e+00,   4.0, 7.559607578125e-02, nan
  24.09,   70.44, 1.167264573438e+00,   2.0, 1.653117578125e-02, nan
 108.98,  125.01, 1.170860367187e+00,  57.0, 1.498489645011e-01, nan
  77.68,   69.53, 1.171569210937e+00,   3.0, 6.134808802083e-02, nan
  71.30,  139.30, 1.173870446875e+00,   5.0, 2.125884375001e-04, nan
   2.50,   54.90, 1.175252446875e+00,   6.0, 2.103546848958e-02, nan
  25.43,   50.47, 1.175257607812e+00,   6.0, 8.324416875000e-02, nan
 134.35,  241.79, 1.175504359375e+00,   2.0, 4.201432031250e-03, nan
  23.39,   98.98, 1.175568643750e+00,   1.0, 0.000000000000e+00, nan
   4.54,  115.51, 1.175635468750e+00,   5.0, 9.097942781250e-02, nan
  28.04,   43.95, 1.178748985937e+00,   5.0, 8.494421406250e-02, nan
 127.82,   62.61, 1.179934879687e+00,  20.0, 1.484307487500e-01, nan
 121.91,  184.52, 1.183510648437e+00,  18.0, 1.479705462674e-01, nan
 114.60,  196.08, 1.183513345312e+00,   2.0, 3.346180156250e-02, nan
  28.19,   51.50, 1.184584664062e+00,   4.0, 6.995535507812e-02, nan
 179.26,  134.90, 1.187766056250e+00,   7.0, 1.385706850446e-01, nan
 183.44,  136.06, 1.187770696875e+00,   7.0, 1.059305412946e-01, nan
 180.48,  139.87, 1.188282550000e+00,   2.0, 3.893530781250e-02, nan
 204.96,  107.59, 1.189228329687e+00,   4.0, 6.278664062500e-04, nan
 143.87,   45.45, 1.196252212500e+00,  34.0, 1.611038562960e-01, nan
 125.55,  126.56, 1.196785926563e+00,  36.0, 1.038150280382e-01, nan
 162.65,  107.42, 1.196791187500e+00,   2.0, 3.088558984375e-02, nan
 180.79,  225.22, 1.197268164063e+00,  91.0, 3.381737992445e-01, nan
 122.99,  130.19, 1.198918003125e+00,  14.0, 1.102964146205e-01, nan
 118.12,  213.28, 1.199240475000e+00,  18.0, 1.810218408854e-01, nan
 256.22,  244.11, 1.200414050000e+00,   7.0, 2.849169419643e-03, nan
 247.00,  253.68, 1.200428300000e+00,   3.0, 8.961442708333e-04, nan
 257.58,  254.42, 1.200428665625e+00,   2.0, 3.306750000001e-04, nan
 146.87,    8.64, 1.201695954687e+00, 120.0, 2.204976392839e-01, nan
 133.60,  233.80, 1.202682367187e+00,   2.0, 4.796925781250e-02, nan
  43.50,  138.06, 1.203353028125e+00,   2.0, 3.996476406250e-02, nan
  91.62,  163.34, 1.203394729688e+00, 275.0, 4.955799559205e-01, nan
  39.19,  162.04, 1.203606753125e+00,   3.0, 3.330517500000e-02, nan
  96.63,  144.43, 1.203851692187e+00, 145.0, 4.101740682328e-01, nan
 241.15,  166.62, 1.207301856250e+00, 174.0, 2.218482051814e-01, nan
 217.59,  173.98, 1.207304515625e+00,   2.0, 1.327919218750e-02, nan
 252.52,  164.86, 1.207515337500e+00,   3.0, 5.241432135417e-02, nan
 228.84,  186.98, 1.207516751563e+00,  42.0, 2.123519571801e-01, nan
 156.87,   62.51, 1.207780409375e+00,  12.0, 1.681307394531e-01, nan
 177.12,  247.83, 1.208882960938e+00,  12.0, 9.240487122396e-02, nan
 188.74,  236.48, 1.209044212500e+00,   2.0, 4.715684687500e-02, nan
 231.18,  260.09, 1.211698959375e+00,   1.0, 0.000000000000e+00, nan
  63.51,  132.98, 1.212929564062e+00,   6.0, 8.975303463542e-02, nan
 199.51,  192.96, 1.214794859375e+00,  19.0, 1.609433847039e-01, nan
  93.87,   17.71, 1.216691859375e+00,  17.0, 1.051691645221e-01, nan
  19.95,  188.26, 1.220633103125e+00,  32.0, 5.203202636719e-03, nan
  13.26,  184.74, 1.220638596875e+00,   6.0, 1.376180260417e-02, nan
  22.26,  192.54, 1.220646904687e+00,   3.0, 9.349481770833e-03, nan
  93.69,  109.22, 1.221013132813e+00,  86.0, 2.872419691315e-01, nan
 135.41,  157.90, 1.225342046875e+00,   4.0, 9.231859414062e-02, nan
 238.50,  247.94, 1.229611971875e+00,  11.0, 8.772021093750e-02, nan
 146.96,  164.77, 1.230407831250e+00,   2.0, 4.747303984375e-02, nan
 245.43,  240.71, 1.230995181250e+00,   7.0, 7.886741495536e-02, nan
 237.96,  243.65, 1.233821015625e+00,   2.0, 4.439243437500e-02, nan
   8.25,   42.10, 1.233865910937e+00,   2.0, 3.615596093750e-02, nan
 249.20,  242.15, 1.236091156250e+00,   2.0, 4.347000078125e-02, nan
 199.35,   73.23, 1.240510525000e+00, 216.0, 5.256635785735e-01, nan
 186.21,   68.89, 1.240888550000e+00,  15.0, 1.384166207292e-01, nan
 151.40,   20.63, 1.242978460937e+00,  32.0, 4.830559477539e-02, nan
 106.43,  184.81, 1.244167007813e+00,  10.0, 1.027782031250e-03, nan
  98.52,  181.93, 1.244167629687e+00,   2.0, 1.696509843750e-02, nan
 119.49,  177.99, 1.244192082812e+00,   1.0, 0.000000000000e+00, nan
  97.36,  109.81, 1.250226885937e+00,  27.0, 3.396301504630e-03, nan
  97.77,  119.81, 1.250231929687e+00,   4.0, 3.508685546875e-02, nan
  93.14,  113.52, 1.250232554687e+00,   2.0, 4.591406249976e-06, nan
 107.34,  109.41, 1.250235851562e+00,   3.0, 2.925794114583e-02, nan
  67.79,   18.45, 1.252528292187e+00,  12.0, 1.499385493490e-01, nan
  31.17,  160.25, 1.253479760937e+00,   1.0, 0.000000000000e+00, nan
 203.93,  217.20, 1.253893614062e+00,  11.0, 9.720869985795e-02, nan
 180.47,  238.99, 1.254060421875e+00,   2.0, 2.984387890625e-02, nan
  24.86,  132.02, 1.256622220312e+00, 295.0, 4.964307700583e-01, nan
 126.57,  187.42, 1.258369698437e+00,   6.0, 8.934514218750e-02, nan
 119.69,  185.48, 1.261438820312e+00,   5.0, 7.873824187500e-02, nan
 216.85,   68.53, 1.265482450000e+00, 146.0, 1.917532865475e-01, nan
   3.38,  106.74, 1.275120101562e+00,   2.0, 7.339062499945e-06, nan
  44.12,    4.12, 1.275900832812e+00,  11.0, 9.109123039773e-02, nan
 126.42,   85.40, 1.279700639062e+00,   5.0, 5.743876406250e-02, nan
 128.59,   94.22, 1.280078634375e+00,   2.0, 3.570436562500e-02, nan
  75.60,  159.86, 1.280117814063e+00,  33.0, 5.861437026514e-04, nan
 121.66,  159.09, 1.280146989062e+00, 136.0, 5.430887870175e-01, nan
  78.06,  143.14, 1.280149453125e+00,   4.0, 1.277171093750e-02, nan
  25.77,  202.19, 1.282502006250e+00, 174.0, 3.953530841325e-01, nan
 238.93,  180.74, 1.282719195312e+00,   2.0, 4.365766171875e-02, nan
  64.36,  122.48, 1.283279795312e+00,   7.0, 1.742090937500e-02, nan
  54.18,  116.52, 1.283280023437e+00,   1.0, 0.000000000000e+00, nan
  70.81,  133.07, 1.283315295312e+00,   2.0, 9.326773437500e-03, nan
 132.82,  127.35, 1.287273682812e+00,   3.0, 5.648437500024e-06, nan
 116.78,  129.87, 1.287304298438e+00,   2.0, 8.513585937500e-04, nan
  89.73,  203.18, 1.288596343750e+00,  10.0, 1.009111367188e-01, nan
 234.09,  192.36, 1.288987739062e+00,   6.0, 7.952030807292e-02, nan
 183.50,  136.78, 1.290282468750e+00,   2.0, 4.670574765625e-02, nan
 142.09,   33.21, 1.291601429688e+00,  11.0, 2.557712357955e-02, nan
 152.30,   20.38, 1.291603429687e+00,   2.0, 3.496328125008e-05, nan
 139.58,   12.01, 1.291615346875e+00,  24.0, 1.731648998698e-01, nan
 148.80,   42.38, 1.291638162500e+00,   7.0, 6.597781651786e-02, nan
 168.26,  215.05, 1.296853178125e+00,   2.0, 3.593437500005e-05, nan
 204.30,  211.59, 1.296930470312e+00,   9.0, 6.022464600694e-02, nan
 156.28,  196.99, 1.297210900000e+00,   7.0, 2.173472767857e-02, nan
 175.09,  252.95, 1.299606156250e+00,   6.0, 1.001823958333e-03, nan
 186.17,  249.59, 1.299617471875e+00,   2.0, 9.989062499938e-06, nan
 101.40,   15.90, 1.303306978125e+00,   3.0, 5.433072916664e-05, nan
  94.94,   27.55, 1.303345640625e+00,   1.0, 0.000000000000e+00, nan
 161.78,   70.31, 1.303979101562e+00,   3.0, 6.411696614583e-02, nan
 196.24,  184.63, 1.305271887500e+00,  21.0, 4.283712730655e-02, nan
  88.95,  171.15, 1.306391446875e+00,  37.0, 1.989335792230e-01, nan
 221.57,   70.29, 1.306918584375e+00,  68.0, 1.797148147059e-01, nan
 153.71,  190.59, 1.322216026563e+00,   8.0, 1.328555664062e-03, nan
 164.91,  187.68, 1.322216210937e+00,   3.0, 8.278697916664e-05, nan
 239.00,  216.92, 1.322616893750e+00,   6.0, 8.208139739583e-02, nan
 224.49,   90.92, 1.323100957812e+00,  27.0, 1.496996741898e-01, nan
 238.00,  112.12, 1.330071053125e+00,   2.0, 4.936601250000e-02, nan
 152.34,    6.02, 1.330635378125e+00,  13.0, 1.106161739183e-01, nan
 143.32,    0.03, 1.331558171875e+00,   9.0, 1.021341642361e-01, nan
  29.82,  132.87, 1.333420776562e+00,  41.0, 1.403422467226e-01, nan
  17.46,  127.68, 1.336025778125e+00,   4.0, 7.370959179687e-02, nan
  69.65,   12.95, 1.341662396875e+00,   3.0, 6.429173593750e-02, nan
  51.11,   17.18, 1.341664231250e+00,   3.0, 1.136040729167e-02, nan
  54.95,   30.19, 1.341665387500e+00,   1.0, 0.000000000000e+00, nan
  54.16,    6.79, 1.341773139062e+00,   3.0, 2.140133697917e-02, nan
 195.20,  193.52, 1.341946196875e+00,   4.0, 3.838162890625e-03, nan
 262.17,   79.81, 1.342195037500e+00,   1.0, 0.000000000000e+00, nan
 152.43,  233.72, 1.343562273437e+00,  15.0, 1.357732881250e-01, nan
 148.24,    4.40, 1.346104603125e+00,   3.0, 6.832648489583e-02, nan
 165.62,    7.98, 1.346803314062e+00,   4.0, 8.094932031250e-02, nan
 176.72,   29.70, 1.353038479687e+00, 252.0, 5.039723931362e-01, nan
 198.90,   76.86, 1.353226604687e+00, 127.0, 4.682978501107e-01, nan
 108.22,  105.21, 1.356808240625e+00,   5.0, 7.936493625000e-02, nan
 117.95,  242.29, 1.357976745313e+00,   5.0, 7.133208031250e-02, nan
 170.56,  222.60, 1.360076379687e+00, 246.0, 4.405724849022e-01, nan
 219.22,   60.15, 1.363407598438e+00,  26.0, 3.608642091346e-02, nan
 222.48,   46.87, 1.363419687500e+00,  12.0, 1.146510664062e-02, nan
 218.60,   54.72, 1.363426707812e+00,   8.0, 6.136488593750e-02, nan
 204.57,   58.17, 1.363431273438e+00,   7.0, 4.916751093750e-02, nan
 215.21,   71.01, 1.363460553125e+00,   4.0, 5.962029414063e-02, nan
 200.46,   61.73, 1.363472315625e+00,   2.0, 2.971621015625e-02, nan
 217.04,   63.41, 1.363512090625e+00,   2.0, 1.059028359375e-02, nan
  78.72,  137.34, 1.366163964062e+00,   2.0, 4.752344375000e-02, nan
 252.01,  137.87, 1.366865606250e+00,  34.0, 9.860936075368e-03, nan
 248.48,  134.73, 1.366867175000e+00,  12.0, 7.874791666667e-03, nan
 244.59,  156.91, 1.366868735938e+00,   7.0, 5.616242343750e-02, nan
 250.93,  126.57, 1.366995350000e+00,   2.0, 1.235579140625e-02, nan
 219.61,  155.28, 1.368446623437e+00,   3.0, 7.238541666732e-06, nan
 230.95,  165.90, 1.368450628125e+00,   5.0, 7.586171718750e-02, nan
 231.30,  165.84, 1.368453239062e+00,   3.0, 2.400129843750e-02, nan
 227.48,  164.41, 1.368455417187e+00,   2.0, 3.602319843750e-02, nan
  40.66,    2.74, 1.373882690625e+00,   2.0, 2.977343749988e-06, nan
  25.65,  201.70, 1.374618259375e+00,  28.0, 7.118058069196e-02, nan
  19.08,  191.60, 1.374622467188e+00,  36.0, 2.135857314236e-01, nan
  10.32,  193.58, 1.374695467188e+00,   3.0, 3.244561770833e-02, nan
 231.64,   50.02, 1.375842631250e+00,   1.0, 0.000000000000e+00, nan
  31.84,  181.48, 1.376028348437e+00,   3.0, 3.524604062500e-02, nan
 159.47,  146.82, 1.380298568750e+00,  95.0, 3.008491065132e-01, nan
 240.78,  207.61, 1.381869437500e+00,   2.0, 1.703842500000e-02, nan
 178.59,  120.77, 1.383385257812e+00,   2.0, 2.477890625008e-05, nan
   5.37,  181.58, 1.383829403125e+00,  10.0, 2.191519062500e-02, nan
 232.45,   81.67, 1.384682814063e+00,   7.0, 1.179921127232e-01, nan
  77.19,  227.19, 1.385235212500e+00,  43.0, 6.409386900436e-02, nan
  83.60,  203.03, 1.385239959375e+00,   3.0, 2.304265625000e-04, nan
  82.87,  228.13, 1.385272045313e+00,   6.0, 5.492141744792e-02, nan
  81.62,  230.58, 1.385303385937e+00,  10.0, 5.703919812500e-02, nan
  81.82,  190.39, 1.385328717187e+00,   1.0, 0.000000000000e+00, nan
 121.21,  213.80, 1.391103350000e+00,   4.0, 1.658562148438e-02, nan
 124.75,  204.28, 1.391108115625e+00,   1.0, 0.000000000000e+00, nan
 112.46,  212.81, 1.391112073437e+00,   2.0, 4.635472656250e-03, nan
 103.74,   97.58, 1.396377718750e+00,   4.0, 9.354126367187e-02, nan
  51.36,  161.62, 1.401926184375e+00,   2.0, 5.909707812500e-03, nan
 218.48,   99.65, 1.402430903125e+00,   2.0, 3.686438671875e-02, nan
 180.96,   91.43, 1.402636229687e+00,  15.0, 5.183149510417e-02, nan
 193.37,  191.46, 1.403482418750e+00,   7.0, 1.052570569196e-01, nan
   2.33,  189.03, 1.407025825000e+00,   4.0, 1.422286718750e-03, nan
   4.79,  167.52, 1.407029295312e+00,   8.0, 1.343649394531e-02, nan
 193.76,  110.91, 1.408425557813e+00,  94.0, 4.499887059674e-01, nan
  21.60,  170.39, 1.411150959375e+00,   2.0, 1.430269453125e-02, nan
 189.45,   84.17, 1.411499068750e+00,   6.0, 6.657031249987e-06, nan
 174.51,   74.34, 1.415453039062e+00,  53.0, 3.572044849646e-01, nan
 148.08,   77.26, 1.418255326562e+00,  33.0, 1.254325632576e-01, nan
 154.76,   51.87, 1.418458403125e+00,  20.0, 1.962037411719e-01, nan
  18.31,  200.89, 1.419370409375e+00,   8.0, 8.980787304688e-02, nan
  23.59,  198.49, 1.422612896875e+00,   2.0, 4.962102578125e-02, nan
 120.50,  125.15, 1.423661748438e+00,  29.0, 8.242893922414e-02, nan
 162.92,   16.69, 1.425510281250e+00, 107.0, 2.810598436624e-01, nan
 140.60,    0.42, 1.426926940625e+00,   4.0, 3.153671874995e-05, nan
 153.19,    1.61, 1.426927539063e+00,   3.0, 8.558478645833e-03, nan
 254.57,  108.13, 1.428793759375e+00,   2.0, 7.100278125000e-03, nan
  37.18,  133.73, 1.432884853125e+00,   2.0, 1.019442421875e-02, nan
  42.10,  119.76, 1.432895846875e+00,  16.0, 4.980744482422e-02, nan
 128.91,   16.98, 1.440179100000e+00,   2.0, 4.740118593750e-02, nan
 112.66,  238.99, 1.441887584375e+00,   6.0, 4.668797916667e-03, nan
 104.20,  250.08, 1.441889975000e+00,   4.0, 1.530949218750e-04, nan
 108.19,  233.26, 1.441890775000e+00,   1.0, 0.000000000000e+00, nan
 112.36,  250.85, 1.441891562500e+00,   2.0, 1.010210000000e-02, nan
 149.94,  217.51, 1.443082392188e+00,   3.0, 1.132184114583e-02, nan
 147.56,  240.59, 1.443088329687e+00, 317.0, 3.977721839265e-01, nan
 168.09,  234.93, 1.443098271875e+00,   8.0, 9.309779531250e-02, nan
 164.99,  221.72, 1.443115971875e+00,   4.0, 8.291482382812e-02, nan
 177.25,  242.84, 1.443156034375e+00,  11.0, 6.261374005682e-02, nan
 168.34,  215.77, 1.443162918750e+00,   4.0, 7.953845820313e-02, nan
  53.84,  228.93, 1.444830875000e+00, 240.0, 4.331057223828e-01, nan
  71.59,  230.59, 1.448649279687e+00,   2.0, 2.192890624997e-05, nan
  73.03,  221.95, 1.448660557813e+00,   2.0, 2.550982890625e-02, nan
 187.28,   76.53, 1.452718940625e+00,   2.0, 4.527493906250e-02, nan
  51.28,   76.10, 1.455283917187e+00,  24.0, 3.062335026042e-03, nan
  54.22,   84.55, 1.455286981250e+00,   5.0, 1.788096250000e-03, nan
  14.84,   73.17, 1.455335768750e+00,  81.0, 1.323359738619e-01, nan
 111.39,   65.20, 1.455552525000e+00, 298.0, 3.318402806103e-01, nan
  80.60,   73.47, 1.455716651562e+00,  28.0, 1.059720549665e-01, nan
 121.57,  124.25, 1.455951954687e+00,  38.0, 4.706015357730e-02, nan
 113.80,  118.38, 1.456006693750e+00,   3.0, 3.077384635417e-02, nan
  87.11,   72.49, 1.456962051562e+00,  19.0, 1.637112202303e-01, nan
 158.98,   47.06, 1.457449062500e+00,   5.0, 1.269328928125e-01, nan
 158.41,  166.72, 1.458431239062e+00,  43.0, 8.262577779797e-02, nan
 168.22,  168.80, 1.458431698437e+00,   6.0, 1.118854427083e-03, nan
 158.42,  163.70, 1.458441240625e+00,   2.0, 3.449218749996e-05, nan
 170.09,  140.18, 1.458484237500e+00,   8.0, 6.460144355469e-02, nan
 110.82,  153.15, 1.458493231250e+00, 106.0, 2.004987839033e-01, nan
 185.53,  169.01, 1.458504812500e+00,   4.0, 4.553118710937e-02, nan
  73.83,  123.21, 1.461245346875e+00,   7.0, 1.692977491071e-01, nan
  85.57,  114.20, 1.461332164062e+00,  10.0, 8.933375593750e-02, nan
 138.45,  243.39, 1.463848821875e+00,   2.0, 4.798022734375e-02, nan
 131.04,  244.78, 1.463868410937e+00,   3.0, 6.395755000000e-02, nan
  42.31,  146.71, 1.468877460937e+00,  21.0, 1.863803061756e-01, nan
 160.31,  132.01, 1.471569129687e+00,  29.0, 2.899775274784e-02, nan
 157.98,  138.13, 1.471898617187e+00,   4.0, 5.406097460937e-02, nan
 157.61,  157.76, 1.474183593750e+00,   4.0, 7.405727265625e-02, nan
 187.63,  244.33, 1.478002917187e+00,   4.0, 4.153768710937e-02, nan
  52.50,  124.07, 1.478935706250e+00,   2.0, 1.141153125000e-03, nan
  14.05,  107.69, 1.478937029687e+00, 105.0, 3.519976800595e-01, nan
   8.54,   99.33, 1.479358875000e+00,  25.0, 1.269633761250e-01, nan
 158.64,   38.94, 1.483631492188e+00,  97.0, 4.058855528673e-01, nan
 134.51,  187.81, 1.483745279687e+00,  10.0, 1.179821646875e-01, nan
  85.50,  231.15, 1.485138181250e+00,   2.0, 4.392443437500e-02, nan
  90.70,  176.50, 1.487891060938e+00,  17.0, 1.913143621324e-02, nan
 103.77,  136.75, 1.487892603125e+00,  64.0, 4.178052368652e-01, nan
  98.75,  179.81, 1.487894903125e+00,  12.0, 8.980125520833e-02, nan
 106.99,  197.49, 1.487918812500e+00,  21.0, 1.387747909970e-01, nan
  46.65,  202.95, 1.493336995312e+00,   3.0, 1.370943750000e-03, nan
  34.26,  214.07, 1.493407579687e+00,   2.0, 1.092637109375e-02, nan
 154.71,  163.27, 1.499166160937e+00,   2.0, 3.685525859375e-02, nan
 182.78,  198.41, 1.500551185938e+00,   5.0, 2.296103750000e-02, nan
 236.31,   71.44, 1.501549976562e+00,   2.0, 4.660636484375e-02, nan
 208.73,  169.86, 1.503244612500e+00,   3.0, 1.186522812500e-02, nan
 168.36,  131.56, 1.504803896875e+00,   5.0, 4.287812500037e-06, nan
 165.59,  137.98, 1.504807606250e+00,   3.0, 7.078124999967e-06, nan
 162.45,   97.20, 1.508871509375e+00,   3.0, 1.393136458333e-03, nan
 152.54,   98.56, 1.508897364062e+00,   1.0, 0.000000000000e+00, nan
 208.40,   18.26, 1.511131562500e+00, 118.0, 3.454575694386e-01, nan
 142.46,   76.06, 1.511208360937e+00,   2.0, 2.957423281250e-02, nan
  37.97,  108.78, 1.511446737500e+00,   3.0, 5.669629010417e-02, nan
 237.03,  157.97, 1.514828762500e+00,   7.0, 9.284663325893e-02, nan
 182.12,  125.31, 1.515032325000e+00,   2.0, 4.251755781250e-02, nan
  20.26,   32.30, 1.515591517187e+00,  17.0, 2.016620128677e-03, nan
  19.15,   41.52, 1.515607581250e+00,   5.0, 7.605284062500e-03, nan
  67.58,   76.46, 1.516262729687e+00,   3.0, 5.597337343750e-02, nan
  50.40,   41.07, 1.516294162500e+00, 353.0, 2.592609136951e-01, nan
  97.57,   70.03, 1.516295904687e+00,  12.0, 1.195931028646e-01, nan
 198.33,  117.58, 1.517537995312e+00,   4.0, 7.498304179687e-02, nan
  88.00,   44.47, 1.518798734375e+00,  11.0, 1.642474573864e-03, nan
  83.00,   51.22, 1.518802312500e+00,   2.0, 1.185770312500e-03, nan
  94.52,   40.00, 1.518806304687e+00,   2.0, 2.715337500000e-03, nan
  95.39,   45.16, 1.518816460937e+00,  75.0, 2.655354708125e-01, nan
  98.66,   62.91, 1.519170976562e+00,   2.0, 3.216657500000e-02, nan
  18.56,   66.74, 1.519516976562e+00,   6.0, 7.495646927083e-02, nan
  14.23,   71.08, 1.519527317187e+00,  13.0, 4.976952415865e-02, nan
  18.46,   78.12, 1.519535425000e+00,   2.0, 4.467302109375e-02, nan
  29.07,   92.01, 1.519550432813e+00,   3.0, 3.461815625000e-02, nan
   7.38,   99.96, 1.521376335937e+00,   4.0, 5.071896367188e-02, nan
  24.78,  231.31, 1.523123192187e+00,   2.0, 7.523437499657e-07, nan
 218.33,    7.20, 1.524788118750e+00,  18.0, 2.660645225695e-03, nan
 224.33,    9.95, 1.524791153125e+00,   3.0, 9.877338541666e-04, nan
 147.68,   91.25, 1.526976203125e+00,   2.0, 4.380718671875e-02, nan
  77.66,   86.61, 1.530231150000e+00,   2.0, 4.709897109375e-02, nan
  50.28,  247.73, 1.532871009375e+00,  20.0, 1.522532978906e-01, nan
  29.52,   70.12, 1.536541220312e+00,   2.0, 4.895913359375e-02, nan
 158.86,  206.06, 1.538455925000e+00,   9.0, 1.234797743056e-01, nan
 182.10,  219.83, 1.538498326562e+00,   2.0, 1.399502734375e-02, nan
 108.77,  162.39, 1.541680664063e+00,   3.0, 6.239814375000e-02, nan
 116.96,  150.35, 1.541962118750e+00,  48.0, 2.701663965495e-01, nan
 239.75,  125.19, 1.545292648438e+00, 125.0, 2.550825903750e-01, nan
 113.55,  194.63, 1.547194256250e+00,   4.0, 6.019181328125e-02, nan
 100.29,   70.73, 1.551829184375e+00,   2.0, 1.582648046875e-02, nan
 188.81,  229.93, 1.554152596875e+00,   2.0, 7.635546875007e-05, nan
 137.22,  228.49, 1.559804131250e+00,  12.0, 3.686428268229e-02, nan
 139.02,  226.37, 1.559885610937e+00,   6.0, 3.432661979167e-02, nan
  80.96,  115.99, 1.560310385937e+00,   2.0, 5.804687500666e-07, nan
  -1.81,   65.01, 1.561352429687e+00,   2.0, 2.121479687500e-02, nan
  -0.02,   74.46, 1.561375221875e+00,   2.0, 2.380045781250e-02, nan
  47.27,  186.56, 1.565510904687e+00, 188.0, 2.737422367936e-01, nan
 117.03,  157.69, 1.568596757812e+00,   2.0, 8.899218750025e-06, nan
  89.81,  253.94, 1.572968720313e+00,   2.0, 1.178493281250e-02, nan
  74.45,  246.43, 1.572987909375e+00,   1.0, 0.000000000000e+00, nan
 171.32,  152.40, 1.581926879687e+00,  72.0, 2.100778712674e-01, nan
   2.50,  103.06, 1.585293850000e+00,   4.0, 8.279672656250e-03, nan
  36.95,  139.11, 1.585501898438e+00,   6.0, 7.888016119792e-02, nan
 197.57,   87.02, 1.586209734375e+00,   2.0, 4.252500000002e-05, nan
 160.30,  113.56, 1.586319412500e+00,  14.0, 1.210751570312e-01, nan
 176.97,   92.55, 1.586545714062e+00,   2.0, 4.237716093750e-02, nan
 172.73,  154.81, 1.588032454687e+00,  17.0, 1.882451290441e-01, nan
 136.10,  225.84, 1.591674931250e+00,   4.0, 3.107421874993e-05, nan
 139.75,  218.38, 1.591683656250e+00,   2.0, 1.638749999999e-05, nan
 240.00,   12.91, 1.593086842187e+00, 153.0, 7.881188579453e-02, nan
 231.27,   10.37, 1.593088434375e+00,  89.0, 1.708390449789e-01, nan
 251.61,   12.84, 1.593090526562e+00,   3.0, 9.748697916664e-05, nan
 239.56,    9.40, 1.593095365625e+00,  13.0, 8.059864483173e-02, nan
 232.74,    1.34, 1.593116003125e+00,   5.0, 9.491616156250e-02, nan
 211.81,   19.65, 1.593779648437e+00,  35.0, 2.168724812054e-01, nan
 244.94,  167.60, 1.599603379687e+00,   1.0, 0.000000000000e+00, nan
 257.31,  176.27, 1.599908704688e+00,   4.0, 4.492941132812e-02, nan
 176.13,  145.04, 1.599973120312e+00,  24.0, 1.872534256510e-01, nan
 242.98,  136.93, 1.599980640625e+00,  64.0, 1.845992049072e-01, nan
 129.37,  198.60, 1.602046907812e+00,   2.0, 1.282908437500e-02, nan
 151.10,  192.44, 1.602052378125e+00,   3.0, 4.273198697917e-02, nan
 111.27,  205.87, 1.602486473437e+00,   5.0, 2.292862093750e-02, nan
 117.51,  196.99, 1.602556756250e+00,   2.0, 9.096546093750e-03, nan
 157.62,  205.58, 1.605393560937e+00, 164.0, 3.054597354325e-01, nan
  82.96,   40.97, 1.605506140625e+00,  18.0, 1.208853365451e-01, nan
  38.65,  156.61, 1.610164950000e+00,   2.0, 3.511048125000e-02, nan
  40.21,  247.24, 1.612936234375e+00,   3.0, 5.673819895833e-02, nan
 193.16,  180.25, 1.613320487500e+00, 141.0, 3.068133144947e-01, nan
 135.58,  244.68, 1.619010753125e+00,  23.0, 1.377867054348e-01, nan
 108.73,  206.39, 1.620748228125e+00,   1.0, 0.000000000000e+00, nan
  47.31,  146.62, 1.620806645312e+00,   2.0, 2.961677734375e-02, nan
 204.26,   72.50, 1.627217154687e+00,  25.0, 1.073165803125e-01, nan
 240.59,  125.92, 1.628081887500e+00,  11.0, 7.390130056818e-02, nan
 215.97,  107.05, 1.628094862500e+00,   3.0, 6.939222395833e-02, nan
 228.49,  129.88, 1.628384646875e+00,   1.0, 0.000000000000e+00, nan
 234.98,  114.74, 1.628459134375e+00,   1.0, 0.000000000000e+00, nan
  71.59,  127.13, 1.631892045312e+00,   3.0, 7.444119375000e-02, nan
 109.41,  132.64, 1.631912217188e+00,   5.0, 3.776250531250e-02, nan
 103.27,  144.66, 1.631932865625e+00,   8.0, 6.869841289063e-02, nan
  95.72,  131.19, 1.633304518750e+00,   8.0, 1.602754199219e-01, nan
 155.76,   20.16, 1.639909687500e+00,  20.0, 7.156354148438e-02, nan
 176.81,    5.65, 1.640476223437e+00,  28.0, 9.847177349330e-02, nan
 178.74,  246.35, 1.642188931250e+00,  48.0, 2.815570084635e-01, nan
  28.15,  186.85, 1.643668132813e+00,  80.0, 2.097552518359e-01, nan
  47.23,  221.14, 1.643678723437e+00, 121.0, 1.844256846074e-01, nan
  42.44,  226.37, 1.643687973437e+00,  17.0, 1.478628099265e-01, nan
  37.48,  207.70, 1.643744590625e+00,   2.0, 3.446327265625e-02, nan
 184.92,   40.35, 1.644381228125e+00,   1.0, 0.000000000000e+00, nan
 203.43,   60.18, 1.644419478125e+00,   4.0, 8.639578398437e-02, nan
 176.00,   21.19, 1.644507650000e+00,  30.0, 2.606337859375e-01, nan
   8.96,   16.29, 1.644891629688e+00, 166.0, 7.869782907568e-02, nan
  21.75,   40.32, 1.644892045312e+00,  40.0, 1.142480161719e-01, nan
   7.88,   13.08, 1.644899525000e+00,  18.0, 8.506271909722e-02, nan
  10.52,    2.46, 1.644902431250e+00,  24.0, 5.255843216146e-02, nan
   6.27,    9.66, 1.644905962500e+00,   5.0, 5.533625625000e-02, nan
  32.03,   57.11, 1.644906290625e+00,  85.0, 2.459146187868e-01, nan
  18.90,   19.50, 1.644914121875e+00,   2.0, 3.348030078125e-02, nan
  12.15,   79.08, 1.647802950000e+00,   3.0, 6.286439010417e-02, nan
 133.55,   62.96, 1.648959635937e+00,  38.0, 2.646803521793e-01, nan
 200.51,   77.52, 1.650696142187e+00,   4.0, 5.723472929688e-02, nan
  12.01,  150.62, 1.654227026562e+00,  17.0, 8.963093207721e-02, nan
 152.22,   81.69, 1.656309704687e+00,  19.0, 8.265889333882e-02, nan
  14.14,  203.39, 1.656627035937e+00,   4.0, 7.569601250000e-02, nan
 183.16,   58.83, 1.658937951563e+00,   2.0, 4.969623437500e-02, nan
 259.25,  168.12, 1.659543923438e+00,   1.0, 0.000000000000e+00, nan
  37.56,  182.89, 1.663690489062e+00,   6.0, 2.592780208333e-03, nan
  36.81,  174.31, 1.666219142187e+00,   4.0, 4.692578125021e-06, nan
  60.30,  207.21, 1.666228929687e+00,  65.0, 2.010878223558e-01, nan
 226.29,    6.44, 1.666655593750e+00,   1.0, 0.000000000000e+00, nan
 155.44,   84.67, 1.671304851562e+00,  11.0, 6.163593423295e-02, nan
 167.93,  120.48, 1.671315300000e+00,   2.0, 4.472339218750e-02, nan
 105.33,    7.42, 1.674117500000e+00,  29.0, 8.990024385776e-02, nan
  54.85,   39.01, 1.674175331250e+00,  33.0, 9.350017286932e-02, nan
 159.38,    6.85, 1.674191826562e+00,   7.0, 3.352639241071e-02, nan
 161.81,   19.76, 1.674199360937e+00,   6.0, 5.232303307292e-02, nan
 168.98,   10.47, 1.674230554687e+00,   3.0, 4.188489479167e-02, nan
  99.05,   39.98, 1.674273589063e+00,   2.0, 2.312991640625e-02, nan
 190.51,   16.49, 1.674285728125e+00,   7.0, 8.506991785714e-02, nan
 107.41,   33.53, 1.675501364062e+00,   3.0, 1.084497343750e-02, nan
  38.63,  163.25, 1.676745867187e+00,  34.0, 2.397709606158e-01, nan
  80.12,  175.93, 1.677865857812e+00,  21.0, 1.800394641369e-01, nan
  62.09,   36.13, 1.678159718750e+00,  12.0, 8.468561731771e-02, nan
  90.94,   46.85, 1.678174940625e+00,   9.0, 1.254308463542e-01, nan
 110.99,  137.06, 1.678871864062e+00,   1.0, 0.000000000000e+00, nan
 157.08,  208.48, 1.678887054687e+00,  51.0, 1.930598699449e-01, nan
 127.10,  247.60, 1.678989934375e+00,   5.0, 4.890393906250e-02, nan
 130.05,  233.98, 1.678995373437e+00,   2.0, 3.561195937500e-02, nan
  12.53,  144.12, 1.679042125000e+00,   2.0, 3.483194218750e-02, nan
 148.51,  143.68, 1.680163853125e+00,   5.0, 2.880666312500e-02, nan
 165.92,  161.05, 1.680176453125e+00,   3.0, 4.631389375000e-02, nan
 183.15,   89.33, 1.681047301562e+00,   2.0, 4.995370468750e-02, nan
 117.68,  172.46, 1.683449112500e+00,   9.0, 8.500164097222e-02, nan
 101.57,  103.28, 1.685433978125e+00,  59.0, 9.085904438559e-02, nan
   8.27,  251.90, 1.688659912500e+00,  25.0, 9.125394125000e-03, nan
   9.70,  251.30, 1.688660495312e+00,   4.0, 8.611170312500e-03, nan
  10.25,  260.80, 1.688666907812e+00,   5.0, 1.446136250000e-03, nan
   4.54,  247.74, 1.688675339063e+00,   2.0, 1.594538281250e-02, nan
  25.28,  180.92, 1.688794045312e+00,   2.0, 4.165338281250e-02, nan
  13.52,   -1.59, 1.690121356250e+00,   2.0, 1.875546874996e-05, nan
  18.07,    4.69, 1.690150292188e+00,   2.0, 4.316991875000e-02, nan
 186.67,  181.51, 1.693603401562e+00,  66.0, 2.112344351799e-01, nan
 162.98,  220.79, 1.693608139062e+00,  11.0, 8.485223366477e-02, nan
 169.87,  217.24, 1.693702500000e+00,   2.0, 4.770916015625e-02, nan
  44.04,  253.93, 1.695393235937e+00,   5.0, 1.336865624999e-04, nan
  46.39,  258.34, 1.695407187500e+00,   2.0, 7.774218749979e-06, nan
  53.97,  258.42, 1.695410307813e+00,   2.0, 1.432968749993e-05, nan
  61.80,  246.41, 1.695418220312e+00,   6.0, 6.061841953125e-02, nan
 105.06,  193.73, 1.698182725000e+00,   3.0, 7.293855885417e-02, nan
 148.67,  139.10, 1.710916035937e+00,   2.0, 1.595703125000e-04, nan
 133.69,  157.82, 1.711240068750e+00,   2.0, 3.292971718750e-02, nan
  33.85,    5.78, 1.711666881250e+00,   3.0, 5.107876302083e-02, nan
  42.38,  225.18, 1.712666328125e+00,  34.0, 2.814860056526e-01, nan
  36.55,  228.15, 1.712672775000e+00,   7.0, 8.913537366071e-02, nan
 105.10,  100.31, 1.713708651562e+00,  43.0, 5.018712445494e-02, nan
 114.14,   96.54, 1.713865748437e+00,   7.0, 5.355433392857e-02, nan
 180.00,  155.72, 1.714053237500e+00,   2.0, 4.818406171875e-02, nan
  59.63,   16.86, 1.714394992187e+00,   6.0, 3.853263776042e-02, nan
  94.05,   80.85, 1.715197390625e+00,   2.0, 4.964524140625e-02, nan
  64.56,  257.93, 1.715664685937e+00,   3.0, 6.966128489583e-02, nan
 166.62,  147.67, 1.716812871875e+00,   2.0, 4.630036953125e-02, nan
 142.94,  246.13, 1.717184612500e+00,   3.0, 1.435693072917e-02, nan
  20.93,  245.28, 1.717333342187e+00,   2.0, 4.796430312500e-02, nan
  16.21,   27.83, 1.719366098437e+00,   5.0, 9.614498656250e-02, nan
 218.13,    9.01, 1.719925373437e+00,  11.0, 1.527030589489e-01, nan
  15.83,   20.84, 1.720157140625e+00,   2.0, 4.869032500000e-02, nan
  37.24,  243.92, 1.720316960937e+00,   3.0, 6.194361718750e-02, nan
 208.26,  222.72, 1.720689370312e+00, 134.0, 1.481404412663e-01, nan
 226.43,   94.85, 1.720851181250e+00,   2.0, 5.447880468750e-03, nan
 248.38,  135.92, 1.720881940625e+00,   9.0, 1.514243145833e-01, nan
 237.77,   92.08, 1.720883082812e+00,  94.0, 2.361930697640e-01, nan
 225.68,  142.48, 1.720906054687e+00,  30.0, 1.614004428646e-01, nan
 171.02,  143.23, 1.721154387500e+00,   2.0, 4.412500937500e-02, nan
 134.00,  204.38, 1.724223040625e+00,  33.0, 1.396401683239e-01, nan
  67.63,   52.48, 1.724308017187e+00,  65.0, 2.148187975962e-01, nan
  50.86,  196.95, 1.724461137500e+00,   3.0, 8.258384114583e-02, nan
 108.19,   86.21, 1.726851590625e+00,   2.0, 2.699422734375e-02, nan
 214.33,   69.63, 1.726981160937e+00,   1.0, 0.000000000000e+00, nan
  36.01,  185.82, 1.727994009375e+00,  10.0, 1.680983037500e-01, nan
  50.31,    5.24, 1.729848906250e+00,  25.0, 1.373204006250e-02, nan
  54.57,    4.29, 1.729915140625e+00,   7.0, 1.433410446429e-02, nan
  45.68,   -2.25, 1.729940357812e+00,   2.0, 1.095788437500e-02, nan
  11.73,  185.90, 1.731071300000e+00,   5.0, 3.728444218750e-02, nan
 208.97,   38.46, 1.731700489062e+00,   9.0, 1.665793020833e-02, nan
 100.14,  129.12, 1.732010470312e+00,   2.0, 3.402632031250e-02, nan
 119.64,  130.19, 1.732040335937e+00,   2.0, 3.420353046875e-02, nan
 116.71,  126.13, 1.732075718750e+00,   2.0, 3.370276093750e-02, nan
 183.43,  148.27, 1.733878631250e+00,   2.0, 3.780445781250e-02, nan
 135.90,   33.63, 1.734774807812e+00,  89.0, 1.629605514221e-01, nan
 149.46,   46.96, 1.735261693750e+00,   8.0, 1.139442917969e-01, nan
 143.22,  202.68, 1.735682726562e+00,  13.0, 8.272477031250e-02, nan
 153.59,   69.33, 1.736880917187e+00,   9.0, 3.738717829861e-02, nan
 163.35,   74.56, 1.736883360937e+00,   3.0, 2.173020833340e-05, nan
 117.47,   72.94, 1.740257892187e+00,   5.0, 9.557100406250e-02, nan
 178.10,   -4.48, 1.741883110937e+00,   2.0, 6.744488281250e-03, nan
  16.27,   76.22, 1.742070253125e+00,   2.0, 4.060937500050e-06, nan
  55.23,   50.60, 1.746180232813e+00,   1.0, 0.000000000000e+00, nan
 123.32,  166.00, 1.747777073437e+00,   2.0, 1.463852656250e-02, nan
  13.56,  155.16, 1.748705678125e+00,   1.0, 0.000000000000e+00, nan
  26.16,   45.53, 1.749520248437e+00,   7.0, 2.559220758929e-03, nan
  30.78,   44.63, 1.749520985937e+00,   2.0, 1.012195468750e-02, nan
  33.34,   28.41, 1.749523973437e+00,   2.0, 1.934424609375e-02, nan
 189.84,  186.98, 1.749640778125e+00,  38.0, 1.624356557155e-01, nan
 181.69,  219.39, 1.749647476562e+00,  12.0, 1.327915930990e-01, nan
 198.00,  238.06, 1.749741787500e+00,  36.0, 1.593251269531e-01, nan
 236.93,  243.90, 1.750969643750e+00,  66.0, 1.984202386600e-01, nan
 157.97,  238.41, 1.751028371875e+00,   6.0, 1.045113614583e-01, nan
 220.77,  186.67, 1.756552804687e+00,  76.0, 2.366515054893e-01, nan
 191.09,  202.18, 1.761435995312e+00,   2.0, 4.604607500000e-02, nan
   9.87,  135.42, 1.761957917187e+00,  21.0, 1.674992046875e-01, nan
  66.99,  183.67, 1.762672668750e+00,   3.0, 8.743951562500e-03, nan
 106.20,  101.05, 1.762965190625e+00,  18.0, 1.397591493056e-03, nan
 111.69,   97.12, 1.762965470312e+00,   2.0, 2.220078125004e-05, nan
 152.63,  253.49, 1.765267190625e+00,   3.0, 6.500614895833e-02, nan
  66.48,  174.73, 1.775493954687e+00,   1.0, 0.000000000000e+00, nan
  43.43,  161.11, 1.775715256250e+00,   6.0, 7.466864348958e-02, nan
 163.81,   86.03, 1.776591409375e+00,   3.0, 6.355126927083e-02, nan
 106.04,  183.08, 1.777084950000e+00,   4.0, 1.032746054688e-01, nan
 242.27,  104.15, 1.781218660937e+00,  58.0, 2.226504249461e-01, nan
 234.10,  238.29, 1.781994990625e+00,  63.0, 7.909807668651e-02, nan
 212.55,  229.92, 1.782010935937e+00,   9.0, 9.274374791667e-02, nan
 209.38,  226.40, 1.782045893750e+00,   4.0, 7.319355976563e-02, nan
 206.27,  234.87, 1.782052337500e+00,   2.0, 6.354867187500e-03, nan
 248.27,  141.40, 1.783869467187e+00,   2.0, 4.711679609375e-02, nan
 132.87,  242.22, 1.785674053125e+00,   9.0, 1.455104847222e-01, nan
 111.56,    7.35, 1.787977190625e+00,   7.0, 2.174350446429e-02, nan
 117.70,    3.96, 1.787988885937e+00,   2.0, 5.819265625000e-03, nan
 113.19,   -2.62, 1.788009021875e+00,   2.0, 3.652004687500e-03, nan
 143.60,  258.42, 1.788209467187e+00,   3.0, 7.204654375000e-02, nan
  25.60,   61.28, 1.788745504687e+00,  10.0, 1.175722803125e-01, nan
 239.54,   99.63, 1.789017856250e+00,  14.0, 1.891528395089e-01, nan
  99.90,  180.16, 1.790126948437e+00,   3.0, 4.263355989583e-02, nan
 104.05,  204.11, 1.790130118750e+00,   1.0, 0.000000000000e+00, nan
  62.01,  229.92, 1.791210546875e+00,  13.0, 1.317049925481e-01, nan
  10.42,  126.78, 1.794368884375e+00,   5.0, 9.378543312500e-02, nan
 227.04,    0.82, 1.794451184375e+00,   3.0, 6.347665729167e-02, nan
 203.76,  182.08, 1.795599345312e+00,  14.0, 6.348425000000e-03, nan
 198.57,  181.32, 1.795603585937e+00,   4.0, 2.942780078125e-03, nan
 189.49,  180.20, 1.795634142187e+00,   1.0, 0.000000000000e+00, nan
 240.52,  179.95, 1.795634634375e+00, 132.0, 2.058703148201e-01, nan
 250.85,   99.02, 1.795717431250e+00,   2.0, 4.540057734375e-02, nan
 240.76,  184.48, 1.796362400000e+00,  45.0, 2.132590354861e-01, nan
 175.50,  231.30, 1.798174159375e+00,   7.0, 8.371616607143e-02, nan
 178.68,   26.65, 1.802875664062e+00,   2.0, 4.891064296875e-02, nan
 203.66,  115.66, 1.805055829687e+00,  43.0, 1.513938015625e-01, nan
 190.21,  216.86, 1.806006065625e+00,   4.0, 6.437122578125e-02, nan
 135.44,  205.07, 1.808082060937e+00,   6.0, 1.432097968750e-02, nan
  11.37,  114.33, 1.809664843750e+00,   3.0, 1.278125000007e-05, nan
  39.09,  114.53, 1.809691498437e+00,  11.0, 6.247785539773e-02, nan
  28.98,  117.79, 1.809778712500e+00,   3.0, 4.188595156250e-02, nan
 138.60,  132.81, 1.813159132812e+00,  39.0, 1.482203985978e-01, nan
 162.50,   96.54, 1.814975151562e+00,   5.0, 7.250248062500e-02, nan
 138.25,   96.98, 1.815008415625e+00,  21.0, 1.800753915923e-01, nan
 217.24,  153.07, 1.820827700000e+00,   6.0, 6.309452005208e-02, nan
 122.07,   50.38, 1.822293625000e+00,  43.0, 1.484329428779e-01, nan
 223.88,  121.25, 1.828574318750e+00,   3.0, 6.607346041667e-02, nan
 254.44,  237.33, 1.828712539062e+00,  35.0, 5.272370357143e-03, nan
 261.22,  235.81, 1.828718326562e+00,   5.0, 3.799408125000e-03, nan
 245.96,  240.08, 1.828734078125e+00,  10.0, 3.950191000000e-02, nan
 236.59,  220.00, 1.828875498437e+00,   5.0, 7.734363656250e-02, nan
 239.94,  117.57, 1.828878385937e+00,   8.0, 1.470001183594e-01, nan
 248.60,  254.62, 1.829137343750e+00,   6.0, 1.478200473958e-01, nan
 205.02,  119.81, 1.831041023437e+00,   9.0, 1.076023017361e-01, nan
 216.26,  139.58, 1.831125459375e+00,   2.0, 4.929484765625e-02, nan
 126.65,   46.19, 1.833131020312e+00,  22.0, 1.046927462358e-01, nan
 136.75,   48.12, 1.833138462500e+00,   9.0, 1.024919663194e-01, nan
 118.11,   41.96, 1.833153803125e+00,   2.0, 2.529687500030e-06, nan
 128.67,   61.95, 1.833166987500e+00,   9.0, 1.511029409722e-02, nan
 202.57,   98.29, 1.833776167187e+00,   9.0, 1.254890204861e-01, nan
  91.13,   82.33, 1.835613375000e+00,  50.0, 1.845719158750e-01, nan
  59.30,   60.50, 1.837651773437e+00,  34.0, 1.132508115809e-01, nan
 241.72,   53.21, 1.838135743750e+00,  38.0, 1.404458112664e-02, nan
 234.08,   69.38, 1.838153979687e+00,  40.0, 9.995756945312e-02, nan
 228.01,   76.20, 1.838172784375e+00,  34.0, 1.791631475184e-01, nan
 184.77,  136.89, 1.838590884375e+00,   2.0, 4.992519375000e-02, nan
 179.98,  243.48, 1.838975626562e+00,   4.0, 6.068972226563e-02, nan
 187.24,  181.72, 1.839921956250e+00,   7.0, 1.350648736607e-01, nan
  16.79,   50.02, 1.840523801562e+00,   3.0, 6.603316041667e-02, nan
 235.58,   47.65, 1.841209575000e+00,   3.0, 6.639129166667e-02, nan
 222.10,  222.78, 1.841422893750e+00,   2.0, 3.945622734375e-02, nan
 156.50,   76.24, 1.843525729687e+00,   4.0, 1.039197421875e-01, nan
 193.05,  154.48, 1.844808187500e+00,   3.0, 5.940112083333e-02, nan
 173.57,  166.32, 1.844843987500e+00,  12.0, 1.398034197917e-01, nan
 169.23,  146.71, 1.846953109375e+00,  40.0, 1.189781623047e-01, nan
  86.96,  141.08, 1.848067981250e+00,   3.0, 8.198525885417e-02, nan
 148.15,   17.97, 1.848283325000e+00,   7.0, 1.254935551339e-01, nan
  95.51,  158.48, 1.849094825000e+00,   3.0, 5.041470833333e-02, nan
  85.79,  149.51, 1.849335039062e+00,   3.0, 3.736858906250e-02, nan
 122.67,  199.29, 1.854054167187e+00,   2.0, 4.922487734375e-02, nan
 216.05,  183.25, 1.854077301562e+00,   5.0, 1.119910703125e-01, nan
  43.40,  154.19, 1.855870059375e+00,   3.0, 6.523541666666e-05, nan
  60.83,   59.40, 1.857823015625e+00,  12.0, 1.207829552083e-01, nan
 108.59,  183.54, 1.864415195312e+00,   2.0, 4.404096171875e-02, nan
 222.69,   58.06, 1.866154787500e+00,   4.0, 8.505729453125e-02, nan
 227.48,  161.90, 1.867828714062e+00,   8.0, 6.241373984375e-02, nan
 227.88,  150.67, 1.867835554687e+00,   2.0, 2.707499999999e-05, nan
 177.59,  194.78, 1.871685435937e+00,   8.0, 8.954191582031e-02, nan
 147.50,   54.19, 1.871697562500e+00,   5.0, 8.528783343750e-02, nan
 204.45,   64.18, 1.871975362500e+00,  17.0, 8.012762481618e-02, nan
 223.32,   47.88, 1.872871060937e+00,   4.0, 7.572228710937e-02, nan
  59.71,   91.40, 1.876161101562e+00,  48.0, 1.295477103841e-01, nan
  34.23,  185.75, 1.876330971875e+00,   2.0, 4.829863203125e-02, nan
  16.57,  184.38, 1.876335389062e+00,   5.0, 3.509130531250e-02, nan
  58.95,   89.90, 1.876521498437e+00,  35.0, 1.138059665179e-01, nan
  59.15,   53.28, 1.877833346875e+00,  10.0, 5.745506203125e-02, nan
  43.44,  114.47, 1.878359154687e+00,   1.0, 0.000000000000e+00, nan
 249.85,   87.46, 1.879750240625e+00,   2.0, 1.251414062500e-04, nan
 141.47,  250.88, 1.883274995312e+00,   8.0, 1.328687642578e-01, nan
 139.40,  191.77, 1.884189140625e+00,   2.0, 3.414757890625e-02, nan
 213.21,   69.61, 1.888991378125e+00,   6.0, 4.476806171875e-02, nan
 220.99,   -2.85, 1.889630946875e+00,   2.0, 5.133593749984e-06, nan
 202.19,   -5.24, 1.889632309375e+00,   1.0, 0.000000000000e+00, nan
 218.74,   18.28, 1.889821287500e+00,   2.0, 4.495404843750e-02, nan
 164.45,   54.42, 1.895048012500e+00,   2.0, 4.931727343750e-02, nan
  27.08,  157.82, 1.895844829687e+00,   2.0, 4.871793203125e-02, nan
 175.81,  203.03, 1.895887112500e+00,   4.0, 5.230066835938e-02, nan
 114.74,  159.31, 1.899011800000e+00,   2.0, 2.199046328125e-02, nan
 137.69,  167.21, 1.899014348437e+00,   5.0, 3.611024062500e-02, nan
   1.31,  106.95, 1.903157110937e+00,   5.0, 7.977188500000e-02, nan
 168.86,   79.80, 1.903865871875e+00,   2.0, 4.894239531250e-02, nan
 148.80,   97.57, 1.907225046875e+00,   3.0, 6.682120208333e-02, nan
 149.70,   89.33, 1.907734217187e+00,   2.0, 4.955120468750e-02, nan
 166.86,   10.77, 1.910715082812e+00,   3.0, 7.157957708333e-02, nan
  22.05,  228.06, 1.916150812500e+00,  19.0, 9.442441472039e-02, nan
  66.79,   92.04, 1.918838079687e+00,   5.0, 8.236760750000e-02, nan
  94.37,  125.63, 1.924697776562e+00,  10.0, 7.157479031250e-02, nan
  30.46,   75.57, 1.925188639062e+00,   2.0, 5.333398437500e-03, nan
 234.86,   66.99, 1.931534521875e+00,   2.0, 3.288280468750e-02, nan
 171.63,   26.40, 1.931603021875e+00,   3.0, 6.717093854167e-02, nan
 220.47,  172.28, 1.934150760937e+00,   2.0, 5.366332031250e-03, nan
  66.68,   52.90, 1.934808128125e+00,   4.0, 6.080907031250e-03, nan
  62.79,   45.77, 1.934814207812e+00,   2.0, 6.825703125002e-05, nan
 163.96,  176.16, 1.935066704687e+00,   4.0, 4.713495234375e-02, nan
 207.41,  107.58, 1.935338334375e+00,   2.0, 2.334715625000e-02, nan
  53.61,   94.78, 1.935840192187e+00,  11.0, 6.766808039773e-02, nan
 134.50,   96.64, 1.935853946875e+00,   2.0, 3.503664375000e-02, nan
 130.50,  181.70, 1.937284204687e+00,   2.0, 7.589160937500e-03, nan
 178.13,  143.12, 1.938957782812e+00,   3.0, 1.982630520833e-02, nan
 217.61,   46.93, 1.940461335937e+00,   2.0, 1.252896250000e-02, nan
 154.88,  164.18, 1.941594310938e+00,   2.0, 1.355628984375e-02, nan
  64.57,  108.28, 1.943054692187e+00,   7.0, 7.914391696429e-02, nan
  40.37,  240.94, 1.943441626562e+00,  27.0, 5.611824675926e-02, nan
  57.20,  238.57, 1.943447784375e+00,   2.0, 3.261040703125e-02, nan
  66.14,   72.44, 1.949756975000e+00,   2.0, 4.543578281250e-02, nan
  77.29,   72.97, 1.949757143750e+00,   2.0, 4.057635703125e-02, nan
 218.48,   88.91, 1.950982712500e+00,   4.0, 7.484232343750e-02, nan
  66.92,  103.35, 1.951350732812e+00,   2.0, 4.016910156250e-02, nan
 140.34,   19.80, 1.952196431250e+00,   2.0, 4.978383984375e-02, nan
 136.81,  130.27, 1.954425085937e+00,  11.0, 1.150011505682e-03, nan
 169.11,  141.14, 1.963738287500e+00,   2.0, 5.891406249958e-06, nan
 113.51,  253.84, 1.964054967187e+00,   1.0, 0.000000000000e+00, nan
  28.87,  240.56, 1.965146262500e+00,  10.0, 3.521740625000e-02, nan
 152.93,  234.29, 1.965242117187e+00,  10.0, 9.235274531250e-02, nan
  24.64,  235.22, 1.965355057812e+00,   5.0, 4.038946437500e-02, nan
  20.30,  238.58, 1.965605003125e+00,  16.0, 4.309435820313e-02, nan
 123.69,  122.66, 1.977218987500e+00,   2.0, 9.832103906250e-03, nan
 228.51,   83.27, 1.987710532812e+00,   2.0, 4.670075625000e-02, nan
 106.93,  119.74, 1.996830048437e+00,   2.0, 1.582187500004e-05, nan
  92.99,  120.91, 1.996830182812e+00,   3.0, 3.549166666672e-05, nan
  90.49,   83.71, 2.001772610938e+00,   2.0, 1.310261796875e-02, nan
 105.02,   82.98, 2.001786326562e+00,   2.0, 7.841496093750e-03, nan
  19.03,  240.53, 2.011357479687e+00,   5.0, 2.544409375001e-04, nan
  16.74,  227.75, 2.011359940625e+00,   2.0, 8.157031250011e-06, nan
 208.97,  258.66, 2.021078404688e+00,   3.0, 3.342163541667e-03, nan
 231.96,  198.17, 2.037151218750e+00,   2.0, 2.822932031250e-03, nan
 245.62,  184.00, 2.038095282812e+00,   2.0, 2.198516406250e-03, nan
 145.50,  247.72, 2.039605492187e+00,   2.0, 1.667861484375e-02, nan
 156.23,  238.01, 2.040969403125e+00,   3.0, 6.739445833333e-03, nan
 256.28,  184.64, 2.042483098437e+00,   2.0, 2.656249999955e-07, nan
