x [px], y [px], t [s], nPhotons [1], PSD value, t_relToExtTrigger [s]
 111.83,  196.02, 3.759687500000e-04, 1905.0, 5.494445191257e-01, nan
 191.95,  192.46, 3.796421875000e-04, 1704.0, 5.470793293601e-01, nan
  72.01,   71.81, 3.894031250000e-04, 2299.0, 5.389622367075e-01, nan
  56.39,  162.00, 3.980453125000e-04, 1923.0, 5.132111232441e-01, nan
 101.96,  161.51, 4.003250000000e-04, 2111.0, 4.776339498823e-01, nan
 177.42,   73.47, 4.090781250000e-04, 2083.0, 5.217194081471e-01, nan
 208.85,   82.52, 4.413500000000e-04, 1838.0, 5.342162971207e-01, nan
  95.61,  193.25, 4.564937500000e-04, 1573.0, 5.620490135937e-01, nan
 192.31,   42.90, 5.808046875000e-04, 1636.0, 5.807452171779e-01, nan
 103.26,   78.28, 5.810296875000e-04, 1727.0, 5.188518526039e-01, nan
 173.58,   71.98, 5.844125000000e-04, 1398.0, 5.616992907044e-01, nan
 153.28,   28.09, 6.012687500000e-04, 1369.0, 4.700178182569e-01, nan
 188.77,  115.59, 6.040984375000e-04, 1043.0, 5.588868555863e-01, nan
 164.06,  146.26, 6.050734375000e-04, 1119.0, 4.692580284573e-01, nan
 209.41,   58.60, 6.208109375000e-04, 1510.0, 5.778008104760e-01, nan
 171.48,   54.31, 6.223859375000e-04, 1131.0, 6.110853756106e-01, nan
 212.01,   65.45, 6.279765625000e-04, 880.0, 5.884053764560e-01, nan
 176.88,  123.83, 6.296203125000e-04, 1394.0, 4.830588564462e-01, nan
  93.46,   27.35, 6.406500000000e-04, 1090.0, 6.703777735952e-01, nan
 218.72,  139.98, 6.474625000000e-04, 978.0, 5.458493145706e-01, nan
 189.43,  138.88, 7.165093750000e-04, 1378.0, 5.018403820403e-01, nan
  85.87,  185.24, 7.180062500000e-04, 1312.0, 5.264131856005e-01, nan
 227.80,  158.72, 7.278312500000e-04, 745.0, 4.317135544610e-01, nan
 249.92,   18.83, 7.450328125000e-04,  21.0, 2.000384010417e-02, nan
 114.66,  164.34, 7.606343750000e-04, 1436.0, 5.515198059312e-01, nan
 189.67,  186.40, 7.822281250000e-04, 992.0, 5.047945237935e-01, nan
 159.56,   93.17, 8.485453125000e-04, 808.0, 5.114403815807e-01, nan
 154.59,  109.93, 9.002781250000e-04, 817.0, 5.779344303091e-01, nan
 212.93,  199.77, 9.489593750000e-04, 867.0, 5.387978037882e-01, nan
  85.94,   87.89, 9.571921875000e-04, 825.0, 5.219576282045e-01, nan
  80.45,   62.75, 9.895296875000e-04, 1280.0, 4.667904763098e-01, nan
 107.54,   98.44, 9.966656250000e-04, 1659.0, 4.524406759211e-01, nan
  83.31,   80.05, 1.002045312500e-03, 1090.0, 2.801893197964e-01, nan
 121.07,   51.45, 1.007943750000e-03, 635.0, 6.390196302067e-01, nan
 175.99,  216.90, 1.008709375000e-03, 1344.0, 5.581735037830e-01, nan
 186.16,  174.34, 1.010832812500e-03, 1403.0, 4.950318501481e-01, nan
  81.82,  170.52, 1.012478125000e-03, 1067.0, 5.010969877841e-01, nan
 196.30,  211.19, 1.015021875000e-03, 949.0, 5.564632469606e-01, nan
 104.47,  155.38, 1.016390625000e-03, 1693.0, 5.269847232557e-01, nan
 186.16,  114.46, 1.016856250000e-03, 587.0, 4.181696734641e-01, nan
 165.43,  204.51, 1.018173437500e-03, 1140.0, 5.452332434142e-01, nan
 155.25,   45.90, 1.021053125000e-03, 1050.0, 4.040276026994e-01, nan
 166.91,   85.15, 1.023615625000e-03, 831.0, 6.274306286609e-01, nan
 163.08,  190.09, 1.024945312500e-03, 920.0, 4.871357280027e-01, nan
  52.87,  218.54, 1.049095312500e-03, 1176.0, 5.906693348706e-01, nan
 184.62,  216.13, 1.049185937500e-03, 775.0, 5.463256620323e-01, nan
 106.81,  124.65, 1.054635937500e-03, 858.0, 6.522733708898e-01, nan
 181.55,  124.64, 1.060770312500e-03, 754.0, 5.458586694960e-01, nan
 165.37,   47.27, 1.078214062500e-03, 622.0, 3.875834723347e-01, nan
  60.38,  114.87, 1.091709375000e-03, 1348.0, 5.366798515799e-01, nan
  54.42,  200.43, 1.094964062500e-03, 1109.0, 4.922539366828e-01, nan
 203.03,  169.26, 1.108779687500e-03, 588.0, 5.682047779230e-01, nan
 179.09,  230.31, 1.124017187500e-03, 691.0, 6.046339975511e-01, nan
  30.66,   80.27, 1.127829687500e-03, 1195.0, 4.404835024229e-01, nan
 145.89,  188.80, 1.138140625000e-03, 625.0, 5.666503582425e-01, nan
  52.12,  213.60, 1.166046875000e-03, 785.0, 6.795103427030e-01, nan
 220.95,  193.75, 1.289343750000e-03, 661.0, 6.121376459507e-01, nan
  68.28,   78.29, 1.473668750000e-03, 1199.0, 3.495118291245e-01, nan
 217.10,  127.51, 1.523695312500e-03, 358.0, 6.316550854923e-01, nan
 113.79,  216.18, 1.545437500000e-03, 822.0, 5.265231919081e-01, nan
 217.39,  228.63, 1.549875000000e-03, 508.0, 5.908027702602e-01, nan
 186.23,  186.09, 1.550889062500e-03, 612.0, 5.970744921594e-01, nan
 216.50,  156.63, 1.554173437500e-03, 394.0, 5.682570731282e-01, nan
 184.44,  209.39, 1.558079687500e-03, 342.0, 5.650368518549e-01, nan
 110.20,  192.53, 1.560406250000e-03, 616.0, 6.240287469130e-01, nan
 174.40,  234.15, 1.561309375000e-03, 471.0, 5.393613873010e-01, nan
 227.89,  217.17, 1.575412500000e-03,  23.0, 5.085623743207e-02, nan
 189.21,  188.27, 1.598084375000e-03, 249.0, 6.115049431099e-01, nan
 220.25,  167.29, 1.609501562500e-03, 345.0, 5.421449213768e-01, nan
  64.10,  112.39, 1.657281250000e-03, 971.0, 4.406923126899e-01, nan
 205.20,  209.97, 1.698112500000e-03,   4.0, 4.039392304687e-02, nan
 232.47,   66.38, 1.717328125000e-03, 375.0, 6.736355867833e-01, nan
  54.86,  119.46, 1.731467187500e-03, 1253.0, 4.840021502457e-01, nan
 106.70,   33.68, 1.775926562500e-03, 934.0, 5.604157807247e-01, nan
  53.81,   77.47, 1.783756250000e-03, 764.0, 4.951531166660e-01, nan
 154.52,   57.74, 1.790229687500e-03, 703.0, 6.032728621599e-01, nan
 103.27,   51.70, 1.794220312500e-03, 559.0, 4.023514807385e-01, nan
 162.61,  114.05, 1.798526562500e-03, 808.0, 3.761463267288e-01, nan
 161.82,   81.54, 1.900476562500e-03, 664.0, 5.195195972539e-01, nan
 180.18,   88.81, 2.017428125000e-03, 327.0, 4.498539379109e-01, nan
 154.65,   81.77, 2.018559375000e-03, 226.0, 3.470203661297e-01, nan
 175.22,   91.51, 2.020229687500e-03, 383.0, 5.930636986619e-01, nan
 144.26,   64.20, 2.022762500000e-03, 482.0, 6.350687892084e-01, nan
 190.56,   33.89, 2.022915625000e-03, 420.0, 5.971836988467e-01, nan
 173.90,   46.97, 2.024289062500e-03, 218.0, 6.937208252652e-01, nan
 217.90,   38.87, 2.025231250000e-03, 138.0, 5.903111136775e-01, nan
 209.85,   89.92, 2.029109375000e-03, 266.0, 6.211952823191e-01, nan
 144.92,   21.76, 2.035614062500e-03, 299.0, 6.845498540604e-01, nan
  88.42,   65.09, 2.038784375000e-03, 557.0, 5.329714433797e-01, nan
 169.44,   93.82, 2.043725000000e-03, 257.0, 5.832445123906e-01, nan
 112.87,  174.24, 2.049664062500e-03, 478.0, 6.086040057728e-01, nan
  67.82,   32.10, 2.050200000000e-03, 470.0, 7.017247413597e-01, nan
 124.20,  128.22, 2.050481250000e-03, 521.0, 4.590764497631e-01, nan
 169.73,  112.26, 2.061442187500e-03, 334.0, 3.627228090756e-01, nan
 105.01,   49.17, 2.076826562500e-03, 474.0, 5.784546686709e-01, nan
 121.75,   41.77, 2.098590625000e-03, 463.0, 5.035806897779e-01, nan
  41.34,   34.68, 2.103078125000e-03, 761.0, 5.487432665654e-01, nan
  78.82,   75.04, 2.137962500000e-03, 557.0, 5.398958400920e-01, nan
  69.35,  214.02, 2.149120312500e-03, 705.0, 3.476030641157e-01, nan
  24.71,   73.96, 2.151407812500e-03, 672.0, 4.400583788295e-01, nan
  36.91,   53.83, 2.153635937500e-03, 468.0, 5.102045360777e-01, nan
  57.09,  157.82, 2.165353125000e-03, 592.0, 4.926656970307e-01, nan
  39.68,  157.70, 2.178209375000e-03, 878.0, 3.726501707788e-01, nan
  41.33,  154.08, 2.181653125000e-03, 883.0, 4.139652621302e-01, nan
  29.15,  190.47, 2.271670312500e-03, 716.0, 4.862322683048e-01, nan
 106.94,   75.14, 2.271893750000e-03, 343.0, 2.902699576713e-01, nan
 111.59,  234.88, 2.287757812500e-03, 369.0, 5.804980143885e-01, nan
 144.43,  219.98, 2.288768750000e-03, 337.0, 5.222033364151e-01, nan
  63.85,  133.60, 2.295989062500e-03, 617.0, 3.966287607602e-01, nan
 170.85,  196.96, 2.297818750000e-03, 263.0, 6.107163232593e-01, nan
  81.01,  236.18, 2.304831250000e-03, 394.0, 5.937726930758e-01, nan
  26.61,  193.50, 2.306834375000e-03, 828.0, 4.517264480016e-01, nan
  59.87,  175.94, 2.316667187500e-03, 387.0, 3.919842484375e-01, nan
 122.52,  246.82, 2.323132812500e-03,   2.0, 1.127739531250e-02, nan
 214.31,   99.44, 2.325590625000e-03, 509.0, 3.834964474490e-01, nan
 134.53,  237.67, 2.357698437500e-03,   3.0, 2.095902552083e-02, nan
  60.27,  125.11, 2.435568750000e-03, 655.0, 4.023091750930e-01, nan
  65.98,  151.23, 2.449739062500e-03, 493.0, 4.201792068712e-01, nan
 111.31,  233.21, 2.470671875000e-03, 286.0, 5.520643233938e-01, nan
 233.76,  128.13, 2.472207812500e-03, 236.0, 6.395404917903e-02, nan
  91.71,  127.04, 2.478181250000e-03, 516.0, 3.731450920422e-01, nan
 160.90,  147.56, 2.489531250000e-03, 298.0, 4.490339725199e-01, nan
 208.88,  118.56, 2.491653125000e-03, 202.0, 4.233855093982e-01, nan
 220.79,   89.46, 2.492032812500e-03,  36.0, 4.928979322917e-02, nan
 236.51,  143.04, 2.499518750000e-03, 128.0, 6.988796473389e-02, nan
 238.37,   85.45, 2.502628125000e-03,  19.0, 4.106368643092e-02, nan
 169.08,  110.18, 2.534200000000e-03, 258.0, 2.506750032158e-01, nan
 230.47,  118.85, 2.537606250000e-03, 189.0, 2.935298235615e-01, nan
 116.57,  162.01, 2.545815625000e-03, 364.0, 3.917995555718e-01, nan
  88.17,  157.87, 2.547075000000e-03, 285.0, 4.567938698739e-01, nan
 234.11,  117.38, 2.554148437500e-03,   4.0, 3.246885820312e-02, nan
 187.55,  155.90, 2.565667187500e-03,  96.0, 4.174269078613e-01, nan
 238.93,  161.22, 2.566887500000e-03, 203.0, 4.297223968365e-01, nan
 172.15,   85.31, 2.570853125000e-03, 185.0, 4.450086871284e-01, nan
 245.09,  106.98, 2.592367187500e-03,   3.0, 3.312423020833e-02, nan
 237.92,  159.10, 2.598290625000e-03,  99.0, 3.656496934975e-01, nan
 124.79,   65.98, 2.610903125000e-03, 429.0, 6.095331102601e-01, nan
 244.47,  158.07, 2.612109375000e-03,  77.0, 1.872809221388e-01, nan
 214.08,  231.25, 2.624234375000e-03, 365.0, 5.774175808176e-01, nan
 125.61,  164.47, 2.636726562500e-03, 241.0, 5.836633708312e-01, nan
 212.76,  218.55, 2.638595312500e-03, 174.0, 6.479509125898e-01, nan
 239.29,  232.12, 2.639562500000e-03,   2.0, 2.401022187500e-02, nan
 169.25,  174.25, 2.667814062500e-03,  10.0, 1.393313140625e-01, nan
 254.82,  105.97, 2.670320312500e-03,   5.0, 3.135965156250e-02, nan
  65.80,  105.93, 2.686410937500e-03, 454.0, 5.524178303896e-01, nan
  33.04,   55.79, 2.687743750000e-03, 589.0, 4.330525132879e-01, nan
  42.36,  214.80, 2.702870312500e-03, 463.0, 4.696624210684e-01, nan
  22.51,  195.06, 2.707385937500e-03, 541.0, 3.689780086356e-01, nan
 243.43,  248.37, 2.708881250000e-03,   2.0, 2.459698984375e-02, nan
 250.42,  136.47, 2.727754687500e-03,  24.0, 1.682815356771e-01, nan
 118.71,  194.46, 2.743425000000e-03, 196.0, 5.248475903938e-01, nan
 253.26,  245.84, 2.798123437500e-03,   6.0, 7.048584531250e-02, nan
 235.72,  219.94, 2.844984375000e-03,   5.0, 3.824681906250e-02, nan
 129.01,   52.18, 2.878962500000e-03, 187.0, 6.002350282336e-01, nan
  40.69,  214.40, 2.881540625000e-03, 331.0, 5.165095540691e-01, nan
 218.91,  214.62, 3.011282812500e-03, 175.0, 5.690302296518e-01, nan
 231.92,   54.69, 3.167014062500e-03, 204.0, 5.761807321921e-01, nan
 111.81,   85.68, 3.216004687500e-03, 211.0, 5.018586117447e-01, nan
 230.11,  191.83, 3.219701562500e-03,  16.0, 2.135912744141e-02, nan
  52.76,  224.45, 3.283668750000e-03, 288.0, 5.674904078939e-01, nan
 195.17,  135.94, 3.308989062500e-03,  16.0, 1.108002154297e-01, nan
 119.41,  103.79, 3.364582812500e-03, 270.0, 4.701050967824e-01, nan
 146.37,  189.83, 3.395548437500e-03, 222.0, 4.199850092553e-01, nan
  68.85,   39.32, 3.519101562500e-03, 442.0, 3.680700516792e-01, nan
 240.16,  206.29, 3.544181250000e-03, 224.0, 4.744594438825e-01, nan
  76.19,   24.74, 3.549496875000e-03, 339.0, 4.259236946350e-01, nan
 147.60,    5.70, 3.642456250000e-03,   6.0, 6.523257369792e-02, nan
  39.75,   87.70, 3.746415625000e-03, 284.0, 4.478333414998e-01, nan
 183.89,   82.95, 3.834704687500e-03, 237.0, 6.790794387988e-01, nan
  57.27,  214.79, 3.840832812500e-03, 269.0, 4.544874860246e-01, nan
 236.78,  159.50, 3.843856250000e-03,  12.0, 6.287558854167e-02, nan
 241.56,    9.59, 3.957867187500e-03,   6.0, 1.747151875000e-02, nan
 207.85,   36.05, 3.959334375000e-03,  88.0, 4.601320104403e-01, nan
 202.20,   55.46, 3.959578125000e-03,  95.0, 5.706079932401e-01, nan
 239.73,   18.71, 3.978912500000e-03,   3.0, 3.979519270833e-02, nan
  33.98,   38.82, 4.347598437500e-03, 473.0, 5.191131929539e-01, nan
  24.63,   48.81, 4.380612500000e-03, 213.0, 3.345009928550e-01, nan
  82.12,   42.10, 4.424265625000e-03, 249.0, 6.089147699297e-01, nan
  64.75,   58.78, 4.428343750000e-03, 300.0, 4.773988801615e-01, nan
  51.96,   73.89, 4.428837500000e-03, 216.0, 5.125250809968e-01, nan
  43.52,  132.84, 4.429251562500e-03, 216.0, 4.204766007523e-01, nan
  58.62,  132.03, 4.429954687500e-03, 178.0, 3.512762959357e-01, nan
 136.26,   49.31, 4.435182812500e-03, 200.0, 5.536648838906e-01, nan
 142.54,   37.18, 4.435348437500e-03,  22.0, 2.014203570313e-01, nan
 111.99,   23.72, 4.436462500000e-03,  41.0, 3.028329788110e-01, nan
 130.01,   37.41, 4.447053125000e-03,   3.0, 4.875765260417e-02, nan
  39.80,   18.46, 4.449335937500e-03, 272.0, 4.020805246209e-01, nan
 137.39,   34.90, 4.453357812500e-03,   7.0, 5.930278549107e-02, nan
 106.33,    1.11, 4.468193750000e-03,   2.0, 1.163281250000e-06, nan
  49.00,  140.75, 4.509137500000e-03, 239.0, 6.012096596561e-01, nan
 110.38,   52.41, 4.670179687500e-03,  13.0, 1.267560447115e-01, nan
 137.23,  203.76, 4.760921875000e-03, 200.0, 6.886059908516e-01, nan
  18.29,   68.74, 4.841362500000e-03, 278.0, 5.482890781194e-01, nan
  41.17,  165.40, 4.969506250000e-03,  88.0, 2.020445090554e-01, nan
 159.47,  203.63, 4.983470312500e-03,   2.0, 2.998173984375e-02, nan
 206.57,  254.44, 5.063673437500e-03,  35.0, 2.427928380357e-01, nan
  39.70,  182.15, 5.085929687500e-03, 194.0, 3.722320266753e-01, nan
  62.55,  175.15, 5.093915625000e-03, 182.0, 5.191901629979e-01, nan
  80.30,  114.20, 5.094137500000e-03, 197.0, 4.778487932186e-01, nan
  33.05,  139.74, 5.121557812500e-03, 224.0, 4.028935579241e-01, nan
  27.72,  142.38, 5.141843750000e-03, 186.0, 2.624883156586e-01, nan
  29.15,   45.55, 5.141937500000e-03, 138.0, 4.766128757020e-01, nan
 132.64,  204.22, 5.194112500000e-03, 194.0, 5.521483537532e-01, nan
  34.79,  214.57, 5.208145312500e-03, 146.0, 4.381152031785e-01, nan
  14.03,   53.28, 5.313584375000e-03, 154.0, 1.289801797078e-01, nan
 177.18,    6.97, 5.365107812500e-03,   2.0, 2.678853984375e-02, nan
 130.85,  111.46, 5.437262500000e-03, 145.0, 5.381936720905e-01, nan
  58.02,  131.30, 5.521600000000e-03,   4.0, 7.346097734375e-02, nan
 230.94,  116.72, 5.693431250000e-03,  97.0, 5.261196036405e-01, nan
 243.52,  133.04, 5.717182812500e-03,   4.0, 2.218637382813e-02, nan
  85.05,   96.93, 5.746409375000e-03,  13.0, 5.160363365385e-02, nan
 104.41,  182.12, 5.819465625000e-03, 213.0, 5.829238275455e-01, nan
 123.20,   67.45, 6.230057812500e-03, 146.0, 5.258583586473e-01, nan
 113.05,  126.10, 6.415473437500e-03, 175.0, 3.563885358482e-01, nan
 195.42,  103.86, 6.460332812500e-03, 119.0, 2.000794284664e-01, nan
  51.13,   89.80, 6.663398437500e-03,  69.0, 4.790920751812e-01, nan
 138.10,  148.21, 6.711557812500e-03,  88.0, 6.364412970526e-02, nan
 149.42,   48.89, 6.730825000000e-03, 127.0, 4.760851206939e-01, nan
 197.41,  198.06, 6.744368750000e-03,   5.0, 2.762101375000e-02, nan
 179.16,  102.64, 6.783928125000e-03,  10.0, 2.314980546875e-02, nan
 211.48,   93.40, 6.785873437500e-03,  33.0, 1.241980563447e-01, nan
 212.39,   91.42, 6.791851562500e-03,  16.0, 1.522972275391e-02, nan
 206.32,   62.29, 6.791889062500e-03,   8.0, 2.939788808594e-02, nan
 205.65,   68.12, 6.793928125000e-03,   7.0, 3.398587790179e-02, nan
 158.01,  115.49, 6.795051562500e-03,  17.0, 4.140229430147e-02, nan
  59.15,   30.74, 6.795912500000e-03, 187.0, 2.752705284258e-01, nan
 220.17,   89.12, 6.802831250000e-03,   5.0, 2.674707468750e-02, nan
 156.52,  104.00, 6.825076562500e-03,   6.0, 3.685188177083e-02, nan
 187.50,  122.75, 6.880040625000e-03,   4.0, 6.236936328125e-02, nan
 157.86,  123.87, 6.907307812500e-03,   5.0, 2.257080500000e-02, nan
 118.80,  142.63, 7.073759375000e-03,  37.0, 3.373460147804e-02, nan
  78.33,   59.87, 7.083801562500e-03,  38.0, 4.025136530016e-01, nan
 131.55,  226.06, 7.124462500000e-03, 301.0, 5.683863096138e-01, nan
 104.58,  205.11, 7.137393750000e-03,  58.0, 9.348457785560e-03, nan
 102.06,  174.51, 7.141248437500e-03, 153.0, 5.065453261642e-01, nan
  77.28,  223.88, 7.142096875000e-03,  71.0, 2.080172411092e-01, nan
 117.43,  200.38, 7.142796875000e-03,  13.0, 1.478465560096e-01, nan
 129.49,  219.77, 7.143395312500e-03, 146.0, 5.734973647795e-01, nan
 119.42,  172.03, 7.145578125000e-03,  10.0, 8.011502578125e-02, nan
  93.68,  188.33, 7.145740625000e-03,   6.0, 3.219258750000e-02, nan
  91.75,  197.09, 7.152798437500e-03,   8.0, 5.816093613281e-02, nan
 120.00,  156.73, 7.164185937500e-03,   7.0, 1.875491093750e-02, nan
  37.91,   58.90, 7.343318750000e-03, 192.0, 3.590271612467e-01, nan
 109.78,   75.78, 7.757882812500e-03,  36.0, 2.120678894531e-01, nan
  98.81,  101.27, 7.759367187500e-03,  28.0, 2.125828015625e-01, nan
 126.39,   72.54, 7.780618750000e-03,  34.0, 2.464028056066e-01, nan
  88.41,   74.18, 7.786529687500e-03,   5.0, 4.356102937500e-02, nan
  70.19,   79.78, 7.836109375000e-03,   7.0, 4.542981941964e-02, nan
  68.57,   -0.39, 7.946165625000e-03,  12.0, 1.133412248698e-01, nan
 107.14,   74.88, 7.961215625000e-03,   3.0, 2.854262812500e-02, nan
  13.73,  183.37, 8.094001562500e-03, 130.0, 9.645658258413e-02, nan
  11.58,  172.94, 8.094128125000e-03, 166.0, 3.142650106457e-01, nan
  28.57,  224.30, 8.095104687500e-03, 178.0, 3.974336818996e-01, nan
   9.84,  210.97, 8.097562500000e-03,  47.0, 1.863095087434e-01, nan
  85.18,  177.21, 8.100550000000e-03,  51.0, 2.721937127451e-01, nan
  23.73,  206.03, 8.103287500000e-03,  24.0, 1.940718408203e-01, nan
  38.45,  247.71, 8.111471875000e-03,  76.0, 1.715714467105e-01, nan
  12.54,  172.67, 8.116154687500e-03,  89.0, 4.727320788448e-01, nan
  38.27,  196.15, 8.122075000000e-03, 103.0, 5.349970940534e-01, nan
 122.36,  121.26, 8.142145312500e-03,  11.0, 6.872597031250e-02, nan
 121.43,  152.19, 8.149220312500e-03,   3.0, 8.612154166667e-03, nan
  34.11,  190.70, 8.149435937500e-03,   7.0, 7.738609017857e-02, nan
 165.82,  220.68, 8.218871875000e-03,   3.0, 5.003554895833e-02, nan
   3.73,  231.74, 8.279017187500e-03,  27.0, 1.972392563079e-01, nan
  91.65,   69.22, 8.286473437500e-03,   2.0, 2.102884062500e-02, nan
  21.95,   23.61, 8.321192187500e-03, 143.0, 9.825233131556e-02, nan
 201.14,  103.63, 8.389801562500e-03,   3.0, 6.406948437500e-03, nan
  55.71,  207.08, 8.396542187500e-03,   5.0, 1.095841875000e-02, nan
 193.05,   94.74, 8.405717187500e-03,   1.0, 0.000000000000e+00, nan
  89.44,  195.44, 8.454892187500e-03, 140.0, 5.346898882366e-01, nan
 160.45,   58.49, 8.505362500000e-03,  23.0, 2.191903987092e-01, nan
 165.31,   48.42, 8.523521875000e-03,  15.0, 2.193787239583e-02, nan
 152.94,  109.36, 8.559175000000e-03,  47.0, 2.958285314162e-01, nan
  13.65,   34.59, 8.645567187500e-03, 333.0, 3.135732341779e-01, nan
  10.24,  134.04, 8.651651562500e-03,  79.0, 1.971762631725e-01, nan
  20.35,   56.53, 8.652489062500e-03, 134.0, 3.128189040812e-01, nan
   5.33,   91.68, 8.697746875000e-03,  78.0, 1.435592913862e-01, nan
  14.22,   36.19, 8.717904687500e-03, 140.0, 2.437141802790e-01, nan
   5.44,  192.52, 8.718301562500e-03,   5.0, 4.684013843750e-02, nan
  77.96,   35.38, 8.731359375000e-03, 149.0, 5.041494077181e-01, nan
   6.82,   26.21, 8.745298437500e-03,  33.0, 1.687381630208e-01, nan
 147.16,  230.38, 8.793032812500e-03,   2.0, 2.489809609375e-02, nan
  36.32,   68.79, 8.809901562500e-03,  22.0, 1.803727930398e-01, nan
  50.99,   29.51, 8.845021875000e-03, 124.0, 4.012312568044e-01, nan
  43.07,   48.69, 8.847875000000e-03,  26.0, 8.382008774038e-02, nan
  12.08,   16.78, 8.861396875000e-03,  17.0, 6.561227977941e-02, nan
   8.36,   59.32, 8.895664062500e-03,  82.0, 2.241011802020e-01, nan
 165.01,  164.80, 9.050579687500e-03,  26.0, 1.488469454327e-01, nan
 237.65,   56.93, 9.140529687500e-03,   2.0, 4.826607734375e-02, nan
  26.30,   29.14, 9.189771875000e-03,  57.0, 5.234054775768e-01, nan
  13.99,   11.05, 9.224131250000e-03,   7.0, 2.804944776786e-02, nan
  28.13,  101.78, 9.234090625000e-03,  15.0, 1.322014485417e-01, nan
 133.90,  138.94, 9.370589062500e-03,   2.0, 2.543081015625e-02, nan
   6.81,  229.41, 9.392151562500e-03,  29.0, 1.186940082435e-01, nan
 136.47,  164.06, 9.494384375000e-03,   8.0, 2.395120878906e-02, nan
 146.79,  127.14, 9.507842187500e-03,   2.0, 1.280194296875e-02, nan
  66.64,  231.55, 9.617120312500e-03,  73.0, 4.500463169949e-01, nan
 148.49,  152.74, 9.647635937500e-03,   2.0, 1.668696562500e-02, nan
 140.52,  215.43, 9.671765625000e-03,   3.0, 1.330447500000e-02, nan
 141.81,  189.02, 9.676157812500e-03,   5.0, 7.734062843750e-02, nan
  22.77,   36.29, 9.715118750000e-03,  12.0, 3.768240325521e-02, nan
 253.54,   62.28, 9.799676562500e-03,   9.0, 1.094441628472e-01, nan
 127.69,  129.04, 9.990096875000e-03,   2.0, 1.726976562500e-02, nan
 141.49,   58.06, 1.014185781250e-02,   3.0, 3.123353645833e-02, nan
 109.57,  121.05, 1.036450937500e-02,   3.0, 4.066780729167e-02, nan
 181.61,  224.46, 1.046637968750e-02,  92.0, 6.298099002887e-01, nan
 140.98,  184.40, 1.050937656250e-02,   2.0, 1.458701562500e-02, nan
  40.91,   49.77, 1.054059687500e-02,  10.0, 6.344674890625e-02, nan
  82.28,  214.35, 1.062088437500e-02, 127.0, 6.559648931102e-01, nan
  53.56,  247.39, 1.062411718750e-02,  36.0, 2.842868312934e-01, nan
  63.47,  257.28, 1.062436250000e-02,  16.0, 1.110485713867e-01, nan
  69.89,  246.49, 1.062536875000e-02,   3.0, 4.314839947917e-02, nan
  51.87,  250.23, 1.063342968750e-02,   4.0, 6.466663750000e-02, nan
  66.26,  230.78, 1.079476406250e-02,   2.0, 3.877762187500e-02, nan
   6.24,  236.53, 1.084082187500e-02,   7.0, 7.575526116071e-02, nan
 177.99,  169.87, 1.085655781250e-02,   3.0, 5.011754947917e-02, nan
 151.76,   76.80, 1.085957187500e-02,  12.0, 7.612492838542e-03, nan
  44.90,   58.91, 1.086710312500e-02,   7.0, 1.947018593750e-02, nan
 238.61,  182.80, 1.177319843750e-02,  16.0, 4.187448662109e-02, nan
 213.13,  167.96, 1.177483125000e-02,   3.0, 2.635751197917e-02, nan
 218.12,  200.58, 1.179023125000e-02,   2.0, 1.936124765625e-02, nan
 157.87,   23.64, 1.189947656250e-02,   5.0, 4.628379312500e-02, nan
  40.20,   67.07, 1.270166406250e-02,   8.0, 3.139728183594e-02, nan
  34.66,    4.42, 1.289914531250e-02,  19.0, 2.241743027961e-01, nan
  68.00,  184.19, 1.296807656250e-02,  53.0, 2.838662568986e-01, nan
  90.09,  157.28, 1.301340625000e-02,   3.0, 6.361274114583e-02, nan
  22.56,  136.44, 1.305367656250e-02,  54.0, 5.102059600694e-02, nan
  52.74,   96.31, 1.320750781250e-02,   5.0, 7.018458062500e-02, nan
   5.84,    3.16, 1.324875468750e-02,   5.0, 1.811850906250e-02, nan
 119.15,   66.41, 1.327642500000e-02,   2.0, 1.415771796875e-02, nan
  90.34,    8.45, 1.334087187500e-02,   5.0, 3.603043375000e-02, nan
  42.04,  133.00, 1.338392343750e-02,  30.0, 8.750847708333e-03, nan
  40.13,  119.33, 1.338475468750e-02,   6.0, 1.633674218750e-02, nan
  88.94,  138.76, 1.339851562500e-02, 116.0, 6.224262948545e-01, nan
  43.93,  116.20, 1.340251250000e-02,   5.0, 2.188047531250e-02, nan
  45.06,  137.92, 1.340541875000e-02,   2.0, 3.673546406250e-02, nan
  10.64,  137.23, 1.341805781250e-02,  34.0, 7.277866599265e-02, nan
  21.93,  131.06, 1.343154218750e-02,  13.0, 4.855906021635e-02, nan
  85.08,   95.65, 1.343710312500e-02,  50.0, 2.710798854375e-01, nan
   9.90,  134.45, 1.364804843750e-02,  10.0, 1.997197078125e-02, nan
   8.04,   70.86, 1.375261093750e-02,   7.0, 1.264403368304e-01, nan
  73.23,   68.18, 1.380693906250e-02,   7.0, 2.498219709821e-02, nan
  74.35,   75.32, 1.382686562500e-02,   2.0, 2.158015468750e-02, nan
 156.59,  149.26, 1.391369375000e-02,   5.0, 5.308583500000e-02, nan
 158.99,   68.80, 1.508502031250e-02,   2.0, 1.983728125000e-02, nan
 154.73,   79.76, 1.511723281250e-02,   2.0, 1.521953125000e-05, nan
  83.48,   48.77, 1.518602187500e-02,  12.0, 5.778703268229e-02, nan
  99.68,   48.98, 1.518923125000e-02,   2.0, 5.506250000000e-06, nan
  84.50,   34.74, 1.519372968750e-02,   2.0, 5.581760156250e-03, nan
  86.51,   34.17, 1.520439687500e-02,  92.0, 6.815467765965e-01, nan
 169.23,   73.39, 1.536577500000e-02,   2.0, 4.252041953125e-02, nan
 244.60,  201.03, 1.542789218750e-02,   3.0, 4.916680364583e-02, nan
  62.45,   63.37, 1.670990312500e-02,   4.0, 6.461607031250e-03, nan
  51.57,   76.68, 1.672326718750e-02,   4.0, 2.960740390625e-02, nan
  28.47,  104.62, 1.699460156250e-02,  51.0, 3.738450741115e-01, nan
  31.51,  252.23, 1.768035625000e-02,  10.0, 1.908750314063e-01, nan
 154.54,   10.83, 1.819471875000e-02,   2.0, 1.144674375000e-02, nan
 136.86,   89.75, 1.828008906250e-02,   2.0, 1.478213984375e-02, nan
 116.99,   93.02, 1.852637812500e-02,   4.0, 6.178962734375e-02, nan
 246.81,   30.62, 1.888356875000e-02,   2.0, 4.979847421875e-02, nan
 248.82,   84.88, 1.898581250000e-02,  23.0, 6.680578600543e-02, nan
 217.26,   46.24, 1.938034062500e-02,   3.0, 1.382014479167e-02, nan
 223.79,   37.31, 1.938179375000e-02,   2.0, 3.252714375000e-02, nan
 129.99,  105.33, 1.942128906250e-02,   2.0, 4.995861953125e-02, nan
   7.52,  143.29, 2.009687343750e-02,  41.0, 2.237594668445e-02, nan
  18.34,  168.18, 2.011150625000e-02,  56.0, 1.076227603237e-02, nan
  -0.00,  131.39, 2.011272187500e-02,   4.0, 7.477137890625e-03, nan
  13.63,  156.03, 2.011616093750e-02,  16.0, 3.440121621094e-02, nan
  14.71,  143.76, 2.014930156250e-02,   3.0, 6.135371354167e-03, nan
  17.88,  157.30, 2.050598750000e-02,   3.0, 1.096468125000e-02, nan
  16.19,  176.64, 2.089131718750e-02,   8.0, 1.579265234375e-03, nan
  60.47,  203.73, 2.089357031250e-02,   2.0, 5.664843750001e-06, nan
  22.75,  176.83, 2.089794531250e-02,   3.0, 1.619456770833e-03, nan
  59.59,  231.27, 2.092839218750e-02,  57.0, 4.424776248355e-01, nan
  44.64,  143.92, 2.093771250000e-02, 135.0, 7.372424373032e-01, nan
 255.77,   53.78, 2.191857343750e-02,   2.0, 1.289607656250e-02, nan
  93.50,   33.00, 2.223170156250e-02,  97.0, 7.901618561372e-01, nan
 159.56,  235.21, 2.296382812500e-02,   3.0, 9.406810937500e-03, nan
 150.44,  254.24, 2.337291875000e-02,   2.0, 1.431108906250e-02, nan
  71.30,  187.07, 2.339883437500e-02,   3.0, 6.734367968750e-02, nan
  18.92,    7.09, 2.442424218750e-02,   4.0, 4.338890625000e-04, nan
  13.31,   34.18, 2.443039218750e-02,   5.0, 5.437829687500e-02, nan
 249.28,  174.45, 2.555320312500e-02,  10.0, 1.823011828125e-02, nan
  79.00,   18.45, 2.638299218750e-02,   7.0, 1.231379104911e-01, nan
  63.91,   12.54, 2.658983281250e-02,   4.0, 1.129269609375e-01, nan
 249.16,  185.67, 2.791804687500e-02,   2.0, 1.663883437500e-02, nan
 192.64,   61.06, 2.821875937500e-02,   3.0, 6.792251562500e-03, nan
  51.56,  226.31, 2.897297812500e-02,   2.0, 4.941581171875e-02, nan
 170.74,   51.75, 2.997557968750e-02,   2.0, 1.201562499999e-06, nan
 166.78,   43.49, 2.997817500000e-02,   2.0, 1.444273437500e-04, nan
  64.75,   85.31, 3.087755781250e-02,   3.0, 5.108408541667e-02, nan
   3.41,   41.31, 3.414760625000e-02,   1.0, 0.000000000000e+00, nan
 -10.24,   44.08, 3.416883437500e-02,   2.0, 4.894016406250e-03, nan
  56.54,   79.55, 3.447560937500e-02,   2.0, 1.329174218750e-03, nan
 180.89,  229.40, 3.538045156250e-02, 225.0, 8.303977376458e-01, nan
  15.80,   95.17, 3.562905781250e-02,   8.0, 1.272095255859e-01, nan
 260.63,   74.42, 3.938135468750e-02,   3.0, 8.711374687500e-02, nan
  53.27,   29.57, 3.976507968750e-02,   7.0, 1.548151901786e-01, nan
  19.04,   94.43, 4.002559218750e-02,   2.0, 4.870299218750e-02, nan
 203.44,   -2.44, 4.039844062500e-02,   9.0, 1.146507989583e-01, nan
 136.66,  118.39, 4.218793125000e-02, 154.0, 7.880585895191e-01, nan
 196.11,   91.23, 4.279268281250e-02,   3.0, 9.356957031250e-02, nan
 125.96,  209.63, 4.305188437500e-02, 176.0, 8.118082085671e-01, nan
  57.90,  100.84, 4.332898593750e-02, 128.0, 7.755929503052e-01, nan
 255.66,  155.36, 4.447495781250e-02,   1.0, 0.000000000000e+00, nan
  90.85,   79.95, 4.768652187500e-02,   8.0, 1.592918390625e-01, nan
  22.99,  135.46, 4.811753750000e-02,   3.0, 7.961362291667e-02, nan
  -5.67,   95.70, 5.505391875000e-02,   4.0, 8.299575703125e-02, nan
  91.18,    6.10, 5.692557187500e-02,   2.0, 6.927516406250e-03, nan
  33.76,  246.99, 5.727463125000e-02,   7.0, 4.213718660714e-02, nan
 120.11,   16.14, 5.765361562500e-02,   6.0, 1.063020164063e-01, nan
 228.58,   28.04, 5.774600781250e-02,   2.0, 4.969870703125e-02, nan
  33.23,  125.75, 5.774957031250e-02,   2.0, 4.991015234375e-02, nan
   1.34,  232.20, 6.068539843750e-02,  33.0, 2.876441339962e-02, nan
 125.79,   21.21, 6.548407812500e-02,   3.0, 7.994460833333e-02, nan
 197.51,  143.53, 7.081593593750e-02,  17.0, 2.907528019301e-01, nan
 104.38,   94.63, 7.135872500000e-02,  23.0, 2.379358211277e-01, nan
   4.36,  239.00, 7.186338906250e-02,   3.0, 2.559986458333e-03, nan
 -11.29,  193.86, 7.214908750000e-02,   1.0, 0.000000000000e+00, nan
 249.09,  179.80, 7.295956093750e-02,   2.0, 4.832987656250e-02, nan
  97.46,  145.68, 7.350634687500e-02,   9.0, 1.349573456597e-01, nan
 204.04,   50.12, 7.375825312500e-02,   2.0, 4.957630312500e-02, nan
  58.73,  125.72, 7.382759062500e-02,  38.0, 2.609974577303e-01, nan
  94.54,   13.16, 7.444907343750e-02,   2.0, 4.995211328125e-02, nan
  58.97,  123.76, 7.548832031250e-02,  23.0, 2.210424990489e-01, nan
 233.46,  168.20, 8.238651718750e-02,  83.0, 4.323361329255e-01, nan
 159.78,  177.71, 8.469956875000e-02, 136.0, 8.048002741268e-01, nan
 102.23,  174.16, 8.596657343750e-02,   9.0, 1.948879005208e-01, nan
  59.34,  165.63, 8.657811562500e-02,   4.0, 7.877394843750e-02, nan
 127.78,  197.37, 8.722049218750e-02,  31.0, 3.500083140121e-01, nan
 168.88,   96.73, 8.768186562500e-02,  39.0, 2.939826448718e-01, nan
 194.39,   -3.90, 9.043476718750e-02,   3.0, 6.302405156250e-02, nan
 123.21,  208.53, 9.084817187500e-02,   4.0, 9.271329218750e-02, nan
  14.28,   66.58, 9.310412187500e-02,  22.0, 3.443797066051e-01, nan
 209.76,  200.12, 9.509440156250e-02,  10.0, 1.609556492187e-01, nan
  92.42,   -0.74, 9.529453437500e-02,   2.0, 4.911879921875e-02, nan
 243.03,  118.44, 9.694047343750e-02,  13.0, 2.253369058894e-01, nan
 202.09,  198.17, 9.702025937500e-02, 320.0, 8.915105923389e-01, nan
 238.75,   17.01, 9.890544218750e-02,   2.0, 4.895378671875e-02, nan
 198.20,  231.33, 9.989335937500e-02,  11.0, 2.383256711648e-01, nan
  24.67,  225.76, 1.005590921875e-01,   6.0, 9.736491354167e-02, nan
 244.20,    3.01, 1.043955640625e-01,  10.0, 1.510571142188e-01, nan
 111.10,   42.52, 1.045976484375e-01,   2.0, 4.991126562500e-02, nan
   1.22,  140.05, 1.051729734375e-01,   2.0, 4.016448437500e-02, nan
 155.61,   82.53, 1.053365781250e-01,   6.0, 1.142487664062e-01, nan
  -7.44,  105.51, 1.066101421875e-01,   3.0, 6.765116406250e-02, nan
 215.01,  206.43, 1.066302109375e-01, 322.0, 8.154701397079e-01, nan
 170.98,  227.74, 1.066304609375e-01,   4.0, 1.094908503906e-01, nan
 161.05,  237.27, 1.067238406250e-01,   2.0, 4.693069375000e-02, nan
 224.83,  117.02, 1.081998890625e-01,   2.0, 4.982543046875e-02, nan
 171.32,  178.27, 1.111223640625e-01,   4.0, 9.692435507813e-02, nan
 113.01,  264.17, 1.127457500000e-01,   3.0, 4.210559843750e-02, nan
 182.20,  184.52, 1.137565765625e-01,   2.0, 4.901124140625e-02, nan
 234.94,  241.57, 1.163947750000e-01,  10.0, 1.325231193750e-01, nan
 230.37,   55.18, 1.213318062500e-01, 527.0, 8.453993751393e-01, nan
 105.06,  238.56, 1.225675515625e-01,  98.0, 5.377132683355e-01, nan
 237.06,  249.39, 1.231104281250e-01,  20.0, 2.698940885156e-01, nan
 230.83,   84.28, 1.247993421875e-01,   3.0, 8.418115989583e-02, nan
 257.42,  149.79, 1.262426093750e-01,   2.0, 4.952521328125e-02, nan
 167.37,  252.32, 1.270807312500e-01,   2.0, 3.215558750000e-02, nan
  55.81,  217.98, 1.278276968750e-01,   9.0, 1.518354352431e-01, nan
 208.79,  110.22, 1.296160421875e-01,   4.0, 1.158785234375e-01, nan
 176.88,   49.60, 1.325264531250e-01,   5.0, 1.057632128125e-01, nan
  28.13,  218.74, 1.335499859375e-01,   2.0, 4.934950000000e-02, nan
  93.71,   85.99, 1.337421218750e-01,  11.0, 1.900818259943e-01, nan
  21.19,   -2.93, 1.341052859375e-01,   5.0, 1.323417121875e-01, nan
 254.02,  221.91, 1.357739500000e-01,   5.0, 1.018483706250e-01, nan
  59.63,  238.10, 1.362579640625e-01,   9.0, 1.632388355903e-01, nan
 132.84,  132.61, 1.365451218750e-01,   8.0, 1.060856070313e-01, nan
 117.36,   15.87, 1.370030312500e-01,  19.0, 1.709034462171e-01, nan
 152.38,  151.86, 1.390487640625e-01,   5.0, 1.070439006250e-01, nan
   2.67,  202.57, 1.423613156250e-01,   3.0, 6.749300520833e-02, nan
 233.61,   39.81, 1.430249437500e-01, 265.0, 7.687957074764e-01, nan
  -0.97,   16.12, 1.431236859375e-01,   2.0, 8.591134375000e-03, nan
 191.54,  144.82, 1.435572015625e-01,  14.0, 3.083190845982e-01, nan
 178.61,   89.69, 1.443517140625e-01, 446.0, 8.796674369955e-01, nan
  49.70,  166.33, 1.460659890625e-01,  44.0, 3.641139559659e-01, nan
 218.41,  148.87, 1.471764484375e-01,  17.0, 2.716718749081e-01, nan
  17.62,   32.83, 1.483742390625e-01,  17.0, 3.111986059743e-01, nan
  71.56,  225.32, 1.488840937500e-01,   3.0, 6.699575312500e-02, nan
 214.24,  194.80, 1.492000250000e-01, 426.0, 8.459624299039e-01, nan
  79.15,  154.85, 1.496047062500e-01,  17.0, 1.976899372243e-01, nan
 253.23,   20.12, 1.503979734375e-01,   4.0, 8.656757187500e-02, nan
 253.70,   28.36, 1.508312406250e-01,   2.0, 4.817205781250e-02, nan
 209.88,   -1.12, 1.520900125000e-01,   2.0, 4.979648828125e-02, nan
 254.91,   16.09, 1.526083921875e-01,   2.0, 4.629585078125e-02, nan
   4.33,  169.79, 1.534322078125e-01,   8.0, 1.016618324219e-01, nan
 122.08,   77.92, 1.547232828125e-01,   3.0, 6.677191145833e-02, nan
 234.28,   38.53, 1.554371312500e-01, 240.0, 7.740237481836e-01, nan
  18.73,  237.30, 1.557235625000e-01,   3.0, 7.073581041667e-02, nan
 242.58,   51.82, 1.568153062500e-01,  15.0, 2.155056856250e-01, nan
 202.80,  251.29, 1.578718953125e-01,  11.0, 1.188150025568e-01, nan
  38.76,  238.98, 1.580943937500e-01,   2.0, 4.889351718750e-02, nan
 106.99,  107.23, 1.584262718750e-01,  17.0, 1.998748430147e-01, nan
  56.04,  134.73, 1.591865656250e-01,   5.0, 9.082225312500e-02, nan
 101.45,  201.56, 1.596431875000e-01,  15.0, 2.188219931250e-01, nan
 101.11,  180.93, 1.602148171875e-01,   3.0, 8.422053489583e-02, nan
  -1.95,  168.51, 1.659975890625e-01,   2.0, 4.898070468750e-02, nan
  61.25,   93.58, 1.662080843750e-01,   4.0, 9.497674882813e-02, nan
  -6.92,  168.00, 1.662154812500e-01,   4.0, 6.463997812500e-02, nan
 195.65,  217.51, 1.666205281250e-01,   5.0, 8.225824968750e-02, nan
 139.76,   76.10, 1.671520218750e-01,   2.0, 4.352176484375e-02, nan
 202.69,   62.21, 1.700768531250e-01, 320.0, 8.651761811914e-01, nan
 243.45,  175.78, 1.705633937500e-01,  16.0, 1.497626461914e-01, nan
 248.22,  159.45, 1.712376625000e-01,   4.0, 7.480785312500e-02, nan
 224.30,   49.32, 1.734173359375e-01,  10.0, 1.401678889063e-01, nan
 127.44,   42.75, 1.741415468750e-01,   9.0, 1.421351378472e-01, nan
 260.27,  155.77, 1.752905015625e-01,   7.0, 2.031691765625e-01, nan
 257.52,   12.77, 1.778400203125e-01,   2.0, 2.525965781250e-02, nan
 183.60,  133.07, 1.811996828125e-01, 450.0, 8.560996012361e-01, nan
  85.89,    6.50, 1.827797546875e-01,   9.0, 2.061867862847e-01, nan
  95.13,  234.31, 1.831468906250e-01,   8.0, 7.719691582031e-02, nan
  28.58,  150.30, 1.831751078125e-01,   8.0, 2.119304294922e-01, nan
 141.17,   84.94, 1.840328890625e-01, 563.0, 8.827599076099e-01, nan
 171.77,  112.69, 1.845433265625e-01,   9.0, 1.419752595486e-01, nan
 118.26,  236.17, 1.848015312500e-01,  31.0, 4.867815235887e-01, nan
 209.98,  253.94, 1.851854968750e-01,   4.0, 7.784650703125e-02, nan
 139.80,  238.87, 1.857506625000e-01,  36.0, 4.387085328125e-01, nan
 128.52,  174.54, 1.858453718750e-01,   2.0, 4.959777187500e-02, nan
 261.48,   13.80, 1.874235859375e-01,   2.0, 1.938126250000e-02, nan
  79.66,  168.56, 1.893265359375e-01,   7.0, 9.765154776786e-02, nan
  79.80,  170.09, 1.928040765625e-01,   2.0, 4.768245468750e-02, nan
  87.09,  195.17, 1.931724953125e-01,   5.0, 1.317202634375e-01, nan
 221.13,   15.94, 1.934418250000e-01,  23.0, 3.324450666440e-01, nan
   2.87,  241.70, 1.936525468750e-01,   7.0, 1.499494131696e-01, nan
 151.69,   96.70, 1.950822609375e-01,   9.0, 1.641565019097e-01, nan
  65.28,  202.19, 2.003197890625e-01,   6.0, 1.365194830729e-01, nan
  -0.70,   32.35, 2.005828609375e-01,   3.0, 8.728289479167e-02, nan
 197.91,   12.31, 2.010922468750e-01,  14.0, 2.570701342634e-01, nan
 138.89,   59.08, 2.011948937500e-01,   3.0, 6.759560000000e-02, nan
 169.80,   26.51, 2.022244875000e-01,   9.0, 2.284959250000e-01, nan
 223.99,   44.67, 2.023043781250e-01, 354.0, 8.355692959966e-01, nan
  79.29,   75.19, 2.030538734375e-01,   4.0, 7.504688125000e-02, nan
 171.41,   26.95, 2.031493718750e-01,   2.0, 4.892984843750e-02, nan
 165.00,  168.89, 2.044648437500e-01,   2.0, 3.798106093750e-02, nan
 176.19,   31.29, 2.124523406250e-01,   2.0, 4.969685078125e-02, nan
  16.84,  145.07, 2.126156687500e-01,   8.0, 1.873442378906e-01, nan
 136.80,  105.35, 2.135702812500e-01,   4.0, 8.599370742187e-02, nan
 225.03,   64.15, 2.155322125000e-01,   6.0, 1.523228640625e-01, nan
 234.09,   54.50, 2.163317015625e-01,   2.0, 4.577739687500e-02, nan
  26.58,   94.83, 2.170792984375e-01,   5.0, 8.213572906250e-02, nan
 199.44,   27.03, 2.186842796875e-01, 395.0, 8.599891698892e-01, nan
 129.54,   20.93, 2.202979750000e-01,   5.0, 9.268527218750e-02, nan
 219.00,  112.46, 2.214589484375e-01,   2.0, 4.391193515625e-02, nan
  -5.98,  135.77, 2.222584859375e-01,   4.0, 1.205304476562e-01, nan
 211.48,   74.61, 2.225767515625e-01,   2.0, 4.978974140625e-02, nan
  45.10,  252.80, 2.241549937500e-01,   2.0, 4.674662421875e-02, nan
 222.59,   96.64, 2.254749140625e-01,   2.0, 4.966425781250e-02, nan
 110.88,  207.87, 2.280900875000e-01,   3.0, 9.509609947917e-02, nan
  90.74,   45.47, 2.288288343750e-01,   2.0, 4.949922656250e-02, nan
  50.75,   64.09, 2.305054093750e-01,   3.0, 6.843345260417e-02, nan
 118.89,   21.04, 2.375018515625e-01,   2.0, 4.942443671875e-02, nan
  82.04,   21.70, 2.384296906250e-01,   2.0, 4.996979765625e-02, nan
 193.32,   83.43, 2.425714437500e-01,   7.0, 1.381224553571e-01, nan
 104.63,   49.03, 2.462083750000e-01,   3.0, 7.470625104167e-02, nan
 196.15,    0.16, 2.462443140625e-01,   3.0, 7.006188020833e-02, nan
  -2.06,   10.10, 2.472337109375e-01,   5.0, 8.519642500000e-02, nan
 230.60,   37.38, 2.477407062500e-01,   2.0, 4.927282343750e-02, nan
 200.97,  170.96, 2.500407343750e-01,   7.0, 9.438010691964e-02, nan
 245.96,  102.42, 2.504541203125e-01,  21.0, 2.991849305060e-01, nan
  43.13,  184.02, 2.516761390625e-01,  26.0, 2.786072523437e-01, nan
  13.45,  255.50, 2.520557812500e-01,   3.0, 2.088926927083e-02, nan
  -4.79,  256.96, 2.537416234375e-01,   3.0, 6.572985416667e-03, nan
  45.13,   90.23, 2.543160265625e-01,  14.0, 1.509859533482e-01, nan
  38.70,   88.38, 2.544074703125e-01,   3.0, 7.457068697917e-02, nan
  69.23,  252.55, 2.544999437500e-01,   3.0, 6.648982031250e-02, nan
  57.18,    0.82, 2.569634625000e-01,  17.0, 2.118280039522e-01, nan
 147.98,  189.59, 2.578926718750e-01,  23.0, 1.977357529212e-01, nan
  60.75,  187.11, 2.589968250000e-01,   3.0, 6.895278645833e-02, nan
  54.14,  184.84, 2.597783703125e-01,  22.0, 2.606197014915e-01, nan
  42.74,  181.34, 2.603439531250e-01,   4.0, 7.436627929688e-02, nan
  54.79,  169.11, 2.606783125000e-01,  10.0, 1.392983060937e-01, nan
 128.36,   -1.43, 2.620235484375e-01,  11.0, 1.457579484375e-01, nan
   9.96,   44.11, 2.623916625000e-01,   3.0, 6.640673541667e-02, nan
  52.55,  231.15, 2.639139609375e-01,  16.0, 1.899118702148e-01, nan
  94.84,  153.72, 2.668722578125e-01,   9.0, 1.326834565972e-01, nan
 236.01,  181.31, 2.672216515625e-01,  44.0, 2.472392365057e-01, nan
  93.25,  228.45, 2.680450093750e-01,   2.0, 4.958289453125e-02, nan
  28.06,   40.93, 2.695696546875e-01,   3.0, 6.385795937500e-02, nan
  85.29,  207.23, 2.698071781250e-01,   2.0, 4.523645703125e-02, nan
 254.43,  127.30, 2.700069468750e-01,  14.0, 1.800528638393e-01, nan
  30.31,   24.96, 2.715546687500e-01,   2.0, 4.592139687500e-02, nan
 197.94,  192.38, 2.728179140625e-01,   2.0, 4.841543593750e-02, nan
 143.96,  246.62, 2.760675437500e-01,   2.0, 4.994950078125e-02, nan
 180.72,  123.56, 2.769211468750e-01,  10.0, 1.509899076562e-01, nan
 184.64,   -3.70, 2.787318265625e-01,   3.0, 6.593797916667e-02, nan
 248.52,  113.66, 2.788346156250e-01,   3.0, 7.017340208333e-02, nan
 248.47,   29.21, 2.791134906250e-01,  54.0, 3.819564286748e-01, nan
 156.01,  120.92, 2.803386640625e-01,   2.0, 4.996911953125e-02, nan
 119.32,  214.53, 2.832008531250e-01, 556.0, 8.461115487073e-01, nan
 202.59,   57.18, 2.858682984375e-01,   2.0, 4.964250859375e-02, nan
 195.14,   82.30, 2.860323125000e-01, 403.0, 8.655402640935e-01, nan
 118.87,  108.92, 2.873734031250e-01,   4.0, 8.546916679687e-02, nan
 150.12,   42.24, 2.905341453125e-01,   7.0, 1.183898410714e-01, nan
  92.52,  121.90, 2.917777937500e-01,   2.0, 4.984214687500e-02, nan
 241.33,  257.95, 2.954088046875e-01,   4.0, 9.119535742188e-02, nan
   7.46,   -3.56, 2.979566437500e-01,   3.0, 4.939437395833e-02, nan
 127.49,  237.58, 2.989979281250e-01,   3.0, 7.858722447917e-02, nan
  -4.38,   -7.04, 2.999777078125e-01,   2.0, 2.360135078125e-02, nan
 248.28,  209.31, 3.004717328125e-01,  16.0, 1.708825556641e-01, nan
  92.64,  227.26, 3.026727968750e-01,  19.0, 1.712356542763e-01, nan
 201.96,   86.95, 3.031931062500e-01,   3.0, 8.179276718750e-02, nan
 207.89,  232.83, 3.034490812500e-01,  42.0, 3.326189605655e-01, nan
 238.16,   19.11, 3.129134375000e-01,   3.0, 9.097243541667e-02, nan
  62.19,    9.08, 3.174194890625e-01,   4.0, 8.226050937500e-02, nan
  73.05,   84.22, 3.192604703125e-01, 848.0, 8.320765720685e-01, nan
 110.13,  145.22, 3.206783125000e-01,  15.0, 1.969150972917e-01, nan
 236.29,   85.12, 3.212386546875e-01,   3.0, 7.884993854167e-02, nan
 210.05,  129.18, 3.214869015625e-01,   4.0, 9.415684570313e-02, nan
 102.04,   56.52, 3.218050187500e-01,   5.0, 1.281817375000e-01, nan
  63.85,  130.58, 3.220042453125e-01,   2.0, 4.952940000000e-02, nan
  91.35,  144.70, 3.233175000000e-01,   2.0, 4.993591640625e-02, nan
  86.43,  135.59, 3.243004390625e-01,   2.0, 4.971983359375e-02, nan
  73.85,  175.11, 3.243030890625e-01, 634.0, 8.196637218577e-01, nan
  34.84,  208.82, 3.246521984375e-01,  18.0, 1.938756215278e-01, nan
  37.75,  224.33, 3.247393625000e-01,   5.0, 1.333611171875e-01, nan
  58.80,   92.08, 3.267326671875e-01,   3.0, 6.844496614583e-02, nan
 123.26,  148.33, 3.283087890625e-01, 521.0, 8.179365511726e-01, nan
  64.13,  156.19, 3.292822640625e-01,  20.0, 2.047858660156e-01, nan
 184.63,  176.92, 3.293838046875e-01,   2.0, 4.904236640625e-02, nan
 239.41,  212.81, 3.306478968750e-01,   2.0, 4.980598359375e-02, nan
  18.89,  113.04, 3.315584390625e-01,  24.0, 2.154901106771e-01, nan
 -10.55,  161.03, 3.323458625000e-01,   2.0, 4.796444296875e-02, nan
  15.45,  169.24, 3.326336156250e-01,   2.0, 4.997266328125e-02, nan
 162.28,   11.66, 3.336988734375e-01,   2.0, 4.988127500000e-02, nan
  38.43,  222.95, 3.339612359375e-01, 516.0, 8.206671133570e-01, nan
 112.53,  194.50, 3.339791656250e-01,   6.0, 1.094226276042e-01, nan
  74.10,   11.48, 3.343601265625e-01,   2.0, 4.937767578125e-02, nan
 151.50,  260.78, 3.358635750000e-01,   2.0, 4.342449375000e-02, nan
  85.60,   -2.89, 3.363009250000e-01,   2.0, 4.838502890625e-02, nan
 180.62,   44.51, 3.384640187500e-01,   4.0, 1.019851734375e-01, nan
 228.33,  225.05, 3.393168718750e-01,   2.0, 4.905302109375e-02, nan
 114.98,  151.09, 3.393234296875e-01, 596.0, 8.414023268456e-01, nan
 138.05,   -3.53, 3.413078359375e-01,   3.0, 6.409407343750e-02, nan
 150.31,   23.16, 3.413172359375e-01,   2.0, 4.957535859375e-02, nan
 158.13,   65.98, 3.416132093750e-01,  23.0, 2.869246830163e-01, nan
 137.15,   -8.26, 3.419731968750e-01,   2.0, 1.763460937500e-02, nan
 248.18,   41.51, 3.476518796875e-01,   2.0, 4.996678906250e-02, nan
   4.89,   77.54, 3.479594187500e-01,  35.0, 2.221237240179e-01, nan
 177.32,  211.65, 3.511206312500e-01,   3.0, 7.029344218750e-02, nan
 224.01,  247.40, 3.522761609375e-01,   4.0, 9.676411132813e-02, nan
 126.58,  207.70, 3.551068921875e-01,   3.0, 6.624206406250e-02, nan
 219.00,  254.23, 3.552744718750e-01,   3.0, 8.193828229167e-02, nan
 213.75,  166.47, 3.561371250000e-01,   9.0, 1.502815972222e-01, nan
  62.09,   62.62, 3.564646515625e-01,   3.0, 8.150993593750e-02, nan
 111.66,   76.27, 3.566275718750e-01,  11.0, 1.514409394886e-01, nan
 111.00,    2.97, 3.587684218750e-01,   2.0, 4.475642109375e-02, nan
 253.07,    2.31, 3.589131406250e-01,   7.0, 8.478662455357e-02, nan
 240.49,   -5.94, 3.594255359375e-01,   2.0, 4.914339687500e-02, nan
 227.20,  179.63, 3.610213250000e-01,   3.0, 8.641588802083e-02, nan
 217.02,    8.77, 3.611955031250e-01,  10.0, 1.278014089062e-01, nan
 161.77,  191.54, 3.623545718750e-01,   9.0, 2.060608361111e-01, nan
 137.94,  204.47, 3.629051937500e-01,   4.0, 7.540370937500e-02, nan
 216.79,  105.19, 3.688448281250e-01,   4.0, 7.485933085938e-02, nan
  61.38,   25.50, 3.692239609375e-01,   2.0, 4.900809062500e-02, nan
   3.92,  108.93, 3.711963750000e-01,  34.0, 1.846988522059e-01, nan
 197.63,   35.22, 3.720765390625e-01,   2.0, 4.986292968750e-02, nan
 177.93,   96.52, 3.726205656250e-01,   3.0, 6.855455000000e-02, nan
 104.85,  146.45, 3.727996265625e-01,  19.0, 2.642672875822e-01, nan
  89.54,   34.43, 3.734833500000e-01,   4.0, 1.054313667969e-01, nan
  28.92,  115.77, 3.736204609375e-01,   2.0, 4.915525234375e-02, nan
 108.80,   23.73, 3.768937484375e-01,   4.0, 1.167257492188e-01, nan
 254.36,  116.74, 3.791095140625e-01,   2.0, 4.946720390625e-02, nan
  -6.84,   48.23, 3.795024890625e-01,   5.0, 1.167007909375e-01, nan
 110.41,  -11.77, 3.815255234375e-01,   2.0, 4.326751718750e-02, nan
  62.45,  108.28, 3.840262781250e-01,   3.0, 6.592694010417e-02, nan
   9.44,  117.26, 3.845461546875e-01,   4.0, 8.031184921875e-02, nan
  83.10,   42.30, 3.856136890625e-01,   2.0, 4.973843750000e-02, nan
  67.19,   50.68, 3.872111500000e-01,   2.0, 4.892076562500e-02, nan
 258.89,  201.84, 3.877344859375e-01,   3.0, 6.665864479167e-02, nan
 158.93,  127.57, 3.878800703125e-01,   2.0, 4.976969062500e-02, nan
 115.90,  169.20, 3.899642218750e-01,  23.0, 3.516905637228e-01, nan
   6.66,    9.47, 3.902559578125e-01,   2.0, 4.999801562500e-02, nan
   5.01,  120.71, 3.936842234375e-01,   3.0, 7.491278593750e-02, nan
  24.45,    0.92, 3.949547718750e-01,  23.0, 1.591132800951e-01, nan
  49.54,  205.42, 3.958374578125e-01,   7.0, 9.297656160714e-02, nan
 176.39,  127.40, 3.982018015625e-01, 788.0, 7.903287042314e-01, nan
  55.06,  211.03, 4.005195687500e-01,   2.0, 4.987113984375e-02, nan
 261.95,  137.35, 4.008286890625e-01,   2.0, 1.376187500000e-02, nan
 133.11,   17.84, 4.012308203125e-01,   2.0, 4.977991484375e-02, nan
 254.45,  233.14, 4.032898375000e-01,   3.0, 7.898047187500e-02, nan
  64.24,  229.87, 4.041245140625e-01,   2.0, 4.867238515625e-02, nan
 176.58,  102.27, 4.047329265625e-01,   2.0, 4.926615156250e-02, nan
  51.68,  141.67, 4.053802718750e-01,   4.0, 8.703926132812e-02, nan
  62.70,  174.52, 4.062501984375e-01, 783.0, 7.854775134559e-01, nan
  16.40,   78.40, 4.066121984375e-01,   5.0, 8.427758062500e-02, nan
  23.76,  203.71, 4.115366171875e-01,   4.0, 7.608617812500e-02, nan
 151.90,  152.04, 4.147391203125e-01,   2.0, 4.960168281250e-02, nan
 210.98,  212.80, 4.158378500000e-01, 965.0, 7.745407279534e-01, nan
  10.22,  245.55, 4.195012828125e-01,   4.0, 7.465281562500e-02, nan
 143.90,   77.74, 4.235151718750e-01,  17.0, 1.993399880515e-01, nan
 144.60,   67.45, 4.236743296875e-01, 885.0, 7.803692307980e-01, nan
  27.75,  128.86, 4.241725265625e-01, 864.0, 7.675737024251e-01, nan
 255.47,   26.51, 4.273564812500e-01,   2.0, 4.877751484375e-02, nan
 202.32,  206.85, 4.306489406250e-01,  17.0, 1.968137750000e-01, nan
  24.58,   61.68, 4.309983953125e-01, 803.0, 7.382039203417e-01, nan
  -0.75,  252.54, 4.310619250000e-01,   5.0, 5.608291562500e-02, nan
  -2.61,  218.62, 4.333460640625e-01,   3.0, 6.753878333333e-02, nan
 247.51,  161.12, 4.345676578125e-01,   8.0, 1.725615542969e-01, nan
  27.06,  188.12, 4.356281921875e-01,   2.0, 4.989781875000e-02, nan
 148.10,  194.17, 4.381002984375e-01, 908.0, 8.111018645443e-01, nan
 156.26,   47.25, 4.395159375000e-01, 624.0, 7.905697278846e-01, nan
  97.92,   15.93, 4.411721906250e-01,   2.0, 4.952110390625e-02, nan
 182.79,  178.73, 4.427768718750e-01,   7.0, 1.767552252232e-01, nan
  80.41,  139.46, 4.431243703125e-01,   3.0, 9.735427135417e-02, nan
 199.17,  241.24, 4.450041437500e-01,   6.0, 1.105989572917e-01, nan
 163.24,   24.47, 4.462497953125e-01,   2.0, 4.845913828125e-02, nan
 135.99,  153.42, 4.474396437500e-01,   2.0, 4.956209218750e-02, nan
 189.49,   60.16, 4.494349468750e-01,   2.0, 4.960283359375e-02, nan
 186.07,   14.76, 4.498920296875e-01,  24.0, 2.126464402344e-01, nan
 201.87,  218.69, 4.507725328125e-01,   2.0, 4.625247578125e-02, nan
 257.11,  170.83, 4.513341734375e-01,   8.0, 1.013689080078e-01, nan
 256.51,  176.61, 4.517598078125e-01,   6.0, 1.438024013021e-01, nan
 237.41,  196.65, 4.521835000000e-01,   2.0, 4.924352968750e-02, nan
 247.31,   50.28, 4.521925937500e-01,   3.0, 6.629586979167e-02, nan
 178.74,   56.24, 4.528905062500e-01,  14.0, 2.381856483259e-01, nan
  80.89,  190.96, 4.532249203125e-01,   3.0, 6.780950364583e-02, nan
 103.67,  246.10, 4.550061734375e-01,  24.0, 2.177882541016e-01, nan
  36.18,    4.94, 4.600140984375e-01,   4.0, 7.039347304688e-02, nan
  93.30,   99.24, 4.610345984375e-01,  12.0, 1.983492082031e-01, nan
 216.62,   62.10, 4.626199078125e-01,   2.0, 4.835346015625e-02, nan
  98.34,  147.94, 4.638520968750e-01, 806.0, 7.875931457894e-01, nan
 192.02,  221.49, 4.652792421875e-01,   7.0, 1.571725216518e-01, nan
 150.78,   92.34, 4.673417687500e-01,  16.0, 1.472464179687e-01, nan
 106.39,  144.62, 4.680547218750e-01,   2.0, 4.859153125000e-02, nan
  31.24,   57.81, 4.696230140625e-01,   2.0, 4.984042343750e-02, nan
 211.61,  164.13, 4.712729453125e-01,   2.0, 4.963896718750e-02, nan
  56.12,    8.92, 4.726596328125e-01,   2.0, 4.999000312500e-02, nan
 225.45,  179.29, 4.729956296875e-01,   2.0, 4.824988828125e-02, nan
 187.69,  205.00, 4.734052296875e-01,  10.0, 1.707931435937e-01, nan
 138.42,   94.02, 4.765867562500e-01, 820.0, 7.685049840244e-01, nan
 115.35,  114.06, 4.781510828125e-01, 523.0, 7.559437844915e-01, nan
  33.24,   -1.01, 4.852086281250e-01,   2.0, 3.431242031250e-02, nan
 143.20,   49.70, 4.858401015625e-01, 632.0, 8.063713858683e-01, nan
 114.85,  209.54, 4.860847312500e-01, 629.0, 7.782898886228e-01, nan
  11.84,  262.69, 4.865928078125e-01,   2.0, 2.629707968750e-02, nan
 151.80,  211.97, 4.877959406250e-01, 827.0, 7.512334138055e-01, nan
 118.92,  254.85, 4.885705750000e-01,  11.0, 1.639454785511e-01, nan
 100.04,  216.99, 4.885900234375e-01,   2.0, 3.928866953125e-02, nan
  49.36,   89.66, 4.919005015625e-01, 932.0, 7.065985776086e-01, nan
  91.73,   83.82, 4.928479562500e-01,   4.0, 9.409031367187e-02, nan
  35.74,  116.38, 4.942389109375e-01,   6.0, 1.427122218750e-01, nan
 143.64,  234.06, 4.959019609375e-01,  16.0, 2.328058134766e-01, nan
 123.73,   83.41, 4.961805171875e-01,   2.0, 4.819112812500e-02, nan
 198.49,  116.54, 4.985248640625e-01, 643.0, 7.540197853373e-01, nan
 201.20,   50.16, 4.985411218750e-01, 563.0, 7.697138578985e-01, nan
 128.36,  117.43, 5.019518468750e-01,   7.0, 1.012417464286e-01, nan
 126.11,   94.79, 5.023074953125e-01,   2.0, 4.912237265625e-02, nan
 182.78,  249.92, 5.033511750000e-01,   2.0, 3.653187656250e-02, nan
 164.74,  262.31, 5.034460593750e-01,   3.0, 4.636809166667e-02, nan
  33.25,   27.78, 5.062372203125e-01,   6.0, 9.719634401042e-02, nan
 155.51,   76.48, 5.071611093750e-01,   7.0, 1.108897187500e-01, nan
 152.87,   80.07, 5.077309546875e-01,   3.0, 6.569031145833e-02, nan
 102.52,  235.26, 5.079182500000e-01,   3.0, 7.198723697917e-02, nan
 102.55,  100.36, 5.089786203125e-01,   3.0, 7.047634010417e-02, nan
  83.21,   65.74, 5.134081203125e-01, 552.0, 7.527975704484e-01, nan
 206.28,   94.64, 5.153895796875e-01,   6.0, 8.485936927083e-02, nan
 171.74,  222.79, 5.167810953125e-01,  10.0, 1.889258481250e-01, nan
 185.90,  159.41, 5.174390234375e-01,  11.0, 1.495565755682e-01, nan
   7.78,  153.86, 5.183555296875e-01,  10.0, 2.423320837500e-01, nan
 146.57,   53.55, 5.232481968750e-01,  14.0, 1.959682250000e-01, nan
 101.08,  168.40, 5.239241796875e-01,   3.0, 6.904670520833e-02, nan
 174.63,   10.99, 5.287438125000e-01,   3.0, 6.773205833333e-02, nan
 242.26,  139.58, 5.344990187500e-01,   2.0, 4.997590468750e-02, nan
 111.19,  249.92, 5.366562156250e-01,   2.0, 4.424884062500e-02, nan
  58.59,   64.25, 5.380058000000e-01, 921.0, 7.779420312585e-01, nan
 207.57,  190.55, 5.381511421875e-01, 752.0, 6.947078697827e-01, nan
 261.23,  149.92, 5.384292406250e-01,   2.0, 4.966343359375e-02, nan
  83.22,  206.82, 5.384432640625e-01, 802.0, 7.228789350549e-01, nan
  16.11,  193.14, 5.384669890625e-01,   2.0, 4.905764453125e-02, nan
 213.26,  226.10, 5.389479937500e-01, 760.0, 7.568706420683e-01, nan
 211.26,    5.24, 5.390682343750e-01,   2.0, 4.984104218750e-02, nan
  48.67,  193.18, 5.392253468750e-01,   4.0, 1.148261601562e-01, nan
  32.18,  201.96, 5.399814703125e-01,   5.0, 8.399014531250e-02, nan
 220.76,  202.01, 5.504161250000e-01, 533.0, 7.498868028318e-01, nan
   2.37,  244.19, 5.505812609375e-01,  24.0, 2.195111067708e-01, nan
  49.21,   53.35, 5.518093453125e-01,  16.0, 2.387713883789e-01, nan
 181.45,  109.96, 5.518991312500e-01, 788.0, 7.850566955901e-01, nan
 138.08,  259.04, 5.541727968750e-01,  10.0, 1.805965990625e-01, nan
 103.51,  250.82, 5.552845828125e-01,   2.0, 4.906874140625e-02, nan
 248.90,  254.09, 5.561525546875e-01,  12.0, 1.582886563802e-01, nan
 197.30,   73.71, 5.568512953125e-01,   7.0, 8.670418794643e-02, nan
 195.01,   58.68, 5.598420859375e-01,   2.0, 4.976492656250e-02, nan
 180.33,   -5.25, 5.598556687500e-01,   3.0, 6.262264427083e-02, nan
  43.12,  159.77, 5.619218906250e-01,   8.0, 1.794547759766e-01, nan
  30.61,  155.77, 5.622059109375e-01, 661.0, 6.402080801981e-01, nan
 240.43,  239.85, 5.637746687500e-01,   5.0, 7.987059750000e-02, nan
 247.20,  239.76, 5.643685046875e-01,   2.0, 4.966216640625e-02, nan
 227.13,   -1.30, 5.661520906250e-01,   7.0, 1.045782310268e-01, nan
  37.59,  246.82, 5.704888796875e-01,   3.0, 6.745222968750e-02, nan
   6.01,  176.38, 5.721454203125e-01,   3.0, 6.783152031250e-02, nan
  85.05,   62.82, 5.725385406250e-01, 557.0, 7.620980526649e-01, nan
  78.30,   36.70, 5.757681656250e-01,   7.0, 1.321022290179e-01, nan
  31.22,   49.69, 5.786299218750e-01,   2.0, 4.985064375000e-02, nan
 210.60,  162.94, 5.800199015625e-01, 741.0, 6.994142983152e-01, nan
  -5.44,  155.88, 5.808105671875e-01,   6.0, 1.017982726562e-01, nan
 125.12,  139.41, 5.812457250000e-01, 711.0, 7.788284813247e-01, nan
 131.04,   -3.08, 5.816521468750e-01,   4.0, 8.177048632812e-02, nan
 248.19,  252.24, 5.824672718750e-01,   2.0, 4.060992109375e-02, nan
 138.41,   10.88, 5.843065140625e-01,   4.0, 7.465569101562e-02, nan
  71.13,  198.39, 5.847030406250e-01,   2.0, 4.999649843750e-02, nan
 100.06,  133.41, 5.848866984375e-01,   2.0, 4.842360625000e-02, nan
  76.10,  213.85, 5.849356453125e-01,   2.0, 4.906789140625e-02, nan
  80.27,   49.35, 5.851689093750e-01,   4.0, 1.026697144531e-01, nan
 197.37,   49.53, 5.859919312500e-01, 611.0, 7.782827941796e-01, nan
 125.74,  139.53, 5.878742156250e-01, 761.0, 7.512369516919e-01, nan
 162.65,   77.87, 5.883919562500e-01,   2.0, 4.997160156250e-02, nan
 156.51,   15.46, 5.910495718750e-01,   2.0, 4.993311250000e-02, nan
  53.75,  228.36, 5.928309859375e-01,   2.0, 4.970562109375e-02, nan
 192.48,  123.01, 5.939916015625e-01,   5.0, 1.121832868750e-01, nan
  42.76,  174.52, 5.959645015625e-01, 658.0, 6.829199594296e-01, nan
 133.22,  214.45, 5.960764187500e-01,   8.0, 1.327239558594e-01, nan
 163.60,   49.75, 5.972861656250e-01, 912.0, 7.094569432052e-01, nan
 211.83,  209.37, 5.976056546875e-01,   2.0, 4.997810312500e-02, nan
 197.25,  205.44, 5.977521312500e-01, 466.0, 6.706471601160e-01, nan
 240.49,  216.67, 6.000345578125e-01,   5.0, 1.008495712500e-01, nan
 155.47,   41.96, 6.009792906250e-01, 536.0, 7.306332727466e-01, nan
  51.82,  127.39, 6.034695546875e-01, 725.0, 7.104329646272e-01, nan
  -1.08,  117.13, 6.043134109375e-01,   2.0, 4.921238515625e-02, nan
  41.60,   32.01, 6.055251875000e-01, 926.0, 6.785225226681e-01, nan
  26.25,   16.55, 6.060363328125e-01,   2.0, 4.945614531250e-02, nan
  56.81,  162.21, 6.063953796875e-01, 511.0, 6.990201123807e-01, nan
  11.66,   77.30, 6.066621140625e-01,   2.0, 4.919691406250e-02, nan
  51.92,  132.72, 6.069802078125e-01,   5.0, 8.513326218750e-02, nan
  52.07,  143.35, 6.085691656250e-01,   3.0, 6.541317031250e-02, nan
 185.47,  254.31, 6.086788703125e-01,   2.0, 4.802054531250e-02, nan
  71.50,  123.02, 6.096273218750e-01,   3.0, 6.985275781250e-02, nan
  41.25,  147.63, 6.111867578125e-01,   2.0, 4.985646093750e-02, nan
 203.71,  140.86, 6.118295265625e-01,   3.0, 6.874437708333e-02, nan
 250.99,  216.40, 6.119782859375e-01,   3.0, 6.549610364583e-02, nan
  16.97,  115.01, 6.121038281250e-01,   3.0, 6.511428281250e-02, nan
 141.39,   10.13, 6.127624421875e-01,   2.0, 3.412770859375e-02, nan
 117.66,   57.63, 6.137570687500e-01, 723.0, 7.277626429417e-01, nan
 114.24,   22.54, 6.147820890625e-01,   2.0, 4.964212031250e-02, nan
 109.79,    6.35, 6.147887296875e-01,   3.0, 7.030744427083e-02, nan
  44.66,  261.91, 6.184740921875e-01,   5.0, 8.211410500000e-02, nan
 164.41,   34.35, 6.208501796875e-01, 642.0, 7.917041301645e-01, nan
 172.38,  227.57, 6.237009640625e-01,   3.0, 6.719139375000e-02, nan
  80.24,  144.35, 6.249650984375e-01,   2.0, 4.974156015625e-02, nan
 238.31,   81.93, 6.265273500000e-01,   2.0, 4.943906328125e-02, nan
 196.13,   38.94, 6.279720218750e-01, 955.0, 7.493185652225e-01, nan
 243.34,    9.53, 6.340697125000e-01,   4.0, 2.545461562500e-02, nan
  35.95,  161.49, 6.349405859375e-01, 614.0, 6.547061163375e-01, nan
   4.78,  227.03, 6.351781562500e-01,  16.0, 1.996146222656e-01, nan
  58.02,  171.47, 6.369227765625e-01,   2.0, 4.998338359375e-02, nan
 260.73,   71.91, 6.380866500000e-01,   2.0, 4.364171640625e-02, nan
 171.07,   43.56, 6.384831718750e-01, 636.0, 7.457993396791e-01, nan
  17.39,  224.00, 6.389816515625e-01,   2.0, 4.990908750000e-02, nan
 186.35,   39.28, 6.401319296875e-01, 553.0, 7.476968075130e-01, nan
  52.15,   25.26, 6.404717109375e-01,   5.0, 1.270464184375e-01, nan
  52.94,   19.94, 6.420163750000e-01, 516.0, 7.280986646681e-01, nan
  96.57,   16.29, 6.427154937500e-01,   3.0, 6.620090729167e-02, nan
 193.60,  233.63, 6.438801171875e-01, 503.0, 6.050005255312e-01, nan
 113.83,  222.51, 6.463764781250e-01,   2.0, 4.904053046875e-02, nan
 142.36,  165.20, 6.465842890625e-01,  15.0, 1.804334561458e-01, nan
 138.23,  200.98, 6.467083953125e-01,   2.0, 4.977963984375e-02, nan
 256.87,   34.22, 6.495303937500e-01,   5.0, 1.117627209375e-01, nan
  91.38,  236.41, 6.496700750000e-01,   4.0, 8.502860390625e-02, nan
 159.83,   65.44, 6.507283296875e-01,   4.0, 1.177595031250e-01, nan
  90.36,  194.14, 6.538423281250e-01,   9.0, 1.503662980903e-01, nan
 119.23,  190.19, 6.555425375000e-01,  12.0, 1.185707848958e-01, nan
 198.64,   97.67, 6.560317796875e-01,   2.0, 4.835580468750e-02, nan
 202.78,  115.84, 6.572943390625e-01,   2.0, 4.710510234375e-02, nan
 169.13,    1.75, 6.580523281250e-01,   2.0, 4.570472421875e-02, nan
  18.82,  200.82, 6.589343500000e-01,   2.0, 4.885238515625e-02, nan
 155.99,  220.18, 6.609303406250e-01,   2.0, 4.826916953125e-02, nan
 215.39,   42.77, 6.653224546875e-01, 526.0, 7.645111386704e-01, nan
  86.47,   91.40, 6.661213609375e-01,   4.0, 9.959601054687e-02, nan
  -1.37,  241.87, 6.674289015625e-01,   3.0, 7.175978437500e-02, nan
 230.62,  200.65, 6.676139734375e-01,   3.0, 6.705608489583e-02, nan
 198.39,   57.13, 6.676583812500e-01, 623.0, 6.835741991598e-01, nan
 183.62,  238.24, 6.677174531250e-01,   2.0, 4.876778750000e-02, nan
 161.97,  258.01, 6.720102281250e-01,   2.0, 4.871195703125e-02, nan
 206.45,  166.72, 6.744662000000e-01,   2.0, 4.650777656250e-02, nan
 114.18,   27.47, 6.772330343750e-01, 575.0, 7.608713417554e-01, nan
 131.49,  159.31, 6.778914109375e-01,   3.0, 7.825431406250e-02, nan
 108.12,  159.83, 6.808344437500e-01,   4.0, 9.303168359375e-02, nan
 131.29,  165.50, 6.816774671875e-01, 912.0, 6.649829162966e-01, nan
 163.65,   92.93, 6.822435984375e-01,   7.0, 1.545440819196e-01, nan
 108.97,   72.73, 6.860762500000e-01,   2.0, 4.990899375000e-02, nan
 190.65,   65.12, 6.864652812500e-01, 700.0, 6.886513993906e-01, nan
  24.92,  159.11, 6.865316312500e-01,   3.0, 6.939170625000e-02, nan
 153.39,   31.26, 6.875238531250e-01,   2.0, 4.986290000000e-02, nan
 122.93,   85.90, 6.882468703125e-01,   2.0, 4.808640156250e-02, nan
  94.58,   53.99, 6.897102375000e-01,   2.0, 4.991847578125e-02, nan
 126.73,  211.84, 6.900739843750e-01, 813.0, 7.339195640817e-01, nan
 220.16,   48.07, 6.907559781250e-01, 579.0, 7.441946415938e-01, nan
 251.62,   50.78, 6.964727062500e-01,   2.0, 4.953233203125e-02, nan
   7.25,  219.56, 6.975014265625e-01,   2.0, 4.955393203125e-02, nan
 221.06,  217.75, 7.001158671875e-01,   2.0, 4.974484609375e-02, nan
  90.17,  188.75, 7.022307171875e-01, 987.0, 6.827986826906e-01, nan
  19.55,  134.98, 7.039847062500e-01,   2.0, 4.751252734375e-02, nan
 102.74,  114.12, 7.055928515625e-01, 743.0, 7.041345212504e-01, nan
 126.93,   79.78, 7.061741265625e-01, 817.0, 6.708111823497e-01, nan
 109.08,   -0.51, 7.073040328125e-01,   2.0, 3.397388203125e-02, nan
  61.41,  246.74, 7.081113546875e-01,   4.0, 8.233569062500e-02, nan
 258.83,  253.07, 7.117634531250e-01,   2.0, 4.914105937500e-02, nan
 233.26,   47.90, 7.119089843750e-01,   2.0, 4.956997968750e-02, nan
  52.75,   54.75, 7.154730921875e-01, 464.0, 5.988772335836e-01, nan
 190.87,  152.77, 7.180294515625e-01,   3.0, 7.747723229167e-02, nan
 120.32,  168.75, 7.190631468750e-01,   2.0, 4.974887109375e-02, nan
 233.17,  155.65, 7.191036531250e-01,   2.0, 4.970374531250e-02, nan
 167.05,  167.74, 7.243441140625e-01, 772.0, 7.215021681610e-01, nan
  49.87,   61.44, 7.246488406250e-01,   3.0, 6.597924166667e-02, nan
  53.31,   49.57, 7.246934500000e-01,   2.0, 4.914680390625e-02, nan
 179.02,   46.13, 7.265295375000e-01,   2.0, 4.928527421875e-02, nan
  34.07,   40.01, 7.299109468750e-01,   2.0, 4.330132031250e-02, nan
 190.81,  154.22, 7.317479734375e-01, 928.0, 6.163705594912e-01, nan
  99.01,  162.54, 7.338583750000e-01,   2.0, 4.939665390625e-02, nan
  67.76,   75.31, 7.341208515625e-01, 847.0, 7.222007442831e-01, nan
 239.20,   -5.86, 7.342436093750e-01,   2.0, 4.590825781250e-02, nan
 126.63,  207.28, 7.354393906250e-01, 874.0, 7.000781119672e-01, nan
 231.86,  257.63, 7.356251453125e-01,   2.0, 4.976958828125e-02, nan
  78.13,   45.13, 7.371624015625e-01, 1001.0, 7.360143979786e-01, nan
  69.13,   63.23, 7.380564921875e-01, 617.0, 6.926895689906e-01, nan
 215.41,   24.81, 7.380771828125e-01,   6.0, 1.217823986979e-01, nan
  58.04,   45.41, 7.406928359375e-01, 660.0, 6.217488368087e-01, nan
 203.37,   92.15, 7.414719765625e-01, 621.0, 7.028741923536e-01, nan
 144.33,  195.31, 7.434966046875e-01, 752.0, 7.289372212392e-01, nan
 228.27,  236.38, 7.481287968750e-01,   4.0, 7.812747031250e-02, nan
 183.08,  180.49, 7.493252640625e-01, 665.0, 7.342648126527e-01, nan
  37.42,    2.94, 7.497371343750e-01,   2.0, 4.494120625000e-02, nan
  63.64,  163.12, 7.497415812500e-01, 756.0, 6.858191068060e-01, nan
  37.72,   78.44, 7.498477390625e-01, 947.0, 7.206444604838e-01, nan
 118.25,   64.13, 7.500409328125e-01, 664.0, 7.120746118999e-01, nan
  18.29,   14.73, 7.503879640625e-01,   2.0, 4.909969296875e-02, nan
 128.65,  189.85, 7.512668234375e-01,   5.0, 8.902059781250e-02, nan
  -3.48,   85.23, 7.520179421875e-01,   3.0, 5.654777031250e-02, nan
  -1.10,   93.61, 7.520951859375e-01,   2.0, 4.875902265625e-02, nan
  45.85,    5.59, 7.527060203125e-01,   2.0, 4.606692812500e-02, nan
 229.47,  251.93, 7.535688656250e-01,   2.0, 4.926831562500e-02, nan
 226.68,  143.78, 7.542161468750e-01, 826.0, 7.133875949909e-01, nan
 228.72,  173.96, 7.543180734375e-01,   2.0, 4.491864062500e-02, nan
  46.81,    2.35, 7.550154687500e-01,   2.0, 4.458426171875e-02, nan
 164.57,  220.17, 7.553241593750e-01, 671.0, 6.619642851062e-01, nan
  23.11,  214.89, 7.567750437500e-01,   8.0, 1.240482527344e-01, nan
  30.46,  220.45, 7.572886656250e-01,   2.0, 4.976492500000e-02, nan
 206.35,   18.33, 7.578315515625e-01,   2.0, 4.915281640625e-02, nan
  -1.17,  183.41, 7.581570187500e-01,   9.0, 1.167654508681e-01, nan
 114.27,   41.52, 7.601180921875e-01, 358.0, 6.520943372163e-01, nan
 115.74,  203.42, 7.624426640625e-01, 773.0, 7.409087521042e-01, nan
  60.01,   37.06, 7.630711781250e-01,   2.0, 4.968189921875e-02, nan
  79.22,  170.85, 7.673113390625e-01,   5.0, 9.636019375000e-02, nan
  49.95,   44.37, 7.673342812500e-01, 593.0, 7.102653177988e-01, nan
  98.58,   22.17, 7.748002156250e-01,   3.0, 6.464510989583e-02, nan
 106.35,  117.67, 7.748182703125e-01, 789.0, 6.122064666389e-01, nan
 225.99,  139.03, 7.766419578125e-01,   2.0, 4.709756718750e-02, nan
   0.37,  166.08, 7.766675734375e-01,   2.0, 4.973365156250e-02, nan
 173.77,   64.53, 7.781306843750e-01,   2.0, 4.915918437500e-02, nan
   7.51,   85.71, 7.783753093750e-01,   2.0, 4.855071093750e-02, nan
 150.30,  212.79, 7.790559765625e-01, 589.0, 6.280820424475e-01, nan
 230.89,  190.95, 7.801247703125e-01, 586.0, 6.784448610948e-01, nan
 136.87,   88.61, 7.803640093750e-01, 424.0, 7.228714350641e-01, nan
  34.00,  200.83, 7.851771781250e-01, 241.0, 3.205120891727e-01, nan
  57.56,  229.83, 7.903417718750e-01, 778.0, 6.971722526731e-01, nan
  97.70,  120.61, 7.926421093750e-01,   4.0, 7.571457460937e-02, nan
 118.23,   92.67, 7.937125718750e-01, 536.0, 7.176382040549e-01, nan
  76.95,  124.24, 7.945077921875e-01,   2.0, 4.984871328125e-02, nan
 158.45,  189.18, 7.957922265625e-01, 726.0, 7.097360052578e-01, nan
 198.60,  162.13, 7.970550750000e-01, 715.0, 6.429032023514e-01, nan
   2.87,   17.08, 7.978852671875e-01,   2.0, 4.849639765625e-02, nan
 103.03,  162.57, 7.984337578125e-01, 562.0, 6.864658668733e-01, nan
 147.07,  190.10, 7.996422203125e-01, 590.0, 6.545607768220e-01, nan
 124.82,  106.39, 8.010566984375e-01,   3.0, 6.556379531250e-02, nan
 240.42,  195.12, 8.034459796875e-01,   2.0, 4.304724687500e-02, nan
  -2.45,  190.74, 8.046504906250e-01,   3.0, 5.625087604167e-02, nan
  33.98,  189.73, 8.056595578125e-01, 723.0, 7.465354253696e-01, nan
  34.18,   57.00, 8.059050125000e-01, 279.0, 4.078976149530e-01, nan
 261.78,  184.47, 8.067900484375e-01,   2.0, 4.219176250000e-02, nan
 134.75,  195.04, 8.079740046875e-01, 558.0, 7.671150869820e-01, nan
 192.74,    8.18, 8.081136921875e-01,   2.0, 4.425967265625e-02, nan
 228.49,  121.00, 8.083617890625e-01, 557.0, 7.089717883444e-01, nan
  98.27,  218.45, 8.104837093750e-01, 765.0, 6.402000217933e-01, nan
 161.66,   33.93, 8.125449093750e-01,   2.0, 4.900525937500e-02, nan
  58.82,  255.28, 8.132243750000e-01,   2.0, 4.711242734375e-02, nan
 205.66,  222.61, 8.135670546875e-01, 486.0, 6.785554907761e-01, nan
 225.37,  126.00, 8.161060062500e-01, 418.0, 6.871828925052e-01, nan
 146.07,   75.12, 8.162934921875e-01, 397.0, 7.179316207415e-01, nan
  70.10,  253.74, 8.169194703125e-01,   2.0, 4.525342578125e-02, nan
 202.14,   24.41, 8.175665890625e-01, 444.0, 7.835457443236e-01, nan
  97.21,  215.23, 8.183431265625e-01, 634.0, 7.423455893016e-01, nan
 207.48,  157.50, 8.184254718750e-01, 167.0, 3.988440802021e-01, nan
 181.89,  124.96, 8.194406937500e-01,   2.0, 4.918805546875e-02, nan
  13.08,  223.76, 8.215579359375e-01,   2.0, 4.981129843750e-02, nan
  77.76,  115.23, 8.231173656250e-01, 394.0, 7.291763418980e-01, nan
 240.87,  174.37, 8.241881375000e-01,   2.0, 2.995387031250e-02, nan
 141.60,   64.73, 8.278650578125e-01, 463.0, 6.621106421133e-01, nan
 192.85,  129.65, 8.282456046875e-01,   2.0, 4.883509531250e-02, nan
  26.87,  174.84, 8.292833421875e-01, 722.0, 6.660695012574e-01, nan
 241.42,   11.82, 8.294828000000e-01,   5.0, 1.126493493750e-01, nan
 238.15,   46.17, 8.309120250000e-01, 408.0, 7.026167484681e-01, nan
 256.63,   33.87, 8.323559953125e-01,   2.0, 4.640378437500e-02, nan
  78.81,   60.92, 8.325129312500e-01, 641.0, 7.391171942765e-01, nan
  45.32,  106.43, 8.371163671875e-01, 601.0, 7.419220726965e-01, nan
 197.13,   46.98, 8.416734875000e-01, 632.0, 7.250536523833e-01, nan
  33.84,  188.19, 8.422297875000e-01, 553.0, 7.124225976464e-01, nan
 236.16,  135.26, 8.434591156250e-01, 354.0, 7.085195590704e-01, nan
 140.95,  226.71, 8.441359640625e-01, 551.0, 6.721263064230e-01, nan
 206.78,  232.77, 8.459950000000e-01, 427.0, 5.807454436549e-01, nan
  98.50,  172.87, 8.527276500000e-01, 603.0, 6.841179420424e-01, nan
 220.23,   74.45, 8.554184765625e-01, 325.0, 7.090180798798e-01, nan
 228.11,   22.94, 8.555085546875e-01, 332.0, 7.246308774614e-01, nan
  59.93,   68.87, 8.562937031250e-01, 436.0, 6.988865058701e-01, nan
  64.91,   83.56, 8.572633484375e-01, 524.0, 6.631738280236e-01, nan
  96.61,   31.84, 8.585413265625e-01, 553.0, 8.207663583578e-01, nan
 187.68,  225.30, 8.586775468750e-01, 410.0, 7.983481904726e-01, nan
  82.71,   67.27, 8.589136250000e-01, 527.0, 6.278944802508e-01, nan
  94.41,  157.77, 8.608534750000e-01, 535.0, 6.783276590129e-01, nan
 221.97,  157.87, 8.618449062500e-01, 121.0, 3.007250858600e-01, nan
 192.37,  190.64, 8.621912609375e-01, 421.0, 7.580953240016e-01, nan
 120.42,  213.21, 8.632121437500e-01, 438.0, 6.528985271297e-01, nan
   1.50,  260.23, 8.639184218750e-01,   3.0, 6.559425208333e-02, nan
 101.42,   51.33, 8.666734109375e-01, 289.0, 7.031080587857e-01, nan
 188.24,   93.24, 8.675426640625e-01, 401.0, 7.463542180564e-01, nan
 233.07,   53.43, 8.676511671875e-01, 332.0, 7.611311704631e-01, nan
 131.99,  109.02, 8.694781546875e-01, 335.0, 5.961913911660e-01, nan
 249.22,  135.72, 8.726693843750e-01,  19.0, 1.947102965461e-01, nan
  66.92,  167.24, 8.742131281250e-01, 453.0, 6.803939084265e-01, nan
 218.85,   18.58, 8.758359906250e-01, 200.0, 4.636036026797e-01, nan
 245.52,   68.43, 8.758596671875e-01,  12.0, 1.682301544271e-01, nan
  18.88,   69.17, 8.789185218750e-01, 421.0, 8.345770930077e-01, nan
 237.66,  206.24, 8.801041078125e-01, 451.0, 6.876535456797e-01, nan
  59.05,   33.72, 8.813664953125e-01, 480.0, 7.321942274512e-01, nan
  32.32,   57.94, 8.826684375000e-01, 437.0, 7.538925271489e-01, nan
  41.93,   73.70, 8.833483203125e-01, 349.0, 6.857701097958e-01, nan
  48.15,   27.56, 8.858439656250e-01, 353.0, 6.953816216714e-01, nan
 224.33,   12.27, 8.859829875000e-01,   3.0, 6.930630156250e-02, nan
 108.05,   14.34, 8.863567437500e-01,  39.0, 1.631854379006e-01, nan
 233.55,   98.70, 8.874929875000e-01,  51.0, 3.397656019608e-01, nan
 230.06,  106.89, 8.883890968750e-01,  18.0, 1.800694005208e-01, nan
 261.96,  120.74, 8.883991765625e-01,   7.0, 1.517970339286e-01, nan
 258.55,  108.95, 8.900747890625e-01,   4.0, 1.095545535156e-01, nan
  38.66,  155.62, 8.911341296875e-01, 310.0, 7.509939248488e-01, nan
 110.82,  125.57, 8.915039109375e-01, 350.0, 7.074624273973e-01, nan
 114.75,  167.68, 8.917490765625e-01, 549.0, 7.849802171903e-01, nan
  16.80,   10.07, 8.949710265625e-01,  40.0, 2.487048404687e-01, nan
 223.58,   48.71, 8.959568093750e-01, 191.0, 7.597834509326e-01, nan
 157.94,  211.89, 8.969870906250e-01, 429.0, 6.890949669071e-01, nan
  26.04,   59.71, 8.970806078125e-01, 415.0, 7.492409400753e-01, nan
  85.65,  129.33, 8.982631453125e-01,  96.0, 2.387724325684e-01, nan
  29.79,   28.83, 8.994204296875e-01, 276.0, 7.466358152514e-01, nan
  98.73,  170.41, 9.010925375000e-01, 371.0, 7.395085007202e-01, nan
 114.67,  184.57, 9.012548437500e-01, 604.0, 7.198463323753e-01, nan
 177.05,  159.41, 9.017405781250e-01, 507.0, 6.960131953772e-01, nan
  32.29,   87.92, 9.019799203125e-01,  47.0, 1.934897138963e-01, nan
  59.96,  200.72, 9.021658015625e-01, 308.0, 6.752900747311e-01, nan
  75.65,   86.13, 9.025302687500e-01, 297.0, 7.036224110322e-01, nan
  88.58,  127.95, 9.031671437500e-01, 286.0, 7.230177507594e-01, nan
 157.91,  176.94, 9.033053953125e-01, 380.0, 7.410628460321e-01, nan
 211.25,  216.32, 9.045804562500e-01, 452.0, 7.738223852980e-01, nan
 139.31,  146.79, 9.048504328125e-01, 339.0, 6.470786737187e-01, nan
 225.79,  216.32, 9.051978921875e-01, 401.0, 7.276165179356e-01, nan
  87.62,  199.98, 9.052231890625e-01, 406.0, 6.986458153518e-01, nan
  69.52,   18.72, 9.056250078125e-01, 284.0, 6.814511595346e-01, nan
 145.36,  103.75, 9.063365640625e-01, 354.0, 7.078355088365e-01, nan
 149.80,   21.26, 9.064780921875e-01, 280.0, 7.662032267801e-01, nan
 209.26,   96.90, 9.064784468750e-01, 190.0, 6.892472560609e-01, nan
  74.32,   34.78, 9.073331234375e-01, 272.0, 7.106151337316e-01, nan
 176.69,   60.74, 9.073343000000e-01, 216.0, 6.157493356192e-01, nan
 175.31,  247.95, 9.081678703125e-01,  16.0, 1.439912411133e-01, nan
 104.14,  203.72, 9.082817484375e-01, 307.0, 7.169385523259e-01, nan
  62.38,   63.32, 9.083552375000e-01, 231.0, 6.973638017181e-01, nan
  21.28,  138.35, 9.084241109375e-01,  26.0, 1.561767018630e-01, nan
 160.57,  220.22, 9.086957781250e-01, 309.0, 7.004259803600e-01, nan
 214.04,  244.17, 9.087032828125e-01,  85.0, 3.714045131250e-01, nan
 239.42,  191.83, 9.092143203125e-01,  39.0, 2.564657410256e-01, nan
 151.41,  113.11, 9.095558750000e-01, 187.0, 7.854485809993e-01, nan
  95.95,   32.04, 9.095720406250e-01, 254.0, 6.334166166892e-01, nan
  58.77,   72.24, 9.097968921875e-01, 341.0, 7.590821035466e-01, nan
  76.35,    4.32, 9.099009312500e-01,  12.0, 2.092910222656e-01, nan
  11.54,   10.32, 9.100895250000e-01,   2.0, 4.792664218750e-02, nan
  11.97,  232.85, 9.101154968750e-01, 118.0, 2.789168376589e-01, nan
 115.23,  239.73, 9.102686671875e-01, 239.0, 6.831310769678e-01, nan
 238.53,  191.82, 9.105642531250e-01, 246.0, 7.981885459159e-01, nan
 147.66,   81.55, 9.106513062500e-01, 431.0, 7.406478323593e-01, nan
  50.70,  257.65, 9.112811609375e-01,   2.0, 4.964296015625e-02, nan
 159.60,  229.38, 9.114736531250e-01, 214.0, 6.885815450204e-01, nan
 164.17,  116.11, 9.116109625000e-01, 262.0, 7.833566052600e-01, nan
 132.87,  163.39, 9.118115328125e-01, 273.0, 7.286260087855e-01, nan
  45.44,   35.48, 9.118916609375e-01, 282.0, 7.575302106494e-01, nan
 201.25,  189.94, 9.129368218750e-01, 227.0, 6.546461443557e-01, nan
  85.76,  167.14, 9.131205390625e-01, 237.0, 7.400240004549e-01, nan
 154.03,  163.13, 9.135973625000e-01, 259.0, 7.562319379344e-01, nan
 249.80,    9.64, 9.142657703125e-01,  39.0, 2.758900490385e-01, nan
  18.67,   27.18, 9.153279078125e-01,  47.0, 2.034644062832e-01, nan
  18.45,   82.05, 9.153522031250e-01,   8.0, 1.425676486328e-01, nan
 169.37,   73.79, 9.159310437500e-01, 287.0, 7.977797854638e-01, nan
 144.50,  199.17, 9.161077765625e-01, 125.0, 5.101075457750e-01, nan
 181.09,    0.18, 9.161655234375e-01,   5.0, 8.265989781250e-02, nan
 114.79,   93.59, 9.164973640625e-01,  18.0, 2.546322236979e-01, nan
  47.89,   50.52, 9.166412734375e-01, 222.0, 7.528207973958e-01, nan
  48.84,  218.61, 9.167657390625e-01, 375.0, 7.231228306292e-01, nan
  16.72,  261.35, 9.177050078125e-01,   2.0, 4.268010390625e-02, nan
  99.20,  170.03, 9.180140890625e-01,  26.0, 1.546172037861e-01, nan
 198.41,  242.11, 9.181617281250e-01,  27.0, 2.071138620949e-01, nan
   3.02,   82.17, 9.182055546875e-01,   6.0, 1.229188526042e-01, nan
 122.02,   61.28, 9.183931890625e-01, 261.0, 7.235623630508e-01, nan
 257.90,   75.87, 9.183950906250e-01,   6.0, 1.033092721354e-01, nan
  32.57,   56.07, 9.186714656250e-01,   5.0, 9.649341281250e-02, nan
  99.01,   50.01, 9.189330812500e-01,  34.0, 2.815816267004e-01, nan
 156.60,  159.91, 9.189855390625e-01, 144.0, 6.077973175564e-01, nan
  26.90,  109.47, 9.193460593750e-01,  13.0, 2.160741457933e-01, nan
 125.93,  101.58, 9.195132500000e-01,   5.0, 8.051491156250e-02, nan
  72.45,  100.02, 9.198497765625e-01,  42.0, 3.347430885045e-01, nan
 134.76,   47.23, 9.199298265625e-01,   8.0, 1.221573617187e-01, nan
 108.78,   54.42, 9.205435500000e-01,  46.0, 2.815616250679e-01, nan
 242.84,  250.01, 9.206132656250e-01,   8.0, 1.446122441406e-01, nan
  92.72,  155.96, 9.206515062500e-01,   2.0, 4.969983046875e-02, nan
 251.75,  214.44, 9.206605859375e-01,  45.0, 3.002334404861e-01, nan
  52.06,  129.91, 9.207853656250e-01, 135.0, 7.239139947106e-01, nan
 235.83,  168.22, 9.208123890625e-01,  24.0, 2.547864933594e-01, nan
  67.95,  139.46, 9.208256625000e-01, 245.0, 7.762722045026e-01, nan
 188.61,  255.74, 9.215268359375e-01,   5.0, 1.029811771875e-01, nan
 249.61,  165.10, 9.220383437500e-01,   5.0, 1.427583093750e-01, nan
  31.98,   22.70, 9.220569000000e-01, 143.0, 7.724612928103e-01, nan
   5.68,   31.43, 9.220874125000e-01,  17.0, 2.149208901654e-01, nan
 126.46,  182.67, 9.224113515625e-01,  18.0, 2.402730370660e-01, nan
  40.78,  186.49, 9.225322656250e-01,  61.0, 2.240603160861e-01, nan
  55.18,   67.78, 9.226968562500e-01,  16.0, 1.200031350586e-01, nan
 198.07,   94.40, 9.247005281250e-01, 356.0, 7.543685527432e-01, nan
 246.18,  184.42, 9.259298750000e-01,  14.0, 2.414128342634e-01, nan
 242.91,  198.12, 9.259431250000e-01,  16.0, 3.567965301758e-01, nan
 193.12,  230.89, 9.261882531250e-01,   2.0, 4.925262343750e-02, nan
  35.63,  224.21, 9.269822875000e-01, 468.0, 7.275424925314e-01, nan
 142.29,  191.72, 9.270457312500e-01,  12.0, 1.396426712240e-01, nan
 192.75,  162.49, 9.273713046875e-01,  35.0, 2.365650737054e-01, nan
  63.97,  172.52, 9.275907562500e-01,  30.0, 1.726540158854e-01, nan
  19.78,  216.89, 9.281581359375e-01, 343.0, 7.590344237382e-01, nan
  45.62,  110.71, 9.283895031250e-01, 206.0, 8.127599938031e-01, nan
  63.38,   15.22, 9.288461531250e-01,  18.0, 1.438370432292e-01, nan
 163.28,  217.45, 9.288531234375e-01,  13.0, 1.604885256010e-01, nan
  70.25,   57.93, 9.289610781250e-01,   8.0, 1.061613548828e-01, nan
  30.77,   47.14, 9.290024218750e-01,  11.0, 2.281445447443e-01, nan
 101.96,  115.35, 9.291880390625e-01,  28.0, 2.440502397321e-01, nan
  72.83,   41.27, 9.295924578125e-01,   2.0, 4.940449843750e-02, nan
 194.90,  102.05, 9.298191890625e-01, 323.0, 7.271846197852e-01, nan
   4.20,  172.33, 9.308327484375e-01,  82.0, 1.917817178735e-01, nan
 164.79,   35.96, 9.312315156250e-01,  14.0, 2.237537263393e-01, nan
 205.15,  159.73, 9.312458203125e-01,  11.0, 1.241371170455e-01, nan
  10.17,  103.12, 9.313187000000e-01,  10.0, 1.277218475000e-01, nan
 224.98,   59.24, 9.313530765625e-01, 455.0, 7.529903994677e-01, nan
  44.04,  162.19, 9.322321984375e-01,   3.0, 7.691392343750e-02, nan
  25.62,  214.11, 9.324351640625e-01, 351.0, 6.607516047365e-01, nan
 144.20,  140.81, 9.329105312500e-01, 251.0, 7.054175300486e-01, nan
 240.68,   87.86, 9.331093093750e-01,   2.0, 4.995437578125e-02, nan
 250.89,  119.13, 9.333621500000e-01,   2.0, 4.880741093750e-02, nan
 149.12,  207.68, 9.333838546875e-01,   3.0, 6.486930416667e-02, nan
  97.56,  205.07, 9.337366843750e-01, 251.0, 7.848971212214e-01, nan
 153.53,  169.12, 9.340590203125e-01,  11.0, 1.800457330966e-01, nan
  27.34,  125.70, 9.346381171875e-01,   2.0, 4.630720234375e-02, nan
  83.33,   98.31, 9.349523015625e-01,  13.0, 1.036899602163e-01, nan
  15.80,  228.08, 9.353535296875e-01, 107.0, 2.755745098277e-01, nan
  76.54,  195.33, 9.353694234375e-01, 246.0, 7.897510294334e-01, nan
  77.20,  250.21, 9.367422593750e-01,   4.0, 7.477611367188e-02, nan
  48.98,  195.51, 9.381191437500e-01, 169.0, 7.211271669656e-01, nan
 174.13,  165.09, 9.385139750000e-01,   2.0, 4.926731484375e-02, nan
  11.86,  115.39, 9.393079781250e-01,   2.0, 4.397191015625e-02, nan
  46.24,   31.57, 9.394470500000e-01,   3.0, 7.249696822917e-02, nan
  22.01,  162.11, 9.408125171875e-01, 187.0, 7.762736406083e-01, nan
  23.97,  140.61, 9.411935531250e-01,   2.0, 4.980249375000e-02, nan
  95.43,   10.66, 9.417520093750e-01,  11.0, 1.408920551136e-01, nan
  58.50,  104.35, 9.418725531250e-01,  14.0, 2.324346022321e-01, nan
 248.95,  136.70, 9.423726171875e-01,  35.0, 2.854768157589e-01, nan
 149.61,  221.34, 9.431245437500e-01, 257.0, 8.427663529122e-01, nan
  25.23,  198.33, 9.435403812500e-01, 143.0, 6.317451423733e-01, nan
  15.28,  198.84, 9.436056546875e-01,  70.0, 4.387087384598e-01, nan
  46.79,  236.88, 9.436530578125e-01, 258.0, 7.801520546330e-01, nan
 202.60,  167.84, 9.442659984375e-01,   5.0, 8.435410468750e-02, nan
 179.51,   41.60, 9.444058187500e-01, 206.0, 7.494614233617e-01, nan
 159.68,  147.30, 9.445554843750e-01, 261.0, 8.349231074653e-01, nan
  47.12,  244.22, 9.452680140625e-01, 185.0, 8.335124647720e-01, nan
 161.17,  230.39, 9.457702718750e-01,   6.0, 1.013851854167e-01, nan
 128.87,  251.13, 9.461921031250e-01,   6.0, 7.487376718750e-02, nan
  44.96,   78.93, 9.468871750000e-01,   4.0, 8.378563164062e-02, nan
 256.73,    3.28, 9.472637562500e-01,  14.0, 1.838752705357e-01, nan
 231.96,  109.22, 9.488014000000e-01, 250.0, 7.204657159750e-01, nan
 153.25,  244.38, 9.500855656250e-01,   4.0, 8.693635585938e-02, nan
 147.49,  258.21, 9.502896671875e-01,   5.0, 9.076990437500e-02, nan
 128.38,   81.44, 9.518970453125e-01, 258.0, 7.970292321221e-01, nan
  -2.00,  102.83, 9.522081671875e-01,   5.0, 9.801543156250e-02, nan
 246.69,  215.43, 9.550543468750e-01,  10.0, 2.531260881250e-01, nan
  68.65,  196.27, 9.554262609375e-01,   5.0, 9.969886687500e-02, nan
  47.52,  216.64, 9.557063687500e-01,  10.0, 1.284221845313e-01, nan
 138.22,  147.92, 9.564071328125e-01, 265.0, 8.580607041156e-01, nan
  69.42,  211.09, 9.564705796875e-01,   7.0, 1.307863080357e-01, nan
 152.72,   68.12, 9.566667125000e-01,  20.0, 1.757949246094e-01, nan
 131.08,   18.90, 9.576017078125e-01,  23.0, 3.157939054348e-01, nan
 192.14,  187.40, 9.586546859375e-01,   4.0, 7.708466523438e-02, nan
  60.22,  145.00, 9.593394953125e-01, 278.0, 7.689825261691e-01, nan
  50.45,    2.11, 9.608485890625e-01,   2.0, 4.685754843750e-02, nan
 115.30,   37.25, 9.612097468750e-01,   2.0, 4.940672265625e-02, nan
  81.12,  237.92, 9.612918109375e-01,   2.0, 4.960370859375e-02, nan
 108.91,   47.28, 9.614814750000e-01, 227.0, 7.880660874518e-01, nan
   3.13,  252.95, 9.617300421875e-01,   7.0, 1.116689718750e-01, nan
  51.14,  154.79, 9.617999500000e-01,   2.0, 4.958562656250e-02, nan
 162.62,  135.15, 9.623350906250e-01, 210.0, 7.990757744048e-01, nan
 214.63,  139.14, 9.630907328125e-01, 179.0, 7.537039419518e-01, nan
  86.53,  261.89, 9.646231484375e-01,   2.0, 3.007582968750e-02, nan
  83.68,   72.89, 9.650892359375e-01,   3.0, 8.577166354167e-02, nan
 183.81,  229.84, 9.658640406250e-01, 183.0, 7.202535152237e-01, nan
  95.87,  112.42, 9.661560500000e-01,   2.0, 4.863301406250e-02, nan
  26.61,  154.06, 9.662776687500e-01,   8.0, 1.166290242187e-01, nan
 188.20,   52.07, 9.666468875000e-01, 186.0, 8.013461239751e-01, nan
  41.81,  116.77, 9.669159140625e-01,   2.0, 4.957643046875e-02, nan
 169.99,   66.62, 9.675270078125e-01,   2.0, 4.882393359375e-02, nan
 258.66,   57.89, 9.677436312500e-01,   2.0, 7.247028125000e-03, nan
 118.02,   12.48, 9.688820046875e-01,   3.0, 9.146979062500e-02, nan
  24.61,   -0.74, 9.706503250000e-01,   2.0, 4.650897968750e-02, nan
  95.74,  180.75, 9.720018390625e-01,   4.0, 9.484606953125e-02, nan
  24.36,  164.06, 9.722098375000e-01,   9.0, 1.302499883681e-01, nan
  11.59,  174.02, 9.722482640625e-01,   2.0, 4.711149062500e-02, nan
 213.63,  156.69, 9.726926781250e-01,   4.0, 1.006974917969e-01, nan
 197.88,   59.68, 9.734207312500e-01,   2.0, 4.973843203125e-02, nan
 176.74,  143.89, 9.735852000000e-01,  11.0, 1.190091008523e-01, nan
  42.11,  241.84, 9.736609656250e-01, 149.0, 7.153570114933e-01, nan
 115.18,  264.04, 9.751113140625e-01,   2.0, 4.274358906250e-02, nan
 241.82,   51.32, 9.781184312500e-01,   7.0, 9.405576183036e-02, nan
 153.35,  132.34, 9.823078875000e-01,   3.0, 6.684219843750e-02, nan
  86.92,   20.21, 9.847650343750e-01,   2.0, 4.927075859375e-02, nan
 239.04,   50.85, 9.870667718750e-01,   2.0, 4.934480937500e-02, nan
 125.43,  167.62, 9.887856734375e-01,   8.0, 1.374430029297e-01, nan
  11.48,   86.98, 9.888196906250e-01, 149.0, 7.961771677747e-01, nan
  -5.02,  223.53, 9.897654921875e-01,   4.0, 7.929002226563e-02, nan
 127.69,   77.38, 9.899753640625e-01,  10.0, 2.608317151562e-01, nan
  44.83,  209.19, 9.907602468750e-01, 195.0, 8.319396656971e-01, nan
 257.28,   86.23, 9.928716171875e-01,   3.0, 5.923997968750e-02, nan
 209.29,  163.55, 9.937132375000e-01, 377.0, 8.780209948234e-01, nan
 181.53,  100.85, 9.940232578125e-01,  19.0, 1.965557064145e-01, nan
 223.52,  120.62, 9.940924906250e-01,  10.0, 1.146790653125e-01, nan
 228.92,   78.45, 9.943268734375e-01, 352.0, 7.587354878152e-01, nan
 245.84,   45.41, 9.958443562500e-01,   2.0, 4.846257109375e-02, nan
 209.49,  214.46, 9.962394640625e-01,  28.0, 2.905916358817e-01, nan
 249.93,   -2.20, 9.978756546875e-01,   2.0, 4.907033593750e-02, nan
  56.03,  204.16, 1.001112340625e+00,   6.0, 1.072060359375e-01, nan
   2.84,   24.62, 1.007513803125e+00,   2.0, 4.839897421875e-02, nan
 255.70,   30.67, 1.007603309375e+00,   2.0, 4.896035859375e-02, nan
  24.72,  180.78, 1.008064112500e+00,   2.0, 4.974099531250e-02, nan
  58.54,   -6.04, 1.008623970312e+00,   2.0, 4.982146328125e-02, nan
 210.92,  145.93, 1.010123335937e+00,   2.0, 4.977319921875e-02, nan
 212.61,   44.23, 1.011744531250e+00,   2.0, 4.879501875000e-02, nan
  78.42,  159.18, 1.016340717187e+00,   3.0, 6.798527916667e-02, nan
  -2.91,   56.11, 1.016456889062e+00,   5.0, 1.032300571875e-01, nan
  25.08,  253.36, 1.018916371875e+00,   4.0, 1.252337167969e-01, nan
  49.59,  222.68, 1.019563856250e+00,   3.0, 6.548562187500e-02, nan
 143.06,  139.84, 1.021214378125e+00,   4.0, 7.684315312500e-02, nan
  56.74,  165.15, 1.021971782812e+00,   2.0, 4.601534765625e-02, nan
   0.16,  181.36, 1.022175526562e+00,   7.0, 1.477591203125e-01, nan
  98.86,  153.18, 1.022259600000e+00,  11.0, 1.486201572443e-01, nan
 174.65,  114.98, 1.028361284375e+00,   2.0, 4.969115625000e-02, nan
 228.99,   -0.47, 1.029159545312e+00,   4.0, 9.191614531250e-02, nan
  96.37,  194.58, 1.029390048438e+00,   3.0, 6.930627916667e-02, nan
 135.76,    2.89, 1.033116807812e+00,  12.0, 1.882730069010e-01, nan
 256.81,  158.25, 1.033827515625e+00,   3.0, 8.967038593750e-02, nan
 140.71,  206.63, 1.035265623437e+00,  18.0, 1.533927688368e-01, nan
  10.98,  125.88, 1.035578407812e+00,   2.0, 4.867235156250e-02, nan
 138.80,   69.10, 1.036082609375e+00,   7.0, 1.490314640625e-01, nan
 227.82,  132.35, 1.036807550000e+00,   3.0, 6.454014791667e-02, nan
 225.88,  254.58, 1.037205407812e+00,   5.0, 1.173524346875e-01, nan
 196.02,  136.44, 1.040653818750e+00,   2.0, 4.897657265625e-02, nan
 177.28,   22.06, 1.041398015625e+00,   8.0, 1.320947195312e-01, nan
 190.58,  231.14, 1.043805571875e+00,   3.0, 6.927268437500e-02, nan
 222.10,  163.70, 1.044299068750e+00,  14.0, 2.423042364955e-01, nan
 233.79,  166.70, 1.046370443750e+00,   3.0, 6.744755625000e-02, nan
 131.65,   95.77, 1.049304006250e+00,   7.0, 1.104304274554e-01, nan
  88.92,  146.10, 1.049596278125e+00,   2.0, 4.914553671875e-02, nan
 176.78,   89.14, 1.051487078125e+00, 463.0, 8.461411339194e-01, nan
 231.57,  103.30, 1.051821917187e+00,   3.0, 6.873168125000e-02, nan
  74.61,   28.31, 1.053036959375e+00, 316.0, 8.346041250841e-01, nan
 217.83,  218.05, 1.055133628125e+00,  25.0, 2.732555884375e-01, nan
 167.57,  188.51, 1.056053323438e+00,   5.0, 9.566020156250e-02, nan
 161.60,  113.75, 1.057495720312e+00,   2.0, 4.955955000000e-02, nan
 209.40,  258.11, 1.058857103125e+00,   3.0, 7.193068437500e-02, nan
 182.80,   14.18, 1.060031250000e+00,   4.0, 8.340667343750e-02, nan
 192.42,  133.48, 1.060427568750e+00, 236.0, 7.678402087129e-01, nan
 186.38,   62.96, 1.062744707812e+00, 441.0, 8.160591819374e-01, nan
 172.77,    7.52, 1.064213717187e+00,   2.0, 4.218532421875e-02, nan
   4.42,   22.50, 1.064535998438e+00,   9.0, 2.181875465278e-01, nan
 118.51,  141.33, 1.065547904688e+00,  15.0, 1.639893170833e-01, nan
 154.55,  220.61, 1.068644015625e+00, 406.0, 8.429690506273e-01, nan
  53.50,  141.52, 1.068849525000e+00,  43.0, 4.296860371730e-01, nan
  27.33,   -4.55, 1.069873509375e+00,   7.0, 9.585472500000e-02, nan
  63.07,  258.43, 1.070836628125e+00,   3.0, 6.568891302083e-02, nan
 237.48,  247.25, 1.071830026563e+00,   7.0, 1.192590660714e-01, nan
 183.72,  184.74, 1.074679346875e+00,   3.0, 7.185684218750e-02, nan
  -7.70,  238.59, 1.075586868750e+00,   2.0, 8.716895312500e-03, nan
 108.24,  102.37, 1.078154282812e+00,   4.0, 7.309757656250e-02, nan
 124.23,   43.76, 1.078519331250e+00,   9.0, 2.259449133681e-01, nan
   1.15,  204.94, 1.080969414062e+00,  11.0, 1.281368214489e-01, nan
 133.53,   10.44, 1.081065709375e+00,   2.0, 4.997275312500e-02, nan
  40.73,  146.11, 1.082935393750e+00,   5.0, 8.270666437500e-02, nan
 134.39,  253.77, 1.085791889063e+00,  34.0, 2.370859730239e-01, nan
 209.32,  207.28, 1.089722865625e+00,   2.0, 4.988098046875e-02, nan
  61.90,  149.11, 1.091065954687e+00,   4.0, 9.332065312500e-02, nan
 102.75,  127.41, 1.091186485938e+00,   2.0, 4.953803828125e-02, nan
 127.47,  237.31, 1.091281748437e+00,   4.0, 8.544323515625e-02, nan
 120.69,  158.84, 1.091283596875e+00, 331.0, 7.587005510008e-01, nan
 102.90,  214.35, 1.092231807812e+00,   2.0, 4.843957968750e-02, nan
 114.84,  253.34, 1.092761309375e+00,   2.0, 4.673992656250e-02, nan
 154.16,  209.16, 1.094410956250e+00,  13.0, 1.104703030048e-01, nan
 180.84,   60.77, 1.094644585938e+00,   5.0, 1.304220634375e-01, nan
 159.21,  206.05, 1.095436148437e+00,   2.0, 4.900622421875e-02, nan
 154.30,   50.54, 1.096318295312e+00,   2.0, 4.953662265625e-02, nan
 188.65,   64.14, 1.098436626562e+00,   2.0, 4.722370468750e-02, nan
  37.92,  122.36, 1.098658821875e+00,   2.0, 4.965863593750e-02, nan
   4.92,  236.09, 1.099138464062e+00,  15.0, 1.269879382292e-01, nan
 184.94,  123.95, 1.102962029688e+00, 492.0, 8.365532653868e-01, nan
  70.48,  219.61, 1.103387342188e+00, 527.0, 8.337185972100e-01, nan
 147.42,  215.44, 1.106928831250e+00,   3.0, 6.754488333333e-02, nan
 175.17,   42.55, 1.108063684375e+00,   3.0, 8.403899010417e-02, nan
 153.64,   10.01, 1.108913115625e+00,   2.0, 4.967185468750e-02, nan
 141.70,   -0.80, 1.108914679688e+00,   2.0, 3.474517031250e-02, nan
 161.65,  238.98, 1.109763757812e+00,  23.0, 2.560838430707e-01, nan
 148.16,   18.80, 1.110907154688e+00,   2.0, 4.995918515625e-02, nan
   1.32,  178.54, 1.110997504688e+00,   2.0, 4.676023281250e-02, nan
 199.70,  216.09, 1.113367160937e+00, 398.0, 7.962661036550e-01, nan
 234.44,   81.73, 1.113422556250e+00, 270.0, 7.573382431424e-01, nan
 131.43,  228.30, 1.114831560937e+00,   2.0, 4.977767968750e-02, nan
 248.02,   33.46, 1.115074200000e+00,   2.0, 4.785581093750e-02, nan
 210.91,  179.58, 1.116388121875e+00,   6.0, 1.464394283854e-01, nan
 211.23,  101.40, 1.116823059375e+00,   3.0, 6.749640677083e-02, nan
  57.13,   49.01, 1.118282832812e+00,   2.0, 4.993757421875e-02, nan
  97.83,  234.47, 1.120781162500e+00,   2.0, 4.952670937500e-02, nan
 143.46,  254.48, 1.121909829687e+00,   9.0, 1.610046192708e-01, nan
  -4.24,  137.13, 1.124752135937e+00,   3.0, 6.803650000000e-02, nan
  54.82,   10.09, 1.128161795313e+00,  17.0, 1.623794536765e-01, nan
  41.57,  197.32, 1.128542539062e+00,   8.0, 1.672581654297e-01, nan
  65.25,   64.95, 1.129041100000e+00,   3.0, 6.605450625000e-02, nan
  80.06,   84.52, 1.130115129688e+00,   5.0, 8.829577250000e-02, nan
  14.22,  256.31, 1.131691882812e+00,  13.0, 2.592969177885e-01, nan
 221.12,   16.77, 1.132129321875e+00, 260.0, 6.566864174159e-01, nan
  71.92,   73.85, 1.132328487500e+00,   6.0, 9.822788958333e-02, nan
 207.81,   47.23, 1.133976421875e+00,   2.0, 4.822312734375e-02, nan
 170.79,  118.84, 1.135414917187e+00,  30.0, 2.864097156771e-01, nan
  64.91,  133.46, 1.139924121875e+00,   3.0, 7.335732447917e-02, nan
  56.90,  108.82, 1.144875551562e+00,   8.0, 1.639944015625e-01, nan
 173.72,   -7.92, 1.147961251562e+00,   2.0, 4.673900000000e-03, nan
 121.36,   45.38, 1.150226165625e+00, 404.0, 7.693722310295e-01, nan
 135.44,   24.67, 1.153608421875e+00,   3.0, 6.894904479167e-02, nan
 229.50,  198.36, 1.157235884375e+00, 403.0, 7.577798359142e-01, nan
 209.83,  198.03, 1.157680054687e+00, 298.0, 7.177679200084e-01, nan
 237.55,  157.39, 1.160038606250e+00,  23.0, 3.825421465353e-01, nan
  47.04,   78.51, 1.160478671875e+00,   6.0, 1.347954148437e-01, nan
 224.74,  164.07, 1.161582565625e+00,   2.0, 4.859568125000e-02, nan
 215.35,    2.40, 1.162396232812e+00,   8.0, 1.169478347656e-01, nan
 171.53,  142.59, 1.162933126563e+00,   8.0, 1.484973794922e-01, nan
  69.00,   41.86, 1.165290707812e+00,  10.0, 2.088347812500e-01, nan
 181.29,   86.48, 1.165987654687e+00,   2.0, 4.955570000000e-02, nan
 112.02,   13.69, 1.166106318750e+00,  11.0, 1.601424782670e-01, nan
  65.56,  178.26, 1.166165209375e+00, 265.0, 6.895449231781e-01, nan
  23.78,   35.93, 1.168352604687e+00, 215.0, 7.657322423765e-01, nan
 185.08,  174.67, 1.169301335937e+00, 324.0, 7.233943123167e-01, nan
 157.84,  241.87, 1.169754921875e+00,   3.0, 6.542636562500e-02, nan
  62.41,   -4.69, 1.170742920312e+00,   6.0, 8.227506432292e-02, nan
  86.62,   33.57, 1.171989023437e+00, 290.0, 7.623088336584e-01, nan
 240.41,   52.65, 1.172602675000e+00, 164.0, 7.265990235709e-01, nan
 202.25,  100.66, 1.173226359375e+00, 276.0, 7.613960334409e-01, nan
 227.24,   75.06, 1.174051773438e+00,   9.0, 1.064703579861e-01, nan
 189.62,   59.35, 1.174125342187e+00, 486.0, 7.520449652392e-01, nan
 177.45,  191.52, 1.174201729688e+00,   2.0, 4.996404765625e-02, nan
 183.56,  225.41, 1.174498306250e+00, 178.0, 7.306029346296e-01, nan
 193.37,  195.39, 1.177737404687e+00,   3.0, 9.263388645833e-02, nan
 209.68,  232.56, 1.178415487500e+00,  21.0, 2.088024311012e-01, nan
 189.12,  219.54, 1.181976790625e+00,   5.0, 8.528265750000e-02, nan
  52.29,   25.47, 1.182292762500e+00,  13.0, 1.132799573317e-01, nan
 248.92,   79.09, 1.183981296875e+00,  37.0, 4.274414228885e-01, nan
 134.87,  100.94, 1.184772956250e+00,   6.0, 1.257700671875e-01, nan
  46.31,   96.03, 1.186535507812e+00, 393.0, 7.294618237556e-01, nan
 215.15,   83.68, 1.186701985937e+00,   2.0, 4.970451406250e-02, nan
 252.46,  239.81, 1.189071370312e+00,   2.0, 4.950449375000e-02, nan
  20.29,  230.57, 1.189685390625e+00,   5.0, 1.397104462500e-01, nan
  34.37,   73.79, 1.190637162500e+00,   6.0, 1.342154953125e-01, nan
 258.63,   86.38, 1.191353389062e+00,   4.0, 7.207346250000e-02, nan
  87.83,  183.11, 1.191952493750e+00,   6.0, 1.101259010417e-01, nan
 170.65,  130.46, 1.192347410937e+00,   3.0, 8.027521354167e-02, nan
  70.84,  193.75, 1.192966314062e+00,   7.0, 1.783024888393e-01, nan
 122.95,  109.66, 1.193240726563e+00, 291.0, 7.447100737060e-01, nan
 109.89,  153.01, 1.195108626562e+00,   2.0, 4.999032656250e-02, nan
  33.43,  259.92, 1.195176314063e+00,   2.0, 4.519464765625e-02, nan
 155.65,  104.33, 1.196624042187e+00, 164.0, 7.067992824695e-01, nan
  24.56,   70.62, 1.197692998437e+00,   2.0, 4.705775000000e-02, nan
  97.15,   53.75, 1.198256845312e+00,   2.0, 4.954162031250e-02, nan
  30.62,   47.96, 1.199127953125e+00,   8.0, 1.469693550781e-01, nan
  77.34,  237.32, 1.199501579687e+00, 338.0, 7.828145827616e-01, nan
 220.68,    5.95, 1.199902218750e+00,  21.0, 3.378549252976e-01, nan
 225.74,   -1.50, 1.202701884375e+00,   4.0, 7.091361796875e-02, nan
 124.53,  111.52, 1.206183689062e+00,   2.0, 4.978531953125e-02, nan
 169.47,   20.61, 1.209122225000e+00, 378.0, 7.174345176587e-01, nan
 233.51,  103.24, 1.214551142187e+00,   2.0, 4.998597265625e-02, nan
  21.53,   90.06, 1.216159814062e+00,   3.0, 6.703881302083e-02, nan
 249.49,   45.80, 1.216647498437e+00,   2.0, 4.950286640625e-02, nan
 225.72,  240.70, 1.217974718750e+00,   5.0, 9.258512656250e-02, nan
 212.31,   34.93, 1.218001853125e+00,   7.0, 9.529971629464e-02, nan
 237.45,   77.90, 1.219446089062e+00,   5.0, 1.078541640625e-01, nan
 110.89,   50.05, 1.221493831250e+00,   3.0, 6.804221614583e-02, nan
 200.52,  191.09, 1.221835959375e+00, 269.0, 6.929245785839e-01, nan
   3.69,   15.79, 1.227029978125e+00,   2.0, 4.415662187500e-02, nan
  71.17,  229.20, 1.229548678125e+00,   7.0, 1.205845649554e-01, nan
 101.99,  106.09, 1.230763559375e+00,   3.0, 7.714123645833e-02, nan
  51.15,  188.69, 1.231992639063e+00,   2.0, 4.994345312500e-02, nan
 232.59,  134.55, 1.232445914062e+00,   2.0, 4.648095156250e-02, nan
 223.24,  209.88, 1.232651814063e+00,   3.0, 6.997506093750e-02, nan
 230.92,   62.15, 1.232711518750e+00, 231.0, 7.241496004194e-01, nan
 200.34,  164.68, 1.232920770313e+00,   2.0, 4.837964218750e-02, nan
 153.85,   82.14, 1.233554412500e+00,   5.0, 1.612984500000e-01, nan
 198.15,  212.05, 1.234199903125e+00, 207.0, 7.073424323445e-01, nan
  92.87,    7.53, 1.234772742187e+00,  12.0, 1.754274692708e-01, nan
  99.80,   49.64, 1.236191229687e+00, 310.0, 6.649265173992e-01, nan
 163.49,   36.68, 1.243165492187e+00,   8.0, 1.741618865234e-01, nan
  12.06,  211.83, 1.244271112500e+00,   2.0, 4.962969921875e-02, nan
 248.56,  188.27, 1.252130182812e+00,   3.0, 9.673316822917e-02, nan
 230.94,   87.03, 1.255783464062e+00,   2.0, 4.964790546875e-02, nan
  23.57,  113.94, 1.256525032812e+00,   7.0, 1.604949470982e-01, nan
 166.81,   91.56, 1.257168351562e+00,   3.0, 7.295413437500e-02, nan
 110.65,  203.33, 1.258911528125e+00,  13.0, 2.147828927885e-01, nan
  26.04,   64.17, 1.259041612500e+00, 359.0, 6.424032892932e-01, nan
 148.11,   -4.57, 1.259268068750e+00,   3.0, 8.128604010417e-02, nan
  81.79,  207.31, 1.259682839062e+00,  10.0, 1.833456059375e-01, nan
  46.46,  209.80, 1.259834723438e+00,   2.0, 4.618558671875e-02, nan
 138.69,  207.18, 1.263277148438e+00,   6.0, 9.951639557292e-02, nan
 111.49,  223.19, 1.264613345312e+00,   7.0, 8.771394486607e-02, nan
 261.96,    8.14, 1.264811979687e+00,   4.0, 9.616354296875e-02, nan
 187.68,   26.75, 1.266920910937e+00, 250.0, 6.278230971625e-01, nan
 211.12,   -5.64, 1.266943845312e+00,   2.0, 3.211034531250e-02, nan
  68.33,  253.42, 1.267954273438e+00,   6.0, 9.489473072917e-02, nan
 111.12,    0.62, 1.271218007812e+00,   2.0, 4.946195781250e-02, nan
  72.92,  157.17, 1.271312643750e+00, 280.0, 6.735342845647e-01, nan
 158.15,   50.58, 1.273928571875e+00,   2.0, 4.959089140625e-02, nan
 124.14,   23.91, 1.274223134375e+00,   4.0, 8.395562734375e-02, nan
 235.57,  177.74, 1.274642106250e+00,   2.0, 4.983242812500e-02, nan
 129.26,  211.80, 1.276970996875e+00, 334.0, 6.197246757438e-01, nan
 115.08,  209.03, 1.278718243750e+00,   3.0, 6.682273385417e-02, nan
  33.26,   53.80, 1.280347943750e+00, 350.0, 6.402808577143e-01, nan
  73.34,  146.97, 1.281156175000e+00,   5.0, 1.229054803125e-01, nan
 130.97,  222.69, 1.283905660937e+00,   9.0, 9.575469843750e-02, nan
 162.62,  220.95, 1.289186053125e+00, 197.0, 6.229738611516e-01, nan
  31.10,  124.61, 1.290100082812e+00, 437.0, 6.493364901459e-01, nan
 251.89,  231.34, 1.290271303125e+00,   6.0, 8.983064166667e-02, nan
  76.07,  249.48, 1.290275109375e+00,   2.0, 4.793388046875e-02, nan
 143.94,  173.66, 1.291302025000e+00,   6.0, 9.715879296875e-02, nan
  79.01,   88.27, 1.292992143750e+00,   4.0, 7.460584414062e-02, nan
 237.78,  259.95, 1.296928785938e+00,   8.0, 9.956800214844e-02, nan
 162.99,   47.88, 1.299564526562e+00, 227.0, 6.260527201680e-01, nan
 196.21,  124.31, 1.300218954688e+00,   3.0, 7.684171562500e-02, nan
 107.88,   48.98, 1.303850485937e+00, 219.0, 5.720111230522e-01, nan
 122.77,  256.00, 1.305145085938e+00,   4.0, 1.006123691406e-01, nan
  -0.78,  242.19, 1.307896029687e+00,  19.0, 2.243917172697e-01, nan
 239.76,  209.54, 1.308130835937e+00,   3.0, 7.450920677083e-02, nan
 251.27,  246.40, 1.309433973438e+00,   5.0, 9.498532406250e-02, nan
 127.55,  262.02, 1.309927046875e+00,   2.0, 4.923798281250e-02, nan
 158.90,  174.15, 1.310629089062e+00, 217.0, 5.804864817972e-01, nan
 169.19,   68.09, 1.311582556250e+00, 211.0, 5.979751114336e-01, nan
 156.38,   43.00, 1.313175800000e+00, 192.0, 6.093818592285e-01, nan
 141.33,  139.97, 1.315189598437e+00,  15.0, 1.152438879167e-01, nan
 198.43,  131.60, 1.316450364063e+00,   9.0, 2.264675125000e-01, nan
 187.65,  152.42, 1.316683843750e+00, 151.0, 5.898948061983e-01, nan
  78.08,   86.47, 1.317341550000e+00, 233.0, 5.750760285542e-01, nan
  -0.57,  110.16, 1.317638284375e+00,   3.0, 8.078772864583e-02, nan
 117.08,  164.12, 1.320960723438e+00,   2.0, 4.982752890625e-02, nan
 223.98,  197.20, 1.322172212500e+00,   2.0, 4.912384453125e-02, nan
 142.99,   63.41, 1.322601921875e+00,   3.0, 6.954125729167e-02, nan
  54.30,  103.18, 1.325279604687e+00, 183.0, 5.837178392077e-01, nan
 170.32,   24.07, 1.327746392187e+00, 107.0, 5.708947470210e-01, nan
 223.02,  253.95, 1.328866135938e+00,   4.0, 7.688837773437e-02, nan
 102.58,   40.53, 1.334052884375e+00,   2.0, 4.911895156250e-02, nan
  68.67,   86.65, 1.334237893750e+00, 162.0, 5.508101466435e-01, nan
  95.75,  144.62, 1.337742790625e+00,  17.0, 2.790565013787e-01, nan
 111.05,  124.39, 1.338021000000e+00,   2.0, 4.998368125000e-02, nan
 249.89,  137.11, 1.339215071875e+00,  12.0, 2.083061789062e-01, nan
 179.59,  177.28, 1.340856262500e+00,   3.0, 7.016716145833e-02, nan
 241.81,  111.58, 1.342087778125e+00, 105.0, 5.373916240030e-01, nan
 228.05,  148.25, 1.344487226562e+00,   3.0, 7.547036093750e-02, nan
  67.66,   18.35, 1.345032892187e+00,   9.0, 1.066012270833e-01, nan
  49.46,    7.71, 1.345479326563e+00,  12.0, 2.166930226562e-01, nan
  27.92,  149.51, 1.347222571875e+00,   4.0, 9.837468515625e-02, nan
  35.35,   44.63, 1.347513289062e+00, 193.0, 5.802863614475e-01, nan
   0.43,  155.75, 1.347692475000e+00,   2.0, 3.058111640625e-02, nan
  79.62,   12.82, 1.348881879687e+00,   4.0, 7.430758671875e-02, nan
  78.86,  100.95, 1.348948837500e+00, 229.0, 5.697198152634e-01, nan
 103.64,  151.51, 1.354236950000e+00,   3.0, 7.171723697917e-02, nan
 135.14,  258.76, 1.354914657812e+00,   3.0, 7.508002135417e-02, nan
 130.34,  185.86, 1.355200146875e+00,   7.0, 9.375090781250e-02, nan
 137.88,  240.30, 1.355704650000e+00,   2.0, 4.963076640625e-02, nan
 251.94,  165.57, 1.356634007812e+00,   2.0, 4.999770781250e-02, nan
 186.54,  206.23, 1.358109612500e+00,   8.0, 1.391993439453e-01, nan
 233.36,   54.52, 1.359241092187e+00,  12.0, 1.602758125000e-01, nan
 146.36,  208.50, 1.360102023437e+00,   5.0, 1.009225265625e-01, nan
  25.96,   29.84, 1.361286365625e+00,  84.0, 4.675214560454e-01, nan
  29.79,    6.92, 1.364424479688e+00,   2.0, 4.127978437500e-02, nan
  33.40,  177.83, 1.366248065625e+00, 291.0, 5.858001218535e-01, nan
  62.70,   96.37, 1.367286510937e+00, 230.0, 5.479704886549e-01, nan
 142.90,  104.38, 1.368878456250e+00, 138.0, 5.590283643003e-01, nan
  94.76,  143.57, 1.369821784375e+00,   2.0, 4.891439453125e-02, nan
  17.48,   27.07, 1.371185712500e+00,  41.0, 4.003894969893e-01, nan
 129.78,   -0.75, 1.373007110937e+00,   2.0, 4.944161484375e-02, nan
 253.80,   63.75, 1.373448776562e+00,   2.0, 4.906123203125e-02, nan
 215.91,   77.67, 1.375650657812e+00,   4.0, 8.607763515625e-02, nan
 180.04,   82.60, 1.376573365625e+00,   3.0, 7.465309739583e-02, nan
 130.32,  114.78, 1.376795776562e+00, 174.0, 5.628731139368e-01, nan
  49.42,  182.15, 1.377615812500e+00, 246.0, 5.803663662221e-01, nan
 249.84,   -1.24, 1.378081739062e+00,   7.0, 1.061587066964e-01, nan
 216.83,  206.82, 1.380192415625e+00, 189.0, 5.084562719411e-01, nan
 110.39,  218.11, 1.383427645312e+00, 218.0, 5.093602078340e-01, nan
   6.24,  127.69, 1.385238190625e+00,   2.0, 4.898357812500e-02, nan
   5.03,  185.96, 1.387938118750e+00,   2.0, 4.841619218750e-02, nan
 223.38,  121.68, 1.388986390625e+00,   8.0, 1.539806814453e-01, nan
 114.88,    0.71, 1.390462062500e+00,  25.0, 2.672754614375e-01, nan
 201.69,   56.34, 1.391807010938e+00, 134.0, 5.407081884328e-01, nan
 104.69,  100.99, 1.392061940625e+00,   5.0, 8.599201156250e-02, nan
  26.96,   46.89, 1.393146217187e+00,   4.0, 7.463980351562e-02, nan
 262.09,  234.48, 1.394247946875e+00,   2.0, 4.881781171875e-02, nan
 218.53,   42.39, 1.395357996875e+00,  65.0, 4.712031668990e-01, nan
  28.27,  216.85, 1.397653764062e+00,   9.0, 1.503546550347e-01, nan
  13.20,  120.73, 1.397790829687e+00, 123.0, 5.353958640244e-01, nan
  -3.99,  241.26, 1.406476410937e+00,   4.0, 8.025681132813e-02, nan
  -1.50,   75.98, 1.408522484375e+00,   2.0, 1.134909218750e-02, nan
   8.91,  234.40, 1.409087067187e+00,   3.0, 6.736207552083e-02, nan
 230.64,  107.03, 1.409125929687e+00,  64.0, 4.456984519287e-01, nan
  20.56,  195.28, 1.409200406250e+00,  13.0, 1.910588218750e-01, nan
  74.49,  193.97, 1.409461368750e+00,   2.0, 4.993763750000e-02, nan
 251.85,  130.57, 1.410692145312e+00,   2.0, 4.990761484375e-02, nan
  34.50,  197.68, 1.411510993750e+00,   2.0, 4.612658750000e-02, nan
  38.31,  142.58, 1.416442329687e+00,   5.0, 9.396959687500e-02, nan
 186.45,  216.55, 1.417193175000e+00,   4.0, 8.962659296875e-02, nan
  86.95,   28.92, 1.417311675000e+00,   2.0, 4.561865156250e-02, nan
   8.45,   75.92, 1.418963823437e+00,  45.0, 4.146848594444e-01, nan
 240.01,  238.46, 1.421693485937e+00, 185.0, 4.849256100422e-01, nan
 228.23,   32.92, 1.421998114062e+00,   4.0, 9.497192968750e-02, nan
 152.51,  162.70, 1.423065281250e+00,   6.0, 1.445359348958e-01, nan
 103.72,  160.34, 1.424297189063e+00,   2.0, 4.457076328125e-02, nan
 222.70,   36.24, 1.427546684375e+00, 106.0, 4.895376462117e-01, nan
  65.13,  127.30, 1.428678031250e+00,  16.0, 2.059540544922e-01, nan
 186.08,    5.33, 1.429153242187e+00,   2.0, 4.907889687500e-02, nan
  48.84,  161.75, 1.429160137500e+00,   4.0, 7.968987148437e-02, nan
  60.91,  163.24, 1.429630418750e+00,   3.0, 6.588800989583e-02, nan
 252.36,   98.89, 1.430387695312e+00,   5.0, 1.040926109375e-01, nan
 127.55,  112.01, 1.430441593750e+00,   5.0, 9.916677906250e-02, nan
 194.21,   94.58, 1.432100996875e+00,   2.0, 4.987943906250e-02, nan
 190.08,   63.35, 1.432112643750e+00,  84.0, 4.100345325521e-01, nan
 160.66,    3.74, 1.435306454687e+00,   3.0, 6.616033229167e-02, nan
 142.67,   58.49, 1.435419729687e+00,   3.0, 9.115045312500e-02, nan
  58.78,  189.69, 1.435812126562e+00,   2.0, 4.518368203125e-02, nan
  76.55,   91.75, 1.436564204688e+00,  10.0, 1.236596017187e-01, nan
 168.06,   53.21, 1.436827512500e+00,  10.0, 1.711778421875e-01, nan
 152.23,   10.07, 1.437007012500e+00,  13.0, 2.894269350962e-01, nan
 100.26,   45.33, 1.438828026562e+00,   9.0, 1.688219850694e-01, nan
 242.84,  203.40, 1.439769456250e+00,  77.0, 4.736120943182e-01, nan
 219.43,  262.90, 1.440517287500e+00,   2.0, 4.726837734375e-02, nan
  52.43,   -0.63, 1.442442929687e+00,   3.0, 9.323494583333e-02, nan
  70.39,   44.88, 1.442736998438e+00,   3.0, 8.461765312500e-02, nan
 120.81,   18.14, 1.443644123437e+00,  10.0, 1.286686101563e-01, nan
 218.34,  183.48, 1.445010368750e+00,   5.0, 8.271806406250e-02, nan
 120.47,   11.99, 1.445850898438e+00,   6.0, 9.434871536458e-02, nan
  33.65,  168.35, 1.446431089062e+00,   4.0, 7.937868710938e-02, nan
 225.14,  168.07, 1.446658809375e+00, 120.0, 4.723936777865e-01, nan
  90.46,  241.69, 1.446951259375e+00,  13.0, 1.478922667067e-01, nan
  20.92,   43.84, 1.451024651563e+00, 103.0, 4.772577540504e-01, nan
 144.89,   74.25, 1.453811562500e+00, 129.0, 4.456748190407e-01, nan
 142.80,  115.32, 1.454823881250e+00,  76.0, 4.425263543997e-01, nan
  31.24,  178.02, 1.455804546875e+00, 207.0, 4.822583860130e-01, nan
 238.41,   16.58, 1.457108467187e+00,   5.0, 9.470524343750e-02, nan
 118.72,  117.68, 1.458836684375e+00,   3.0, 6.663716822917e-02, nan
  48.79,  204.82, 1.459250671875e+00,  10.0, 2.012633695312e-01, nan
 187.63,  250.11, 1.459549012500e+00,   2.0, 4.764055000000e-02, nan
 154.74,   66.51, 1.461101432812e+00,   2.0, 4.837165859375e-02, nan
 128.00,   42.70, 1.461834529687e+00,   6.0, 8.843999114583e-02, nan
 240.69,  206.31, 1.463225467188e+00,   2.0, 4.723334296875e-02, nan
  16.20,   -0.73, 1.463773006250e+00,   5.0, 8.568473875000e-02, nan
 172.33,  146.07, 1.465294576562e+00,   7.0, 1.229227906250e-01, nan
  22.24,  242.30, 1.467475971875e+00, 135.0, 4.865457464468e-01, nan
 243.17,   76.67, 1.467503626562e+00,   2.0, 4.870732343750e-02, nan
 135.81,  143.54, 1.467881284375e+00,   2.0, 4.731904062500e-02, nan
 224.41,  190.60, 1.468700887500e+00,   5.0, 9.779347625000e-02, nan
 161.41,  152.12, 1.470235721875e+00,   3.0, 6.878640364583e-02, nan
 242.34,  223.60, 1.472442371875e+00,   4.0, 1.030842925781e-01, nan
 216.22,  167.01, 1.474687317187e+00,  79.0, 4.332345017207e-01, nan
 203.99,   42.37, 1.474842906250e+00,   8.0, 1.386040908203e-01, nan
 127.42,  172.75, 1.476921043750e+00,   5.0, 1.450333712500e-01, nan
 204.26,  227.30, 1.479097317187e+00,   4.0, 8.868044101563e-02, nan
  94.52,  203.46, 1.480932964062e+00, 211.0, 4.972916767773e-01, nan
  56.75,  167.62, 1.481537700000e+00, 174.0, 4.592106988416e-01, nan
  95.89,  148.25, 1.481562700000e+00,   2.0, 4.995222343750e-02, nan
  91.63,   96.20, 1.481864534375e+00,   3.0, 7.450383229167e-02, nan
 210.93,  152.61, 1.483269984375e+00,   7.0, 1.296600962054e-01, nan
 181.68,  108.96, 1.483285826562e+00,   4.0, 9.486634609375e-02, nan
 151.31,  246.40, 1.490149065625e+00,  18.0, 1.056212480903e-01, nan
 184.66,  233.57, 1.490541442187e+00,   4.0, 7.134268476563e-02, nan
 161.97,  164.37, 1.492243440625e+00,   2.0, 4.523008437500e-02, nan
 123.20,  241.38, 1.492356931250e+00,   3.0, 6.648079166667e-02, nan
 174.08,   22.74, 1.492867706250e+00,   5.0, 1.077904771875e-01, nan
 169.87,  240.00, 1.493897082812e+00,   2.0, 4.978012031250e-02, nan
 213.70,   20.37, 1.494091170312e+00,   2.0, 4.934026718750e-02, nan
 175.29,  156.52, 1.495092565625e+00,  89.0, 4.019684584445e-01, nan
  41.55,  197.61, 1.495876640625e+00, 208.0, 4.693753059796e-01, nan
  42.31,  129.59, 1.496070906250e+00, 155.0, 4.389053762903e-01, nan
 163.52,   40.41, 1.498656282812e+00,   2.0, 4.998135546875e-02, nan
 253.48,   28.19, 1.499810942187e+00,  19.0, 1.830216931743e-01, nan
 141.59,   99.69, 1.500951134375e+00,   2.0, 4.992407109375e-02, nan
  49.93,  119.69, 1.501737093750e+00, 116.0, 4.366392586207e-01, nan
 184.86,   42.96, 1.502991889063e+00,   3.0, 9.125049687500e-02, nan
 159.47,  257.67, 1.503764879687e+00,   2.0, 4.374254453125e-02, nan
 247.62,   46.91, 1.505352021875e+00,  47.0, 3.506661788231e-01, nan
 210.72,  122.44, 1.505663221875e+00,   3.0, 8.386772343750e-02, nan
 256.36,  148.62, 1.507677801562e+00,   4.0, 8.030043906250e-02, nan
 204.66,  160.99, 1.509361214062e+00,  88.0, 4.093853082386e-01, nan
 261.84,  110.13, 1.515222995312e+00,   2.0, 3.675220546875e-02, nan
 243.66,  248.59, 1.517014401563e+00,  12.0, 1.812003002604e-01, nan
 234.21,  169.90, 1.517389267188e+00,   9.0, 8.953024253472e-02, nan
  40.12,   40.49, 1.517576512500e+00,  79.0, 3.958603657634e-01, nan
 238.96,  163.73, 1.519511720312e+00,   2.0, 4.975685312500e-02, nan
 103.56,  242.79, 1.520636998437e+00, 194.0, 4.084591795586e-01, nan
  39.97,   99.76, 1.522276717188e+00,  76.0, 3.677803974712e-01, nan
 126.05,  129.24, 1.522992073437e+00,  92.0, 4.267544006963e-01, nan
  51.52,  131.09, 1.526841992187e+00,   4.0, 7.958189023438e-02, nan
   0.09,  106.68, 1.526915846875e+00,   3.0, 7.346076770833e-02, nan
  -0.91,  211.56, 1.527518498437e+00,   2.0, 4.702760312500e-02, nan
  63.00,   21.82, 1.528455717187e+00,   2.0, 4.666242031250e-02, nan
  45.78,   90.98, 1.529345710937e+00,  71.0, 3.750780784991e-01, nan
 168.95,  208.25, 1.531120406250e+00,   7.0, 1.434908457589e-01, nan
 244.52,  117.73, 1.538217685937e+00,   6.0, 1.563759937500e-01, nan
 120.59,  191.37, 1.538605076562e+00,   4.0, 9.964043867187e-02, nan
  55.49,  258.58, 1.539017667187e+00,   4.0, 8.848830546875e-02, nan
  78.95,  226.99, 1.539126603125e+00, 126.0, 4.057825825025e-01, nan
 196.27,   76.91, 1.541738145312e+00,   2.0, 4.980165859375e-02, nan
 105.09,  168.76, 1.542238775000e+00,   2.0, 4.938540390625e-02, nan
  56.55,  242.20, 1.543096167187e+00,   2.0, 4.887965078125e-02, nan
 115.40,   33.31, 1.547418707812e+00, 130.0, 3.975788835697e-01, nan
 146.49,   55.95, 1.547418840625e+00, 103.0, 4.011883976183e-01, nan
 211.32,  232.79, 1.547476014062e+00,  58.0, 3.708006307920e-01, nan
  28.42,  104.85, 1.549067060937e+00,   3.0, 6.683864791667e-02, nan
  35.00,  172.71, 1.549567585937e+00, 123.0, 4.093856898120e-01, nan
 189.60,  159.26, 1.549968831250e+00,   2.0, 4.600246406250e-02, nan
  71.19,   83.44, 1.550917098438e+00,  67.0, 3.411714369636e-01, nan
  70.13,    3.47, 1.551055528125e+00,   6.0, 1.036740455729e-01, nan
  28.28,  180.54, 1.552141889062e+00,   2.0, 4.998793203125e-02, nan
 153.63,  107.84, 1.559229643750e+00,  20.0, 3.028273410937e-01, nan
 241.36,   66.46, 1.559286678125e+00,  15.0, 1.962316318750e-01, nan
 255.48,  235.53, 1.560102240625e+00,   3.0, 6.285792239583e-02, nan
 157.22,  258.45, 1.562812737500e+00,   2.0, 4.757528984375e-02, nan
 139.65,  221.93, 1.564286684375e+00,   2.0, 4.183115156250e-02, nan
 141.76,   86.73, 1.566259898438e+00,  29.0, 2.932029512392e-01, nan
  46.14,  165.74, 1.566468253125e+00, 103.0, 3.555281189927e-01, nan
 114.92,  151.06, 1.567978417187e+00,  93.0, 3.821249025706e-01, nan
 111.53,  129.08, 1.568686182812e+00,   6.0, 8.354499479167e-02, nan
 239.65,  139.93, 1.568775351563e+00, 133.0, 4.032112694901e-01, nan
  37.66,   15.12, 1.569033532813e+00,   2.0, 4.938722265625e-02, nan
  64.50,   68.35, 1.570556295312e+00,   6.0, 8.626768697917e-02, nan
  53.72,  163.36, 1.571188915625e+00, 136.0, 4.097916466337e-01, nan
  55.90,  130.38, 1.571279601562e+00,   3.0, 7.569734739583e-02, nan
 240.22,   37.18, 1.572130154687e+00,  47.0, 3.137565413564e-01, nan
  68.56,  236.67, 1.572181342187e+00,  10.0, 1.827398282812e-01, nan
 226.90,   28.80, 1.576033967187e+00,  58.0, 2.930596313308e-01, nan
 137.49,  198.35, 1.576095960937e+00, 173.0, 3.864051481485e-01, nan
   5.44,   73.01, 1.576116987500e+00,  13.0, 1.731977711538e-01, nan
 203.36,  182.68, 1.577034740625e+00,   2.0, 4.889112343750e-02, nan
  42.19,   64.35, 1.577443703125e+00,  59.0, 3.527488939354e-01, nan
 255.26,  189.66, 1.580414300000e+00,   2.0, 4.788828437500e-02, nan
 246.70,   18.64, 1.580467160937e+00,  93.0, 3.188024497312e-01, nan
  27.79,  224.54, 1.581438590625e+00,   2.0, 4.983477031250e-02, nan
  69.72,   65.48, 1.583005139062e+00,   4.0, 8.648757578125e-02, nan
 170.32,  201.66, 1.584492615625e+00, 107.0, 3.701437709550e-01, nan
 114.01,   16.97, 1.585681704688e+00,  16.0, 1.466947454102e-01, nan
 192.87,   22.46, 1.589886089062e+00,   2.0, 4.972509218750e-02, nan
   4.70,   35.67, 1.594849068750e+00,   4.0, 6.578360820313e-02, nan
  95.21,  194.30, 1.594958045312e+00,   2.0, 4.880284609375e-02, nan
 256.67,  182.44, 1.595192456250e+00,   3.0, 5.399706250000e-02, nan
 129.83,    1.63, 1.599136409375e+00,   5.0, 9.827815875000e-02, nan
 251.06,   32.42, 1.599778584375e+00,  31.0, 2.496296837702e-01, nan
 113.88,   49.99, 1.600337779688e+00,   4.0, 7.428437148437e-02, nan
 209.49,  237.00, 1.600687225000e+00,  65.0, 3.091384841346e-01, nan
 192.43,  103.77, 1.601011017187e+00,  38.0, 2.842110646382e-01, nan
 170.94,  156.74, 1.601439868750e+00,   4.0, 7.960999765625e-02, nan
  83.14,  248.38, 1.602162532812e+00,  17.0, 1.530738134191e-01, nan
  -6.32,   42.97, 1.607099160937e+00,   2.0, 4.606657343750e-02, nan
 202.88,  123.41, 1.607697978125e+00,  57.0, 3.861487428454e-01, nan
  79.38,  140.92, 1.608508400000e+00,   5.0, 1.196603575000e-01, nan
 253.62,   75.95, 1.608685103125e+00,   2.0, 4.323016796875e-02, nan
  78.33,  160.04, 1.609065415625e+00,   3.0, 7.258707135417e-02, nan
   6.44,  126.14, 1.609573020312e+00,   2.0, 3.991622812500e-02, nan
 111.53,  244.64, 1.610806490625e+00,  78.0, 3.620870420272e-01, nan
 198.03,  246.40, 1.611283815625e+00,   7.0, 7.057761294643e-02, nan
  54.70,  197.28, 1.611368742188e+00,   2.0, 4.999596328125e-02, nan
 111.01,  102.25, 1.611703203125e+00,  60.0, 3.727067826302e-01, nan
 130.18,  254.62, 1.611965429687e+00,  14.0, 1.782915791295e-01, nan
 207.96,  194.84, 1.612541071875e+00,  66.0, 3.133991824337e-01, nan
 130.62,  252.35, 1.613248231250e+00,  11.0, 1.587457779830e-01, nan
  34.27,   -1.78, 1.613480557812e+00,   3.0, 5.779999635417e-02, nan
  93.34,   33.78, 1.614628995312e+00, 104.0, 3.587615887921e-01, nan
 256.07,   16.02, 1.617057668750e+00,   4.0, 7.651027421875e-02, nan
  67.86,  183.29, 1.618764753125e+00,  93.0, 3.109555749832e-01, nan
 227.73,  237.56, 1.619168489062e+00,  26.0, 3.064573868990e-01, nan
  15.21,   -7.25, 1.620449185937e+00,   3.0, 6.539712604167e-02, nan
 161.72,  177.87, 1.622445093750e+00,   2.0, 4.999373515625e-02, nan
  97.91,   99.07, 1.623020753125e+00,   6.0, 1.085079348958e-01, nan
 139.70,   32.78, 1.623412245312e+00,  42.0, 2.899427971726e-01, nan
 146.90,  191.93, 1.625453946875e+00,   5.0, 8.245054656250e-02, nan
 133.80,  138.60, 1.628216290625e+00,   2.0, 4.984704921875e-02, nan
 127.75,   51.74, 1.628593659375e+00,  85.0, 3.349162757353e-01, nan
   8.76,   49.54, 1.629240717187e+00,  48.0, 3.016921316732e-01, nan
 130.16,   -2.59, 1.630550206250e+00,   2.0, 4.749375312500e-02, nan
 189.22,  185.38, 1.630818264062e+00,   3.0, 6.689235729167e-02, nan
 198.83,  240.66, 1.633954271875e+00,   3.0, 5.965851614583e-02, nan
 118.09,   62.84, 1.637457629687e+00,  46.0, 3.142606398777e-01, nan
  94.56,  155.86, 1.638011992187e+00,   6.0, 8.416378307292e-02, nan
 238.81,   44.24, 1.640350225000e+00,   3.0, 7.134608593750e-02, nan
  70.94,   33.19, 1.641002910937e+00,  49.0, 3.322866999681e-01, nan
 176.29,  203.52, 1.641263953125e+00,  65.0, 3.334896454327e-01, nan
  39.90,  154.46, 1.644687192187e+00,   3.0, 6.730277291667e-02, nan
 259.85,   62.98, 1.647437332812e+00,   2.0, 4.924406484375e-02, nan
  67.44,    0.55, 1.648114782813e+00,   2.0, 4.034824765625e-02, nan
 213.80,   75.55, 1.648339753125e+00,  70.0, 2.970629340402e-01, nan
 201.80,   68.19, 1.650349373437e+00,   5.0, 1.045684665625e-01, nan
  33.92,  201.62, 1.651943909375e+00,  67.0, 3.101204109608e-01, nan
 241.11,    7.68, 1.652371703125e+00,  31.0, 2.347110066028e-01, nan
 226.98,    6.14, 1.653044865625e+00,  35.0, 2.231427579018e-01, nan
 209.22,   78.17, 1.655292962500e+00,   2.0, 4.961408750000e-02, nan
  81.17,   51.44, 1.655428276562e+00,   3.0, 8.247130156250e-02, nan
  97.14,   25.17, 1.657427725000e+00,   2.0, 4.973041093750e-02, nan
 167.50,   27.69, 1.657880070312e+00,  45.0, 2.814097376736e-01, nan
  18.57,  173.73, 1.658055198437e+00,  39.0, 3.021710395433e-01, nan
  29.55,   42.96, 1.660562229688e+00,  53.0, 2.377808525354e-01, nan
  96.69,  238.91, 1.661004692187e+00,  58.0, 2.910513346713e-01, nan
  31.36,   23.71, 1.662140579687e+00,  21.0, 2.823320074405e-01, nan
  72.08,  256.72, 1.664067801562e+00,   2.0, 4.579187109375e-02, nan
  57.33,  152.61, 1.666311117188e+00,  49.0, 3.175710409758e-01, nan
  -5.47,   76.31, 1.666600835937e+00,   2.0, 1.649091875000e-02, nan
 142.13,  168.07, 1.666604757812e+00,  52.0, 3.098063545072e-01, nan
 256.91,  118.91, 1.667110289063e+00,   4.0, 6.197589609375e-02, nan
 108.09,  223.28, 1.667270756250e+00,  28.0, 2.817020276786e-01, nan
  62.44,   92.51, 1.667585876563e+00,   2.0, 4.800879140625e-02, nan
 256.35,  106.13, 1.668481525000e+00,   3.0, 6.091195885417e-02, nan
 218.16,  174.02, 1.668677292187e+00,  65.0, 2.828653612740e-01, nan
   2.07,   89.43, 1.669727450000e+00,   3.0, 9.617022447917e-02, nan
 126.05,   26.57, 1.670340292187e+00,  28.0, 2.257337583147e-01, nan
 140.73,   30.31, 1.672238134375e+00,  45.0, 3.117931161806e-01, nan
 155.02,  120.96, 1.672814082812e+00,   6.0, 1.272427033854e-01, nan
 143.62,  156.65, 1.674436898437e+00,  41.0, 2.967688420732e-01, nan
 238.56,   11.66, 1.676287982812e+00,   8.0, 1.666495322266e-01, nan
 206.22,  135.06, 1.679443196875e+00,  31.0, 2.727400927419e-01, nan
  54.24,   36.25, 1.680372850000e+00,  30.0, 2.488616533854e-01, nan
 239.09,  252.46, 1.680427768750e+00,   6.0, 9.152233177083e-02, nan
  24.07,  164.08, 1.680755959375e+00,  34.0, 2.486438965993e-01, nan
 174.15,   56.13, 1.681283900000e+00,   2.0, 4.875146640625e-02, nan
  79.69,   34.98, 1.683147551562e+00,   2.0, 4.948078593750e-02, nan
 167.00,   91.22, 1.683475640625e+00,  25.0, 2.428141880625e-01, nan
 243.50,  139.89, 1.684400048437e+00,  31.0, 2.487197663810e-01, nan
  83.63,  245.31, 1.684682360937e+00,  25.0, 2.589306370625e-01, nan
 245.41,  222.89, 1.688386809375e+00,   5.0, 9.283785281250e-02, nan
  56.50,  192.90, 1.688779667187e+00,  29.0, 2.924226566810e-01, nan
 180.80,   76.63, 1.690222457813e+00,   2.0, 4.576425078125e-02, nan
   9.99,  188.75, 1.691570935937e+00,  44.0, 2.296750938210e-01, nan
 147.63,   -0.57, 1.691960659375e+00,   2.0, 4.990488437500e-02, nan
 111.69,   25.57, 1.692136010937e+00,   2.0, 4.985530937500e-02, nan
 243.25,   29.47, 1.692766525000e+00,   9.0, 1.326580727431e-01, nan
 236.90,  219.11, 1.694594754687e+00,  27.0, 2.550622049190e-01, nan
  29.80,   38.32, 1.694982696875e+00,  31.0, 2.032783859375e-01, nan
 197.98,  207.39, 1.695598379687e+00,  28.0, 2.407864141741e-01, nan
  27.52,  180.23, 1.695642312500e+00,   3.0, 6.714594583333e-02, nan
   5.40,  126.99, 1.698348748437e+00,  19.0, 2.601631184211e-01, nan
 231.03,  258.43, 1.699772595313e+00,   2.0, 3.992836562500e-02, nan
   2.93,   -0.05, 1.700995806250e+00,   2.0, 4.162476562500e-04, nan
  33.41,  224.02, 1.701459976563e+00,  54.0, 2.824996307870e-01, nan
 126.81,   65.94, 1.705381329688e+00,  51.0, 2.897094417892e-01, nan
 144.50,  253.38, 1.706075229687e+00,   5.0, 8.517108093750e-02, nan
 119.58,  243.71, 1.706398621875e+00,   2.0, 4.856504062500e-02, nan
 112.65,  259.31, 1.707863509375e+00,   2.0, 4.768275703125e-02, nan
 137.10,   57.59, 1.707903090625e+00,   3.0, 8.343499947917e-02, nan
 121.20,  215.88, 1.708624782812e+00,  45.0, 2.315025314583e-01, nan
 206.93,  126.90, 1.708886151563e+00,   2.0, 4.985183437500e-02, nan
   1.83,  186.65, 1.709821593750e+00,   2.0, 3.794444062500e-02, nan
  16.45,  246.27, 1.711553987500e+00,  78.0, 2.961393314303e-01, nan
 125.53,  114.85, 1.712739275000e+00,  28.0, 2.534664296875e-01, nan
   2.21,  220.55, 1.716652642187e+00,   2.0, 4.755259062500e-02, nan
  82.02,  254.12, 1.717461170313e+00,   2.0, 4.764657031250e-02, nan
  42.50,  126.81, 1.717653256250e+00,  18.0, 2.081214394097e-01, nan
 165.80,  237.86, 1.719126578125e+00,  43.0, 2.503332860828e-01, nan
  17.32,  233.45, 1.721932595312e+00,  30.0, 2.597774312500e-01, nan
 179.84,  151.14, 1.722338615625e+00,  43.0, 1.993955457485e-01, nan
 104.66,   95.27, 1.723551012500e+00,  13.0, 2.022194098558e-01, nan
 188.42,   22.62, 1.724516457812e+00,  15.0, 2.044942626042e-01, nan
  -1.26,  151.81, 1.724543243750e+00,   6.0, 1.520127809896e-01, nan
  84.54,  185.69, 1.725021703125e+00,  58.0, 2.586724263739e-01, nan
 122.89,  167.07, 1.725833743750e+00,  35.0, 2.602923368750e-01, nan
  48.47,  248.52, 1.726034412500e+00,   2.0, 4.743281640625e-02, nan
  71.32,   33.09, 1.727570429687e+00,  35.0, 2.352162088393e-01, nan
  57.30,  214.06, 1.731306717187e+00,  17.0, 2.232155817096e-01, nan
   7.05,   55.77, 1.733675695312e+00,  16.0, 1.821566502930e-01, nan
 179.32,    9.66, 1.734789832812e+00,  23.0, 2.192327044837e-01, nan
  92.24,  211.91, 1.739709021875e+00,  30.0, 2.324511161458e-01, nan
 158.08,  170.24, 1.739868810938e+00,  49.0, 2.236142227041e-01, nan
  79.24,  157.40, 1.739875934375e+00,  32.0, 2.200828379395e-01, nan
  22.56,  163.40, 1.740340457812e+00,   3.0, 7.040793593750e-02, nan
  61.02,  118.78, 1.741290379687e+00,  44.0, 2.280577424006e-01, nan
 234.17,  195.48, 1.742045682812e+00,  11.0, 1.669100157670e-01, nan
 244.23,  162.81, 1.743249979687e+00,  36.0, 2.320213641927e-01, nan
 202.58,  156.99, 1.743469476562e+00,  28.0, 1.719242976563e-01, nan
 106.80,   67.86, 1.747552123437e+00,   9.0, 2.121548621528e-01, nan
  97.11,   67.71, 1.747556012500e+00,   2.0, 4.920391796875e-02, nan
  80.31,   65.33, 1.747564367187e+00,  20.0, 2.073567025000e-01, nan
  67.59,   88.80, 1.749001660937e+00,  22.0, 2.259646671875e-01, nan
 256.84,   90.86, 1.749373123437e+00,   2.0, 4.983981171875e-02, nan
  32.32,  128.58, 1.749387025000e+00,  10.0, 1.897254387500e-01, nan
 243.87,  166.41, 1.750613320312e+00,  10.0, 1.559297678125e-01, nan
 181.16,  184.91, 1.750720109375e+00,  19.0, 2.246468467105e-01, nan
 130.11,  143.48, 1.750814842187e+00,  39.0, 1.926431159054e-01, nan
 185.70,  148.06, 1.751294507812e+00,  17.0, 1.291092303309e-01, nan
  57.30,  118.63, 1.753052807812e+00,  29.0, 2.233658503772e-01, nan
 188.01,  221.89, 1.754604564062e+00,  36.0, 2.245897707899e-01, nan
 187.83,  252.61, 1.754950773437e+00,  24.0, 2.181349407552e-01, nan
 193.05,  159.49, 1.755630971875e+00,   9.0, 1.276752111111e-01, nan
 137.68,   19.28, 1.756063045312e+00,  16.0, 1.978516745117e-01, nan
 167.28,  131.53, 1.759469289062e+00,  12.0, 2.154164701823e-01, nan
  44.42,   58.53, 1.760594429688e+00,  10.0, 1.434516267187e-01, nan
 175.39,  122.85, 1.761197468750e+00,   4.0, 9.322755078125e-02, nan
  37.88,  193.31, 1.761722270312e+00,  14.0, 1.915006952009e-01, nan
  64.76,   42.92, 1.762182217187e+00,  17.0, 1.893706868566e-01, nan
  42.81,  154.74, 1.762674193750e+00,  11.0, 1.727731754261e-01, nan
  27.61,  235.20, 1.763157245312e+00,   7.0, 1.090592944196e-01, nan
  46.82,   88.43, 1.763348882812e+00,   9.0, 1.720464835069e-01, nan
 209.29,   86.72, 1.763388387500e+00,  37.0, 2.216848361064e-01, nan
  21.19,   30.09, 1.763900184375e+00,   6.0, 1.337155820312e-01, nan
 129.42,  203.31, 1.764837470312e+00,  19.0, 2.017863189145e-01, nan
  37.61,  218.35, 1.765429325000e+00,   4.0, 7.788244101562e-02, nan
  55.01,   15.38, 1.767438642187e+00,  19.0, 1.743069246711e-01, nan
  62.11,  231.04, 1.768314942187e+00,   2.0, 4.962345625000e-02, nan
   4.11,   31.87, 1.768426887500e+00,  12.0, 1.517319358073e-01, nan
 213.57,   45.72, 1.768543190625e+00,  12.0, 1.750114927083e-01, nan
  38.89,   -7.67, 1.769800239062e+00,   2.0, 4.896181328125e-02, nan
 236.80,  148.45, 1.771298215625e+00,  17.0, 2.138912632353e-01, nan
 170.34,    7.57, 1.773013868750e+00,  11.0, 1.489300855114e-01, nan
 172.14,   10.00, 1.773269296875e+00,   9.0, 1.656483668403e-01, nan
 164.35,  219.11, 1.776015439062e+00,  19.0, 1.573474717928e-01, nan
   1.07,   57.20, 1.776991265625e+00,  11.0, 1.545944632102e-01, nan
 237.72,   80.29, 1.777206328125e+00,  18.0, 2.115445669271e-01, nan
 149.52,  154.49, 1.777661539062e+00,  23.0, 1.554423248641e-01, nan
 124.06,  199.86, 1.777739226562e+00,   2.0, 4.904768437500e-02, nan
 246.78,   94.66, 1.779633600000e+00,  12.0, 1.786152591146e-01, nan
 141.34,   99.08, 1.779638031250e+00,   8.0, 1.518449048828e-01, nan
  12.38,   72.42, 1.781676412500e+00,   8.0, 1.401805445312e-01, nan
  57.19,  106.32, 1.783701803125e+00,   2.0, 4.778315000000e-02, nan
  15.05,  153.01, 1.784681621875e+00,   8.0, 1.948645748047e-01, nan
 201.01,  166.51, 1.786714548437e+00,  11.0, 1.547681507102e-01, nan
  82.81,   34.54, 1.787104268750e+00,  27.0, 2.079710361690e-01, nan
 169.94,   58.93, 1.795493398437e+00,  57.0, 1.948302435033e-01, nan
  12.55,  256.89, 1.796382814062e+00,   2.0, 4.941153359375e-02, nan
  99.66,    7.18, 1.796673976562e+00,   5.0, 1.335682059375e-01, nan
   0.82,  248.01, 1.796896865625e+00,   2.0, 2.614271562500e-02, nan
  -0.86,  248.08, 1.797257717187e+00,   2.0, 1.029161093750e-02, nan
 148.96,  187.65, 1.801844839062e+00,  12.0, 1.509724885417e-01, nan
   2.00,    0.04, 1.801870871875e+00,   4.0, 5.073378281250e-02, nan
  -8.50,   94.58, 1.804499384375e+00,   2.0, 2.752953281250e-02, nan
   4.40,  184.51, 1.804570640625e+00,  10.0, 1.229248154688e-01, nan
  44.97,   -1.50, 1.806121225000e+00,   5.0, 1.345383121875e-01, nan
  -6.18,  176.56, 1.807718790625e+00,   5.0, 9.917778750000e-02, nan
 181.21,  212.46, 1.809426514062e+00,  20.0, 1.604955321094e-01, nan
 232.03,   71.98, 1.809519218750e+00,   9.0, 1.395522211806e-01, nan
 210.56,   63.63, 1.809907893750e+00,  12.0, 1.309147895833e-01, nan
 102.32,  109.53, 1.810152506250e+00,  13.0, 1.369628271635e-01, nan
  65.64,   23.50, 1.810824496875e+00,  20.0, 1.876544975000e-01, nan
 180.76,  213.30, 1.811350009375e+00,   4.0, 1.094910457031e-01, nan
 202.05,   10.27, 1.811620220312e+00,   9.0, 1.207547156250e-01, nan
  15.27,   97.44, 1.812881215625e+00,   5.0, 1.165936462500e-01, nan
 238.00,  134.32, 1.812911537500e+00,   5.0, 1.170890562500e-01, nan
 142.49,  236.31, 1.813082296875e+00,  37.0, 1.566804118666e-01, nan
 199.81,   69.20, 1.813211303125e+00,  22.0, 1.859813399858e-01, nan
 225.86,  132.34, 1.813698245312e+00,   5.0, 8.232662500000e-02, nan
 170.97,  201.91, 1.813866490625e+00,   2.0, 4.845667734375e-02, nan
  82.25,  153.22, 1.815097585937e+00,  29.0, 1.486794956897e-01, nan
 221.60,  207.64, 1.815851484375e+00,   4.0, 8.163409570312e-02, nan
 158.61,  199.21, 1.816787164062e+00,  11.0, 1.750045632102e-01, nan
 175.04,   68.93, 1.818816550000e+00,  16.0, 1.598257884766e-01, nan
  56.56,   68.08, 1.820084307812e+00,   6.0, 1.360816388021e-01, nan
 115.43,  158.99, 1.820279639063e+00,   7.0, 1.409465680804e-01, nan
 121.78,  172.11, 1.820798162500e+00,  10.0, 1.474498289063e-01, nan
  93.80,   32.60, 1.822382226562e+00,   9.0, 1.339329137153e-01, nan
 149.65,  138.43, 1.822574004687e+00,   2.0, 4.983585859375e-02, nan
  36.04,    7.92, 1.823284279687e+00,   2.0, 4.988472421875e-02, nan
 200.72,   26.48, 1.824324078125e+00,   6.0, 1.092801447917e-01, nan
 129.83,  214.23, 1.824427635938e+00,   9.0, 1.346772930556e-01, nan
 189.78,  248.19, 1.825654335937e+00,   5.0, 1.266994800000e-01, nan
 190.62,  106.77, 1.827363110937e+00,   6.0, 1.122884979167e-01, nan
 183.22,  179.12, 1.828030479687e+00,   3.0, 6.836072031250e-02, nan
  85.74,  116.48, 1.828443710938e+00,  17.0, 1.526648983456e-01, nan
  75.10,  125.02, 1.828446354687e+00,   9.0, 1.490945729167e-01, nan
 174.15,    5.22, 1.828472407812e+00,   2.0, 4.696077031250e-02, nan
  83.97,  237.75, 1.830596992187e+00,  22.0, 1.805847762784e-01, nan
 138.55,   56.82, 1.831457218750e+00,  14.0, 1.853389968750e-01, nan
  59.43,  143.58, 1.831949218750e+00,   7.0, 1.252258613839e-01, nan
 108.47,  198.41, 1.832078170312e+00,   9.0, 1.203945239583e-01, nan
 250.95,  108.72, 1.832171932812e+00,   2.0, 4.656143281250e-02, nan
 176.05,  173.09, 1.834804865625e+00,   2.0, 4.953070859375e-02, nan
 245.58,  141.51, 1.836230051562e+00,  11.0, 1.164163963068e-01, nan
  -3.14,   65.38, 1.836480767187e+00,   2.0, 4.997528593750e-02, nan
  88.57,  197.89, 1.836834735937e+00,   4.0, 1.054550589844e-01, nan
 126.34,  229.97, 1.838802014062e+00,   8.0, 1.266476160156e-01, nan
 149.77,  226.15, 1.840527648437e+00,   3.0, 8.554277083333e-02, nan
  30.18,   80.02, 1.840712193750e+00,   5.0, 1.346625440625e-01, nan
 222.16,  236.48, 1.840768562500e+00,  12.0, 1.705797384115e-01, nan
 253.62,   -2.77, 1.841912215625e+00,   5.0, 4.539279812500e-02, nan
  24.46,  208.80, 1.846116239062e+00,   9.0, 1.234629994792e-01, nan
  81.74,  163.46, 1.847244585937e+00,  10.0, 1.011685003125e-01, nan
  62.62,   32.43, 1.847771839062e+00,   2.0, 4.985429453125e-02, nan
  67.83,  162.52, 1.847859482812e+00,   8.0, 9.936390937500e-02, nan
  95.99,  255.97, 1.848393800000e+00,   6.0, 1.179860971354e-01, nan
 113.42,  128.40, 1.848404170312e+00,  11.0, 1.254156964489e-01, nan
  14.27,  183.30, 1.848462823438e+00,   7.0, 1.104280888393e-01, nan
 249.94,  240.49, 1.848614664062e+00,  25.0, 1.205346121875e-01, nan
 247.22,  233.59, 1.849993903125e+00,   6.0, 1.055599151042e-01, nan
 175.21,  229.60, 1.850833195312e+00,   6.0, 9.537169583333e-02, nan
  15.61,  119.07, 1.851130771875e+00,   9.0, 1.373517916667e-01, nan
  17.65,  210.22, 1.852012212500e+00,   4.0, 9.703958671875e-02, nan
  48.13,  165.36, 1.853003560937e+00,   3.0, 7.674705989583e-02, nan
   7.68,  249.25, 1.853669160938e+00,  25.0, 1.582992603750e-01, nan
  72.48,  176.39, 1.854160535937e+00,   7.0, 1.130255520089e-01, nan
  65.19,  148.97, 1.856228710937e+00,   4.0, 7.643482656250e-02, nan
 131.96,  141.54, 1.858000006250e+00,   9.0, 1.348292597222e-01, nan
 203.41,   89.62, 1.858687006250e+00,   4.0, 9.477486406250e-02, nan
  85.08,  183.96, 1.859007540625e+00,   3.0, 9.223973750000e-02, nan
  -3.27,   43.37, 1.859040048437e+00,   2.0, 4.238942734375e-02, nan
 248.00,  147.18, 1.859571678125e+00,   7.0, 9.855117834821e-02, nan
  69.35,  220.08, 1.859750443750e+00,  16.0, 1.481240814453e-01, nan
 235.97,  228.26, 1.863603415625e+00,   2.0, 4.178175078125e-02, nan
  27.06,  188.64, 1.865105659375e+00,   3.0, 9.483984375000e-02, nan
 225.43,   85.72, 1.865869109375e+00,   5.0, 1.160594459375e-01, nan
 203.26,   46.03, 1.866116923437e+00,   5.0, 1.090492743750e-01, nan
  97.52,  103.22, 1.866194889062e+00,   7.0, 1.233878395089e-01, nan
 208.24,   74.82, 1.866619809375e+00,   3.0, 6.666464010417e-02, nan
 156.71,   51.45, 1.868145379687e+00,  22.0, 1.410182532670e-01, nan
 206.81,  203.38, 1.869692368750e+00,  21.0, 1.523683720238e-01, nan
 256.30,   71.51, 1.871112139062e+00,   5.0, 1.057702406250e-01, nan
 251.07,  179.27, 1.871354298438e+00,   4.0, 8.101585742187e-02, nan
 219.66,  173.01, 1.871650148437e+00,   5.0, 9.960561968750e-02, nan
  39.88,  104.42, 1.871651040625e+00,   6.0, 1.101452333333e-01, nan
 223.28,   29.25, 1.872304920312e+00,   3.0, 6.812675052083e-02, nan
 165.75,   54.32, 1.874257078125e+00,  12.0, 1.196188162760e-01, nan
 135.17,  204.25, 1.874529060937e+00,   2.0, 4.956210468750e-02, nan
  91.22,  237.64, 1.875199896875e+00,  11.0, 1.144059204545e-01, nan
 224.37,  173.02, 1.876617890625e+00,   2.0, 4.817735390625e-02, nan
 125.23,   76.60, 1.877093090625e+00,   8.0, 1.391292875000e-01, nan
 206.67,  172.67, 1.878228578125e+00,   2.0, 4.881068671875e-02, nan
 107.05,  210.00, 1.879325784375e+00,   7.0, 9.474349107143e-02, nan
 127.96,  139.16, 1.880227940625e+00,   2.0, 4.889499531250e-02, nan
  58.42,  234.19, 1.880534215625e+00,   4.0, 9.989355781250e-02, nan
 180.97,   32.83, 1.881061265625e+00,   2.0, 4.904983046875e-02, nan
 179.35,   92.64, 1.881276342187e+00,   3.0, 6.930008645833e-02, nan
  64.67,  251.69, 1.881651654687e+00,   3.0, 7.518633697917e-02, nan
 106.61,  107.29, 1.883102809375e+00,   3.0, 8.385346770833e-02, nan
  51.32,   98.30, 1.884512243750e+00,   2.0, 4.942693359375e-02, nan
 189.08,   65.41, 1.884515767187e+00,   2.0, 4.971563281250e-02, nan
  68.06,   99.76, 1.884593818750e+00,   4.0, 8.133727578125e-02, nan
  71.85,  196.03, 1.886141903125e+00,   4.0, 9.819445468750e-02, nan
 197.84,  190.16, 1.886258260937e+00,   9.0, 1.153883196181e-01, nan
 166.76,   34.07, 1.886715423437e+00,   4.0, 9.239182148438e-02, nan
  80.24,    6.78, 1.890094896875e+00,   2.0, 4.982627109375e-02, nan
   8.92,  225.88, 1.891441223437e+00,   5.0, 8.172506343750e-02, nan
  72.51,  226.05, 1.892696432812e+00,   2.0, 4.951273671875e-02, nan
  56.15,  186.25, 1.893466584375e+00,   6.0, 9.730493854167e-02, nan
 154.59,  247.79, 1.894229953125e+00,   4.0, 7.845348632812e-02, nan
  69.02,   59.16, 1.895931621875e+00,   4.0, 8.361644492187e-02, nan
  70.54,   85.85, 1.896626396875e+00,   2.0, 4.998725000000e-02, nan
 127.07,   46.11, 1.897788826562e+00,   8.0, 1.254078740234e-01, nan
 255.07,  175.73, 1.899973778125e+00,   3.0, 6.136573645833e-02, nan
 250.35,  168.95, 1.900156046875e+00,   2.0, 4.594487734375e-02, nan
 178.13,  235.73, 1.900653793750e+00,   2.0, 4.743418281250e-02, nan
 154.53,   50.22, 1.901805803125e+00,   7.0, 1.111101500000e-01, nan
 170.56,  252.04, 1.902250901562e+00,   3.0, 6.218492239583e-02, nan
 116.94,  168.11, 1.902436425000e+00,   2.0, 4.841310468750e-02, nan
 145.54,  124.52, 1.903140109375e+00,   2.0, 4.891856015625e-02, nan
 102.95,   82.97, 1.906638615625e+00,   2.0, 4.780218437500e-02, nan
  53.59,  119.56, 1.907155434375e+00,   3.0, 6.983550520833e-02, nan
 252.64,  191.98, 1.909280251562e+00,   3.0, 6.632380885417e-02, nan
 245.39,    7.24, 1.909385190625e+00,   2.0, 4.979643750000e-02, nan
  37.11,   65.35, 1.909511139062e+00,   2.0, 4.835063906250e-02, nan
  98.89,  223.69, 1.910285023437e+00,   4.0, 8.439941953125e-02, nan
 154.71,  174.34, 1.912850075000e+00,  20.0, 1.278504898437e-01, nan
 255.85,  237.67, 1.913225012500e+00,   3.0, 3.213994531250e-02, nan
 128.31,  238.06, 1.913706835938e+00,   2.0, 4.867518046875e-02, nan
 227.99,    0.62, 1.915116953125e+00,   2.0, 4.885192265625e-02, nan
 255.89,  219.25, 1.915587926562e+00,   5.0, 8.509083687500e-02, nan
 191.78,  252.37, 1.917366939062e+00,   2.0, 3.913922031250e-02, nan
 146.34,  160.03, 1.919023406250e+00,   5.0, 8.960083781250e-02, nan
 256.33,  208.21, 1.919822834375e+00,   4.0, 6.212534453125e-02, nan
  40.85,  181.85, 1.920743185937e+00,   2.0, 4.923611718750e-02, nan
 216.89,  244.52, 1.921287356250e+00,   2.0, 4.858620546875e-02, nan
 241.61,  127.08, 1.925111870312e+00,   2.0, 4.572570859375e-02, nan
   3.99,  109.97, 1.925566454687e+00,   3.0, 7.172766354167e-02, nan
 242.89,   32.06, 1.926078120312e+00,   7.0, 1.058197736607e-01, nan
 208.35,  149.09, 1.926425106250e+00,   4.0, 7.993056250000e-02, nan
 138.67,   78.10, 1.928510848437e+00,   4.0, 8.363188554688e-02, nan
 155.77,   15.68, 1.930871523438e+00,   2.0, 4.689520234375e-02, nan
  -0.63,  128.91, 1.930924473437e+00,   4.0, 8.498063632813e-02, nan
 258.31,  212.10, 1.931116603125e+00,   2.0, 2.749905859375e-02, nan
  13.31,  251.21, 1.931831879687e+00,   5.0, 8.210118687500e-02, nan
 179.21,  185.46, 1.935337693750e+00,   4.0, 7.595337812500e-02, nan
 217.61,   97.88, 1.935460325000e+00,   5.0, 9.571267281250e-02, nan
 127.66,   14.90, 1.938079028125e+00,   6.0, 8.786350052083e-02, nan
  17.59,   81.93, 1.938519431250e+00,   2.0, 4.811098671875e-02, nan
 145.42,   36.13, 1.938551381250e+00,   3.0, 6.496005833333e-02, nan
 247.15,  253.65, 1.939129818750e+00,   3.0, 5.418021875000e-03, nan
 261.05,  251.11, 1.939138465625e+00,   3.0, 1.850241666667e-03, nan
 256.71,  255.99, 1.939138832812e+00,   2.0, 2.497343749996e-05, nan
 188.50,  121.18, 1.939586510937e+00,   2.0, 4.826521406250e-02, nan
 256.32,  154.70, 1.941723450000e+00,   2.0, 2.514699843750e-02, nan
  33.75,  241.98, 1.942749898438e+00,   2.0, 4.906348359375e-02, nan
  16.07,   26.60, 1.946334714062e+00,   2.0, 4.970029296875e-02, nan
  19.28,  148.20, 1.946605176562e+00,   5.0, 9.939559812500e-02, nan
  38.64,   23.17, 1.947286471875e+00,   3.0, 6.615141458333e-02, nan
 253.58,   49.83, 1.947567829687e+00,   4.0, 7.318593593750e-02, nan
 227.86,  215.53, 1.947610653125e+00,   4.0, 7.419783671875e-02, nan
 112.67,  119.80, 1.948388864063e+00,   3.0, 6.842587395833e-02, nan
 157.31,  165.38, 1.948528403125e+00,   5.0, 8.348059343750e-02, nan
 147.15,  171.59, 1.948795423438e+00,   2.0, 4.987554218750e-02, nan
  51.27,   17.51, 1.951071017187e+00,   3.0, 7.048547760417e-02, nan
  17.87,   43.43, 1.952283000000e+00,   2.0, 4.985776093750e-02, nan
 203.59,  184.79, 1.953922190625e+00,   3.0, 6.667904583333e-02, nan
 230.99,  164.49, 1.957394803125e+00,   2.0, 4.969039921875e-02, nan
   8.59,  256.72, 1.958616965625e+00,   3.0, 4.867339791667e-02, nan
   1.75,   15.51, 1.972276701563e+00,   2.0, 3.121800078125e-02, nan
 100.67,   63.76, 1.972673993750e+00,   2.0, 4.970880703125e-02, nan
 181.84,   61.00, 1.987917146875e+00,   2.0, 4.896389765625e-02, nan
 229.08,  244.65, 2.001666381250e+00,   2.0, 4.998161718750e-02, nan
 257.41,   -4.97, 2.029233604687e+00,   2.0, 2.232150781250e-02, nan
