x [px], y [px], t [s], nPhotons [1], PSD value, t_relToExtTrigger [s]
  19.34,  129.47, 3.414678125000e-03, 120.0, 7.502262329427e-02, nan
  14.51,  135.55, 3.415390625000e-03,  71.0, 1.386913832306e-01, nan
   0.94,  125.05, 3.417706250000e-03,   3.0, 4.723906250000e-05, nan
  19.79,  128.03, 3.441079687500e-03,  33.0, 8.742961510417e-02, nan
  20.97,  116.99, 3.469779687500e-03,   3.0, 7.246373437500e-03, nan
  29.31,   30.91, 3.488953125000e-03, 186.0, 3.044165078881e-01, nan
 160.65,   37.82, 5.936346875000e-03, 158.0, 3.189544860364e-01, nan
 146.30,   42.49, 5.990437500000e-03,   2.0, 5.632509375000e-03, nan
 200.16,  169.05, 6.003131250000e-03, 215.0, 3.420599501308e-01, nan
 237.67,  136.93, 6.018264062500e-03,   2.0, 9.220027343750e-03, nan
 239.74,  204.12, 6.050798437500e-03, 128.0, 2.829616914429e-01, nan
 231.18,  163.09, 6.135776562500e-03,  32.0, 2.494857313965e-01, nan
  21.13,   94.74, 7.770398437500e-03,   3.0, 5.949094895833e-02, nan
  30.79,   26.11, 9.084964062500e-03,   8.0, 6.068529492187e-03, nan
 139.87,  104.86, 9.203529687500e-03,  48.0, 6.357395983073e-02, nan
 136.40,   97.25, 9.210500000000e-03,  13.0, 1.371876622596e-02, nan
 143.00,   97.26, 9.212457812500e-03,  17.0, 6.751723612132e-02, nan
 112.97,   95.49, 9.238548437500e-03,   2.0, 2.759935937500e-03, nan
 123.06,   96.05, 9.241696875000e-03,   3.0, 2.258333125000e-02, nan
 116.39,  105.43, 9.264264062500e-03,   2.0, 4.025775000000e-03, nan
 169.04,  166.91, 1.027723750000e-02, 215.0, 6.443845311919e-01, nan
 138.12,   90.82, 1.182582656250e-02,   1.0, 0.000000000000e+00, nan
 222.21,  158.93, 1.250303750000e-02,   5.0, 7.922254281250e-02, nan
 212.62,   95.93, 1.265918437500e-02,  38.0, 9.804689708059e-02, nan
 210.48,   94.01, 1.267411250000e-02,   1.0, 0.000000000000e+00, nan
 106.48,   41.14, 1.435103906250e-02, 110.0, 1.940326255540e-01, nan
 108.86,   68.42, 1.435939531250e-02,   4.0, 1.293870937500e-02, nan
 121.21,   29.33, 1.436649218750e-02, 242.0, 4.496210563146e-01, nan
 134.00,  189.97, 1.511337343750e-02, 109.0, 1.269375746990e-01, nan
 137.79,  179.52, 1.516458281250e-02,  15.0, 5.565584708333e-02, nan
 141.25,  186.86, 1.517411250000e-02,   6.0, 1.465211692708e-02, nan
 137.04,    6.94, 1.532107656250e-02,  34.0, 2.280960602022e-02, nan
 121.99,   23.86, 1.532220937500e-02,  56.0, 1.608224688058e-01, nan
 121.89,    3.01, 1.533767031250e-02,  10.0, 4.647201031250e-02, nan
 187.82,    6.13, 1.600416875000e-02,  39.0, 5.558194330929e-02, nan
 222.42,  156.90, 1.777839687500e-02,   7.0, 5.592946562500e-02, nan
 148.57,   10.29, 2.215705312500e-02,  22.0, 1.450817004261e-01, nan
 121.54,   10.29, 2.302845468750e-02,   5.0, 3.743824468750e-02, nan
  16.63,  244.33, 2.316951718750e-02,  28.0, 1.874509447545e-02, nan
  22.74,  244.01, 2.317992031250e-02,   2.0, 1.955804140625e-02, nan
 181.88,   47.30, 2.341198593750e-02,  34.0, 2.585700928768e-01, nan
  26.51,  141.24, 2.745970156250e-02,  12.0, 1.031527873698e-01, nan
  36.68,  175.13, 2.806992812500e-02,  31.0, 4.595158724798e-02, nan
 211.92,  152.81, 2.920947031250e-02,  16.0, 1.179218339844e-02, nan
 180.03,  140.19, 2.921292656250e-02,  37.0, 1.092077236486e-01, nan
 205.26,  201.40, 2.921334062500e-02,  96.0, 2.047716638346e-01, nan
 229.56,  231.47, 3.074294843750e-02,  80.0, 8.623092251953e-02, nan
 207.50,  227.47, 3.074487187500e-02, 196.0, 3.966000467395e-01, nan
 239.91,  210.97, 3.075512812500e-02,  51.0, 1.398070697917e-01, nan
 218.91,  208.14, 3.076705625000e-02,   2.0, 1.458226562500e-04, nan
 238.77,  218.44, 3.171452500000e-02,  19.0, 1.184642366776e-01, nan
  33.08,   47.33, 3.183120156250e-02,  65.0, 1.796723881971e-01, nan
  37.43,   85.18, 3.185528906250e-02,   4.0, 9.640742187500e-05, nan
  40.18,   79.61, 3.185574843750e-02,   2.0, 1.174150781250e-03, nan
  35.63,   64.91, 3.185877500000e-02,   2.0, 4.125300000000e-03, nan
  31.55,   81.69, 3.187294062500e-02,   2.0, 3.189656484375e-02, nan
 210.39,   95.57, 3.199382968750e-02,   6.0, 8.520611901042e-02, nan
  12.87,   78.82, 3.201073125000e-02,   5.0, 6.296101687500e-02, nan
 165.46,  115.00, 3.227616406250e-02,  10.0, 1.127088789062e-01, nan
   6.00,   59.57, 3.241052656250e-02,  18.0, 1.835624961806e-01, nan
 150.58,  113.05, 3.253690156250e-02,   2.0, 4.558402812500e-02, nan
 249.48,   13.35, 3.497570156250e-02,   3.0, 1.446427812500e-02, nan
 243.64,  208.89, 3.631571562500e-02,   3.0, 1.090979166667e-04, nan
   5.78,  249.60, 3.817380156250e-02,   2.0, 1.406140156250e-02, nan
 226.92,  228.00, 3.846766718750e-02,   7.0, 9.454545178571e-02, nan
  63.31,  177.30, 3.929330312500e-02,  39.0, 1.160841261619e-01, nan
  59.32,  166.98, 3.931442812500e-02,   1.0, 0.000000000000e+00, nan
  72.18,  132.89, 3.932914531250e-02,  23.0, 9.001346250000e-02, nan
  66.24,  102.87, 3.943246093750e-02,  54.0, 3.561882563079e-01, nan
 130.00,  195.19, 4.077665000000e-02,   4.0, 8.740644179687e-02, nan
 188.82,    8.38, 4.083111718750e-02,  39.0, 1.413365320513e-02, nan
 185.71,   10.51, 4.083405000000e-02,   5.0, 9.322972187500e-03, nan
 194.18,    5.84, 4.083407500000e-02,   3.0, 9.790769270833e-03, nan
 201.90,  163.19, 4.084196406250e-02,   1.0, 0.000000000000e+00, nan
 192.58,   -2.88, 4.087852656250e-02,   2.0, 1.963405468750e-02, nan
 108.71,  239.53, 4.173260156250e-02, 142.0, 9.781334964789e-02, nan
  52.80,  252.67, 4.173643906250e-02,  27.0, 1.237490121528e-02, nan
  76.13,  244.22, 4.173741562500e-02,  74.0, 1.061303764780e-01, nan
 141.82,  244.13, 4.173752968750e-02,  91.0, 1.488020313874e-01, nan
 133.80,  252.40, 4.174349218750e-02,  40.0, 2.611111351563e-02, nan
  97.66,  242.33, 4.174486406250e-02,   7.0, 1.924504062500e-02, nan
 108.02,  237.38, 4.176287968750e-02,  19.0, 8.513224144737e-02, nan
 127.46,  225.48, 4.177326406250e-02,   5.0, 4.293903593750e-02, nan
 126.48,  247.38, 4.178826093750e-02,   6.0, 6.303770859375e-02, nan
  64.27,  253.20, 4.179003125000e-02,   2.0, 2.806307812500e-02, nan
  95.48,  243.39, 4.233086718750e-02,   7.0, 7.546678950893e-02, nan
  80.93,  233.33, 4.237650781250e-02,  11.0, 1.114080156250e-02, nan
 109.04,  254.27, 4.244018281250e-02,   2.0, 8.466700781250e-03, nan
  82.73,  249.41, 4.244534687500e-02,   3.0, 2.935508333333e-02, nan
 124.17,  250.49, 4.244968437500e-02,   3.0, 2.191862291667e-02, nan
 163.09,    1.27, 4.610329375000e-02,   5.0, 6.566655875000e-02, nan
 170.32,  180.94, 4.676400937500e-02,  91.0, 2.508857420330e-01, nan
  31.18,  174.08, 4.903692031250e-02,   8.0, 4.750619101562e-02, nan
 138.69,   35.58, 5.125862656250e-02,   9.0, 1.517008164931e-01, nan
 165.49,  146.51, 5.151436250000e-02,  35.0, 2.920703870536e-02, nan
 158.21,  140.29, 5.152740156250e-02,   7.0, 1.464185580357e-02, nan
 176.00,  135.96, 5.152997187500e-02,  10.0, 8.298627656250e-02, nan
 156.38,  150.23, 5.155787343750e-02,   2.0, 6.817593750000e-04, nan
  77.55,  225.79, 5.241265468750e-02,   2.0, 1.165312500000e-05, nan
  16.94,  200.78, 5.308250000000e-02,   1.0, 0.000000000000e+00, nan
 158.56,   61.66, 5.371592812500e-02,  27.0, 3.019448853588e-01, nan
 178.70,  133.72, 5.396387500000e-02,   5.0, 8.182121062500e-02, nan
  86.99,  214.02, 5.428428906250e-02,   1.0, 0.000000000000e+00, nan
 125.63,  239.00, 5.536401250000e-02,   2.0, 4.893645312500e-02, nan
 128.69,  259.83, 5.618291718750e-02,   3.0, 1.504010416666e-05, nan
 135.05,  245.12, 5.618323593750e-02,   2.0, 4.881648437500e-03, nan
 145.06,  248.21, 5.701381875000e-02,   6.0, 7.428542187500e-03, nan
 233.41,  215.11, 6.066632968750e-02,   3.0, 7.169852083333e-02, nan
 232.21,  229.02, 6.290067968750e-02,  49.0, 3.891698198661e-01, nan
  36.71,  165.90, 6.328723281250e-02,   4.0, 1.772761054688e-02, nan
  26.44,  177.92, 6.329630468750e-02,   3.0, 4.636537395833e-02, nan
  90.15,   37.78, 6.557802031250e-02,   3.0, 2.506156250000e-04, nan
  97.81,   17.61, 6.559427812500e-02,   3.0, 1.078017760417e-02, nan
 186.47,  212.88, 6.586811562500e-02,  96.0, 1.114074407715e-01, nan
 250.84,  211.08, 6.587384687500e-02,   2.0, 4.728410781250e-02, nan
 216.29,  124.24, 7.203307031250e-02,  11.0, 5.676268522727e-02, nan
 233.53,  109.76, 7.226506562500e-02,  28.0, 2.043782522321e-02, nan
 241.77,  110.63, 7.226697500000e-02,   4.0, 7.029468750000e-03, nan
 223.79,   77.05, 7.227686718750e-02,  47.0, 1.493284104721e-01, nan
 244.20,  107.62, 7.228208437500e-02,   2.0, 1.998671875000e-05, nan
 149.18,  248.79, 7.463224531250e-02,   2.0, 4.821911718750e-02, nan
 117.21,  145.86, 7.677405000000e-02, 132.0, 2.312289379853e-01, nan
 239.75,  231.81, 7.720341875000e-02,   6.0, 8.647103515625e-02, nan
 158.01,  262.80, 8.377954375000e-02,   2.0, 4.542144375000e-02, nan
 250.35,  168.42, 8.586429375000e-02,  15.0, 6.633298208333e-02, nan
 247.73,  174.49, 8.592048125000e-02,   2.0, 3.279875390625e-02, nan
 247.33,   79.59, 8.675609375000e-02,   3.0, 1.445859687500e-02, nan
  83.16,   18.35, 9.261747031250e-02,   3.0, 4.973902708333e-02, nan
  27.06,   73.14, 9.560502812500e-02,   2.0, 4.305518671875e-02, nan
 161.50,  206.91, 9.842765625000e-02,  44.0, 1.153512785156e-01, nan
 179.38,  203.21, 9.843076406250e-02,   7.0, 2.835317879464e-02, nan
 177.51,  214.55, 9.843524375000e-02,   3.0, 6.641081145833e-02, nan
 186.08,  213.02, 9.844314218750e-02,   8.0, 3.294389335937e-02, nan
 154.85,  211.38, 9.845269218750e-02,   7.0, 8.601142723214e-02, nan
 211.15,  204.66, 9.874368125000e-02,  10.0, 1.518299967188e-01, nan
 182.11,   68.40, 1.011168375000e-01,  49.0, 1.599342680166e-01, nan
 176.20,   37.07, 1.011177203125e-01,  11.0, 1.407871681818e-01, nan
 163.12,  206.04, 1.029729750000e-01,   3.0, 6.856830416667e-02, nan
 182.91,   76.14, 1.049955812500e-01,  35.0, 1.239217140625e-01, nan
  54.73,  200.33, 1.091306921875e-01,  45.0, 2.328284204861e-01, nan
 226.69,  255.27, 1.105902546875e-01,  12.0, 9.305994791667e-04, nan
 215.44,  248.30, 1.105966531250e-01,   5.0, 1.322557031250e-02, nan
  68.57,  238.19, 1.115417078125e-01,   4.0, 8.383603906250e-02, nan
 202.42,  100.82, 1.167146171875e-01,   7.0, 1.402836160714e-03, nan
 207.40,  108.54, 1.167307781250e-01,   2.0, 3.238476562500e-03, nan
 223.27,   87.34, 1.167507171875e-01,   2.0, 4.965497109375e-02, nan
 242.32,   92.21, 1.168061468750e-01,  97.0, 2.863286705058e-01, nan
  70.87,  236.98, 1.195390921875e-01,   2.0, 4.497203593750e-02, nan
 200.48,   40.73, 1.204153625000e-01,  10.0, 1.124439890625e-02, nan
 205.09,  228.01, 1.205859765625e-01,   3.0, 4.131205416667e-02, nan
 191.48,   42.59, 1.215702296875e-01,   2.0, 5.019198437500e-03, nan
 216.68,  123.44, 1.244446015625e-01,   1.0, 0.000000000000e+00, nan
   6.40,  142.94, 1.269536578125e-01,   5.0, 3.725594218750e-02, nan
   6.11,  118.03, 1.270066250000e-01,   2.0, 4.372676171875e-02, nan
  79.40,  132.29, 1.295111359375e-01,   3.0, 7.679669270833e-03, nan
  58.86,  120.45, 1.295395875000e-01,   7.0, 7.688172276786e-02, nan
  72.73,  134.48, 1.295583140625e-01, 154.0, 5.620541622058e-01, nan
  74.11,  124.94, 1.296525203125e-01,   2.0, 4.452420078125e-02, nan
  66.41,  109.95, 1.300601281250e-01,   7.0, 5.082778325893e-02, nan
  94.62,  124.76, 1.348879015625e-01,   5.0, 3.455333531250e-02, nan
 106.07,  157.80, 1.368554468750e-01,  87.0, 2.317480906070e-01, nan
 168.06,   84.18, 1.369299671875e-01,   4.0, 7.944685078125e-02, nan
 233.96,  236.98, 1.376257906250e-01,   2.0, 4.252127109375e-02, nan
 143.19,  203.04, 1.385949125000e-01,   3.0, 7.531592708333e-03, nan
 183.04,  246.44, 1.391874656250e-01,  17.0, 7.516198713235e-03, nan
  96.16,  166.48, 1.396872296875e-01,  50.0, 7.285108890625e-02, nan
  96.44,  170.08, 1.396896406250e-01,  20.0, 4.560023773437e-02, nan
 106.27,  179.20, 1.396931578125e-01,   1.0, 0.000000000000e+00, nan
  89.78,  169.44, 1.396935828125e-01,   5.0, 5.854951437500e-02, nan
  42.50,   17.59, 1.419727125000e-01,  54.0, 9.144524687500e-02, nan
  50.52,   15.55, 1.420539015625e-01,   2.0, 3.365969921875e-02, nan
  47.49,   27.33, 1.420731359375e-01,   3.0, 3.171975416667e-02, nan
  42.51,   21.38, 1.421329484375e-01,   3.0, 4.479973750000e-02, nan
 182.55,  175.71, 1.437791125000e-01,  11.0, 1.336260007102e-01, nan
 183.53,  157.35, 1.437998125000e-01,   4.0, 4.740108984375e-02, nan
 142.67,   82.43, 1.461324078125e-01,   3.0, 4.532648072917e-02, nan
 105.44,   16.35, 1.470033093750e-01,   2.0, 4.839332109375e-02, nan
 161.96,   61.42, 1.479806531250e-01,   3.0, 3.034730000000e-02, nan
 109.86,  228.93, 1.491521484375e-01,   8.0, 1.331483908203e-01, nan
 180.20,  122.24, 1.528995890625e-01,   2.0, 4.280825000000e-03, nan
 137.91,   25.05, 1.562271656250e-01,   6.0, 8.246018177083e-02, nan
  64.08,  101.56, 1.642403921875e-01,  14.0, 6.217478236607e-03, nan
  60.80,   89.13, 1.642417796875e-01,   3.0, 4.100125520833e-03, nan
  52.41,  105.12, 1.642563578125e-01,   2.0, 4.833046875000e-05, nan
 116.36,   40.08, 1.726162125000e-01,   2.0, 3.582578125000e-05, nan
 168.87,   47.27, 1.729875937500e-01,   2.0, 4.818776640625e-02, nan
  67.06,  184.66, 1.735301296875e-01,   4.0, 5.124710937500e-03, nan
  61.24,  189.48, 1.735575796875e-01,   1.0, 0.000000000000e+00, nan
  79.44,  181.33, 1.737512437500e-01,   2.0, 9.086172656250e-03, nan
  43.40,  113.28, 1.737824687500e-01, 138.0, 4.042402708447e-01, nan
  54.52,   97.09, 1.737887781250e-01, 202.0, 6.030827822942e-01, nan
  12.26,   55.15, 1.738576828125e-01, 134.0, 3.254670548274e-01, nan
 215.83,  198.27, 1.756182031250e-01,   6.0, 1.002946721354e-01, nan
  94.91,  116.32, 1.778934625000e-01,   1.0, 0.000000000000e+00, nan
  56.71,   57.29, 1.788329218750e-01,  16.0, 4.640068066406e-03, nan
  61.82,   50.80, 1.788334109375e-01,   3.0, 1.796093750000e-05, nan
  63.78,   65.25, 1.788492640625e-01,   2.0, 1.311531250000e-04, nan
   4.72,   62.79, 1.794098046875e-01,   2.0, 3.379328984375e-02, nan
  11.62,   12.05, 1.871757093750e-01,  41.0, 3.598000979421e-02, nan
  29.67,   25.90, 1.871889203125e-01,   2.0, 2.538704687500e-03, nan
  92.14,  228.36, 1.875655609375e-01,   1.0, 0.000000000000e+00, nan
 183.34,   68.08, 1.935317375000e-01,   8.0, 5.799667343750e-02, nan
 186.64,  116.83, 1.954045671875e-01, 115.0, 2.869667258967e-01, nan
  97.09,  222.34, 1.963023218750e-01,   2.0, 4.777572734375e-02, nan
  13.40,  227.38, 2.033316656250e-01,  55.0, 7.768901417614e-02, nan
  10.02,  215.75, 2.033364734375e-01,   3.0, 1.131477447917e-02, nan
   3.24,  240.49, 2.033463156250e-01,  12.0, 9.356170130208e-02, nan
 225.07,   27.38, 2.035666796875e-01, 122.0, 3.559558412269e-01, nan
 234.00,   57.80, 2.035725625000e-01,   6.0, 3.539243593750e-02, nan
 172.41,  142.88, 2.036753093750e-01,   2.0, 4.185245468750e-02, nan
 160.38,   75.39, 2.039615531250e-01,   2.0, 1.761285312500e-02, nan
 188.78,  224.41, 2.057637187500e-01,   2.0, 4.990335546875e-02, nan
 225.94,  229.82, 2.093484328125e-01,  87.0, 2.893770965876e-01, nan
 132.92,   87.73, 2.100828734375e-01,   2.0, 1.917218750000e-04, nan
 184.77,  251.95, 2.129129578125e-01,  21.0, 1.111204669643e-01, nan
 144.33,  158.59, 2.139215125000e-01,  67.0, 2.242728969916e-01, nan
 239.58,  163.32, 2.150116296875e-01,   5.0, 8.579042406250e-02, nan
  31.66,   46.90, 2.161882281250e-01,   2.0, 4.009597890625e-02, nan
 168.13,   19.62, 2.207918078125e-01,  80.0, 1.812578257227e-01, nan
 165.68,  182.91, 2.211191468750e-01,  11.0, 9.952011647727e-02, nan
 173.06,   12.00, 2.217202250000e-01,   3.0, 3.981400677083e-02, nan
 231.38,   93.52, 2.233611625000e-01,   9.0, 9.570041597222e-02, nan
  16.52,   64.15, 2.235400578125e-01,  47.0, 2.850342468085e-01, nan
   3.40,   13.10, 2.242571500000e-01,   3.0, 7.634763020833e-03, nan
  11.02,    1.73, 2.242714312500e-01,   2.0, 8.067500000000e-05, nan
 119.88,  153.60, 2.257966890625e-01,  49.0, 2.438188121173e-01, nan
 170.46,  183.73, 2.286689703125e-01,   2.0, 4.502003281250e-02, nan
 189.42,  108.37, 2.331285687500e-01,  26.0, 8.117384248798e-02, nan
  81.70,   32.95, 2.437764625000e-01,  48.0, 1.339719005534e-01, nan
 222.44,   65.97, 2.460310265625e-01,   3.0, 7.257718177083e-02, nan
 243.45,   61.36, 2.460415671875e-01,   2.0, 6.696875000003e-06, nan
 241.14,   55.75, 2.460909343750e-01,  27.0, 1.515977758102e-01, nan
  -4.58,   55.06, 2.469151109375e-01,   2.0, 1.963593750000e-05, nan
 217.47,   79.80, 2.479520671875e-01,   2.0, 4.874902031250e-02, nan
  64.06,  119.28, 2.481454656250e-01,   5.0, 8.368584250000e-02, nan
 125.84,  243.15, 2.486926406250e-01,  92.0, 2.098807505265e-01, nan
 144.92,  200.56, 2.514862734375e-01,   2.0, 4.819711875000e-02, nan
 216.33,  172.80, 2.530565171875e-01,   7.0, 9.398781696429e-02, nan
 113.42,  162.83, 2.545056015625e-01,   2.0, 2.246486562500e-02, nan
 214.46,    8.79, 2.577031546875e-01,  17.0, 3.789204485294e-02, nan
 208.76,    0.09, 2.577147093750e-01,   3.0, 2.428519218750e-02, nan
 220.80,    5.31, 2.589499406250e-01,   2.0, 3.025672734375e-02, nan
 232.99,  221.98, 2.593058671875e-01,   5.0, 1.018454359375e-01, nan
 114.65,  132.34, 2.617494312500e-01,   3.0, 3.609820625000e-02, nan
  98.95,  127.16, 2.618806687500e-01,   2.0, 2.273598750000e-02, nan
 118.98,  154.16, 2.646835250000e-01,   2.0, 1.692573984375e-02, nan
 241.79,   54.03, 2.661770031250e-01,  15.0, 8.968757395833e-02, nan
 243.37,   66.29, 2.679263593750e-01,   2.0, 4.720104453125e-02, nan
  19.38,  178.29, 2.700360843750e-01,  61.0, 1.440699236936e-01, nan
  12.51,  186.17, 2.700360953125e-01,  12.0, 1.135598634115e-01, nan
 217.73,  124.17, 2.733710625000e-01,  32.0, 4.460484414062e-02, nan
 216.17,  121.61, 2.733810125000e-01,   6.0, 3.749643671875e-02, nan
 202.90,  135.46, 2.733867765625e-01,   6.0, 5.537570651042e-02, nan
  83.80,  208.81, 2.734674359375e-01,   6.0, 1.562654427083e-02, nan
  70.66,  206.74, 2.735967468750e-01,   6.0, 3.827113411458e-02, nan
 104.27,   65.75, 2.790503671875e-01,  33.0, 8.600740165720e-02, nan
  98.66,   73.57, 2.792289593750e-01,   2.0, 4.871115156250e-02, nan
  99.95,   69.90, 2.793986531250e-01,   2.0, 4.985364609375e-02, nan
 133.49,  209.37, 2.805723890625e-01,   2.0, 3.305551718750e-02, nan
 238.17,  211.19, 2.869805625000e-01,   8.0, 1.259647605469e-01, nan
   6.56,  249.89, 2.924781453125e-01,  14.0, 4.663714285714e-03, nan
   5.97,  245.15, 2.924783718750e-01,   2.0, 1.856879765625e-02, nan
  11.87,  237.80, 2.925043687500e-01,   3.0, 1.824833177083e-02, nan
  33.94,  239.06, 2.949211703125e-01,   2.0, 2.172158906250e-02, nan
  10.93,   32.07, 2.962109828125e-01,   3.0, 5.593380625000e-02, nan
 138.56,  241.04, 2.968445125000e-01,  16.0, 1.310252507813e-01, nan
 144.77,  133.39, 2.985037921875e-01,  14.0, 8.194581584821e-02, nan
  22.89,   68.84, 3.008203656250e-01,  17.0, 9.544331139706e-02, nan
  48.00,  148.66, 3.028843843750e-01, 126.0, 5.097347262401e-01, nan
 186.27,  170.83, 3.029033453125e-01,   4.0, 7.403469843750e-02, nan
 193.28,  243.12, 3.048987656250e-01,   7.0, 1.371921540179e-02, nan
 217.67,  236.87, 3.049045609375e-01,  19.0, 2.731107486020e-01, nan
 189.67,  250.03, 3.049341906250e-01,   9.0, 5.266829861111e-04, nan
 183.66,  252.62, 3.054220390625e-01,   2.0, 2.057230937500e-02, nan
 156.79,  128.85, 3.055412203125e-01,   5.0, 8.190323218750e-02, nan
   7.13,   67.07, 3.059111000000e-01,  11.0, 2.106402073864e-01, nan
 154.04,  154.62, 3.131523515625e-01,   4.0, 7.145228359375e-02, nan
 156.82,  152.30, 3.132426343750e-01,   2.0, 4.949109140625e-02, nan
 128.21,  155.44, 3.141841140625e-01,   2.0, 4.697501796875e-02, nan
 189.47,  111.73, 3.174404234375e-01,   5.0, 4.855300000000e-03, nan
 187.56,  116.13, 3.174416203125e-01,   4.0, 9.827343749991e-06, nan
 163.30,  192.99, 3.187006375000e-01,   1.0, 0.000000000000e+00, nan
 162.09,  215.86, 3.187468343750e-01,  33.0, 1.006776580966e-01, nan
  54.60,  207.87, 3.194984078125e-01,  17.0, 1.017641156250e-01, nan
  57.91,  208.48, 3.195114406250e-01,   6.0, 7.415213151042e-02, nan
 213.48,   20.08, 3.195383296875e-01,   2.0, 3.330078125000e-04, nan
  27.22,   33.93, 3.202941000000e-01,   5.0, 8.575342093750e-02, nan
 235.80,   96.74, 3.204288578125e-01,  10.0, 4.195969843750e-03, nan
 252.76,   95.15, 3.204365296875e-01,   3.0, 3.833734895833e-03, nan
 175.08,   25.61, 3.225511343750e-01,  41.0, 1.472544002287e-01, nan
  10.98,   59.68, 3.242905140625e-01,   6.0, 1.025954195313e-01, nan
  94.27,   39.77, 3.245893843750e-01,   8.0, 3.407684667969e-02, nan
  66.12,   28.12, 3.246080890625e-01,  10.0, 8.479223812500e-02, nan
  80.90,   25.96, 3.246094140625e-01,   3.0, 4.607208333333e-02, nan
 252.76,  199.35, 3.271757718750e-01,   2.0, 2.446788984375e-02, nan
 123.28,  244.51, 3.293358984375e-01,   7.0, 2.233905870536e-02, nan
 125.62,  240.09, 3.293794937500e-01,   7.0, 1.272246957589e-01, nan
 122.83,  233.04, 3.293803187500e-01,   2.0, 2.201786718750e-02, nan
 131.90,  249.09, 3.294981890625e-01,   4.0, 8.133186953125e-02, nan
  45.94,   30.49, 3.306613687500e-01,  12.0, 8.728097252604e-02, nan
 161.15,  216.17, 3.330575687500e-01,  13.0, 7.715507968750e-02, nan
  64.71,   21.90, 3.344421359375e-01,   5.0, 4.984544750000e-02, nan
  53.19,   51.60, 3.344928812500e-01,  41.0, 2.282564933689e-01, nan
  46.83,   35.58, 3.353804078125e-01,   2.0, 4.978942968750e-02, nan
 249.79,   26.49, 3.366499468750e-01,  10.0, 5.275123281250e-03, nan
 257.04,   25.09, 3.366507734375e-01,   4.0, 3.356914453125e-03, nan
 257.41,   37.53, 3.366823437500e-01,   1.0, 0.000000000000e+00, nan
 143.16,  232.82, 3.371149109375e-01,   8.0, 9.808393867187e-02, nan
  57.96,  100.09, 3.375243437500e-01,   1.0, 0.000000000000e+00, nan
  71.12,  111.83, 3.375268390625e-01,   2.0, 1.281546875000e-04, nan
  66.56,   79.57, 3.406016781250e-01,   4.0, 2.187336328125e-03, nan
  52.05,   78.45, 3.408324296875e-01,   2.0, 1.401367187500e-04, nan
  41.04,  147.28, 3.443445765625e-01,  42.0, 5.859748307292e-02, nan
  40.29,  147.74, 3.443472968750e-01,  13.0, 2.062035625000e-02, nan
  42.54,  137.05, 3.443530906250e-01,   3.0, 2.081128333333e-02, nan
  39.31,  152.28, 3.443755437500e-01,   6.0, 2.245359739583e-02, nan
 157.56,   50.91, 3.530384828125e-01,   4.0, 4.125851484375e-02, nan
 243.54,  245.41, 3.563876968750e-01,  16.0, 5.122864453125e-02, nan
 251.08,   54.92, 3.619796437500e-01,   2.0, 3.761389531250e-02, nan
  58.53,   79.33, 3.620482531250e-01,  20.0, 2.068876325781e-01, nan
  16.43,  188.89, 3.624288218750e-01,   4.0, 4.306051406250e-02, nan
  18.44,  167.33, 3.624318203125e-01,   8.0, 1.193956046875e-01, nan
   9.10,  187.89, 3.624818843750e-01,   2.0, 1.114926250000e-02, nan
 120.95,  158.37, 3.643664609375e-01,   2.0, 4.512476640625e-02, nan
  70.04,  104.18, 3.652899875000e-01,   4.0, 7.432169335938e-02, nan
  23.99,   89.07, 3.676339234375e-01,   2.0, 4.258245625000e-02, nan
  31.31,   96.03, 3.676829953125e-01,   2.0, 3.002914062500e-04, nan
 241.25,  108.50, 3.688184515625e-01,   3.0, 6.550917916667e-02, nan
 109.80,  239.90, 3.696514656250e-01,   8.0, 9.355859374998e-05, nan
  27.42,  152.32, 3.709873515625e-01,   2.0, 2.964734375000e-04, nan
  99.14,   24.38, 3.756211937500e-01,  68.0, 2.347681008732e-01, nan
 248.29,  220.54, 3.759581656250e-01,   2.0, 1.687586640625e-02, nan
 127.49,   28.87, 3.767762140625e-01,  12.0, 2.246510317708e-01, nan
 193.09,  135.64, 3.772326437500e-01,  45.0, 2.169953282986e-01, nan
   2.28,  189.80, 3.801788625000e-01,   1.0, 0.000000000000e+00, nan
 193.14,  103.33, 3.805888171875e-01,  78.0, 1.968381019431e-01, nan
  62.16,   26.82, 3.845111000000e-01,  65.0, 3.702954748558e-01, nan
 225.13,   66.55, 3.846787593750e-01,  31.0, 9.596783578629e-02, nan
 234.25,   46.49, 3.850531406250e-01,   7.0, 1.375132578125e-01, nan
 233.86,   54.00, 3.852329437500e-01,   2.0, 4.901454062500e-02, nan
 209.04,  231.86, 3.886814937500e-01,   2.0, 4.671435546875e-02, nan
 245.65,  245.74, 3.920290796875e-01,  22.0, 7.758711647727e-04, nan
 243.67,  238.12, 3.920317265625e-01,   5.0, 7.282158437500e-03, nan
 251.29,  246.33, 3.920377609375e-01,   2.0, 1.220268750000e-02, nan
  30.83,   65.50, 3.972241546875e-01,   2.0, 3.224354843750e-02, nan
  37.08,   68.73, 3.973615843750e-01,   2.0, 3.140850000000e-02, nan
 172.61,   26.66, 3.976281671875e-01,  12.0, 7.584551601562e-02, nan
 169.47,   34.61, 3.976294968750e-01,   4.0, 7.603435703125e-02, nan
 177.67,   16.98, 3.976322671875e-01,   2.0, 4.153541796875e-02, nan
 153.45,   46.36, 3.976394000000e-01,  59.0, 3.222812365996e-01, nan
 163.19,   11.95, 3.976471093750e-01,   2.0, 2.689575625000e-02, nan
 150.92,   23.71, 3.976493421875e-01,   8.0, 4.770502246094e-02, nan
 172.04,   12.78, 3.976554046875e-01,   2.0, 2.782037734375e-02, nan
 164.93,    3.97, 3.976563000000e-01,   2.0, 3.065213125000e-02, nan
 151.57,   34.60, 3.985144109375e-01,   2.0, 2.565296484375e-02, nan
 186.87,   41.50, 3.987264359375e-01,  10.0, 1.150493740625e-01, nan
 161.70,  123.93, 3.995474734375e-01,  33.0, 2.974523619318e-01, nan
 146.52,  121.45, 4.030057406250e-01,   2.0, 2.914000000000e-03, nan
 162.09,  217.80, 4.165623343750e-01,  10.0, 4.568920312500e-04, nan
 228.56,  251.50, 4.168427968750e-01,   8.0, 9.063970996094e-02, nan
  35.78,  158.23, 4.172933500000e-01,   7.0, 1.314407685268e-01, nan
  88.88,  131.42, 4.192017843750e-01,  84.0, 6.014487462798e-02, nan
 117.02,  111.15, 4.192077765625e-01,  52.0, 1.771035957031e-01, nan
  97.14,  116.55, 4.192082875000e-01,   2.0, 3.321843750000e-04, nan
  83.28,  135.73, 4.192108218750e-01,  17.0, 1.075113182904e-01, nan
  98.19,  142.90, 4.192405984375e-01,   3.0, 6.436273958333e-02, nan
  84.54,  140.53, 4.196734531250e-01,   4.0, 9.112223320312e-02, nan
 210.50,  249.50, 4.229878609375e-01,   4.0, 6.449456132813e-02, nan
 142.04,  165.97, 4.331980953125e-01,   5.0, 7.118713062500e-02, nan
 191.70,  173.51, 4.410837015625e-01,   3.0, 7.281915156250e-02, nan
 129.53,  152.76, 4.426818765625e-01, 103.0, 4.438144294600e-01, nan
 139.47,   35.09, 4.497703125000e-01,   2.0, 4.985647968750e-02, nan
 229.60,   53.48, 4.535068640625e-01,   2.0, 1.487670078125e-02, nan
  82.70,  126.46, 4.553019406250e-01,   3.0, 7.691009010417e-02, nan
 141.59,   96.60, 4.571715734375e-01,  33.0, 1.177776412879e-01, nan
  90.18,  234.54, 4.579286921875e-01,  42.0, 5.595378054315e-02, nan
  89.67,  230.32, 4.579474390625e-01,   5.0, 4.290956687500e-02, nan
  72.45,  197.47, 4.579802906250e-01, 110.0, 3.896527686364e-01, nan
  78.68,  162.16, 4.580459296875e-01,  12.0, 1.673554062500e-02, nan
  92.81,  134.11, 4.590843734375e-01,   2.0, 4.642243906250e-02, nan
 188.18,  129.10, 4.594626218750e-01,   5.0, 5.076001843750e-02, nan
 182.00,   89.90, 4.594711484375e-01,  41.0, 1.287743443979e-01, nan
 150.37,   92.76, 4.594742750000e-01,  18.0, 1.178420388889e-01, nan
 171.00,   91.55, 4.595360140625e-01,   4.0, 1.145245972656e-01, nan
  64.78,   81.89, 4.600881671875e-01,   2.0, 1.510947656250e-03, nan
 211.39,   23.06, 4.607127031250e-01,  66.0, 1.332978354640e-01, nan
 208.80,   11.41, 4.607397984375e-01,  24.0, 1.544615134115e-01, nan
 207.80,   18.61, 4.608309671875e-01,   6.0, 6.834110937500e-02, nan
 194.47,   55.35, 4.611202406250e-01,  54.0, 2.334560371817e-01, nan
  49.96,  108.71, 4.627434625000e-01,  13.0, 6.039282019231e-02, nan
 253.29,  108.77, 4.632682843750e-01,   2.0, 6.306562500000e-05, nan
 249.90,  114.30, 4.632769062500e-01,   2.0, 4.733046875002e-05, nan
 241.95,   96.53, 4.632808343750e-01,   4.0, 4.437255625000e-02, nan
 248.31,   97.05, 4.633165078125e-01,   2.0, 3.408727109375e-02, nan
 246.36,   88.86, 4.633386843750e-01,   2.0, 3.407234296875e-02, nan
  51.49,  104.26, 4.663257046875e-01,   3.0, 2.411810989583e-02, nan
 138.61,  171.74, 4.715873406250e-01,   2.0, 1.693549531250e-02, nan
  93.13,  166.29, 4.777911156250e-01,   5.0, 9.282435156250e-02, nan
  76.00,  178.20, 4.777921375000e-01,   1.0, 0.000000000000e+00, nan
 192.63,  211.22, 4.783615953125e-01,   8.0, 1.004014115234e-01, nan
 183.78,   45.00, 4.786166828125e-01,   2.0, 2.696019453125e-02, nan
   6.50,  142.48, 4.815257312500e-01,   3.0, 6.370706770833e-03, nan
  -2.54,  136.75, 4.815739687500e-01,   2.0, 1.767246484375e-02, nan
  -0.79,  120.63, 4.816069796875e-01,   1.0, 0.000000000000e+00, nan
 236.30,  169.49, 4.822368968750e-01,  30.0, 3.847835104167e-02, nan
 240.57,  180.43, 4.822479890625e-01,   3.0, 2.979736458333e-03, nan
  69.19,  155.88, 4.822515250000e-01,   2.0, 4.834074218750e-02, nan
 216.75,   66.90, 4.831318625000e-01,   3.0, 5.486406250001e-05, nan
 209.46,  132.50, 4.842406093750e-01,   6.0, 3.209237708333e-02, nan
 197.02,  132.32, 4.843293625000e-01,   2.0, 1.108203125000e-05, nan
 161.85,  169.79, 4.843929328125e-01,  31.0, 1.631311653730e-01, nan
 207.10,  150.00, 4.849492750000e-01,   2.0, 4.454862343750e-02, nan
 126.68,   61.94, 4.852085921875e-01,   6.0, 4.675066953125e-02, nan
  59.10,  229.93, 4.877064781250e-01, 155.0, 3.719479805040e-01, nan
 236.02,  161.30, 4.877992296875e-01,   5.0, 8.945117843750e-02, nan
  97.66,   30.96, 4.881201343750e-01,  13.0, 1.281059405048e-01, nan
 164.59,   89.19, 4.944141546875e-01, 108.0, 3.727947625000e-01, nan
  68.27,   45.37, 4.960469484375e-01,   5.0, 5.776912343750e-02, nan
  37.76,   25.46, 4.961308625000e-01,  20.0, 1.838239721094e-01, nan
 133.50,  165.24, 4.982374718750e-01,   5.0, 8.778068375000e-02, nan
  31.49,   47.82, 4.985842515625e-01,   2.0, 3.979516406250e-02, nan
  47.16,  128.47, 5.024794718750e-01,   2.0, 4.008296718750e-02, nan
 126.73,   63.74, 5.027809781250e-01,  16.0, 6.495245214844e-03, nan
 129.42,   60.02, 5.027862343750e-01,   2.0, 4.565386718750e-03, nan
 118.40,   60.53, 5.027972781250e-01,   2.0, 2.007014843750e-03, nan
  93.75,   10.27, 5.048922921875e-01,  16.0, 1.000799813477e-01, nan
 189.47,  100.77, 5.059733703125e-01,  12.0, 1.027936207031e-01, nan
 117.09,    2.50, 5.065350671875e-01,   3.0, 1.212994791667e-04, nan
  91.16,    4.46, 5.065526000000e-01,  11.0, 8.803575028409e-02, nan
  45.95,  112.09, 5.077512328125e-01,   2.0, 4.787070937500e-02, nan
 223.93,  253.21, 5.089018062500e-01,   3.0, 4.515104166732e-06, nan
  -0.62,  188.17, 5.115751515625e-01,  37.0, 4.461257284628e-02, nan
  10.20,  181.44, 5.116305750000e-01,   5.0, 3.500104750000e-02, nan
  64.07,   98.87, 5.121914109375e-01,  75.0, 2.679176076250e-01, nan
  14.56,   81.46, 5.125480593750e-01,   7.0, 1.393905261161e-01, nan
 130.06,  156.93, 5.131390984375e-01,  25.0, 2.137131273750e-01, nan
 145.32,  149.88, 5.131422750000e-01,  17.0, 1.366182983456e-01, nan
 250.35,  154.72, 5.133959109375e-01,  15.0, 7.381623812500e-02, nan
  41.02,  169.78, 5.134044609375e-01,   2.0, 2.854898437500e-04, nan
   6.12,  173.43, 5.139894125000e-01,   2.0, 2.055920703125e-02, nan
 236.62,  200.03, 5.154826750000e-01,  63.0, 1.554581139137e-01, nan
 171.42,  150.59, 5.185089796875e-01,   6.0, 5.073321822917e-02, nan
 104.84,  240.79, 5.229859187500e-01,   4.0, 3.974992187500e-03, nan
 131.99,  133.80, 5.231240046875e-01,  12.0, 4.632152708333e-02, nan
  60.04,   80.24, 5.231284031250e-01,   5.0, 7.683746687500e-02, nan
 117.52,  107.71, 5.231286890625e-01,  23.0, 5.256349884511e-02, nan
  76.92,  233.36, 5.284213203125e-01,   4.0, 7.181051210937e-02, nan
  28.50,  247.43, 5.325088406250e-01,  47.0, 5.939507114362e-03, nan
  31.64,  241.52, 5.325128109375e-01,  10.0, 7.581004531250e-03, nan
  26.95,  253.24, 5.325129593750e-01,   5.0, 2.640495937500e-03, nan
  28.15,  227.70, 5.325427468750e-01,   4.0, 7.583284648437e-02, nan
  29.19,  256.58, 5.325995765625e-01,   2.0, 3.750859374996e-05, nan
  28.77,  219.90, 5.329812171875e-01,   5.0, 5.646609437500e-02, nan
  73.25,  225.38, 5.346460203125e-01,   2.0, 2.301317812500e-02, nan
 177.66,  135.56, 5.355723828125e-01,   2.0, 1.873922656250e-03, nan
 180.01,  182.95, 5.381677562500e-01,   7.0, 6.396741138393e-02, nan
 145.56,  203.58, 5.382176203125e-01,  64.0, 1.299577500732e-01, nan
 159.72,  201.52, 5.382893109375e-01,   9.0, 1.139743557292e-01, nan
 210.79,   -0.73, 5.386083140625e-01,   4.0, 1.051803531250e-01, nan
 123.46,  135.29, 5.405170250000e-01,   2.0, 1.871866406250e-02, nan
 131.92,  118.08, 5.405407750000e-01,   6.0, 3.492492083333e-02, nan
 176.47,  127.23, 5.444611750000e-01,   2.0, 4.952252265625e-02, nan
 216.67,  242.21, 5.468298171875e-01, 209.0, 4.887283456938e-01, nan
 189.83,   82.37, 5.490960312500e-01,   4.0, 4.958868632813e-02, nan
 168.32,   70.79, 5.510058562500e-01,   1.0, 0.000000000000e+00, nan
 133.77,  107.38, 5.513368781250e-01,   6.0, 8.559374999976e-06, nan
 119.53,  103.04, 5.513369125000e-01,   4.0, 2.296714492188e-02, nan
 145.47,   96.16, 5.513765093750e-01,   4.0, 2.800006250000e-02, nan
  -2.83,  194.24, 5.522118015625e-01,   2.0, 1.192187499999e-06, nan
   8.54,  195.37, 5.522192859375e-01,   3.0, 3.037114583333e-04, nan
  -6.48,  180.71, 5.522213843750e-01,   2.0, 2.519578125000e-04, nan
  44.79,   58.67, 5.575073984375e-01,   2.0, 2.654865703125e-02, nan
 210.88,  109.36, 5.673545640625e-01,   3.0, 1.897093697917e-02, nan
 159.48,  235.97, 5.680952921875e-01, 160.0, 2.579381607617e-01, nan
 165.26,  242.86, 5.681001906250e-01,   4.0, 1.654953125000e-04, nan
 164.78,  255.31, 5.681107328125e-01,   2.0, 6.425703124996e-05, nan
 160.57,  217.05, 5.681133140625e-01,   9.0, 2.887265034722e-02, nan
 237.97,   32.51, 5.690233968750e-01,   2.0, 3.639843750003e-05, nan
 159.08,  217.57, 5.715843937500e-01,  12.0, 3.173972630208e-02, nan
 145.07,  136.87, 5.739734843750e-01,   2.0, 8.985156250030e-06, nan
 190.44,  204.93, 5.741173859375e-01,   5.0, 1.570722500000e-03, nan
 177.11,  202.29, 5.774620562500e-01,   2.0, 3.871946484375e-02, nan
 136.21,   89.89, 5.778289281250e-01,   2.0, 1.938991406250e-03, nan
 212.58,   21.42, 5.798940343750e-01,   3.0, 6.563521041667e-02, nan
  66.83,  242.95, 5.802295109375e-01,   4.0, 2.491800312500e-02, nan
 106.16,   95.87, 5.819533468750e-01,   2.0, 1.633390625000e-04, nan
  82.68,   13.84, 5.859161281250e-01,   3.0, 3.218754114583e-02, nan
  87.58,   32.72, 5.859733156250e-01,   2.0, 3.341920781250e-02, nan
 243.51,  151.80, 5.910516421875e-01,   2.0, 2.812257812500e-04, nan
 170.46,  150.82, 5.913187437500e-01,   2.0, 4.934496171875e-02, nan
  72.79,   46.16, 5.922601031250e-01,   2.0, 2.055747968750e-02, nan
 143.07,  188.00, 5.965219375000e-01,   5.0, 8.150417468750e-02, nan
 141.42,   32.75, 5.968220281250e-01,   2.0, 4.995991015625e-02, nan
  55.71,  147.36, 5.974195062500e-01,  12.0, 1.726729503906e-01, nan
 164.78,  214.93, 5.985656437500e-01,   2.0, 5.556953124997e-05, nan
  76.37,   81.14, 6.016207765625e-01,   3.0, 5.609913072917e-02, nan
  74.87,   93.49, 6.016236875000e-01,   5.0, 5.797282937500e-02, nan
  82.55,   92.30, 6.016403156250e-01,   5.0, 5.541597062500e-02, nan
  74.78,   84.06, 6.016479625000e-01,   2.0, 3.462031406250e-02, nan
  91.49,   -1.17, 6.043254250000e-01,   2.0, 8.750468750002e-05, nan
  38.68,   17.42, 6.047992031250e-01,   1.0, 0.000000000000e+00, nan
 189.46,   20.78, 6.054420312500e-01,   5.0, 6.174892781250e-02, nan
 207.37,   85.95, 6.074264000000e-01,   2.0, 6.364346093750e-03, nan
 221.88,  223.05, 6.135266718750e-01,  14.0, 1.113189474330e-01, nan
 241.76,  224.16, 6.135403203125e-01,   2.0, 9.801258593750e-03, nan
  31.56,   25.80, 6.177375875000e-01,  11.0, 9.492644602273e-02, nan
 236.51,  167.93, 6.251679390625e-01,  53.0, 3.290671147111e-01, nan
 116.49,    5.46, 6.269391843750e-01,   7.0, 6.675736227679e-02, nan
 186.45,  168.96, 6.299215437500e-01,  99.0, 3.581356534564e-01, nan
 186.66,  230.04, 6.302010265625e-01, 174.0, 3.117782042475e-01, nan
 237.80,  200.56, 6.323701171875e-01,   7.0, 5.475637053571e-03, nan
 199.08,  196.95, 6.323784640625e-01,  30.0, 1.496666733333e-01, nan
 226.65,  214.66, 6.325200406250e-01,   3.0, 1.007673854167e-02, nan
 146.05,  257.83, 6.328828296875e-01,   2.0, 2.793515624999e-05, nan
 152.20,  236.82, 6.341518109375e-01,  24.0, 1.884354300130e-01, nan
  78.26,   87.81, 6.359974281250e-01,   2.0, 1.743844140625e-02, nan
 230.06,   -1.25, 6.386205906250e-01,   2.0, 7.265859375000e-05, nan
 172.01,  227.56, 6.411044156250e-01,   6.0, 1.106172955729e-01, nan
  91.99,  205.83, 6.469912406250e-01,  63.0, 5.715823536706e-02, nan
  71.78,  186.03, 6.469933906250e-01,  12.0, 1.645102265625e-02, nan
  97.06,  192.90, 6.469969843750e-01,  50.0, 1.091425416250e-01, nan
  71.68,  197.23, 6.470005078125e-01,   5.0, 4.982733031250e-02, nan
 104.43,  230.01, 6.470061421875e-01,  28.0, 2.152812836496e-01, nan
 141.11,   51.74, 6.491583296875e-01,   3.0, 7.226565833333e-02, nan
 133.84,  201.74, 6.494259781250e-01,   2.0, 1.780933125000e-02, nan
  66.38,  150.66, 6.516890640625e-01,  11.0, 8.392289360795e-02, nan
  97.46,  132.96, 6.520124734375e-01,  74.0, 2.529049484164e-01, nan
 252.03,  214.92, 6.584497312500e-01,  13.0, 8.872253413462e-02, nan
 121.49,  161.63, 6.626648687500e-01,   3.0, 6.285175052083e-02, nan
  75.82,  164.96, 6.631063937500e-01,  11.0, 9.010381434659e-02, nan
  84.51,  108.39, 6.709162843750e-01,   3.0, 8.800050729167e-02, nan
  82.65,  114.26, 6.715549656250e-01,   4.0, 1.056530113281e-01, nan
 124.91,  183.43, 6.717065578125e-01, 383.0, 6.374185637484e-01, nan
 223.09,  221.54, 6.720366984375e-01,   6.0, 7.312698489583e-02, nan
  21.60,  105.44, 6.753109796875e-01,  23.0, 6.866745448370e-02, nan
  17.07,  105.23, 6.753357125000e-01,   5.0, 6.483084906250e-02, nan
   1.15,  122.23, 6.753457515625e-01,   9.0, 5.991422013889e-02, nan
  19.92,   91.11, 6.753917390625e-01,   1.0, 0.000000000000e+00, nan
 182.98,   14.39, 6.759649828125e-01,   1.0, 0.000000000000e+00, nan
 225.92,   46.17, 6.780044390625e-01,  71.0, 1.340129887324e-01, nan
 222.35,   55.85, 6.780334890625e-01, 217.0, 5.201059951469e-01, nan
 225.43,   43.68, 6.780473687500e-01,   4.0, 7.449213437500e-02, nan
 216.32,   32.27, 6.780728437500e-01,   2.0, 4.146090625000e-02, nan
 194.20,   49.28, 6.781426781250e-01,   7.0, 2.605620267857e-02, nan
 157.71,   44.41, 6.792180890625e-01,   2.0, 2.110000000005e-05, nan
 241.26,  238.07, 6.825093984375e-01,   4.0, 7.302167578125e-02, nan
 102.31,  206.92, 6.890628343750e-01,   3.0, 4.076730781250e-02, nan
  95.50,  186.40, 6.892321796875e-01,   3.0, 5.294259739583e-02, nan
  72.74,  217.63, 6.893809531250e-01,  11.0, 1.507714156250e-01, nan
 124.52,  134.13, 6.919836687500e-01,  23.0, 2.236413699049e-01, nan
  21.95,  106.72, 6.929917109375e-01,   2.0, 2.938692421875e-02, nan
 113.24,    2.28, 6.961889671875e-01,   1.0, 0.000000000000e+00, nan
   9.79,  104.78, 6.973235093750e-01,   2.0, 2.480171875000e-02, nan
 145.68,  200.96, 6.983882437500e-01,  33.0, 1.804913953125e-01, nan
 196.76,   57.66, 6.988935640625e-01,   5.0, 1.502187500004e-05, nan
 209.03,   57.70, 6.988990234375e-01,   1.0, 0.000000000000e+00, nan
  21.41,   25.92, 7.106330109375e-01,   2.0, 2.481242890625e-02, nan
 166.05,   85.07, 7.109678046875e-01,  20.0, 1.500896797656e-01, nan
  59.57,   19.13, 7.147219718750e-01,   2.0, 1.407812500021e-06, nan
  51.31,  221.74, 7.195956515625e-01,  20.0, 9.458529078125e-02, nan
 199.85,  191.37, 7.243568812500e-01,  23.0, 4.414297703804e-02, nan
 196.94,  176.83, 7.244597390625e-01,  35.0, 9.537663607143e-02, nan
 206.12,  162.79, 7.245389046875e-01,  34.0, 1.289666295496e-01, nan
 200.72,  187.56, 7.246729578125e-01,   5.0, 1.007273262500e-01, nan
 183.00,  244.86, 7.259914796875e-01,  16.0, 5.596236132812e-02, nan
 164.01,  233.63, 7.260118812500e-01,   2.0, 1.030804687500e-04, nan
 180.75,  245.29, 7.261728671875e-01,   3.0, 3.464779062500e-02, nan
 187.10,  226.50, 7.264168859375e-01,   4.0, 4.971403554687e-02, nan
   0.01,  127.98, 7.269380875000e-01,   6.0, 1.473661458333e-04, nan
 224.93,  107.76, 7.340227531250e-01,  55.0, 4.743365482955e-02, nan
 217.69,  103.31, 7.343109468750e-01,   2.0, 3.907128437500e-02, nan
 109.55,  213.34, 7.414186140625e-01,   2.0, 1.593506250000e-03, nan
  62.16,  156.29, 7.415546343750e-01,   2.0, 1.098437499958e-06, nan
  89.08,  130.03, 7.416041765625e-01,   9.0, 7.607677864583e-02, nan
 153.03,  229.75, 7.441895031250e-01,   3.0, 8.310694583333e-02, nan
  65.86,  167.33, 7.448226578125e-01,  14.0, 1.264974888393e-01, nan
 157.52,  244.85, 7.448684687500e-01,   2.0, 4.699152109375e-02, nan
  51.21,  228.04, 7.452778187500e-01,  13.0, 2.420491598558e-02, nan
  43.31,  215.41, 7.452805187500e-01,   4.0, 2.951828164062e-02, nan
  40.46,  230.05, 7.452906640625e-01,   3.0, 5.695579635417e-02, nan
  78.20,  127.77, 7.461494093750e-01,   2.0, 4.456006484375e-02, nan
 237.07,  110.84, 7.490239500000e-01,  11.0, 3.688367713068e-02, nan
 255.49,  213.94, 7.502374875000e-01,   2.0, 9.138627343750e-03, nan
 103.33,  244.72, 7.544482125000e-01,   7.0, 7.409061986607e-02, nan
 122.64,  141.52, 7.569298343750e-01,   8.0, 6.701129492188e-02, nan
 113.07,  144.39, 7.571503234375e-01,   5.0, 5.966146906250e-02, nan
 132.01,  140.68, 7.574667453125e-01,   2.0, 2.133056640625e-02, nan
 201.21,  226.66, 7.583478187500e-01,   3.0, 2.290071145833e-02, nan
   2.50,   92.00, 7.611280718750e-01,  41.0, 1.008135374238e-01, nan
  79.09,  231.46, 7.707857609375e-01,   7.0, 1.372713792411e-01, nan
  47.87,  248.24, 7.707933359375e-01,   2.0, 5.854921875000e-04, nan
 202.78,  163.32, 7.718262203125e-01,  12.0, 7.294453828125e-02, nan
  67.71,  105.85, 7.732070031250e-01,   5.0, 9.541292937500e-02, nan
  85.89,  225.78, 7.777067765625e-01,   2.0, 4.368327343750e-02, nan
 181.61,  256.50, 7.781372671875e-01,   2.0, 1.107109374998e-05, nan
 161.89,  133.01, 7.797290078125e-01,  55.0, 2.195303482102e-01, nan
 135.00,  121.36, 7.797328906250e-01,   7.0, 1.607108772321e-02, nan
 139.48,  118.09, 7.797716109375e-01,   2.0, 1.022784609375e-02, nan
 176.68,  100.99, 7.798349171875e-01,  12.0, 2.363963020833e-02, nan
 164.73,  109.17, 7.799046312500e-01, 117.0, 3.329448386351e-01, nan
 231.16,  103.99, 7.802759593750e-01,   4.0, 1.092483281250e-02, nan
 229.58,  117.26, 7.802854578125e-01,   3.0, 8.507597395833e-03, nan
 180.61,  103.59, 7.805192421875e-01,   9.0, 1.043869375000e-02, nan
 184.85,  124.34, 7.805573562500e-01,  25.0, 1.279926100000e-01, nan
  16.06,  149.54, 7.805589312500e-01,  90.0, 1.399552349306e-01, nan
  11.50,  173.25, 7.805645500000e-01,  64.0, 2.486489923340e-01, nan
  14.64,  148.17, 7.806135421875e-01,   1.0, 0.000000000000e+00, nan
  55.01,   98.25, 7.874186593750e-01,   8.0, 9.293364277344e-02, nan
 209.02,  239.92, 7.927844671875e-01,   3.0, 6.508655572917e-02, nan
 160.58,  123.71, 7.941781625000e-01,   2.0, 4.886085000000e-02, nan
 167.11,  100.35, 7.987355250000e-01,   2.0, 3.244199843750e-02, nan
   3.27,    9.59, 7.994683671875e-01,   9.0, 7.377386458333e-03, nan
 208.72,  245.02, 7.996985625000e-01,  23.0, 2.322367909647e-01, nan
 126.45,  111.12, 8.000053171875e-01,   3.0, 9.928437499999e-05, nan
 222.47,   39.19, 8.032013484375e-01,  13.0, 1.460323086538e-01, nan
 186.21,   56.63, 8.036188640625e-01,  33.0, 1.283297123580e-01, nan
  73.53,  200.64, 8.059161046875e-01,  30.0, 1.810142881771e-01, nan
 153.56,  157.33, 8.064233453125e-01,   3.0, 6.929513020833e-02, nan
 155.68,   71.96, 8.096981234375e-01,   2.0, 4.510138906250e-02, nan
  19.11,  177.06, 8.101412484375e-01,   9.0, 1.096087475694e-01, nan
 177.12,   60.31, 8.106289953125e-01,   4.0, 8.654640195312e-02, nan
 193.50,  229.44, 8.131974187500e-01,  88.0, 2.175789810902e-01, nan
 179.09,  161.29, 8.150627796875e-01,  19.0, 1.002856273026e-01, nan
 163.56,  129.86, 8.163968125000e-01,  48.0, 2.450271378581e-01, nan
  90.30,   52.50, 8.197961484375e-01, 183.0, 2.392197937244e-01, nan
 103.64,   65.88, 8.198511890625e-01,  73.0, 2.228253301798e-01, nan
  56.70,  113.54, 8.251782812500e-01,   5.0, 8.721714031250e-02, nan
 182.69,  137.54, 8.265570718750e-01,   6.0, 4.564467656250e-02, nan
 192.67,  134.15, 8.265636046875e-01,   2.0, 4.826918750000e-02, nan
 184.40,  118.88, 8.265700640625e-01,   2.0, 4.728857421875e-02, nan
 136.54,  140.25, 8.293603218750e-01,   5.0, 1.278472662500e-01, nan
 178.07,  186.40, 8.304126859375e-01,  20.0, 1.688927465625e-01, nan
 165.85,  218.20, 8.347258796875e-01,  45.0, 2.527476723958e-01, nan
 124.01,   10.57, 8.377932156250e-01, 175.0, 1.437742978571e-01, nan
 132.19,   12.81, 8.377972906250e-01,   2.0, 2.726429687500e-03, nan
 109.60,   60.52, 8.377979265625e-01, 192.0, 4.975130526204e-01, nan
 142.96,   27.52, 8.377992140625e-01, 159.0, 3.993629315448e-01, nan
  96.90,   23.24, 8.378051593750e-01,  33.0, 2.014965589962e-01, nan
 104.83,    3.82, 8.378644625000e-01,   3.0, 4.965728854167e-02, nan
 146.42,  235.56, 8.388621109375e-01,   2.0, 1.860779296875e-02, nan
 140.98,  223.28, 8.388963859375e-01,   2.0, 2.226826328125e-02, nan
  97.71,  249.20, 8.407079812500e-01,  12.0, 3.625833333330e-05, nan
  72.03,  193.15, 8.410580171875e-01,   3.0, 3.957060572917e-02, nan
  64.76,  179.95, 8.410581640625e-01,   2.0, 2.488267734375e-02, nan
 114.93,  228.50, 8.411525953125e-01,   3.0, 5.328943437500e-02, nan
 156.82,  209.02, 8.423765718750e-01,   2.0, 4.844633437500e-02, nan
  59.58,  136.16, 8.440732921875e-01,  11.0, 1.517978549716e-01, nan
  80.54,   24.70, 8.447421812500e-01,   4.0, 6.234852734375e-03, nan
 183.19,  160.23, 8.458549140625e-01,   2.0, 2.994330312500e-02, nan
  65.22,    4.79, 8.463415671875e-01,  12.0, 7.319260338542e-02, nan
 205.34,  145.78, 8.475917859375e-01,   1.0, 0.000000000000e+00, nan
 233.32,  239.05, 8.539563890625e-01,   2.0, 1.902848125000e-02, nan
  77.03,  207.05, 8.551454468750e-01,   6.0, 1.260018536458e-01, nan
  -0.61,   96.84, 8.579565453125e-01,   6.0, 1.657557291666e-04, nan
  17.48,   75.31, 8.579573000000e-01, 125.0, 2.504220450875e-01, nan
   9.42,   95.69, 8.579632781250e-01,   2.0, 3.428812500000e-04, nan
   6.29,   75.84, 8.579705265625e-01,   9.0, 4.274939149306e-02, nan
 130.24,    5.01, 8.603327984375e-01,   4.0, 7.611766367187e-02, nan
  80.50,  208.55, 8.618750531250e-01,   3.0, 2.767132083333e-02, nan
 156.93,  106.57, 8.636397890625e-01,   4.0, 9.799510195312e-02, nan
 144.70,   94.77, 8.637371265625e-01,   8.0, 1.038122480469e-01, nan
  55.71,  109.51, 8.643674250000e-01,   2.0, 3.139399687500e-02, nan
  53.78,  119.96, 8.644391265625e-01,   2.0, 3.014855234375e-02, nan
  49.21,  158.69, 8.693100062500e-01,  21.0, 2.179709662202e-01, nan
 172.25,  186.31, 8.773648453125e-01,   7.0, 1.013843439732e-01, nan
 197.70,   12.95, 8.805050406250e-01,  76.0, 2.872509629934e-02, nan
 193.05,   11.00, 8.805060468750e-01,  10.0, 1.800187765625e-02, nan
 214.32,   11.47, 8.805065343750e-01,  12.0, 5.718238450521e-02, nan
 209.20,   18.75, 8.805415843750e-01,   2.0, 2.255312499999e-05, nan
  51.37,   31.26, 8.821397187500e-01,   6.0, 1.901201588542e-02, nan
 137.13,  202.67, 8.834165281250e-01,   7.0, 1.513415178573e-05, nan
 101.57,  179.86, 8.834298765625e-01,  22.0, 1.829425055398e-01, nan
 162.61,  143.15, 8.858542718750e-01,   1.0, 0.000000000000e+00, nan
  43.12,   83.51, 8.859541593750e-01,  13.0, 4.248685336538e-03, nan
  38.47,   78.11, 8.859640140625e-01,   2.0, 6.461718750017e-06, nan
  62.93,   49.32, 8.859716765625e-01,  47.0, 1.968396898271e-01, nan
 185.39,   25.93, 8.885358109375e-01,   4.0, 2.316089453125e-02, nan
 220.10,  241.63, 8.890023468750e-01,   6.0, 2.373750000003e-05, nan
 223.79,  182.94, 8.899030250000e-01,   4.0, 1.386865312500e-02, nan
 235.76,   41.31, 8.935955953125e-01,   3.0, 7.385910104167e-02, nan
 232.67,   51.33, 8.936031250000e-01,   2.0, 2.259189765625e-02, nan
 225.16,   74.41, 8.940118578125e-01,  10.0, 4.405236359375e-02, nan
  11.99,  143.45, 8.978922093750e-01,   2.0, 1.726250000000e-05, nan
 168.19,  214.12, 8.988475859375e-01,   5.0, 1.201896187500e-01, nan
 156.73,   94.28, 8.996638906250e-01,   3.0, 6.101603750000e-02, nan
 186.38,   52.80, 9.018581140625e-01,   2.0, 9.494843750002e-05, nan
  87.20,  199.31, 9.033622796875e-01,   2.0, 8.734374999930e-07, nan
   1.42,   65.49, 9.045457984375e-01,   2.0, 7.523437500212e-07, nan
 112.58,  182.36, 9.048684156250e-01,  17.0, 6.290239365809e-02, nan
 150.70,  243.38, 9.060540203125e-01,   6.0, 9.974368203125e-02, nan
 178.07,  163.19, 9.061096390625e-01,   6.0, 1.384905382812e-01, nan
 116.03,  221.25, 9.065787140625e-01,   2.0, 4.398437499775e-07, nan
   0.21,  240.28, 9.070464812500e-01,  11.0, 6.063466335227e-03, nan
 249.26,  194.55, 9.070970171875e-01,  53.0, 1.415267671580e-01, nan
 243.64,  199.85, 9.071006546875e-01,  31.0, 1.118526536794e-01, nan
 238.59,  178.09, 9.071205062500e-01,   2.0, 1.635325781250e-03, nan
  31.95,  189.56, 9.106646093750e-01,   1.0, 0.000000000000e+00, nan
  97.11,   40.00, 9.121416718750e-01,   4.0, 5.133079296875e-03, nan
  99.53,   69.44, 9.121696625000e-01,  36.0, 9.204416293403e-02, nan
 100.64,   15.90, 9.123143625000e-01,   2.0, 7.013124999999e-05, nan
 212.95,   18.02, 9.131670703125e-01,   2.0, 4.132630312500e-02, nan
 196.99,  231.98, 9.135765875000e-01,  24.0, 1.515699121094e-01, nan
 208.74,  205.06, 9.135769796875e-01,  20.0, 1.655615803906e-01, nan
 156.09,  255.07, 9.161592765625e-01,   7.0, 7.572245066964e-02, nan
  88.78,  120.91, 9.164902406250e-01,  31.0, 1.027742153730e-01, nan
 115.31,  127.56, 9.166546125000e-01,   2.0, 4.604956328125e-02, nan
 114.84,  251.82, 9.166843093750e-01,  18.0, 1.104211857639e-01, nan
 244.42,  205.83, 9.174700781250e-01,  22.0, 1.118403882102e-01, nan
  55.07,  227.17, 9.189284609375e-01,  66.0, 1.928691433475e-01, nan
 150.19,   92.92, 9.192181671875e-01,   2.0, 4.801052578125e-02, nan
 194.82,   28.38, 9.192854703125e-01,   2.0, 9.546874999988e-06, nan
 181.64,   31.87, 9.192939343750e-01,   1.0, 0.000000000000e+00, nan
  63.95,    2.04, 9.205139484375e-01,   5.0, 9.225624999964e-06, nan
  69.50,    2.75, 9.205164171875e-01,   2.0, 6.748945312500e-04, nan
  26.33,  140.97, 9.215214906250e-01,  13.0, 8.547460673077e-02, nan
  21.38,  135.03, 9.238112921875e-01,   5.0, 8.090552281250e-02, nan
  21.93,  139.36, 9.241611671875e-01,   3.0, 5.990440520833e-02, nan
 110.86,  186.10, 9.254154156250e-01,   2.0, 4.050859374999e-05, nan
 106.45,    6.38, 9.254392640625e-01,   4.0, 8.022719804687e-02, nan
 193.69,  245.72, 9.257254921875e-01,   5.0, 8.592678250000e-02, nan
  99.87,  178.40, 9.259815437500e-01,   9.0, 1.391555414931e-01, nan
  76.72,  109.85, 9.284298406250e-01,   4.0, 7.475890312500e-02, nan
 178.96,  254.55, 9.300270765625e-01,   9.0, 1.783799895833e-02, nan
  71.49,   55.47, 9.323183234375e-01,  11.0, 1.140746031250e-01, nan
  96.14,   55.80, 9.323193187500e-01,   6.0, 1.126447986979e-01, nan
 102.83,   72.64, 9.324345015625e-01,   5.0, 5.707041312500e-02, nan
 221.33,   75.78, 9.341162218750e-01,   7.0, 4.985803571425e-05, nan
 162.33,  139.73, 9.341246875000e-01,  10.0, 9.435351078125e-02, nan
 157.32,  132.89, 9.342075015625e-01,   5.0, 7.863269562500e-02, nan
 158.65,  138.44, 9.343173796875e-01,   2.0, 4.908214062500e-02, nan
 234.67,  200.41, 9.357762093750e-01,   7.0, 9.349690513393e-02, nan
 189.06,  246.44, 9.377932250000e-01,   2.0, 3.464861875000e-02, nan
  41.44,  138.31, 9.388536390625e-01,   2.0, 3.758311718750e-02, nan
 237.13,  183.35, 9.415772984375e-01,   2.0, 4.959524062500e-02, nan
 197.12,  222.09, 9.426092437500e-01,   3.0, 6.207118125000e-02, nan
 190.86,  256.10, 9.431552781250e-01,   4.0, 2.581464375000e-02, nan
 213.70,  240.23, 9.433184515625e-01,  23.0, 1.704421777853e-01, nan
  12.54,   77.80, 9.442683734375e-01,   4.0, 6.830291757813e-02, nan
 168.07,   41.61, 9.567393484375e-01, 141.0, 4.309408719304e-01, nan
 230.01,  245.53, 9.599919750000e-01,   7.0, 1.003944314732e-01, nan
 118.86,   89.40, 9.602655312500e-01,  23.0, 8.892764809783e-02, nan
 126.37,  102.60, 9.602876484375e-01,   2.0, 1.740546875001e-05, nan
 127.01,   91.25, 9.603031390625e-01,   2.0, 1.220897109375e-02, nan
   7.53,    0.50, 9.624992562500e-01,  18.0, 7.075451215278e-03, nan
   6.77,    4.80, 9.625029796875e-01,   3.0, 1.210501041667e-03, nan
  -1.49,   -2.57, 9.625363765625e-01,   2.0, 9.322812500001e-05, nan
  91.97,  172.41, 9.633745968750e-01,   2.0, 2.161342265625e-02, nan
  92.07,  184.26, 9.633885953125e-01,   2.0, 4.584534687500e-02, nan
  82.30,  187.27, 9.675365671875e-01,   2.0, 3.559394609375e-02, nan
 177.54,  174.31, 9.738105671875e-01,   3.0, 7.124700468750e-02, nan
 140.43,   20.81, 9.758513093750e-01,   3.0, 6.665334531250e-02, nan
  69.85,  156.77, 9.775110078125e-01,   5.0, 1.078629959375e-01, nan
  -1.19,  166.71, 9.794249265625e-01,   2.0, 2.539469687500e-02, nan
  90.33,  241.63, 9.829381843750e-01,  23.0, 4.108070156250e-02, nan
  79.45,  143.26, 9.840497500000e-01,   5.0, 4.155976625000e-02, nan
  68.24,  160.94, 9.840691234375e-01,   2.0, 3.715071015625e-02, nan
 194.02,  170.44, 9.843616359375e-01,   2.0, 4.452164531250e-02, nan
 251.39,  158.77, 9.854683000000e-01,   3.0, 6.378014687500e-02, nan
 247.59,  193.21, 9.860901093750e-01,   2.0, 1.563777031250e-02, nan
  59.73,  210.18, 9.873086984375e-01, 103.0, 4.288258577215e-01, nan
  64.18,  215.10, 9.876760109375e-01,   4.0, 6.503594414063e-02, nan
  23.80,  177.37, 9.906721421875e-01,   8.0, 9.617204179687e-02, nan
 230.96,   24.36, 9.958654828125e-01,   1.0, 0.000000000000e+00, nan
  95.57,  116.83, 9.979755078125e-01,   4.0, 2.173334492187e-02, nan
  96.39,  139.91, 9.980354328125e-01,   3.0, 2.653407968750e-02, nan
  85.95,  119.70, 9.983318781250e-01,   2.0, 1.428368515625e-02, nan
 248.27,  220.99, 1.000769540625e+00,   8.0, 1.675812500000e-04, nan
 238.70,  206.58, 1.000775850000e+00,   1.0, 0.000000000000e+00, nan
  64.57,  208.06, 1.005496232812e+00,   2.0, 2.484011953125e-02, nan
  65.58,  196.23, 1.005499714062e+00,   2.0, 1.139468750000e-04, nan
 212.73,  210.67, 1.007030156250e+00,   3.0, 7.814155989583e-02, nan
 132.47,  234.42, 1.007291168750e+00,   3.0, 4.375178802083e-02, nan
 122.34,  241.15, 1.007334778125e+00,   4.0, 3.875443593750e-02, nan
 124.63,  246.45, 1.007352554687e+00,   2.0, 9.042986718750e-03, nan
  13.90,   95.98, 1.014462184375e+00,  73.0, 8.173592491438e-02, nan
  -2.00,   98.74, 1.014463409375e+00,  19.0, 9.626550041118e-02, nan
  -4.52,   94.52, 1.014464689062e+00,   3.0, 2.411968750000e-04, nan
  12.83,  102.43, 1.014477037500e+00,   3.0, 4.661254322917e-02, nan
   7.88,   96.06, 1.014518639063e+00,   7.0, 7.624815044643e-02, nan
  23.06,  104.26, 1.014531212500e+00,   5.0, 4.476229000000e-02, nan
  12.30,   97.45, 1.014573760937e+00,   2.0, 2.794927812500e-02, nan
 226.16,  210.23, 1.017326350000e+00,   2.0, 4.133830156250e-02, nan
 175.75,  215.79, 1.018892515625e+00,  10.0, 1.499818632813e-01, nan
 177.19,  100.05, 1.019862879688e+00, 115.0, 3.500204005707e-01, nan
  87.31,  242.57, 1.020458281250e+00,   3.0, 4.951614583330e-05, nan
  96.57,  252.64, 1.020673629687e+00,   2.0, 4.822552343750e-03, nan
  98.76,  185.54, 1.022331475000e+00,   2.0, 4.522758906250e-02, nan
 199.97,  239.19, 1.022669306250e+00,   3.0, 8.365273906250e-02, nan
 210.25,  252.82, 1.023181268750e+00,   4.0, 9.129940000000e-02, nan
  21.88,  234.80, 1.023533551562e+00,  74.0, 1.271866135135e-01, nan
  26.91,  253.41, 1.023535818750e+00,   4.0, 7.982851562505e-05, nan
  30.49,  238.99, 1.023538878125e+00,   2.0, 3.565312499998e-05, nan
  36.11,  252.42, 1.023567931250e+00,   2.0, 2.069257421875e-02, nan
  85.23,   12.56, 1.024699443750e+00,  70.0, 1.378124034375e-01, nan
  95.03,  264.80, 1.025091076562e+00,   1.0, 0.000000000000e+00, nan
  78.05,  100.76, 1.026922517188e+00,   2.0, 4.396603437500e-02, nan
  26.18,   76.44, 1.034288004688e+00,   3.0, 1.522508906250e-02, nan
  24.17,   66.93, 1.034298901562e+00,   2.0, 2.308723046875e-02, nan
 234.03,  132.22, 1.037912717188e+00,   9.0, 1.634980468750e-02, nan
  96.80,   41.49, 1.038385170312e+00, 155.0, 5.672859352923e-01, nan
 241.58,  127.28, 1.038535706250e+00,   4.0, 1.041252500000e-02, nan
 227.45,   99.66, 1.040647512500e+00,  38.0, 7.142320764803e-02, nan
  14.75,  218.37, 1.041703945312e+00, 103.0, 3.609319849211e-01, nan
  94.01,  148.25, 1.043221160937e+00,   2.0, 4.938199609375e-02, nan
 225.72,  246.76, 1.044260120312e+00,   2.0, 2.694605546875e-02, nan
 222.16,  262.69, 1.044266837500e+00,   3.0, 1.150187500000e-04, nan
 163.01,  115.96, 1.046931620312e+00,  13.0, 1.023979902644e-01, nan
 163.86,  128.25, 1.051780232812e+00,   3.0, 6.459264375000e-02, nan
  47.24,  218.45, 1.054840721875e+00,   2.0, 7.846874999995e-06, nan
  24.04,  208.74, 1.055521050000e+00,  15.0, 9.208341156250e-02, nan
 147.81,  108.68, 1.059398262500e+00,  16.0, 8.730096757812e-02, nan
 144.88,  228.99, 1.059953104687e+00,   3.0, 7.080733697917e-02, nan
  92.48,    6.24, 1.060655635937e+00,  89.0, 2.292573164501e-01, nan
  50.60,   20.94, 1.067518095312e+00,  45.0, 2.861915506944e-02, nan
  53.14,   16.06, 1.067550310937e+00,   9.0, 3.218076354167e-02, nan
  43.94,   24.11, 1.067592446875e+00,   5.0, 2.295862343750e-02, nan
  66.62,   25.67, 1.067655253125e+00,   3.0, 2.549183645833e-02, nan
   7.27,  176.06, 1.070155826562e+00,   4.0, 5.170173554687e-02, nan
 195.79,  158.26, 1.073298354687e+00,   3.0, 1.087039739583e-02, nan
  56.47,   34.95, 1.076357081250e+00,   2.0, 3.305463125000e-02, nan
  42.51,   62.35, 1.078704478125e+00,   3.0, 1.533044322917e-02, nan
 203.50,  103.57, 1.081684534375e+00, 153.0, 2.086777460172e-01, nan
 195.58,  119.28, 1.081712834375e+00,   6.0, 1.064615059896e-01, nan
 226.92,  135.83, 1.081942937500e+00,  52.0, 1.923141917067e-01, nan
 181.00,  100.38, 1.081991943750e+00,   3.0, 4.911110000000e-02, nan
  83.01,  223.05, 1.082582253125e+00,  50.0, 4.179125646562e-01, nan
  36.08,  227.34, 1.082759240625e+00,   3.0, 5.615465416667e-02, nan
  55.87,   39.94, 1.084360503125e+00,   2.0, 1.845069765625e-02, nan
 177.94,  123.48, 1.085121471875e+00,   2.0, 3.400245234375e-02, nan
 232.96,  137.04, 1.086032898438e+00,  15.0, 1.895906162500e-01, nan
  20.52,  181.72, 1.087813507812e+00,  12.0, 1.503072994792e-02, nan
  19.45,  192.47, 1.087818837500e+00,   7.0, 4.022227008929e-02, nan
  20.69,  200.25, 1.087850135937e+00,   3.0, 4.263895000000e-02, nan
 146.88,    7.45, 1.089865265625e+00,   2.0, 4.992433671875e-02, nan
 178.68,   13.88, 1.089993714063e+00,  22.0, 1.387861818892e-01, nan
  86.09,  238.85, 1.093202670312e+00,   2.0, 3.631891718750e-02, nan
 149.99,  216.31, 1.094038337500e+00,   3.0, 2.646661666667e-02, nan
 233.07,   68.50, 1.096529585937e+00,  60.0, 7.541803536458e-02, nan
 238.55,   47.53, 1.096531517187e+00,  26.0, 7.642267325721e-02, nan
 226.14,   35.55, 1.096548100000e+00,  51.0, 1.682242475490e-01, nan
 217.17,   76.26, 1.096564990625e+00,  27.0, 1.544525763889e-01, nan
 247.88,   63.23, 1.096759203125e+00,  27.0, 7.091546909722e-02, nan
 215.10,  194.38, 1.099993076562e+00,   2.0, 6.583828125006e-05, nan
 143.61,   26.82, 1.101466676562e+00,   3.0, 7.692360625000e-02, nan
 221.07,   95.64, 1.103983662500e+00,  30.0, 4.770495645833e-02, nan
 227.17,   91.80, 1.103987064063e+00,   5.0, 2.239235125000e-02, nan
 240.23,   94.85, 1.103999657812e+00,   4.0, 1.133999648438e-02, nan
  83.75,    8.45, 1.107300768750e+00,  93.0, 2.438495834509e-01, nan
 150.96,   39.45, 1.107514006250e+00,   4.0, 8.395569335937e-02, nan
  80.12,    6.53, 1.107657323438e+00,   4.0, 1.045402539062e-01, nan
 211.97,  101.99, 1.118482734375e+00,   3.0, 8.086791614583e-02, nan
  67.87,  173.07, 1.119933295312e+00,  58.0, 2.142304824623e-01, nan
 120.69,  165.48, 1.122554654688e+00, 113.0, 3.681286993225e-01, nan
  -4.69,  245.95, 1.123076623438e+00,   8.0, 3.909038281250e-03, nan
  -1.83,  252.54, 1.123106689062e+00,   2.0, 2.261231406250e-02, nan
 136.28,  115.16, 1.127191165625e+00,   6.0, 1.716545885417e-02, nan
  18.44,  229.63, 1.127778626563e+00,  12.0, 2.890653880208e-02, nan
 238.82,  235.78, 1.129149703125e+00, 106.0, 2.896912969045e-01, nan
   5.58,   14.43, 1.130147578125e+00,  34.0, 4.336764071691e-02, nan
  26.60,   16.14, 1.130197398438e+00,  20.0, 1.468368436719e-01, nan
  54.23,  136.81, 1.132568223437e+00,  24.0, 1.870206044271e-01, nan
  17.06,   93.92, 1.139907189062e+00,   4.0, 7.689174843750e-02, nan
  24.41,   73.13, 1.141716393750e+00,   8.0, 8.469080195313e-02, nan
 137.44,   92.91, 1.142488768750e+00,   4.0, 8.807358593750e-03, nan
 148.72,   98.69, 1.142501653125e+00,   3.0, 2.794688854167e-02, nan
  97.48,   84.98, 1.142524642187e+00,  78.0, 1.912272222155e-01, nan
 178.76,  247.19, 1.145186321875e+00,   2.0, 2.129962500000e-02, nan
 172.77,  235.26, 1.145250548437e+00,   2.0, 4.065762031250e-02, nan
 164.64,  111.28, 1.145422967188e+00,   2.0, 3.593125000001e-05, nan
 102.58,   56.97, 1.147892975000e+00,  21.0, 2.206564969494e-01, nan
 197.25,   61.73, 1.148922756250e+00,   5.0, 1.011734881250e-01, nan
  21.50,  216.53, 1.151802998438e+00,   3.0, 4.206342708333e-03, nan
  28.06,   80.47, 1.151948217187e+00,   2.0, 4.368774531250e-02, nan
  16.43,   42.00, 1.152408192188e+00,  46.0, 1.505522902514e-01, nan
 253.97,   60.82, 1.155374093750e+00,  11.0, 2.505390028409e-02, nan
  11.81,    8.72, 1.157369728125e+00,   2.0, 3.931515000000e-02, nan
 178.56,  221.85, 1.157751225000e+00,   3.0, 4.011423750000e-02, nan
  21.37,  234.02, 1.159252482812e+00,   1.0, 0.000000000000e+00, nan
  97.37,   50.52, 1.159848553125e+00,   2.0, 4.516059296875e-02, nan
 232.63,   19.40, 1.161488343750e+00,  26.0, 3.677629356971e-02, nan
 233.32,   45.02, 1.161593118750e+00,   8.0, 1.152047761719e-01, nan
  47.90,  228.17, 1.162049265625e+00,   3.0, 6.632705260417e-02, nan
 227.93,   22.99, 1.162071117188e+00,   4.0, 8.637808984375e-03, nan
  91.50,  191.36, 1.164743468750e+00,  17.0, 1.196039666360e-01, nan
  78.31,  250.38, 1.165704145312e+00,   1.0, 0.000000000000e+00, nan
 226.24,    8.73, 1.173539764063e+00,   2.0, 6.773437499774e-07, nan
 210.10,   59.63, 1.174202800000e+00,   3.0, 7.105357239583e-02, nan
  91.45,   86.97, 1.175408676563e+00,  13.0, 1.613128867788e-01, nan
 117.92,   67.30, 1.175523400000e+00,   2.0, 7.668346875000e-03, nan
 225.44,   16.47, 1.179756357812e+00,   3.0, 7.992894791667e-02, nan
 103.07,  110.73, 1.179975648437e+00,  70.0, 2.092776903571e-01, nan
 214.48,  140.56, 1.182979728125e+00,   4.0, 4.134888320313e-02, nan
 149.79,  198.68, 1.187365051563e+00,  88.0, 1.237411202237e-01, nan
 174.68,  169.30, 1.187369607813e+00,  63.0, 2.451383217014e-01, nan
 157.13,  208.13, 1.187371796875e+00,  52.0, 2.093509832933e-01, nan
 144.65,  171.47, 1.187374006250e+00,   3.0, 3.394732343750e-02, nan
 110.43,  216.28, 1.187377443750e+00,  56.0, 1.914341757254e-01, nan
 151.89,  173.76, 1.187497231250e+00,   3.0, 3.385821406250e-02, nan
 145.89,  205.70, 1.188594207813e+00,  21.0, 1.462997212798e-01, nan
 167.88,    7.95, 1.189220232812e+00,   3.0, 1.673778385417e-02, nan
 219.20,   84.34, 1.190503935938e+00,   3.0, 8.133451250000e-02, nan
 153.73,   65.62, 1.190583790625e+00,   6.0, 9.168396041667e-02, nan
 226.54,   45.29, 1.193636546875e+00,   2.0, 4.650134453125e-02, nan
 113.44,  181.73, 1.197660537500e+00,   4.0, 6.270345351562e-02, nan
  98.06,    1.58, 1.198840284375e+00,   4.0, 7.502208906250e-02, nan
 110.45,    2.73, 1.198842418750e+00,   2.0, 7.335312500001e-05, nan
 119.30,   81.17, 1.200581889062e+00,  37.0, 1.912998446368e-01, nan
 161.43,   38.29, 1.201384454687e+00,   4.0, 4.064962812500e-02, nan
  75.80,   -4.59, 1.207391987500e+00,   2.0, 1.335877968750e-02, nan
 232.31,   16.54, 1.209024156250e+00,   2.0, 4.578707109375e-02, nan
 182.56,  212.33, 1.210150946875e+00,   2.0, 1.602373437500e-03, nan
 159.97,   72.52, 1.211077345312e+00,   3.0, 4.481130416667e-02, nan
  19.59,  234.83, 1.212259960937e+00,   2.0, 4.155521250000e-02, nan
 165.74,   65.56, 1.216176065625e+00,   8.0, 4.459581328125e-02, nan
  67.94,  198.32, 1.218697735937e+00,   5.0, 1.986249999999e-05, nan
 101.63,  236.80, 1.218699654687e+00,  12.0, 1.120665003906e-01, nan
  64.11,  177.66, 1.218702487500e+00,   7.0, 6.320776339286e-02, nan
  74.58,  188.11, 1.218738139062e+00,   2.0, 4.195865937500e-02, nan
 105.70,  222.55, 1.220429593750e+00,  22.0, 5.349542677557e-02, nan
 103.72,  197.70, 1.220438937500e+00,  28.0, 2.331016633929e-01, nan
  39.64,  132.71, 1.222009918750e+00,  45.0, 7.947802909722e-02, nan
   9.15,  139.26, 1.225446467188e+00, 182.0, 4.247904566878e-01, nan
 244.28,  229.83, 1.227476825000e+00,  18.0, 2.073983072917e-03, nan
 243.48,  237.55, 1.227477254687e+00,   5.0, 3.356093750004e-05, nan
 225.12,  215.65, 1.227478628125e+00, 189.0, 3.811226811591e-01, nan
 231.59,  238.59, 1.227478832812e+00,   4.0, 7.839876171875e-02, nan
 226.72,  213.83, 1.227521925000e+00,   3.0, 2.304813281250e-02, nan
  13.69,  127.23, 1.227974631250e+00,  52.0, 2.766266971154e-02, nan
  19.43,  126.73, 1.227980245312e+00,  13.0, 3.820260600962e-02, nan
  24.38,  136.97, 1.227984231250e+00,   9.0, 5.709265034722e-02, nan
  27.88,  123.74, 1.227988282812e+00,   2.0, 3.787141406250e-03, nan
  16.50,  120.24, 1.229183523437e+00,   2.0, 1.191685625000e-02, nan
 180.10,  151.35, 1.229829984375e+00,  52.0, 2.513866848558e-01, nan
 254.12,  200.59, 1.231630175000e+00,   4.0, 2.804067851562e-02, nan
 237.65,  176.42, 1.231838242188e+00,  32.0, 1.836036324219e-01, nan
 227.84,  156.79, 1.232829389062e+00,  22.0, 9.687523153409e-02, nan
 227.81,  136.75, 1.232848625000e+00,   2.0, 3.819636093750e-02, nan
 190.27,   26.22, 1.235588845312e+00,   4.0, 1.713471718750e-02, nan
 107.57,  223.74, 1.235683025000e+00,   2.0, 4.577113359375e-02, nan
  18.54,   43.86, 1.239494540625e+00,   4.0, 4.575329062500e-02, nan
 231.23,  143.46, 1.239605912500e+00,   2.0, 3.491595312500e-02, nan
 244.34,  189.04, 1.243971926562e+00,   4.0, 9.043821484375e-03, nan
 254.32,  183.35, 1.244011101562e+00,   1.0, 0.000000000000e+00, nan
 108.41,  180.90, 1.247396035938e+00,   2.0, 1.343339453125e-02, nan
   2.81,  119.29, 1.253032253125e+00,   3.0, 4.083943750000e-03, nan
  45.84,   72.96, 1.255593051563e+00,  96.0, 3.934669874023e-01, nan
  89.30,   75.10, 1.255597470312e+00,   5.0, 2.660283031250e-02, nan
  49.58,   32.35, 1.255667240625e+00, 122.0, 2.967076535989e-01, nan
 100.00,   88.12, 1.255709115625e+00,   4.0, 7.883060859375e-02, nan
  28.36,  202.03, 1.258229832812e+00,  62.0, 1.177807400706e-01, nan
  28.73,  214.01, 1.259455204688e+00,  39.0, 1.684688407452e-01, nan
  35.00,  232.96, 1.260386206250e+00,   3.0, 1.582624635417e-02, nan
 223.78,  205.68, 1.260392587500e+00,   3.0, 6.431927083339e-05, nan
 173.01,  106.13, 1.261482323437e+00,  16.0, 1.670536144531e-01, nan
 142.27,   33.49, 1.262756642187e+00,  18.0, 2.019347168403e-01, nan
 218.27,  183.88, 1.265133270313e+00,   7.0, 4.412297633929e-02, nan
 158.18,   66.01, 1.266073829688e+00,   2.0, 3.097656249951e-06, nan
 149.75,   19.11, 1.266903182812e+00,  10.0, 2.349912479688e-01, nan
  71.34,   44.09, 1.272376850000e+00,  80.0, 5.202452058398e-01, nan
  94.06,  207.61, 1.273642768750e+00,   6.0, 6.966952317708e-02, nan
 230.91,  102.54, 1.278010873437e+00,  13.0, 8.580126466346e-02, nan
   8.10,  241.19, 1.283129067187e+00,  37.0, 1.298784190878e-01, nan
  33.44,  238.36, 1.283257826562e+00,   1.0, 0.000000000000e+00, nan
  92.96,  129.67, 1.286011056250e+00,  40.0, 4.342021320312e-02, nan
 130.95,  172.09, 1.286014298438e+00, 161.0, 3.604780207298e-01, nan
  87.66,  136.52, 1.286015029687e+00,   6.0, 5.304527395833e-02, nan
 116.87,   94.33, 1.286049646875e+00,  19.0, 1.812051421053e-01, nan
  87.58,   94.67, 1.286756884375e+00,   3.0, 6.931188177083e-02, nan
 102.87,  126.33, 1.286826442187e+00,   2.0, 2.378929140625e-02, nan
 247.12,  145.33, 1.288008712500e+00,   2.0, 5.405107812500e-03, nan
  69.59,  157.76, 1.292082356250e+00,   3.0, 2.740655885417e-02, nan
  78.97,    6.68, 1.297944943750e+00,  12.0, 1.191930610677e-01, nan
  16.04,   37.19, 1.300459834375e+00,   6.0, 1.215520833327e-05, nan
   7.41,   39.54, 1.300463145312e+00,   1.0, 0.000000000000e+00, nan
 141.38,  219.33, 1.301658898437e+00,  27.0, 1.449643310185e-01, nan
 171.00,  204.10, 1.302616818750e+00, 128.0, 3.524757791016e-01, nan
  27.06,  212.41, 1.302971198437e+00,   8.0, 1.295355716797e-01, nan
 212.96,  179.98, 1.312427795312e+00,   3.0, 3.226822916669e-05, nan
 213.12,  209.30, 1.312432892187e+00,  37.0, 1.539031901182e-01, nan
  37.27,    0.21, 1.314328651562e+00,  18.0, 3.684432994792e-02, nan
 225.53,  170.27, 1.316291021875e+00,   2.0, 1.596803203125e-02, nan
 154.98,  217.02, 1.319917768750e+00,   3.0, 5.763436822917e-02, nan
 108.29,  244.70, 1.323117957812e+00,   4.0, 1.472931875000e-02, nan
  50.88,  114.80, 1.324030060937e+00,   4.0, 5.316500351562e-02, nan
  56.21,  135.83, 1.325233451562e+00,   2.0, 3.796632812500e-02, nan
  87.96,  236.65, 1.328653542187e+00,  47.0, 1.740608645944e-01, nan
   7.30,  201.36, 1.329522154688e+00,   3.0, 2.523416875000e-02, nan
 214.92,  189.06, 1.333086095312e+00,  53.0, 1.553792895637e-01, nan
 121.52,  136.32, 1.334354956250e+00,   2.0, 2.777890625005e-05, nan
 125.28,  125.81, 1.334358559375e+00,   3.0, 3.037567604167e-02, nan
  88.35,    8.78, 1.337809496875e+00,   3.0, 6.422010937500e-02, nan
  93.52,   57.26, 1.339625320312e+00,   3.0, 8.351648489583e-02, nan
  -4.29,  210.52, 1.341149032812e+00,   3.0, 1.549139166667e-02, nan
   9.31,  181.77, 1.342269667187e+00,   6.0, 4.260813463542e-02, nan
 108.62,  261.91, 1.342762523438e+00,   3.0, 3.207171874999e-04, nan
  78.39,  231.52, 1.342847804687e+00,  14.0, 1.362788458705e-01, nan
 183.29,  185.21, 1.346817032812e+00,  13.0, 1.818202765625e-01, nan
  12.61,  191.42, 1.348011531250e+00,   2.0, 2.267258750000e-02, nan
 211.23,  184.66, 1.348512050000e+00,  10.0, 1.339091873438e-01, nan
  54.23,  202.36, 1.349409776562e+00,  11.0, 8.294598892045e-02, nan
  74.42,   35.61, 1.350880717187e+00,   2.0, 4.647889843750e-03, nan
  68.26,   65.16, 1.352218003125e+00,  85.0, 4.108085054596e-01, nan
  58.57,   16.29, 1.352280457812e+00,   4.0, 4.667016015625e-03, nan
 203.76,   95.80, 1.353361548437e+00,   9.0, 9.170212500000e-02, nan
  88.29,  187.56, 1.353642946875e+00,   2.0, 4.096679453125e-02, nan
 228.18,  225.98, 1.354017014062e+00,  64.0, 3.067898385742e-01, nan
  25.80,   -4.77, 1.354912368750e+00,   3.0, 4.360781249998e-05, nan
 185.20,  109.64, 1.359039700000e+00,  41.0, 5.817157625762e-02, nan
 170.79,   99.25, 1.359040818750e+00,   2.0, 3.806284218750e-02, nan
 179.77,  118.52, 1.359176101562e+00,  13.0, 8.525421057692e-02, nan
 191.42,  112.26, 1.359458114062e+00,  11.0, 6.043037173295e-02, nan
 191.42,  111.45, 1.359546320313e+00,   3.0, 3.811602083333e-02, nan
 178.83,  191.69, 1.361916737500e+00,  10.0, 1.193021528125e-01, nan
 207.26,  205.41, 1.361926534375e+00,   3.0, 4.475407500000e-02, nan
 194.37,  201.80, 1.361933939063e+00,   2.0, 4.462553046875e-02, nan
 182.63,  216.10, 1.362017514062e+00,  11.0, 4.058212130682e-02, nan
 242.94,  111.81, 1.365100110937e+00,   1.0, 0.000000000000e+00, nan
  21.02,  228.83, 1.366401459375e+00,   4.0, 6.324503906250e-02, nan
  55.51,  210.86, 1.366455185938e+00,   7.0, 8.091596540179e-02, nan
 103.39,  111.61, 1.367262337500e+00,   3.0, 6.529781770833e-02, nan
 176.02,   33.07, 1.368331731250e+00,  27.0, 1.678137080440e-01, nan
 241.94,  174.68, 1.368407459375e+00,   4.0, 6.606575312500e-02, nan
 176.68,   65.52, 1.369362381250e+00,  56.0, 1.590866841239e-01, nan
 111.42,  120.82, 1.370586865625e+00,   4.0, 7.053150664062e-02, nan
 195.31,  218.07, 1.372056437500e+00,   4.0, 2.516328867188e-02, nan
 134.27,  183.25, 1.376438256250e+00,  18.0, 1.044198473958e-01, nan
 151.35,  179.94, 1.376438832812e+00,   8.0, 1.076968818359e-01, nan
 134.18,  188.47, 1.376441201562e+00,  37.0, 8.752036000845e-02, nan
 133.38,  152.58, 1.376475359375e+00,  32.0, 1.198858173828e-01, nan
 135.82,  157.93, 1.376554842188e+00,   7.0, 1.403080799107e-01, nan
 178.92,   47.32, 1.379132850000e+00,   3.0, 3.365850677083e-02, nan
 145.78,  183.94, 1.383927518750e+00,   3.0, 6.600218229167e-02, nan
 129.45,  190.76, 1.384015450000e+00,   7.0, 7.707038169643e-02, nan
  72.57,   92.04, 1.385171248437e+00,  23.0, 1.279681044158e-01, nan
  39.32,  225.69, 1.385806209375e+00,   3.0, 6.570672135417e-02, nan
   9.70,  238.43, 1.386420268750e+00,   5.0, 3.410802968750e-02, nan
 109.97,  128.88, 1.390533506250e+00,   2.0, 3.699452265625e-02, nan
  65.06,  185.62, 1.390863400000e+00,  45.0, 1.851295441667e-01, nan
  18.52,  169.83, 1.393369062500e+00,   2.0, 1.435937500016e-06, nan
 156.90,  242.35, 1.396227418750e+00,  22.0, 8.775082656250e-02, nan
 156.69,  243.57, 1.396286395312e+00,  13.0, 8.384174026442e-02, nan
 220.04,  209.54, 1.396825801562e+00,   3.0, 2.156110677083e-02, nan
 227.22,  139.95, 1.396859250000e+00, 130.0, 3.797472413221e-01, nan
   5.97,  222.63, 1.399509293750e+00,   2.0, 2.541368750000e-02, nan
 114.57,   13.13, 1.400978450000e+00,   1.0, 0.000000000000e+00, nan
 124.74,   73.16, 1.404425726562e+00,   3.0, 4.217788906250e-02, nan
 170.41,  217.27, 1.405592273437e+00,   2.0, 3.866234375000e-04, nan
   4.61,  140.09, 1.406803442187e+00,   6.0, 2.874021536458e-02, nan
 133.62,   70.44, 1.406847315625e+00,   8.0, 6.478414648438e-03, nan
   0.99,  131.68, 1.406858792187e+00,   4.0, 6.115774570312e-02, nan
 156.08,  130.83, 1.410002909375e+00,  13.0, 2.873105721154e-02, nan
 181.97,  124.85, 1.413671789062e+00,   3.0, 2.091145833383e-06, nan
  54.19,  151.21, 1.419365560937e+00,   7.0, 8.964780803571e-02, nan
  57.38,  187.05, 1.419977932812e+00,   3.0, 2.019091093750e-02, nan
 178.75,   47.08, 1.421861168750e+00,   2.0, 3.526221093750e-03, nan
 181.45,   41.42, 1.421866465625e+00,   2.0, 2.141093749997e-05, nan
 191.22,   65.63, 1.422397440625e+00,   2.0, 4.902150156250e-02, nan
 183.88,   78.53, 1.423352782812e+00,   3.0, 4.956215781250e-02, nan
  86.11,  235.99, 1.425053887500e+00,   9.0, 5.676555503472e-02, nan
  12.69,  242.34, 1.425911653125e+00,   4.0, 9.099804687496e-05, nan
   3.59,  243.30, 1.425914650000e+00,   4.0, 7.412925781250e-03, nan
  12.73,  256.29, 1.425930335937e+00,   4.0, 1.644997460937e-02, nan
 191.08,  151.45, 1.427470945312e+00,  36.0, 1.062970907118e-02, nan
 197.85,  154.43, 1.427475248437e+00,   4.0, 5.827362890625e-03, nan
 186.13,  146.82, 1.427477059375e+00,   3.0, 2.370367031250e-02, nan
 184.36,  164.35, 1.427488681250e+00,   2.0, 1.845934765625e-02, nan
  67.67,   33.62, 1.428764646875e+00,   2.0, 2.645621406250e-02, nan
  69.12,   45.81, 1.428771395312e+00,   2.0, 3.074016093750e-02, nan
  55.47,   36.88, 1.429427909375e+00,   2.0, 1.877690937500e-02, nan
 157.04,  102.34, 1.435185714062e+00,   2.0, 9.053589062500e-03, nan
  94.86,  174.23, 1.435366239062e+00,   2.0, 2.017622187500e-02, nan
 123.63,  225.20, 1.435733587500e+00,  13.0, 1.278019314904e-01, nan
 112.34,  187.75, 1.436751314062e+00,   2.0, 9.785715625000e-03, nan
 139.88,  159.03, 1.441925637500e+00,   5.0, 8.323995000000e-03, nan
 171.92,   57.91, 1.443332156250e+00,   5.0, 8.313197281250e-02, nan
 173.16,   51.08, 1.444652145312e+00,   3.0, 6.541338697917e-02, nan
 203.16,  183.25, 1.445138679687e+00,   2.0, 4.982386640625e-02, nan
 206.19,  180.41, 1.445357437500e+00,   2.0, 2.578704765625e-02, nan
 193.98,  183.14, 1.446007828125e+00,   2.0, 1.873976562500e-04, nan
 240.54,  221.26, 1.447468589062e+00,  19.0, 5.087871365132e-02, nan
 242.28,  245.94, 1.447932846875e+00,   6.0, 5.322405416667e-02, nan
 220.83,  248.85, 1.453808984375e+00,  16.0, 6.621551103516e-02, nan
  74.13,  223.96, 1.454000993750e+00,   3.0, 8.668829375000e-02, nan
 128.10,  187.63, 1.454463018750e+00,   2.0, 8.984374999521e-08, nan
 128.23,  149.91, 1.455241117187e+00,   2.0, 3.583185625000e-02, nan
 246.47,  170.72, 1.456486168750e+00,   2.0, 1.514571093750e-03, nan
 259.39,  170.51, 1.456493962500e+00,   1.0, 0.000000000000e+00, nan
 245.98,  141.39, 1.456553637500e+00,  18.0, 7.832891631944e-02, nan
 229.90,  243.51, 1.457502237500e+00,   4.0, 3.747872890625e-02, nan
 218.53,  200.07, 1.457666900000e+00,   2.0, 4.766231875000e-02, nan
 117.39,  218.98, 1.460035304687e+00,  13.0, 5.882105048077e-02, nan
  69.37,   73.35, 1.465414725000e+00,   3.0, 1.649479166662e-06, nan
  53.38,   76.16, 1.465471425000e+00,   3.0, 4.546833333333e-03, nan
  33.69,   96.52, 1.465870407812e+00,  16.0, 1.174814944336e-01, nan
 121.33,   74.30, 1.466817614062e+00,   2.0, 3.406946562500e-02, nan
 140.19,   33.13, 1.469851609375e+00,   2.0, 4.936913046875e-02, nan
  70.16,  188.74, 1.471156610937e+00,   6.0, 8.266709557292e-02, nan
  12.76,   20.44, 1.471364003125e+00,   4.0, 9.351216796875e-03, nan
  11.80,   12.93, 1.471413496875e+00,   2.0, 3.046203125000e-04, nan
 251.47,   29.29, 1.472150000000e+00,   7.0, 1.202060937500e-03, nan
 245.07,   30.18, 1.472166317187e+00,   3.0, 2.373072916662e-05, nan
 222.18,   38.55, 1.472174157812e+00,  28.0, 4.556678956473e-02, nan
 213.49,   27.01, 1.472317917187e+00,  16.0, 1.037132349609e-01, nan
  30.42,   26.46, 1.472767807812e+00,  17.0, 1.277044862132e-01, nan
 222.45,  255.38, 1.473782231250e+00,  13.0, 4.724711538462e-04, nan
 218.52,  249.03, 1.473799079688e+00,   5.0, 2.250234374999e-04, nan
 231.54,  256.71, 1.473802962500e+00,   2.0, 3.202208593750e-03, nan
  13.00,  181.95, 1.477995203125e+00,  66.0, 2.460884703835e-01, nan
  38.54,   68.01, 1.478704573437e+00,   1.0, 0.000000000000e+00, nan
 165.89,  148.44, 1.480685228125e+00,   2.0, 4.726968046875e-02, nan
 112.99,  253.86, 1.482719971875e+00,  33.0, 5.803582528409e-03, nan
 106.44,  252.81, 1.482723785937e+00,   5.0, 1.275715624999e-04, nan
 118.76,  264.25, 1.482725750000e+00,   2.0, 5.106358593750e-03, nan
   5.70,  211.62, 1.485567109375e+00,   3.0, 6.147184791667e-02, nan
 159.08,  245.84, 1.486783706250e+00,   5.0, 1.094580625000e-03, nan
  76.69,   91.40, 1.487794018750e+00,  17.0, 9.536102647059e-02, nan
  58.14,  197.25, 1.490096923437e+00,   2.0, 4.696343828125e-02, nan
  14.15,   65.87, 1.493244806250e+00,  41.0, 2.154423567073e-02, nan
  11.89,   69.21, 1.493249140625e+00,   2.0, 1.450781250023e-06, nan
  15.95,   57.15, 1.493250118750e+00,   4.0, 2.838995703125e-03, nan
  51.70,  148.05, 1.494993632812e+00,  20.0, 9.192496796875e-03, nan
  55.33,  158.71, 1.494994804687e+00,   3.0, 1.494129062500e-02, nan
  43.32,  150.77, 1.495006051562e+00,   2.0, 3.746312500000e-04, nan
 115.51,  213.23, 1.496906139063e+00,   2.0, 2.285744375000e-02, nan
 144.56,  228.72, 1.497015065625e+00,   2.0, 3.387586718750e-02, nan
 208.96,   72.79, 1.497698465625e+00,  42.0, 2.205230912574e-01, nan
  57.17,  116.63, 1.497828684375e+00,  24.0, 1.012180946615e-01, nan
 232.46,   28.87, 1.502368203125e+00,  28.0, 7.906344821429e-02, nan
 220.77,   32.55, 1.502370745312e+00,   2.0, 2.204765625002e-05, nan
  74.82,    1.87, 1.502648782812e+00,  30.0, 1.199282607292e-01, nan
  69.34,   87.44, 1.505757040625e+00,   2.0, 3.812129375000e-02, nan
  61.06,  143.55, 1.506403435938e+00,   2.0, 1.915514765625e-02, nan
  94.02,   87.17, 1.511416214063e+00,  15.0, 6.270821156250e-02, nan
 192.54,    2.34, 1.515284575000e+00,  14.0, 8.921167075893e-03, nan
 253.20,   53.71, 1.517018253125e+00,  51.0, 1.232993511029e-01, nan
  57.50,  211.49, 1.518901120313e+00,   2.0, 3.746838750000e-02, nan
 252.82,   42.30, 1.519332087500e+00,  14.0, 8.088764140625e-02, nan
 219.57,   35.74, 1.522406554687e+00,  26.0, 1.646241220553e-01, nan
 183.34,   75.10, 1.523195020312e+00,   7.0, 8.452224955357e-02, nan
 116.62,  229.73, 1.525680276562e+00,   1.0, 0.000000000000e+00, nan
 230.51,   41.33, 1.526063620312e+00,   4.0, 1.166318753906e-01, nan
 245.79,  138.10, 1.526599648437e+00,  27.0, 5.874568865741e-04, nan
 245.21,  143.38, 1.526601900000e+00,   6.0, 1.819861718750e-03, nan
 246.65,  135.69, 1.526602995312e+00,   2.0, 8.378515624996e-05, nan
 243.25,  140.64, 1.526605809375e+00,   2.0, 9.664016406250e-03, nan
 133.05,  141.71, 1.526910087500e+00,   2.0, 2.532848437500e-02, nan
  56.28,   15.17, 1.527613689062e+00,  31.0, 1.929182987903e-01, nan
 236.89,  164.78, 1.527783887500e+00, 143.0, 3.134781752185e-01, nan
 168.59,   27.66, 1.530158603125e+00,   2.0, 3.618945312500e-03, nan
  24.29,   45.83, 1.530340895312e+00,  15.0, 1.821298069792e-01, nan
  41.08,   27.80, 1.531472778125e+00,   2.0, 3.651922343750e-02, nan
 149.12,    0.23, 1.532084282812e+00,   1.0, 0.000000000000e+00, nan
  90.07,   88.42, 1.535137171875e+00,  13.0, 3.438955492788e-02, nan
 105.88,   82.92, 1.535414200000e+00,   2.0, 1.815174375000e-02, nan
  66.81,   40.96, 1.538276451563e+00,   3.0, 6.692456145833e-02, nan
 205.92,  221.27, 1.540695145312e+00,   5.0, 5.694052593750e-02, nan
  43.04,   90.23, 1.546051942187e+00,   2.0, 2.845790625000e-02, nan
  30.73,   84.23, 1.557410578125e+00,   8.0, 6.592433691406e-02, nan
  71.59,  118.07, 1.566218850000e+00,  60.0, 1.860324887760e-01, nan
  62.60,  115.25, 1.566249723437e+00,   8.0, 1.887337949219e-02, nan
  80.26,  106.99, 1.566264737500e+00,   3.0, 1.898233281250e-02, nan
  58.48,  114.96, 1.566463242187e+00,   7.0, 1.657506183036e-02, nan
  66.67,  126.07, 1.566710976563e+00,   2.0, 1.778294375000e-02, nan
  88.41,   85.31, 1.571667365625e+00,   4.0, 2.266332031249e-04, nan
  84.56,   96.29, 1.571725214062e+00,   2.0, 4.655517968750e-03, nan
 186.20,  200.16, 1.574148150000e+00,   4.0, 7.366224492188e-02, nan
 246.93,   60.92, 1.576889084375e+00,  12.0, 4.984470911458e-02, nan
   8.92,  207.06, 1.577768534375e+00,   2.0, 2.524920312500e-02, nan
  64.16,   70.67, 1.581039162500e+00,   7.0, 7.286755066964e-02, nan
  12.07,  100.27, 1.583386032813e+00,  10.0, 1.478015468750e-03, nan
  12.97,  102.81, 1.583401675000e+00,   2.0, 1.945937500003e-05, nan
  26.67,  109.49, 1.583410565625e+00,  11.0, 7.620489630682e-03, nan
 105.31,  182.55, 1.584014590625e+00,  66.0, 2.986393784328e-01, nan
  90.84,  170.16, 1.584091553125e+00,  20.0, 1.188336400781e-01, nan
 150.04,  165.66, 1.585645192187e+00, 107.0, 3.163279038843e-01, nan
  56.27,  122.93, 1.589448453125e+00,   1.0, 0.000000000000e+00, nan
  27.37,  131.31, 1.589487992188e+00,   4.0, 5.325989570312e-02, nan
 230.28,   26.02, 1.590305498438e+00,   3.0, 2.960396041667e-02, nan
 234.99,   12.63, 1.595233110937e+00,   3.0, 1.151666718750e-02, nan
  59.32,    4.83, 1.597996560937e+00,   8.0, 2.114546406250e-02, nan
  76.89,   -8.82, 1.599115778125e+00,   2.0, 1.695822734375e-02, nan
  24.14,  175.11, 1.602011960937e+00,   3.0, 3.120312499997e-05, nan
 262.80,   47.96, 1.605719159375e+00,   4.0, 1.699865273437e-02, nan
 199.13,  142.55, 1.606261531250e+00,  13.0, 4.414660000000e-02, nan
 174.06,  164.99, 1.606268967187e+00,  55.0, 1.453204821591e-01, nan
 215.08,   37.29, 1.607216920312e+00,   5.0, 7.775021781250e-02, nan
 218.21,  158.07, 1.609509187500e+00,   4.0, 6.442207304688e-02, nan
 228.56,  161.62, 1.610605932812e+00,   4.0, 4.528490937500e-02, nan
 201.39,   27.99, 1.620932603125e+00,   2.0, 4.560063203125e-02, nan
  48.01,  151.98, 1.628238656250e+00, 118.0, 2.706261036414e-01, nan
  89.08,    7.33, 1.632782993750e+00,   1.0, 0.000000000000e+00, nan
 209.20,  135.29, 1.634947684375e+00,   3.0, 5.817681145833e-02, nan
  77.23,   46.70, 1.637754079687e+00,   2.0, 2.992187499995e-06, nan
 114.07,   23.67, 1.637798940625e+00,  58.0, 1.878626700162e-01, nan
  74.56,   54.85, 1.637907537500e+00,   2.0, 2.996829531250e-02, nan
  24.02,   -1.15, 1.641964690625e+00,   1.0, 0.000000000000e+00, nan
 259.52,   65.09, 1.649605559375e+00,   1.0, 0.000000000000e+00, nan
 122.98,  202.11, 1.654394996875e+00,  26.0, 1.072856245192e-01, nan
  18.53,   63.18, 1.665623700000e+00,   4.0, 6.989691914063e-02, nan
 244.32,  140.56, 1.665661004688e+00,  40.0, 4.471982511719e-02, nan
  70.71,    1.63, 1.665688484375e+00,   2.0, 4.394822500000e-02, nan
 235.04,  168.41, 1.665894925000e+00,  19.0, 1.735103221217e-01, nan
 195.91,  173.67, 1.666107029688e+00,  88.0, 2.948103781072e-01, nan
 171.76,  219.38, 1.672440129687e+00,  17.0, 1.167983319853e-01, nan
 111.60,  199.52, 1.675043504687e+00,  17.0, 3.014362628676e-02, nan
 106.77,  211.68, 1.675256239062e+00,  48.0, 1.694221834635e-01, nan
   7.93,  163.19, 1.676954260937e+00,  24.0, 7.626719375000e-02, nan
  27.32,  145.99, 1.676985996875e+00,   4.0, 7.739960937503e-05, nan
 113.84,   79.04, 1.679470445313e+00,  32.0, 1.445457426270e-01, nan
 119.30,   83.84, 1.679490650000e+00,  20.0, 1.283812781250e-01, nan
 125.10,   82.55, 1.679496785937e+00,   2.0, 5.173075781250e-03, nan
 110.12,   78.13, 1.679546254687e+00,   2.0, 1.585340234375e-02, nan
 154.07,  182.92, 1.679941706250e+00,  12.0, 1.207301436198e-01, nan
 139.50,  156.18, 1.679977254688e+00,  47.0, 8.612271964761e-02, nan
  50.03,  160.67, 1.680496881250e+00,  68.0, 1.428043113051e-01, nan
  73.46,  191.67, 1.680497781250e+00,  28.0, 1.530929213170e-01, nan
  61.54,  154.04, 1.680517267187e+00,  28.0, 1.106528445312e-01, nan
  69.08,  193.91, 1.680537065625e+00,  16.0, 1.402875002930e-01, nan
 118.24,   69.59, 1.685203062500e+00,   2.0, 5.533331250000e-03, nan
 126.82,  143.50, 1.685432539063e+00,  24.0, 1.415199442057e-01, nan
 122.62,   63.67, 1.689756429687e+00,   3.0, 6.875520833412e-06, nan
 249.99,  142.05, 1.692500087500e+00,   7.0, 1.989707455357e-02, nan
 234.55,  131.81, 1.692501401562e+00,   5.0, 8.778839093750e-02, nan
 235.03,  120.68, 1.692536271875e+00,   6.0, 3.595042083333e-02, nan
   2.83,  147.00, 1.693024120312e+00,   6.0, 9.295990182292e-02, nan
 129.78,  216.19, 1.694530660937e+00,   3.0, 1.170779479167e-02, nan
 132.04,  199.91, 1.694581842187e+00,   2.0, 4.910389843750e-02, nan
 131.50,  181.58, 1.696607284375e+00,   3.0, 8.577023333333e-02, nan
 179.14,  166.72, 1.699379943750e+00,   8.0, 7.627998007813e-02, nan
 185.32,  174.89, 1.699380846875e+00,   2.0, 1.778515624995e-05, nan
 165.54,  164.38, 1.699401246875e+00,   2.0, 4.960202187500e-02, nan
  96.30,   37.52, 1.702672562500e+00,   8.0, 1.125726724609e-01, nan
 153.87,  251.99, 1.703318984375e+00,  13.0, 5.424814543269e-03, nan
 150.75,  242.74, 1.703326635937e+00,   4.0, 1.593637617188e-02, nan
 151.86,  253.13, 1.703332323437e+00,   2.0, 6.264098437500e-03, nan
  70.98,  144.06, 1.703419950000e+00,   2.0, 3.168036484375e-02, nan
  84.41,  165.28, 1.703439707812e+00,   2.0, 4.607116250000e-02, nan
  61.77,  105.67, 1.703527548437e+00,  32.0, 8.328782885742e-02, nan
 205.81,   58.44, 1.704139709375e+00,  11.0, 6.698622599432e-02, nan
 225.93,  160.31, 1.709098318750e+00,   2.0, 4.684704140625e-02, nan
 249.13,  226.73, 1.712933287500e+00,  33.0, 6.871164138258e-02, nan
 251.49,  222.31, 1.713086592187e+00,  12.0, 6.250463854167e-02, nan
 225.04,   92.47, 1.713458270312e+00,  43.0, 8.980067768895e-03, nan
 216.81,   96.72, 1.713459109375e+00,   5.0, 4.539736875000e-03, nan
 229.74,   96.18, 1.713460387500e+00,   5.0, 4.647264062500e-03, nan
 230.86,  101.48, 1.713462221875e+00,   2.0, 9.263281249949e-06, nan
 210.42,   71.01, 1.713491290625e+00,  15.0, 2.174196260417e-02, nan
 208.25,   70.20, 1.713562285937e+00,   8.0, 2.403985175781e-02, nan
 215.61,   80.73, 1.713588137500e+00,   2.0, 9.659101562500e-03, nan
 243.50,  222.14, 1.714479646875e+00,   3.0, 4.709699010417e-02, nan
  13.31,  191.24, 1.728265762500e+00,  12.0, 3.628183020833e-02, nan
  10.33,  178.79, 1.728268510938e+00,   2.0, 1.192960312500e-02, nan
  31.00,  225.21, 1.728271035937e+00, 105.0, 1.558419123958e-01, nan
  -0.28,  176.29, 1.728279673437e+00,   4.0, 1.785302968750e-02, nan
  32.37,  159.02, 1.728334754687e+00,  15.0, 7.276373916667e-02, nan
  24.51,  170.57, 1.730956106250e+00,   3.0, 3.885498385417e-02, nan
 202.42,   71.52, 1.732088809375e+00,   2.0, 1.403920468750e-02, nan
  28.74,  196.71, 1.740358584375e+00,  15.0, 1.481659671875e-01, nan
 116.78,   46.13, 1.748256082813e+00,   2.0, 3.525684531250e-02, nan
 114.21,   25.58, 1.748604653125e+00,  16.0, 6.848651816406e-02, nan
 136.43,  129.52, 1.749693581250e+00,  27.0, 8.769077986111e-02, nan
 128.55,  160.71, 1.749812800000e+00,   3.0, 1.595754739583e-02, nan
 239.48,  197.81, 1.749836107812e+00,   9.0, 1.088723767361e-02, nan
 245.00,  196.01, 1.749894684375e+00,   2.0, 2.549932031250e-03, nan
  -7.64,  158.47, 1.752291214062e+00,   5.0, 2.563827750000e-02, nan
  68.36,  112.70, 1.753081710937e+00,   7.0, 1.079047343750e-02, nan
 145.65,  118.33, 1.755661473438e+00,  59.0, 3.698749337924e-02, nan
 131.95,  120.43, 1.755665150000e+00,   5.0, 9.089202218750e-02, nan
 148.64,   89.38, 1.755685153125e+00,  34.0, 1.195987088695e-01, nan
 168.01,  202.95, 1.755758364062e+00,   4.0, 4.073794375000e-02, nan
 136.78,  117.81, 1.755827265625e+00,   3.0, 3.903230364583e-02, nan
 149.00,  116.63, 1.755863581250e+00,   5.0, 2.235699968750e-02, nan
 145.64,  125.28, 1.755939331250e+00,   2.0, 1.800835625000e-02, nan
 133.48,  129.84, 1.757072035937e+00,   4.0, 5.758459140625e-02, nan
 145.55,  149.02, 1.758208640625e+00,   1.0, 0.000000000000e+00, nan
 100.35,  127.08, 1.761164248437e+00,  25.0, 1.951860127500e-01, nan
  34.65,   33.07, 1.763614681250e+00,   7.0, 9.135406383929e-02, nan
  63.63,  192.62, 1.763711059375e+00,  20.0, 3.230769656250e-02, nan
  60.68,  161.16, 1.763716220312e+00,   6.0, 1.579788281250e-03, nan
  76.35,  163.07, 1.763726875000e+00,  34.0, 2.041748386949e-01, nan
  79.63,  215.43, 1.763727209375e+00,  33.0, 1.467594202652e-01, nan
  32.72,   36.47, 1.764675717187e+00,  15.0, 1.457978426042e-01, nan
  24.67,  231.22, 1.764767471875e+00,  46.0, 4.144582826087e-02, nan
  35.56,  212.79, 1.764768176562e+00,   2.0, 3.502968750002e-05, nan
  40.76,  225.67, 1.764772034375e+00,   6.0, 5.535700572917e-02, nan
  48.07,  219.97, 1.764778304687e+00,   1.0, 0.000000000000e+00, nan
  31.07,  226.52, 1.764794565625e+00,   4.0, 2.400648789063e-02, nan
  49.68,  152.23, 1.766728392187e+00,   1.0, 0.000000000000e+00, nan
  46.28,  142.52, 1.766848314062e+00,   2.0, 2.513081718750e-02, nan
  16.85,  238.82, 1.767392662500e+00,   9.0, 4.225185208333e-02, nan
  58.47,  109.30, 1.767490964062e+00,   2.0, 8.085156250001e-04, nan
  64.31,  101.84, 1.767494696875e+00,   2.0, 2.264110937500e-03, nan
  25.31,  244.77, 1.769052082812e+00,   5.0, 3.689125062500e-02, nan
  38.41,  242.54, 1.769056875000e+00,   2.0, 4.036808750000e-02, nan
  64.02,  228.62, 1.769102551562e+00,   8.0, 3.755346835938e-02, nan
 189.74,  236.47, 1.769626653125e+00,  35.0, 1.954683068750e-01, nan
 174.02,  214.49, 1.769628675000e+00,   3.0, 2.246564375000e-02, nan
 203.06,  212.86, 1.769629720312e+00,  42.0, 2.111324474330e-01, nan
 163.20,  222.91, 1.769631409375e+00,   4.0, 3.349497968750e-02, nan
 123.94,    7.53, 1.769799509375e+00,  71.0, 1.842845904489e-02, nan
 126.22,   12.51, 1.769803018750e+00,  14.0, 1.644225513393e-02, nan
 132.03,   -0.31, 1.769803290625e+00,   3.0, 2.198668645833e-02, nan
 111.69,    4.51, 1.769845295312e+00,   4.0, 2.409953750000e-02, nan
 256.73,  234.59, 1.775972957812e+00,   2.0, 1.715760078125e-02, nan
  86.71,  183.10, 1.782588356250e+00,  12.0, 9.578625598958e-02, nan
  85.74,   21.03, 1.783225812500e+00,  16.0, 1.988459279297e-01, nan
 116.19,  210.55, 1.783283192187e+00,  13.0, 7.731532908654e-02, nan
 149.63,  222.73, 1.783298231250e+00,  38.0, 1.613665928043e-01, nan
  82.62,  164.99, 1.785567532813e+00,   6.0, 1.410225411458e-01, nan
 109.71,   18.84, 1.787683693750e+00,   2.0, 1.051513750000e-02, nan
  67.05,   53.58, 1.790784909375e+00,   2.0, 3.996231015625e-02, nan
 159.88,  119.54, 1.791958193750e+00,   2.0, 2.606062500000e-04, nan
 232.60,  177.44, 1.796853787500e+00,   3.0, 7.548437500023e-06, nan
 238.56,  170.79, 1.796859465625e+00,   2.0, 3.766562500007e-05, nan
 249.48,  157.68, 1.797083432812e+00,   5.0, 7.568407187500e-02, nan
  84.56,  177.98, 1.806384951562e+00,   2.0, 3.706428828125e-02, nan
  89.33,  224.44, 1.808211242187e+00,  25.0, 9.105584268750e-02, nan
 101.80,  227.68, 1.808221571875e+00,   2.0, 4.136760468750e-02, nan
 101.48,  222.38, 1.808319918750e+00,   2.0, 3.845214375000e-02, nan
  89.92,  213.97, 1.808639762500e+00,   3.0, 6.286084479167e-02, nan
  75.31,  221.31, 1.809935950000e+00,   3.0, 6.197045989583e-02, nan
 209.24,  214.70, 1.810025010938e+00,  42.0, 1.322678943452e-01, nan
   7.09,  241.20, 1.814762156250e+00,   3.0, 4.897984375001e-04, nan
 108.75,  248.62, 1.815011281250e+00,  25.0, 1.053032211875e-01, nan
 104.64,  249.56, 1.815195617187e+00,  16.0, 1.070701352539e-01, nan
 205.59,    7.01, 1.822295179687e+00,  11.0, 3.562619886364e-02, nan
 203.15,    0.46, 1.822335806250e+00,   4.0, 1.612534921875e-02, nan
 202.17,    7.38, 1.822337340625e+00,   3.0, 2.247440625000e-03, nan
 101.34,   73.61, 1.826409459375e+00,   9.0, 1.282180392361e-01, nan
 242.93,   83.15, 1.829907640625e+00,  43.0, 1.468107429869e-01, nan
  34.79,   82.58, 1.833826831250e+00,  22.0, 1.389246346591e-01, nan
 197.98,  191.09, 1.835220195313e+00,   9.0, 9.252301579861e-02, nan
  10.20,  250.53, 1.835790846875e+00,   6.0, 8.081771640625e-02, nan
  70.77,  182.71, 1.837785223437e+00,  15.0, 1.667032227083e-01, nan
 139.40,  200.93, 1.839122601562e+00,   2.0, 3.922844140625e-02, nan
  77.11,   69.23, 1.844550879687e+00,   2.0, 4.305485625000e-02, nan
 247.23,   47.70, 1.845870482812e+00,   5.0, 1.324513312500e-02, nan
 153.07,   35.13, 1.846477250000e+00,  63.0, 1.728511799851e-01, nan
  43.18,   68.69, 1.847001971875e+00,   1.0, 0.000000000000e+00, nan
 133.61,  251.68, 1.847084678125e+00,  31.0, 1.406364102823e-02, nan
 139.10,  256.75, 1.847084840625e+00,   2.0, 5.460225781250e-03, nan
 156.61,   36.70, 1.847233128125e+00,   2.0, 1.180570312500e-04, nan
 103.14,  204.69, 1.854169734375e+00,   1.0, 0.000000000000e+00, nan
 160.88,  231.04, 1.855907968750e+00,  10.0, 9.239234421875e-02, nan
 134.20,  244.60, 1.856804181250e+00,  20.0, 1.358114755469e-01, nan
  39.44,   31.05, 1.860114196875e+00,   2.0, 6.944531250053e-06, nan
 161.50,   72.60, 1.863388079687e+00,  24.0, 5.724048131510e-02, nan
 163.69,   66.91, 1.863600310937e+00,   4.0, 5.874629609375e-02, nan
 244.82,   75.05, 1.864640359375e+00,  13.0, 8.134013689904e-02, nan
 102.63,  241.03, 1.864857520312e+00,   2.0, 4.410411796875e-02, nan
 101.22,  123.06, 1.866449314062e+00,   8.0, 8.786183535156e-02, nan
 135.87,  159.50, 1.866456064062e+00,  15.0, 1.470746394792e-01, nan
 102.05,  140.10, 1.866458623438e+00,   2.0, 2.838715468750e-02, nan
 230.98,   68.34, 1.869140934375e+00,  30.0, 5.506981708333e-02, nan
  71.07,   27.77, 1.870723084375e+00,   2.0, 3.123475781250e-02, nan
 109.01,  112.67, 1.871251926562e+00,   2.0, 1.811762500000e-02, nan
  38.53,  154.34, 1.873988157812e+00,   3.0, 5.955418125000e-02, nan
  36.06,   98.39, 1.874937128125e+00,  32.0, 1.097961583984e-01, nan
 148.20,  159.11, 1.875282917187e+00,   3.0, 8.092139791667e-02, nan
  18.05,  134.66, 1.879697675000e+00,  13.0, 7.898561189904e-02, nan
  16.80,   69.96, 1.882758593750e+00,   1.0, 0.000000000000e+00, nan
 104.03,  249.77, 1.897788990625e+00,   2.0, 1.562139765625e-02, nan
 135.15,  246.94, 1.897822892187e+00,   5.0, 8.643750468750e-02, nan
  33.57,  195.61, 1.900215618750e+00,   3.0, 7.553055208333e-03, nan
 130.05,  256.78, 1.903115473437e+00,   2.0, 4.647290468750e-02, nan
 228.58,    7.59, 1.904800029687e+00,  24.0, 2.833886653646e-03, nan
 252.08,   22.35, 1.904835076562e+00,  29.0, 1.015638194504e-01, nan
 250.93,   13.75, 1.904850560937e+00,  49.0, 6.437878003827e-02, nan
 242.76,  237.62, 1.904876390625e+00,  10.0, 6.592413703125e-02, nan
 253.62,  217.35, 1.904880423437e+00,  24.0, 5.283729544271e-02, nan
 243.27,    4.70, 1.904915920312e+00,   5.0, 5.489031187500e-02, nan
 237.97,   17.74, 1.904990278125e+00,   2.0, 4.677820078125e-02, nan
 210.08,  239.38, 1.905409021875e+00,  12.0, 1.172774992187e-01, nan
 250.81,  216.08, 1.905590579687e+00,  14.0, 4.368231785714e-02, nan
 205.45,  209.03, 1.907151051562e+00,   7.0, 1.362987924107e-02, nan
 205.94,  199.91, 1.907159956250e+00,   2.0, 1.096484374996e-05, nan
 210.47,  222.85, 1.907167420312e+00,   1.0, 0.000000000000e+00, nan
 202.30,  212.36, 1.907168498437e+00,   2.0, 4.942778906250e-03, nan
 216.93,  208.44, 1.907203514062e+00,   2.0, 3.577140078125e-02, nan
 233.13,   81.92, 1.908289220312e+00,  14.0, 5.546928348214e-03, nan
 220.99,   51.88, 1.908298309375e+00,  18.0, 9.642051414931e-02, nan
 243.72,   65.35, 1.908311312500e+00,   4.0, 4.259923476562e-02, nan
 216.00,   59.30, 1.908317551562e+00,  10.0, 6.170558390625e-02, nan
 228.58,   88.61, 1.908422134375e+00,   6.0, 4.137592708333e-03, nan
  19.50,  226.60, 1.909569959375e+00,   4.0, 7.430665703125e-02, nan
  11.12,  221.95, 1.909602459375e+00,   4.0, 7.751247656250e-02, nan
 226.94,   87.45, 1.911465018750e+00,   2.0, 4.384609374997e-05, nan
 115.90,  195.42, 1.914939317187e+00,   2.0, 4.833625937500e-02, nan
 203.42,  168.90, 1.923818456250e+00,   5.0, 6.571935875000e-02, nan
 192.99,  162.21, 1.923819434375e+00,   4.0, 7.231735312500e-02, nan
 190.77,  163.87, 1.923824418750e+00,   5.0, 6.520446656250e-02, nan
 188.77,  178.29, 1.923824715625e+00,   2.0, 3.831775156250e-02, nan
 191.42,  161.64, 1.923841546875e+00,   3.0, 5.702752708333e-02, nan
 190.03,  171.46, 1.923862540625e+00,   2.0, 3.829272968750e-02, nan
 199.96,  164.39, 1.924076796875e+00,   2.0, 3.818801250000e-02, nan
  66.06,    3.26, 1.933687570312e+00,  38.0, 7.075591899671e-03, nan
  56.64,    0.81, 1.933692185937e+00,   7.0, 3.488395312500e-03, nan
  64.29,   10.86, 1.933697003125e+00,   2.0, 2.317906250000e-04, nan
  92.23,    1.76, 1.934727682812e+00,  22.0, 9.581953892045e-02, nan
  82.85,   -1.14, 1.936443396875e+00,   6.0, 8.299150546875e-02, nan
  43.80,    4.30, 1.936490273438e+00,   3.0, 1.228442916667e-02, nan
 240.38,  245.82, 1.938618332812e+00,  22.0, 7.456628899148e-02, nan
 240.11,  252.26, 1.938621279687e+00,   6.0, 9.246835651042e-02, nan
 235.97,  247.36, 1.938622301562e+00,   2.0, 4.705032187500e-02, nan
 246.92,  251.27, 1.938625785938e+00,   2.0, 4.730979843750e-02, nan
   2.59,  156.37, 1.939834779687e+00,  10.0, 1.329850906250e-02, nan
   7.00,  159.94, 1.939864823437e+00,   2.0, 9.451428125000e-03, nan
  11.06,  151.53, 1.940414268750e+00,   2.0, 1.313384687500e-02, nan
 232.01,  132.62, 1.941682173437e+00,   7.0, 8.470485022321e-02, nan
  18.60,  129.19, 1.949031165625e+00,  10.0, 1.050793750000e-04, nan
  12.31,  134.74, 1.949033864063e+00,   3.0, 2.563749999999e-05, nan
 256.88,  219.98, 1.952449635937e+00,   3.0, 1.040854166667e-04, nan
 153.54,  244.96, 1.954517912500e+00,   2.0, 2.080716093750e-02, nan
  81.56,  180.10, 1.957407551563e+00,   2.0, 3.031381796875e-02, nan
 192.28,   41.70, 1.959137432812e+00,  26.0, 8.989139483173e-03, nan
 186.54,   34.02, 1.959141270312e+00,   4.0, 1.965906132812e-02, nan
 189.14,   46.13, 1.959147900000e+00,   2.0, 2.619882812500e-03, nan
 197.25,   36.48, 1.959173637500e+00,   2.0, 9.785807031250e-03, nan
 254.05,   19.10, 1.962715195312e+00,   8.0, 2.113786425781e-02, nan
 249.30,   29.60, 1.962730771875e+00,   5.0, 1.747670218750e-02, nan
 131.25,  145.11, 1.963546467187e+00,   1.0, 0.000000000000e+00, nan
 143.95,  171.09, 1.963651975000e+00,   3.0, 4.624018854167e-02, nan
 135.14,   28.61, 1.967113298437e+00,  15.0, 6.313581854167e-02, nan
 140.02,   35.66, 1.967119282812e+00,   2.0, 3.175454843750e-02, nan
 131.81,   22.35, 1.968314731250e+00,   6.0, 4.563236119792e-02, nan
  33.16,   91.45, 1.974937509375e+00,   3.0, 7.605370833333e-03, nan
  89.68,  112.08, 1.974999331250e+00,   3.0, 4.967427083333e-03, nan
 188.36,  135.22, 1.979294345312e+00,  38.0, 7.864132565790e-03, nan
 188.58,  132.74, 1.979309340625e+00,   6.0, 1.957429687499e-04, nan
 193.48,  143.89, 1.979354504687e+00,   2.0, 4.746835937500e-04, nan
 194.68,  119.94, 1.979394815625e+00,   2.0, 2.836896562500e-02, nan
 204.24,  109.91, 1.979440710937e+00,  12.0, 1.021696927083e-02, nan
 103.51,   49.15, 1.979895450000e+00,   2.0, 2.073578750000e-02, nan
 196.95,  101.48, 1.980091292188e+00,   1.0, 0.000000000000e+00, nan
 125.54,  159.49, 1.981045273437e+00,   2.0, 4.637398046875e-02, nan
 113.84,   61.37, 1.983836356250e+00,   3.0, 4.682556250000e-03, nan
   6.65,   -0.64, 1.994538785937e+00,  19.0, 1.388587442434e-02, nan
   6.21,   -8.68, 1.994543840625e+00,   2.0, 7.589710937500e-03, nan
   2.55,    1.00, 1.994562650000e+00,   2.0, 1.197284531250e-02, nan
 124.09,  178.86, 2.004427301563e+00,   2.0, 1.434012343750e-02, nan
   4.69,  218.42, 2.008467829688e+00,   1.0, 0.000000000000e+00, nan
  61.28,  189.00, 2.016430721875e+00,   2.0, 9.822734374998e-05, nan
 126.02,   25.11, 2.018492468750e+00,   2.0, 1.523437499995e-05, nan
 132.87,  106.91, 2.033542434375e+00,   3.0, 7.742979166667e-04, nan
  98.57,    5.62, 2.034516935937e+00,   2.0, 2.207343750005e-05, nan
  94.29,   -4.82, 2.034517168750e+00,   1.0, 0.000000000000e+00, nan
 152.04,   31.18, 2.035233704687e+00,   2.0, 1.137839921875e-02, nan
 200.65,  251.52, 2.036462126562e+00,   1.0, 0.000000000000e+00, nan
 221.78,  130.51, 2.039892751562e+00,   1.0, 0.000000000000e+00, nan
 163.18,   32.30, 2.051194495313e+00,   2.0, 4.524062500000e-03, nan
